layer,expert,metric,value,robust_z
1,339,top8_spectral_leverage,0.11047709136777345,23.53932130092168
1,676,top8_spectral_leverage,0.09066800198138955,19.050861889946596
1,499,top8_spectral_leverage,0.08844420876358884,18.546981807333562
1,857,top8_spectral_leverage,0.08811359690015605,18.472069836325698
1,299,top8_spectral_leverage,0.08685939101722888,18.18788452680843
1,163,top8_spectral_leverage,0.08672092237102777,18.15650949052869
1,784,top8_spectral_leverage,0.06749544386012307,13.80028804745296
1,644,top8_spectral_leverage,0.056997651705863656,11.421636860102872
1,105,top8_spectral_leverage,0.056115726517086545,11.221805089134968
1,365,top8_spectral_leverage,0.051315993647679914,10.134253523909418
1,562,top8_spectral_leverage,0.05088468276934207,10.036524580737394
1,479,top8_spectral_leverage,0.04807101567644675,9.398987423116324
1,141,top8_spectral_leverage,0.04321085006621182,8.297742653775687
1,80,top8_spectral_leverage,0.042187328319729336,8.0658271060325
1,82,nearest_cosine,0.7150890827178955,7.703882207686979
1,693,nearest_cosine,0.7150890827178955,7.703882207686979
1,832,top8_spectral_leverage,0.03998820170188439,7.567536126005082
1,143,top8_spectral_leverage,0.039841797161890555,7.534362928462921
1,21,top8_spectral_leverage,0.03689287674755255,6.866179281664397
1,462,top8_spectral_leverage,0.03678786407874917,6.84238489655318
1,445,top8_spectral_leverage,0.03483937899174243,6.40088574152733
1,246,top8_spectral_leverage,0.03430754301144923,6.28037923240516
1,299,nearest_cosine,0.6179033517837524,6.270802414918854
1,676,nearest_cosine,0.6179033517837524,6.270802414918854
1,339,nearest_cosine,0.5991771817207336,5.994670356690709
1,499,nearest_cosine,0.5991771817207336,5.994670356690709
1,857,nearest_cosine,0.5780766010284424,5.683525752280758
1,876,top8_spectral_leverage,0.031026299585076286,5.536895892533559
1,830,correction_bias,-0.08442370593547821,-5.342344630576507
1,333,correction_bias,-0.0805833637714386,-5.112731188636473
1,308,top8_spectral_leverage,0.028705502569789074,5.01103612174627
2,506,nearest_cosine,0.5355132818222046,6.56550754897531
2,797,nearest_cosine,0.5355132818222046,6.56550754897531
2,524,top8_spectral_leverage,0.038320264570449195,6.32449233385035
2,842,top8_spectral_leverage,0.034396648784062255,5.523755527269634
2,126,top8_spectral_leverage,0.03386024225210708,5.41428495807755
2,587,top8_spectral_leverage,0.03315913431429186,5.271201903630082
2,3,top8_spectral_leverage,0.03298635312467439,5.235940485197746
2,607,top8_spectral_leverage,0.03220146812682808,5.075760095239812
2,570,top8_spectral_leverage,0.03204475907710931,5.043778700815447
3,777,top8_spectral_leverage,0.055828699154759846,9.532171487643698
3,177,top8_spectral_leverage,0.05365255818995198,9.11244582129924
3,306,top8_spectral_leverage,0.050876539832915416,8.577018119907429
3,838,top8_spectral_leverage,0.05028276680641984,8.462493471351296
3,304,top8_spectral_leverage,0.046021198691137244,7.6405386688887535
3,68,top8_spectral_leverage,0.04476280890857138,7.397825306771999
3,698,top8_spectral_leverage,0.04410475453813546,7.270902320812544
3,713,top8_spectral_leverage,0.04330440795988678,7.116534563257098
3,45,top8_spectral_leverage,0.039115479799890954,6.308590274878445
3,139,top8_spectral_leverage,0.03707079376577145,5.91421912796527
3,673,top8_spectral_leverage,0.03639202901196034,5.783301603231455
3,756,top8_spectral_leverage,0.036063263025787495,5.719890489314956
3,216,top8_spectral_leverage,0.03577635940323058,5.664553626445426
3,533,top8_spectral_leverage,0.03479330885855231,5.474946633337879
3,628,top8_spectral_leverage,0.034485855669814366,5.415646249493419
3,803,top8_spectral_leverage,0.03420911994765926,5.362270531991072
3,323,top8_spectral_leverage,0.033856027138416026,5.2941673543763175
3,728,top8_spectral_leverage,0.03354743558417027,5.234647406988392
3,145,top8_spectral_leverage,0.033109654501656566,5.150209882240409
3,51,top8_spectral_leverage,0.03260677432368561,5.053216295334188
4,406,top8_spectral_leverage,0.06240906264974778,11.633723269661903
4,708,top8_spectral_leverage,0.04875042155153587,8.750868682525287
4,141,top8_spectral_leverage,0.04582321304396376,8.133038811099473
4,105,top8_spectral_leverage,0.04514927691354102,7.990794802266074
4,298,top8_spectral_leverage,0.0438516850021415,7.716919182640985
4,649,top8_spectral_leverage,0.04248024711643077,7.42745729757017
4,63,top8_spectral_leverage,0.040513062554430976,7.0122544236145865
4,228,top8_spectral_leverage,0.04013533798030708,6.9325301660286796
4,740,top8_spectral_leverage,0.035971687962851696,6.053731355389744
4,213,top8_spectral_leverage,0.03472445017172751,5.790483704211384
4,232,top8_spectral_leverage,0.033951647299019054,5.627372433439976
4,824,top8_spectral_leverage,0.0322826833610962,5.275113353666925
4,84,nearest_cosine,0.4802580177783966,5.250635179720213
4,295,nearest_cosine,0.4802580177783966,5.250635179720213
4,396,top8_spectral_leverage,0.032051951411418325,5.22641402444779
4,220,top8_spectral_leverage,0.03146490031606945,5.102508364218411
5,209,top8_spectral_leverage,0.04533784249040103,7.695805674727041
5,76,nearest_cosine,0.6098598837852478,7.476519336188699
5,396,nearest_cosine,0.6098598837852478,7.476519336188699
5,346,correction_bias,-0.15496554970741272,-6.447172568564024
5,618,top8_spectral_leverage,0.03849607228617136,6.317790364451698
5,678,router_norm,6.203787326812744,6.175052249980515
5,103,top8_spectral_leverage,0.03695459201735776,6.007317585111742
5,750,router_norm,6.064183235168457,5.861647571067599
5,337,correction_bias,-0.13235142827033997,-5.539409800835908
5,767,router_norm,5.914289474487305,5.525143064759681
5,682,top8_spectral_leverage,0.03433541658217418,5.479783958251726
5,346,top8_spectral_leverage,0.033502794563715924,5.3120838083112165
5,679,top8_spectral_leverage,0.03332323877476105,5.275919099640436
5,255,top8_spectral_leverage,0.0320830020736531,5.0261204201355945
6,697,top8_spectral_leverage,0.08199543769037336,14.086739065603084
6,333,top8_spectral_leverage,0.07304043827195703,12.411563602824554
6,85,correction_bias,-0.1450120508670807,-11.77909811591023
6,54,correction_bias,-0.1312083750963211,-10.696615663266648
6,660,correction_bias,-0.1286112517118454,-10.492949586365556
6,179,correction_bias,-0.12040926516056061,-9.849750871325332
6,536,correction_bias,-0.10800806432962418,-8.877250320447862
6,424,correction_bias,-0.10320708155632019,-8.500757877865686
6,251,correction_bias,-0.09860856086015701,-8.140142484952769
6,40,correction_bias,-0.09500711411237717,-7.857717500959723
6,847,top8_spectral_leverage,0.048549433675026094,7.830130590645719
6,136,top8_spectral_leverage,0.04688248577467267,7.518301400053088
6,573,top8_spectral_leverage,0.04583513179491072,7.32237713409139
6,149,correction_bias,-0.08760792762041092,-7.2774742618105215
6,571,top8_spectral_leverage,0.043237292665523945,6.836409892502861
6,5,top8_spectral_leverage,0.042179001081508086,6.638439573223721
6,524,correction_bias,-0.07760903984308243,-6.493362787109108
6,87,correction_bias,-0.07640861719846725,-6.399225799966557
6,222,correction_bias,-0.07500644773244858,-6.28926785341633
6,666,top8_spectral_leverage,0.04015896636353552,6.260559862081671
6,407,nearest_cosine,0.48077625036239624,5.843348968959069
6,413,nearest_cosine,0.48077625036239624,5.843348968959069
6,525,correction_bias,-0.06660646945238113,-5.63054265284174
6,836,top8_spectral_leverage,0.03675441736160942,5.6236846727740275
6,348,correction_bias,-0.06560824811458588,-5.552262265793914
6,324,correction_bias,-0.0650080144405365,-5.505192019401964
6,723,correction_bias,-0.06500637531280518,-5.505063479219171
6,89,top8_spectral_leverage,0.0358109328759114,5.447190852271575
6,435,correction_bias,-0.06401003152132034,-5.426930329107998
6,1,correction_bias,-0.06320680677890778,-5.363941549624162
6,252,top8_spectral_leverage,0.03530860922838282,5.353223202538091
6,603,correction_bias,-0.06240834668278694,-5.301326413080763
6,225,correction_bias,-0.061806969344615936,-5.254166480697636
6,403,nearest_cosine,0.45122233033180237,5.2468737918844734
6,712,nearest_cosine,0.45122233033180237,5.2468737918844734
6,851,correction_bias,-0.06060703843832016,-5.1600680556099245
6,381,top8_spectral_leverage,0.0341055006641693,5.12816255745481
6,533,top8_spectral_leverage,0.034017793654084326,5.111755562396177
6,264,correction_bias,-0.05980674549937248,-5.09730918777122
6,280,correction_bias,-0.059208206832408905,-5.0503718636137505
6,773,correction_bias,-0.05880679562687874,-5.018893249257902
7,702,correction_bias,-0.16427378356456757,-7.114067671109767
7,76,top8_spectral_leverage,0.04280835654268585,6.959293557396758
7,783,top8_spectral_leverage,0.04103468420191626,6.615857702514268
7,807,top8_spectral_leverage,0.040017147568434525,6.418832268018051
7,538,top8_spectral_leverage,0.03694604860955196,5.824175931484713
7,233,top8_spectral_leverage,0.03504174868976685,5.455446682078769
8,90,top8_spectral_leverage,0.049578836948445434,8.365256451441178
8,861,correction_bias,-0.1559617817401886,-8.196097369197409
8,841,top8_spectral_leverage,0.04564188138710823,7.588778969983727
8,121,correction_bias,-0.12896446883678436,-6.816590968615989
9,639,top8_spectral_leverage,0.04825397083609916,9.115963013275072
9,673,top8_spectral_leverage,0.041990241782441755,7.731312843602509
9,892,top8_spectral_leverage,0.04094236526138842,7.4996708951333
9,424,top8_spectral_leverage,0.03982736772898713,7.25319128064192
9,784,top8_spectral_leverage,0.03546442592128716,6.288726173266971
9,718,top8_spectral_leverage,0.032880978616138125,5.717633343616874
9,628,top8_spectral_leverage,0.032853073752913714,5.711464738099716
9,156,correction_bias,-0.1357620507478714,-5.528480218473769
9,290,top8_spectral_leverage,0.031963566675999366,5.514831691806753
9,58,top8_spectral_leverage,0.0319568666006325,5.513350583602028
9,609,top8_spectral_leverage,0.031776027223615735,5.473374513129514
9,139,top8_spectral_leverage,0.03138881577266475,5.387778154049234
10,664,top8_spectral_leverage,0.05605377962348238,10.55701340333421
10,789,top8_spectral_leverage,0.04547933034371886,8.24371246562386
10,624,top8_spectral_leverage,0.04385435329928432,7.888227199091636
10,160,correction_bias,-0.16496561467647552,-7.725715297287766
10,114,correction_bias,-0.13255828619003296,-6.26842598307846
10,84,correction_bias,-0.12215946614742279,-5.800812945033038
10,684,top8_spectral_leverage,0.0337929959415014,5.687171920029514
10,44,top8_spectral_leverage,0.03309838917407307,5.53521748307298
10,713,top8_spectral_leverage,0.031229823730577193,5.126444025633045
11,485,correction_bias,-0.2057158648967743,-7.781364277113228
11,857,top8_spectral_leverage,0.041489832312720895,7.0019556945438595
11,585,top8_spectral_leverage,0.041156372656265865,6.933530818404608
11,523,top8_spectral_leverage,0.040111763830044306,6.719180362016437
11,541,top8_spectral_leverage,0.03977389367788035,6.649850465984212
11,840,correction_bias,-0.1733098179101944,-6.580595027832969
11,653,top8_spectral_leverage,0.039147941193870495,6.521406978568796
11,448,top8_spectral_leverage,0.03819889976571415,6.326666652668613
11,490,top8_spectral_leverage,0.037747925747804764,6.234128197955631
12,618,correction_bias,-0.33599427342414856,-24.04634268753943
12,511,top8_spectral_leverage,0.0990528787917339,22.16749184820919
12,355,top8_spectral_leverage,0.09792022079294753,21.896735541710733
12,821,correction_bias,-0.29847025871276855,-21.37136678654149
12,533,top8_spectral_leverage,0.09478710332538527,21.147779268721088
12,848,top8_spectral_leverage,0.09318345744841662,20.764435633621396
12,16,top8_spectral_leverage,0.09058421684316087,20.143099990617127
12,346,top8_spectral_leverage,0.08477822546267846,18.755206395705272
12,598,top8_spectral_leverage,0.07213150512603052,15.732070293423147
12,507,top8_spectral_leverage,0.06803630744517945,14.753133491991166
12,884,top8_spectral_leverage,0.06226045608090293,13.372444719253746
12,606,top8_spectral_leverage,0.05100421402235683,10.681695589251499
12,355,nearest_cosine,0.8900642991065979,9.403550951285734
12,511,nearest_cosine,0.8900642991065979,9.403550951285734
12,111,top8_spectral_leverage,0.04519646484005496,9.293381800487037
12,533,nearest_cosine,0.8718105554580688,9.153497959165787
12,673,correction_bias,-0.12542185187339783,-9.035258255462102
12,848,nearest_cosine,0.8580930233001709,8.96558527524572
12,430,correction_bias,-0.1220976710319519,-8.798287246101257
12,16,nearest_cosine,0.8267492651939392,8.536215790845263
12,346,nearest_cosine,0.8235475420951843,8.492356270508036
12,598,nearest_cosine,0.7468639016151428,7.44188826143036
12,273,top8_spectral_leverage,0.03685733782104571,7.299954628730246
12,507,nearest_cosine,0.7242295145988464,7.131826045854002
12,884,nearest_cosine,0.6852056384086609,6.597248745254048
12,784,top8_spectral_leverage,0.033670468053176174,6.5381491335459145
12,811,top8_spectral_leverage,0.0329515266627719,6.366289741158011
12,336,nearest_cosine,0.6533789038658142,6.161263100058063
12,732,nearest_cosine,0.6533789038658142,6.161263100058063
12,433,nearest_cosine,0.6385468244552612,5.958082541188524
12,550,nearest_cosine,0.6385468244552612,5.958082541188524
12,709,top8_spectral_leverage,0.02991223835753102,5.639762866503255
12,16,correction_bias,-0.07774295657873154,-5.636370986058145
12,581,correction_bias,-0.07755770534276962,-5.6231649739712255
12,142,top8_spectral_leverage,0.02963409590889475,5.573274286407688
12,158,correction_bias,0.07823675870895386,5.482961064319183
12,466,top8_spectral_leverage,0.02895946737544923,5.412007663852692
12,499,correction_bias,-0.07425382733345032,-5.3876412933964515
12,87,correction_bias,-0.07303543388843536,-5.3007856323373375
12,264,nearest_cosine,0.5896140336990356,5.287765757027954
12,371,nearest_cosine,0.5896140336990356,5.287765757027954
12,533,correction_bias,-0.07250507920980453,-5.262978217666201
12,511,correction_bias,-0.07061196118593216,-5.128023439224872
12,780,correction_bias,0.07324682921171188,5.127243765531508
12,355,correction_bias,-0.0704788789153099,-5.118536398205867
12,376,top8_spectral_leverage,0.027578696346742978,5.081941161648888
12,660,top8_spectral_leverage,0.027552063155585248,5.075574628700848
13,277,top8_spectral_leverage,0.061634771711307636,11.915470856438121
13,598,top8_spectral_leverage,0.044717497223466275,8.19603378914165
13,608,correction_bias,-0.3380049467086792,-7.914561679627931
13,633,correction_bias,-0.33259519934654236,-7.793023472413757
13,206,correction_bias,-0.30204442143440247,-7.106653753482333
13,695,correction_bias,-0.28563132882118225,-6.737908649965513
13,98,correction_bias,-0.2751849591732025,-6.503215058209591
13,524,correction_bias,-0.2747412919998169,-6.493247399972818
13,823,correction_bias,-0.265643835067749,-6.2888591851976745
13,365,nearest_cosine,0.5604937672615051,6.276295811681004
13,793,nearest_cosine,0.5604937672615051,6.276295811681004
13,460,top8_spectral_leverage,0.03426192724400885,5.897269022437888
13,639,top8_spectral_leverage,0.034122370634687094,5.8665860642538945
13,385,correction_bias,-0.24451901018619537,-5.8142578458103085
13,416,correction_bias,-0.24335341155529022,-5.788070898722349
13,171,correction_bias,-0.2428075224161148,-5.775806668459503
13,5,correction_bias,-0.2405932992696762,-5.726060775800298
13,183,correction_bias,-0.2403056025505066,-5.719597231178232
13,529,top8_spectral_leverage,0.03342657883276568,5.713609068991006
13,239,correction_bias,-0.23997963964939117,-5.712273978544075
13,82,correction_bias,-0.23686708509922028,-5.642345703791024
13,803,top8_spectral_leverage,0.03272110541319613,5.558503470354225
13,798,top8_spectral_leverage,0.032413367326875546,5.490844081952013
13,725,top8_spectral_leverage,0.032283141194378875,5.462212525214734
13,575,correction_bias,-0.22453750669956207,-5.365342961502306
13,705,correction_bias,-0.22444374859333038,-5.363236542961775
13,331,correction_bias,-0.22417524456977844,-5.357204191454809
13,698,correction_bias,-0.21316076815128326,-5.109747216536496
13,9,correction_bias,-0.20985279977321625,-5.035428672752847
13,841,correction_bias,-0.2086786925792694,-5.009050567847557
14,23,nearest_cosine,0.6328503489494324,8.636160588941726
14,565,nearest_cosine,0.6328503489494324,8.636160588941726
14,814,nearest_cosine,0.578495979309082,7.571500446667248
14,863,nearest_cosine,0.578495979309082,7.571500446667248
14,571,top8_spectral_leverage,0.03574456868526496,6.883298465432786
14,844,top8_spectral_leverage,0.03432068682642621,6.534480670367881
14,584,top8_spectral_leverage,0.03280268801527164,6.162606420456499
14,437,top8_spectral_leverage,0.032362920699951,6.054873700695
14,610,top8_spectral_leverage,0.030623587740603586,5.628777754604301
14,496,top8_spectral_leverage,0.030498147078378616,5.598047722518295
14,592,top8_spectral_leverage,0.03013711518026868,5.509603340798655
14,264,top8_spectral_leverage,0.029180195526320805,5.275180378196552
14,348,top8_spectral_leverage,0.02878646905526658,5.178726589815663
14,118,nearest_cosine,0.45624199509620667,5.176864190430048
14,355,nearest_cosine,0.45624199509620667,5.176864190430048
14,471,nearest_cosine,0.4557035565376282,5.166317585324049
14,689,nearest_cosine,0.4557035565376282,5.166317585324049
14,689,top8_spectral_leverage,0.028369636769248977,5.0766124164957604
14,48,top8_spectral_leverage,0.028281292912558247,5.054970235224119
15,47,nearest_cosine,0.5642577409744263,8.408137085849104
15,555,nearest_cosine,0.5642577409744263,8.408137085849104
15,792,top8_spectral_leverage,0.0450697707785714,8.291261993846176
15,242,top8_spectral_leverage,0.04275862213983865,7.787450012810771
15,229,top8_spectral_leverage,0.039417802177437976,7.059177890744828
15,63,top8_spectral_leverage,0.03770089062551728,6.684904857959694
15,169,top8_spectral_leverage,0.03650035207500344,6.423197023462559
15,65,top8_spectral_leverage,0.036425898225065645,6.406966677649128
15,359,top8_spectral_leverage,0.03544542234106553,6.193230750328417
15,758,nearest_cosine,0.45184940099716187,5.982443347565823
15,863,nearest_cosine,0.45184940099716187,5.982443347565823
15,450,top8_spectral_leverage,0.032279268309275536,5.503034408870256
15,671,top8_spectral_leverage,0.03151198607253514,5.335772997281681
15,530,top8_spectral_leverage,0.030646862184924607,5.147182885701015
15,69,top8_spectral_leverage,0.03045422203546679,5.105188868657386
16,124,nearest_cosine,0.6600599884986877,11.312949730116705
16,227,nearest_cosine,0.6600599884986877,11.312949730116705
16,817,nearest_cosine,0.6540138721466064,11.172880283605783
16,546,nearest_cosine,0.6380053162574768,10.802012534417056
16,623,nearest_cosine,0.6380053162574768,10.802012534417056
16,477,nearest_cosine,0.6166728734970093,10.307807117884506
16,849,nearest_cosine,0.6166728734970093,10.307807117884506
16,300,nearest_cosine,0.5435364246368408,8.61346626913592
16,875,nearest_cosine,0.5435364246368408,8.61346626913592
16,369,nearest_cosine,0.5347954034805298,8.410964378003229
16,861,nearest_cosine,0.5347954034805298,8.410964378003229
16,124,top8_spectral_leverage,0.04851622696021908,8.253457329645641
16,639,nearest_cosine,0.4574481248855591,6.619071885197639
16,821,nearest_cosine,0.4574481248855591,6.619071885197639
16,257,top8_spectral_leverage,0.03821657997561192,6.197386887969247
16,406,top8_spectral_leverage,0.03803025918542881,6.160192538499037
16,669,nearest_cosine,0.43531954288482666,6.10642243348023
16,741,nearest_cosine,0.43531954288482666,6.10642243348023
16,768,top8_spectral_leverage,0.037575625487967446,6.0694361360187035
16,421,top8_spectral_leverage,0.035396132430287455,5.6343541122918825
16,741,top8_spectral_leverage,0.03528607618061984,5.612384096989269
16,227,top8_spectral_leverage,0.03478593164575188,5.5125425785134565
16,134,top8_spectral_leverage,0.03461181481739469,5.4777844489660374
16,696,nearest_cosine,0.4066757559776306,5.4428362329456315
16,830,nearest_cosine,0.4066757559776306,5.4428362329456315
16,408,nearest_cosine,0.40610089898109436,5.42951860942685
16,592,nearest_cosine,0.40610089898109436,5.42951860942685
16,679,top8_spectral_leverage,0.03406314873224773,5.368256799940114
16,547,nearest_cosine,0.3985694646835327,5.255039030791271
16,627,nearest_cosine,0.3985694646835327,5.255039030791271
16,293,top8_spectral_leverage,0.0328740100178291,5.130874590100961
16,628,nearest_cosine,0.3915849030017853,5.09322876583549
16,860,nearest_cosine,0.3915849030017853,5.09322876583549
17,369,nearest_cosine,0.7771261930465698,15.653491797086449
17,768,nearest_cosine,0.7771261930465698,15.653491797086449
17,341,nearest_cosine,0.6284574866294861,11.804622732348644
17,620,nearest_cosine,0.6284574866294861,11.804622732348644
17,361,nearest_cosine,0.5950563549995422,10.939904222610178
17,893,nearest_cosine,0.5950563549995422,10.939904222610178
17,171,nearest_cosine,0.46770137548446655,7.642824072328026
17,277,nearest_cosine,0.46770137548446655,7.642824072328026
17,231,nearest_cosine,0.4535391926765442,7.276180757724528
17,849,nearest_cosine,0.4535391926765442,7.276180757724528
17,100,top8_spectral_leverage,0.04217124909347543,6.885330689047486
17,712,nearest_cosine,0.4306112825870514,6.682602418413719
17,732,nearest_cosine,0.4306112825870514,6.682602418413719
17,138,top8_spectral_leverage,0.03853280373907382,6.160921087656297
17,61,nearest_cosine,0.4089679718017578,6.122280940225018
17,570,nearest_cosine,0.4089679718017578,6.122280940225018
17,68,nearest_cosine,0.40782395005226135,6.092663477161397
17,261,nearest_cosine,0.40723752975463867,6.077481701541972
17,450,nearest_cosine,0.396547794342041,5.800736225433817
17,869,nearest_cosine,0.3946821391582489,5.7524364675666835
17,732,top8_spectral_leverage,0.036315256395242614,5.7194103788401
17,827,top8_spectral_leverage,0.03534654537212704,5.526541310387699
17,348,nearest_cosine,0.38524001836776733,5.507990359896602
17,174,nearest_cosine,0.3846634030342102,5.4930624239976025
17,186,top8_spectral_leverage,0.03490915141037745,5.439456757888202
17,301,top8_spectral_leverage,0.03445222052634493,5.348482430304888
17,560,correction_bias,-0.20226266980171204,-5.284895312166666
17,254,top8_spectral_leverage,0.03367965339586712,5.194665348412942
17,42,nearest_cosine,0.3717910349369049,5.159810991644095
17,316,top8_spectral_leverage,0.03304196414989762,5.06770227284404
18,251,nearest_cosine,0.6037430167198181,11.297865728264721
18,776,nearest_cosine,0.6037430167198181,11.297865728264721
18,103,nearest_cosine,0.45372238755226135,7.404717151520753
18,226,nearest_cosine,0.45372238755226135,7.404717151520753
18,762,nearest_cosine,0.4466215670108795,7.220445498096882
18,118,top8_spectral_leverage,0.03593513300921939,6.933233754749331
18,117,top8_spectral_leverage,0.03214030441384204,6.001620990982556
18,666,top8_spectral_leverage,0.031708910259218716,5.895715733192778
18,384,nearest_cosine,0.3940562903881073,5.856336888463383
18,465,nearest_cosine,0.3940562903881073,5.856336888463383
18,529,top8_spectral_leverage,0.030745152092149453,5.659117587305528
18,27,top8_spectral_leverage,0.030731313819146268,5.655720355669306
18,626,top8_spectral_leverage,0.030348609599073987,5.561768250269591
18,1,top8_spectral_leverage,0.03003607084235519,5.485041439660619
18,210,top8_spectral_leverage,0.02918454759760574,5.275996445001565
18,595,nearest_cosine,0.37111425399780273,5.2609737253028985
18,643,nearest_cosine,0.37111425399780273,5.2609737253028985
18,264,nearest_cosine,0.36365464329719543,5.067391196398175
18,282,nearest_cosine,0.36365464329719543,5.067391196398175
18,762,top8_spectral_leverage,0.028160850938319264,5.02468367815396
19,308,top8_spectral_leverage,0.06726184215970386,13.83411682420736
19,611,top8_spectral_leverage,0.06490385348316423,13.286339312496576
19,308,nearest_cosine,0.536662757396698,11.105767562753497
19,611,nearest_cosine,0.536662757396698,11.105767562753497
19,62,nearest_cosine,0.5255013704299927,10.781189011289927
19,721,nearest_cosine,0.5255013704299927,10.781189011289927
19,267,nearest_cosine,0.47444620728492737,9.296480081495227
19,697,nearest_cosine,0.47444620728492737,9.296480081495227
19,847,top8_spectral_leverage,0.03589152321816548,6.546568999089207
19,836,top8_spectral_leverage,0.03518705601757103,6.382916266545219
19,490,top8_spectral_leverage,0.032955824290295914,5.864585294146091
19,258,nearest_cosine,0.3533352315425873,5.774514111669875
19,537,nearest_cosine,0.3533352315425873,5.774514111669875
19,717,nearest_cosine,0.34601688385009766,5.561693007964677
19,783,nearest_cosine,0.34601688385009766,5.561693007964677
19,241,top8_spectral_leverage,0.030938291815597683,5.395898175424329
19,15,nearest_cosine,0.32856670022010803,5.054233196537025
19,520,nearest_cosine,0.32856670022010803,5.054233196537025
19,889,top8_spectral_leverage,0.029339553623128366,5.0244999419803005
20,528,nearest_cosine,0.5731494426727295,11.437172203931398
20,613,nearest_cosine,0.5731494426727295,11.437172203931398
20,416,nearest_cosine,0.5576803088188171,11.007137518257744
20,529,nearest_cosine,0.5576803088188171,11.007137518257744
20,279,nearest_cosine,0.49616727232933044,9.297103875689052
20,695,nearest_cosine,0.49616727232933044,9.297103875689052
20,831,nearest_cosine,0.4569554030895233,8.207032251610881
20,848,nearest_cosine,0.4569554030895233,8.207032251610881
20,725,nearest_cosine,0.4312198758125305,7.491596630733615
20,785,nearest_cosine,0.4312198758125305,7.491596630733615
20,1,top8_spectral_leverage,0.04389870691554843,7.04769951298364
20,848,top8_spectral_leverage,0.04375588110721018,7.020285281531664
20,701,nearest_cosine,0.3878234922885895,6.2851974668029555
20,871,nearest_cosine,0.3878234922885895,6.2851974668029555
20,120,nearest_cosine,0.3851924240589142,6.212055000662346
20,553,top8_spectral_leverage,0.036896626378604205,5.703708124322559
20,820,top8_spectral_leverage,0.035621603023440626,5.458977947250153
20,19,nearest_cosine,0.35779663920402527,5.4504649956811955
20,479,nearest_cosine,0.35779663920402527,5.4504649956811955
20,105,top8_spectral_leverage,0.0355153247554672,5.438578713593175
20,206,correction_bias,-0.12536673247814178,-5.349366223687042
20,98,top8_spectral_leverage,0.0349770965135221,5.335270258557311
20,379,correction_bias,-0.12056716531515121,-5.163322647244601
20,808,correction_bias,-0.11996534466743469,-5.139994529963224
20,313,top8_spectral_leverage,0.03374603690947532,5.098978559534745
20,237,top8_spectral_leverage,0.03350279096268158,5.052289513887153
21,47,nearest_cosine,0.7341569066047668,13.491864690018225
21,619,nearest_cosine,0.7341569066047668,13.491864690018225
21,723,correction_bias,-0.2106570303440094,-10.54890560619821
21,405,correction_bias,-0.18965306878089905,-9.604463290315229
21,208,correction_bias,-0.18105876445770264,-9.218020730228922
21,471,top8_spectral_leverage,0.05300268009634425,9.008645565041698
21,627,correction_bias,-0.17506170272827148,-8.948363082493328
21,236,top8_spectral_leverage,0.05212318561197293,8.839002866867485
21,486,correction_bias,-0.17066238820552826,-8.750548075849316
21,838,correction_bias,-0.17045871913433075,-8.741390103973508
21,850,correction_bias,-0.16726085543632507,-8.59759828699899
21,675,correction_bias,-0.1638604998588562,-8.444701430529273
21,779,correction_bias,-0.15885528922080994,-8.219642328593908
21,752,top8_spectral_leverage,0.048161577561155036,8.074861771281386
21,431,correction_bias,-0.15405812859535217,-8.003938187393839
21,213,correction_bias,-0.15385477244853973,-7.994794286150851
21,38,correction_bias,-0.15185831487178802,-7.905023648755422
21,884,top8_spectral_leverage,0.04705633114288663,7.861674550810682
21,576,correction_bias,-0.1500614434480667,-7.824227394978998
21,795,correction_bias,-0.14966455101966858,-7.806381142351538
21,533,correction_bias,-0.14646025002002716,-7.662299872358995
21,2,correction_bias,-0.1456621140241623,-7.626411718304852
21,532,nearest_cosine,0.49331218004226685,7.5930892435417725
21,483,correction_bias,-0.1418585479259491,-7.455384516430725
21,93,correction_bias,-0.14086024463176727,-7.4104958475823395
21,386,correction_bias,-0.13985788822174072,-7.3654249305374195
21,390,correction_bias,-0.13926000893115997,-7.338541311458328
21,382,correction_bias,-0.13625793159008026,-7.203553020418564
21,585,top8_spectral_leverage,0.04337852682091891,7.15227539069955
21,570,correction_bias,-0.13465973734855652,-7.131690278422953
21,494,correction_bias,-0.13366085290908813,-7.086775478399328
21,563,correction_bias,-0.13225583732128143,-7.023599007064968
21,825,correction_bias,-0.131853848695755,-7.005523604131572
21,395,correction_bias,-0.13045795261859894,-6.94275719123941
21,10,correction_bias,-0.13005460798740387,-6.924620815563792
21,491,top8_spectral_leverage,0.04214594687805266,6.914527239984637
21,775,top8_spectral_leverage,0.04184719473895137,6.85690195652571
21,830,top8_spectral_leverage,0.04155865323654043,6.801246168031228
21,708,top8_spectral_leverage,0.04107388536586724,6.707740943120179
21,159,correction_bias,-0.12305708229541779,-6.6099773446103365
21,437,correction_bias,-0.12125436216592789,-6.528918104006195
21,385,nearest_cosine,0.4483260214328766,6.491287050802028
21,514,nearest_cosine,0.4483260214328766,6.491287050802028
21,418,correction_bias,-0.12025675177574158,-6.484060591559054
21,285,top8_spectral_leverage,0.03936141579208208,6.377428514559788
21,14,nearest_cosine,0.4436112940311432,6.375813821925009
21,558,nearest_cosine,0.4436112940311432,6.375813821925009
21,869,top8_spectral_leverage,0.039315288346836993,6.368531148617973
21,497,correction_bias,-0.1162557601928711,-6.304156160435397
21,121,top8_spectral_leverage,0.038928824049726626,6.293987365484793
21,575,correction_bias,-0.11565611511468887,-6.277193142785389
21,103,top8_spectral_leverage,0.03877196061715775,6.263730511782209
21,401,correction_bias,-0.1146559864282608,-6.232222395245549
21,700,top8_spectral_leverage,0.03785124105389663,6.08613604842972
21,183,correction_bias,-0.11065512895584106,-6.0523239943931015
21,593,top8_spectral_leverage,0.03731715568650887,5.983118139404638
21,264,correction_bias,-0.10885601490736008,-5.971426901081463
21,816,correction_bias,-0.10805469006299973,-5.935395360578578
21,822,top8_spectral_leverage,0.03637340658541634,5.801081586869271
21,678,top8_spectral_leverage,0.03594219681039216,5.717907000769976
21,243,nearest_cosine,0.41625383496284485,5.70577420705229
21,340,nearest_cosine,0.41625383496284485,5.70577420705229
21,229,correction_bias,-0.10245665907859802,-5.683680114794719
21,748,top8_spectral_leverage,0.03567746925644091,5.666844603755114
21,638,correction_bias,-0.10185399651527405,-5.6565814160425125
21,860,correction_bias,-0.10125862807035446,-5.629810697041052
21,398,top8_spectral_leverage,0.035422483518304536,5.617661272441424
21,597,correction_bias,-0.1006549596786499,-5.602666771254778
21,738,correction_bias,-0.10045595467090607,-5.593718518811011
21,548,correction_bias,-0.10025354474782944,-5.5846171644815525
21,555,correction_bias,-0.10005704313516617,-5.5757814771003495
21,250,correction_bias,-0.09965497255325317,-5.557702389001215
21,504,correction_bias,-0.09945737570524216,-5.54881745440514
21,24,correction_bias,-0.09925510734319687,-5.539722465361958
21,820,correction_bias,-0.09825745970010757,-5.494863277839482
21,623,correction_bias,-0.09645374864339828,-5.413759480231408
21,76,correction_bias,-0.096453458070755,-5.413746414643788
21,699,top8_spectral_leverage,0.0343166588780492,5.404362520699349
21,488,correction_bias,-0.09545594453811646,-5.368893257392521
21,566,correction_bias,-0.09465645998716354,-5.332944465611224
21,644,correction_bias,-0.09325629472732544,-5.269986089085582
21,482,top8_spectral_leverage,0.033578953567284825,5.262069053714195
21,290,correction_bias,-0.09245330095291138,-5.233879505207653
21,101,correction_bias,-0.0912531316280365,-5.179913938129712
21,143,correction_bias,-0.09105303883552551,-5.17091677348614
21,312,correction_bias,-0.0908525213599205,-5.161900512983739
21,863,top8_spectral_leverage,0.03298528781757511,5.147558887494831
21,416,correction_bias,-0.08985458314418793,-5.117028259873644
21,325,correction_bias,-0.08965464681386948,-5.108038130546482
21,91,correction_bias,-0.08805664628744125,-5.036184098942616
21,525,correction_bias,-0.0872570350766182,-5.000229611905177
21,828,correction_bias,-0.08725421130657196,-5.000102641194725
22,604,top8_spectral_leverage,0.050874705262530504,8.801726808258131
22,2,top8_spectral_leverage,0.04665471225234179,7.958958226081704
22,658,top8_spectral_leverage,0.045275083538657335,7.68343460977369
22,146,nearest_cosine,0.4983308017253876,7.561847277950528
22,708,nearest_cosine,0.4983308017253876,7.561847277950528
22,272,top8_spectral_leverage,0.04466404928894965,7.561405860663428
22,651,top8_spectral_leverage,0.04383452977396006,7.3957437413548
22,345,nearest_cosine,0.4869719445705414,7.292245052347013
22,642,nearest_cosine,0.4869719445705414,7.292245052347013
22,767,top8_spectral_leverage,0.041204445623516744,6.870493513422625
22,519,top8_spectral_leverage,0.04035066577440844,6.699986398556189
22,346,top8_spectral_leverage,0.03980985171926438,6.591981220970726
22,102,top8_spectral_leverage,0.038802515644139786,6.390807618607353
22,815,correction_bias,-0.12766508758068085,-6.356612480904185
22,44,top8_spectral_leverage,0.03825846618740879,6.282156303741185
22,712,nearest_cosine,0.436917245388031,6.1041978643636945
22,365,correction_bias,-0.12160946428775787,-6.08315473501684
22,510,correction_bias,-0.11877135932445526,-5.954992570972813
22,79,top8_spectral_leverage,0.03585044043789802,5.801253031659993
22,597,top8_spectral_leverage,0.03565128425351898,5.76147984371026
22,625,correction_bias,-0.11367908120155334,-5.725037233667139
22,380,correction_bias,-0.11212684214115143,-5.654941758106124
22,456,top8_spectral_leverage,0.0348500947858418,5.601475476381038
22,524,correction_bias,-0.11058318614959717,-5.585233873804726
22,44,nearest_cosine,0.4148971438407898,5.581551236782962
22,597,nearest_cosine,0.4148971438407898,5.581551236782962
22,61,nearest_cosine,0.41329774260520935,5.543589483512606
22,453,nearest_cosine,0.41329774260520935,5.543589483512606
22,302,correction_bias,-0.10923103243112564,-5.524173783032809
22,252,nearest_cosine,0.4118482768535614,5.509186445667057
22,604,nearest_cosine,0.4118482768535614,5.509186445667057
22,177,nearest_cosine,0.4112633764743805,5.495303847987215
22,378,nearest_cosine,0.4112633764743805,5.495303847987215
22,29,nearest_cosine,0.4104436933994293,5.475848688169303
22,710,nearest_cosine,0.4104436933994293,5.475848688169303
22,767,nearest_cosine,0.4085351824760437,5.430550223234047
22,183,top8_spectral_leverage,0.03378076877057963,5.387921954469738
22,651,nearest_cosine,0.40492314100265503,5.34481849803295
22,86,correction_bias,-0.1049688309431076,-5.331702759811595
22,724,correction_bias,-0.10203355550765991,-5.199152605135679
22,488,correction_bias,-0.1016605794429779,-5.182309880781099
22,276,nearest_cosine,0.3963557779788971,5.1414723244460285
22,664,top8_spectral_leverage,0.032507212617469985,5.133581932842479
23,297,nearest_cosine,0.6146373748779297,10.138111176288799
23,556,nearest_cosine,0.6146373748779297,10.138111176288799
23,526,nearest_cosine,0.5521267652511597,8.678641360641075
23,593,nearest_cosine,0.5521267652511597,8.678641360641075
23,294,nearest_cosine,0.5306829214096069,8.177980064821513
23,490,nearest_cosine,0.47396278381347656,6.853703605910018
23,751,nearest_cosine,0.47396278381347656,6.853703605910018
23,741,correction_bias,-0.11710318177938461,-6.687401653110011
23,475,nearest_cosine,0.433146208524704,5.9007364221351
23,635,nearest_cosine,0.433146208524704,5.9007364221351
23,392,top8_spectral_leverage,0.032863756636763136,5.844591191178664
23,343,nearest_cosine,0.4291795492172241,5.808124630908132
23,746,nearest_cosine,0.4291795492172241,5.808124630908132
23,593,top8_spectral_leverage,0.03118015992733825,5.446729405704001
23,526,top8_spectral_leverage,0.030795188337826032,5.355754243360835
23,615,nearest_cosine,0.409505695104599,5.348788265349209
23,352,correction_bias,-0.09182681143283844,-5.343285482431005
23,257,correction_bias,-0.09112266451120377,-5.305841211322185
23,290,correction_bias,-0.09050536900758743,-5.27301541959962
23,828,correction_bias,-0.08676046133041382,-5.073873260437641
23,275,correction_bias,-0.08607176691293716,-5.037250703856323
24,459,top8_spectral_leverage,0.21608430134131396,80.06322434806094
24,263,top8_spectral_leverage,0.18559670134470557,68.60078423129488
24,725,top8_spectral_leverage,0.15568360055538177,57.35433890458646
24,311,top8_spectral_leverage,0.09236484198849108,33.54834963610702
24,482,top8_spectral_leverage,0.07885759783312689,28.4700234546226
24,709,top8_spectral_leverage,0.07883342793342196,28.460936283837537
24,576,top8_spectral_leverage,0.07633067689599424,27.519975568763837
24,816,top8_spectral_leverage,0.07541446916284752,27.175508432063
24,350,top8_spectral_leverage,0.06663926148117252,23.876288664860105
24,451,top8_spectral_leverage,0.06650446417294974,23.825608845078396
24,228,top8_spectral_leverage,0.06496694451145966,23.24754671325625
24,221,top8_spectral_leverage,0.06114829265690187,21.81184602791153
24,797,top8_spectral_leverage,0.059744082343893334,21.28390428681035
24,326,top8_spectral_leverage,0.05780765097394877,20.55586309561504
24,62,top8_spectral_leverage,0.05529137815578033,19.60981858903169
24,105,top8_spectral_leverage,0.05481310389116047,19.430001544784016
24,278,top8_spectral_leverage,0.05001766691749118,17.627058408868923
24,833,top8_spectral_leverage,0.04995676407224473,17.604160731890225
24,668,top8_spectral_leverage,0.0497924693125602,17.542390738693253
24,835,top8_spectral_leverage,0.04738236095807056,16.636260945225473
24,26,top8_spectral_leverage,0.04570637413067285,16.006139235163936
24,620,top8_spectral_leverage,0.04547072351846851,15.917541541964997
24,281,top8_spectral_leverage,0.043340661932716365,15.116701089636054
24,683,top8_spectral_leverage,0.04238702595106873,14.758162033296905
24,598,top8_spectral_leverage,0.04173773026083341,14.514045967479175
24,840,top8_spectral_leverage,0.04163764944229051,14.476418525846755
24,417,top8_spectral_leverage,0.040574041399434824,14.076533211807593
24,677,top8_spectral_leverage,0.04020006914388749,13.935930652569736
24,642,top8_spectral_leverage,0.03936773447784925,13.622997320079373
24,297,top8_spectral_leverage,0.038979764420815244,13.477131999544294
24,353,top8_spectral_leverage,0.038644543459874545,13.351098786333184
24,715,top8_spectral_leverage,0.038306705147153064,13.224081525901072
24,293,top8_spectral_leverage,0.037416361230235756,12.889338422733658
24,871,top8_spectral_leverage,0.03684687285984191,12.675227559839879
24,341,top8_spectral_leverage,0.03675417361762888,12.640375373611556
24,207,top8_spectral_leverage,0.036740670178109926,12.635298477861364
24,439,top8_spectral_leverage,0.0358483100205219,12.299797327555055
24,469,top8_spectral_leverage,0.034323572252680734,11.726540811476545
24,163,top8_spectral_leverage,0.03417920738060582,11.67226386933261
24,18,top8_spectral_leverage,0.033815659843282386,11.53558069726819
24,354,top8_spectral_leverage,0.03235939095746114,10.988066465269194
24,572,top8_spectral_leverage,0.03179913265557607,10.777425836423596
24,518,top8_spectral_leverage,0.0315606716373629,10.687771513296958
24,226,top8_spectral_leverage,0.030969536139252615,10.46552196762142
24,480,top8_spectral_leverage,0.030251801369083467,10.195674822431245
24,305,top8_spectral_leverage,0.03024782849683446,10.194181139417468
24,407,top8_spectral_leverage,0.03006056977770858,10.123777373474542
24,326,router_norm,8.482454299926758,9.857561198849469
24,72,top8_spectral_leverage,0.029292486694887335,9.835000744860974
24,310,top8_spectral_leverage,0.028101034308503157,9.387049721086525
24,357,top8_spectral_leverage,0.027866404211013576,9.298835711378821
24,65,top8_spectral_leverage,0.02757930840368166,9.190896139235305
24,650,top8_spectral_leverage,0.026887983833600294,8.930978451825068
24,258,top8_spectral_leverage,0.026758373351909125,8.882248726131492
24,300,top8_spectral_leverage,0.026443579690438538,8.76389557619035
24,151,top8_spectral_leverage,0.0262500331876698,8.691127788695008
24,201,top8_spectral_leverage,0.026146335757956427,8.652140607726867
24,81,top8_spectral_leverage,0.026094571550312983,8.632678789467285
24,597,top8_spectral_leverage,0.02593858125904393,8.574031031930867
24,801,top8_spectral_leverage,0.025851526074047858,8.541300845068585
24,326,correction_bias,-0.32149210572242737,-8.47440931128455
24,282,top8_spectral_leverage,0.025510363047459905,8.413033590094297
24,323,top8_spectral_leverage,0.025227285666835676,8.306604828100005
24,573,top8_spectral_leverage,0.02517759777933385,8.287923645091778
24,9,top8_spectral_leverage,0.025168845891616234,8.284633192944577
24,803,top8_spectral_leverage,0.025154164869922405,8.27911356096183
24,711,top8_spectral_leverage,0.02498509880883421,8.215549698892772
24,315,top8_spectral_leverage,0.02459197476608384,8.067746631449342
24,64,top8_spectral_leverage,0.024536846119036445,8.047019883014917
24,887,top8_spectral_leverage,0.024311794902306214,7.962407250493414
24,276,top8_spectral_leverage,0.024064933247693602,7.869594535375213
24,775,top8_spectral_leverage,0.02391124630285618,7.811812768292084
24,213,top8_spectral_leverage,0.02387035351504269,7.796438283859987
24,601,top8_spectral_leverage,0.023807051632561558,7.772638639502963
24,429,top8_spectral_leverage,0.023804107850519163,7.771531864112918
24,82,top8_spectral_leverage,0.023675918701656685,7.723336517722292
24,80,top8_spectral_leverage,0.02358741685321989,7.69006242799261
24,811,top8_spectral_leverage,0.023509323047765596,7.660701456036477
24,283,top8_spectral_leverage,0.02344876235090998,7.637932416780702
24,622,router_norm,7.066572666168213,7.494746112460801
24,893,top8_spectral_leverage,0.023007184427797683,7.4719121166874265
24,200,top8_spectral_leverage,0.022869523683082982,7.420155729077474
24,613,top8_spectral_leverage,0.02279465813195183,7.392008485714762
24,389,top8_spectral_leverage,0.022639422207222093,7.333644347790383
24,256,top8_spectral_leverage,0.022506382858428736,7.283625469004021
24,617,top8_spectral_leverage,0.022476304105699424,7.272316743424274
24,225,top8_spectral_leverage,0.02243858732372693,7.258136343694386
24,714,top8_spectral_leverage,0.02200339783679044,7.094517907542946
24,672,top8_spectral_leverage,0.02198007173180519,7.085747978733183
24,461,top8_spectral_leverage,0.021807786043952792,7.02097363177889
24,523,top8_spectral_leverage,0.021679496430525483,6.972740513669327
24,626,top8_spectral_leverage,0.021495030605143167,6.903386793557875
24,494,top8_spectral_leverage,0.021246424832487357,6.8099183413980935
24,568,router_norm,6.609821319580078,6.732522105372065
24,504,top8_spectral_leverage,0.021022875892776606,6.725870520812476
24,810,router_norm,6.600674629211426,6.717258161354225
24,406,router_norm,6.579554557800293,6.682013108260797
24,104,top8_spectral_leverage,0.020902663081689903,6.680674042621252
24,871,router_norm,6.557526588439941,6.645252960317511
24,222,top8_spectral_leverage,0.0207796234694171,6.634414770398315
24,85,top8_spectral_leverage,0.020719760013304642,6.61190787313687
24,68,top8_spectral_leverage,0.0207029145530298,6.605574475963553
24,278,router_norm,6.516605377197266,6.576963879527032
24,517,top8_spectral_leverage,0.02058431100454851,6.560983033139126
24,430,top8_spectral_leverage,0.020555449931541837,6.550132119289515
24,427,top8_spectral_leverage,0.020384172304296785,6.485736773448695
24,152,top8_spectral_leverage,0.020310252009013412,6.457944918458679
24,679,top8_spectral_leverage,0.020286689227007538,6.449086006056365
24,471,top8_spectral_leverage,0.01994931454493242,6.322243057099111
24,311,router_norm,6.319499492645264,6.248034718690925
24,879,top8_spectral_leverage,0.019649326030508348,6.209456206619372
24,498,top8_spectral_leverage,0.01957093484039599,6.179983426786099
24,421,router_norm,6.271924018859863,6.168641043031874
24,311,correction_bias,-0.22220580279827118,-6.015307209872947
24,810,correction_bias,-0.22119781374931335,-5.990341550809324
24,663,top8_spectral_leverage,0.019058907364343722,5.987476168653583
24,499,top8_spectral_leverage,0.018967220653776654,5.953004664517631
24,421,correction_bias,-0.219086155295372,-5.938040441908961
24,221,router_norm,6.1171345710754395,5.910329307277572
24,228,nearest_cosine,0.738304853439331,5.896036058902866
24,451,nearest_cosine,0.738304853439331,5.896036058902866
24,539,router_norm,6.102235794067383,5.885466314323897
24,6,top8_spectral_leverage,0.01873248879181625,5.864752394364604
24,695,router_norm,6.085375785827637,5.857330430027016
24,278,correction_bias,-0.2120441496372223,-5.7636255387240105
24,660,top8_spectral_leverage,0.018265382549714652,5.689134197823951
24,765,top8_spectral_leverage,0.018217051357814786,5.67096309242419
24,636,top8_spectral_leverage,0.018203810931808825,5.6659850820123925
24,517,router_norm,5.9602131843566895,5.648459804152622
24,441,top8_spectral_leverage,0.018094753692777236,5.624982770520558
24,880,top8_spectral_leverage,0.018087572269494076,5.622282766769999
24,774,top8_spectral_leverage,0.01806033116334235,5.612040912769901
24,43,top8_spectral_leverage,0.01803832506631436,5.6037672680941935
24,67,top8_spectral_leverage,0.017969848121599512,5.578021952678733
24,874,top8_spectral_leverage,0.017945383880446607,5.568824118173935
24,451,router_norm,5.881991386413574,5.517923719879947
24,264,router_norm,5.860504627227783,5.482066740347683
24,370,top8_spectral_leverage,0.01770519043712999,5.478518454206851
24,89,top8_spectral_leverage,0.017699410861785277,5.476345504014102
24,737,router_norm,5.8488287925720215,5.4625821749623835
24,322,top8_spectral_leverage,0.01762397811824545,5.447985013002516
24,535,top8_spectral_leverage,0.01754145263866831,5.41695786203407
24,249,top8_spectral_leverage,0.01748700522815138,5.396487238481126
24,6,router_norm,5.8064188957214355,5.3918087842342715
24,285,top8_spectral_leverage,0.01746867757538788,5.389596580564273
24,758,top8_spectral_leverage,0.017381753371919988,5.356915638900804
24,140,router_norm,5.784467697143555,5.355176750929024
24,321,top8_spectral_leverage,0.017327608838804544,5.336558888334834
24,762,top8_spectral_leverage,0.017308957076914135,5.32954637492726
24,306,correction_bias,-0.19361533224582672,-5.307184496616422
24,318,correction_bias,-0.1911463439464569,-5.246033117860997
24,250,router_norm,5.717367649078369,5.243200578567103
24,555,top8_spectral_leverage,0.017027607235645368,5.223767116875997
24,576,router_norm,5.692916393280029,5.202396464223094
24,456,top8_spectral_leverage,0.016950772535515846,5.194879531456932
24,451,correction_bias,-0.18859879672527313,-5.182936008385142
24,715,router_norm,5.645861625671387,5.12387174002205
24,550,top8_spectral_leverage,0.016734145518969214,5.113434150216175
24,357,router_norm,5.635274410247803,5.106203856119012
24,568,top8_spectral_leverage,0.016631192605400347,5.074726885401595
24,336,top8_spectral_leverage,0.01658742225471956,5.058270522039959
24,548,top8_spectral_leverage,0.016559749760307173,5.0478664787528915
24,490,top8_spectral_leverage,0.01654115387702576,5.040874974057367
24,19,top8_spectral_leverage,0.0165201598067936,5.032981821665244
24,624,top8_spectral_leverage,0.016456509960858685,5.009051353292807
25,261,top8_spectral_leverage,0.14142388011616047,46.16117321049667
25,625,top8_spectral_leverage,0.13251088114053994,43.17067213456125
25,353,top8_spectral_leverage,0.11507756550545473,37.3214232670986
25,682,top8_spectral_leverage,0.10441952109492886,33.745422264043846
25,304,top8_spectral_leverage,0.09208219336291039,29.605985924189397
25,336,top8_spectral_leverage,0.06763052264567435,21.401929378427024
25,108,top8_spectral_leverage,0.06674583461907568,21.10509769442851
25,55,top8_spectral_leverage,0.06585965130449038,20.80776430944864
25,98,top8_spectral_leverage,0.06434694582543934,20.300219388255538
25,766,top8_spectral_leverage,0.0641526243081823,20.235020378581677
25,255,top8_spectral_leverage,0.06346093301938563,20.002943212521235
25,472,top8_spectral_leverage,0.06310501130998765,19.883523894981224
25,4,top8_spectral_leverage,0.06184641322069839,19.461237417614303
25,330,top8_spectral_leverage,0.05944355341936648,18.655026753744593
25,209,top8_spectral_leverage,0.05674331983580992,17.74904084945017
25,525,top8_spectral_leverage,0.05609961526330576,17.533064249214533
25,856,top8_spectral_leverage,0.05266113774218524,16.379381773246926
25,721,top8_spectral_leverage,0.05220111503553424,16.225034352927743
25,660,top8_spectral_leverage,0.05077991033674291,15.748189893225105
25,391,top8_spectral_leverage,0.04833460001030329,14.927736173639149
25,251,top8_spectral_leverage,0.04817216755684108,14.873236624365752
25,143,top8_spectral_leverage,0.04624770512704625,14.22753847241482
25,180,top8_spectral_leverage,0.045682502461323236,14.037900934635504
25,412,top8_spectral_leverage,0.04561364847069552,14.014798953628006
25,687,top8_spectral_leverage,0.0433113326077338,13.242322923487897
25,188,top8_spectral_leverage,0.042893585849084565,13.102159984546002
25,439,top8_spectral_leverage,0.04274289692169469,13.051600638502814
25,683,top8_spectral_leverage,0.042062274541645794,12.823237327185343
25,125,top8_spectral_leverage,0.04159466878163483,12.666345630882972
25,497,top8_spectral_leverage,0.041467754845636355,12.623763301052938
25,28,top8_spectral_leverage,0.04066102102371601,12.353086913784718
25,663,top8_spectral_leverage,0.039356644951733494,11.915440947779597
25,763,top8_spectral_leverage,0.03781920370382107,11.399596649059758
25,225,top8_spectral_leverage,0.0374744979848845,11.283940535311679
25,733,top8_spectral_leverage,0.03742369238169592,11.266894172867952
25,266,top8_spectral_leverage,0.037319063997116,11.231789120402953
25,482,top8_spectral_leverage,0.03730368964860972,11.226630698880006
25,705,top8_spectral_leverage,0.037295480015596474,11.223876192071883
25,226,top8_spectral_leverage,0.036820383872179036,11.064471312530348
25,704,top8_spectral_leverage,0.03636231191623372,10.910778410639832
25,806,top8_spectral_leverage,0.03618126731269597,10.850034088425407
25,137,top8_spectral_leverage,0.03570879748958533,10.691510395308859
25,238,top8_spectral_leverage,0.035264557384246394,10.54245837402808
25,233,top8_spectral_leverage,0.03307969313766665,9.809389863862043
25,880,top8_spectral_leverage,0.032616789085217784,9.654075690631496
25,306,top8_spectral_leverage,0.032315031807746315,9.55282969414725
25,172,top8_spectral_leverage,0.03229675423374578,9.546697178608584
25,679,top8_spectral_leverage,0.03183267396684557,9.390988360366647
25,192,top8_spectral_leverage,0.0315483422526329,9.295589011662432
25,141,top8_spectral_leverage,0.03129876754198195,9.21185137826099
25,418,top8_spectral_leverage,0.030955525264882232,9.096686280432426
25,779,top8_spectral_leverage,0.03065455361197704,8.99570387773038
25,313,top8_spectral_leverage,0.030573257707194858,8.968427369409753
25,331,top8_spectral_leverage,0.029761525258369385,8.69607383630332
25,791,top8_spectral_leverage,0.029487245235344635,8.6040470441757
25,221,top8_spectral_leverage,0.029203427726053804,8.508820222179523
25,454,top8_spectral_leverage,0.029041323985878872,8.454430963218282
25,575,top8_spectral_leverage,0.02902600985503213,8.44929274600324
25,189,top8_spectral_leverage,0.02899083876601482,8.437492096206714
25,772,top8_spectral_leverage,0.02898136588646293,8.434313743267413
25,50,top8_spectral_leverage,0.028883084466315857,8.401338232611776
25,441,top8_spectral_leverage,0.028607723706251635,8.308948830178895
25,93,top8_spectral_leverage,0.028529333396872036,8.282647211028728
25,392,top8_spectral_leverage,0.028462390011444516,8.260186278777379
25,324,top8_spectral_leverage,0.027619013269664074,7.977215411102874
25,22,top8_spectral_leverage,0.027524744575142392,7.9455862553983545
25,297,top8_spectral_leverage,0.02700037575085687,7.769649341515374
25,670,top8_spectral_leverage,0.026015539845528235,7.439215910235856
25,205,top8_spectral_leverage,0.026010744475255792,7.437606961328931
25,627,top8_spectral_leverage,0.025920129415495652,7.4072036779391475
25,119,top8_spectral_leverage,0.025351333184985298,7.216360422601422
25,838,top8_spectral_leverage,0.025160733999578744,7.1524103345794465
25,547,top8_spectral_leverage,0.02482935318996615,7.0412250118388675
25,9,top8_spectral_leverage,0.02468455378838475,6.992641727199387
25,265,top8_spectral_leverage,0.024567890443566984,6.953498689131724
25,809,top8_spectral_leverage,0.024055165237488428,6.781468457261268
25,82,top8_spectral_leverage,0.023887124708836943,6.725087279264103
25,305,top8_spectral_leverage,0.02361888449544868,6.635086971966759
25,485,top8_spectral_leverage,0.022948813967188526,6.410264031764964
25,334,top8_spectral_leverage,0.022914847529854482,6.398867568277086
25,46,top8_spectral_leverage,0.022863338240164063,6.381585104017726
25,223,top8_spectral_leverage,0.022740109022154238,6.340239075587447
25,103,top8_spectral_leverage,0.022683230985903385,6.321155282458947
25,872,top8_spectral_leverage,0.02260954503242841,6.296432074955953
25,577,top8_spectral_leverage,0.022593323713433353,6.290989476786639
25,551,top8_spectral_leverage,0.022542186445604923,6.273831833789079
25,688,top8_spectral_leverage,0.02246645248097936,6.248421474905712
25,421,top8_spectral_leverage,0.022316799678578757,6.198209770874343
25,762,top8_spectral_leverage,0.022286112314798462,6.187913506434774
25,681,top8_spectral_leverage,0.02225603087797002,6.177820543398741
25,62,top8_spectral_leverage,0.022162953340216677,6.14659104617136
25,298,top8_spectral_leverage,0.022160256158799872,6.145686084334047
25,845,top8_spectral_leverage,0.021769865274834804,6.014701624252065
25,370,top8_spectral_leverage,0.021750702760922305,6.008272192516495
25,121,top8_spectral_leverage,0.021739948283512594,6.004663836187404
25,736,top8_spectral_leverage,0.0208454385276036,5.704536752722286
25,484,top8_spectral_leverage,0.020838892148063587,5.702340302895304
25,307,top8_spectral_leverage,0.020736659292737478,5.668039001539281
25,213,top8_spectral_leverage,0.020522576009122447,5.596209498165423
25,158,top8_spectral_leverage,0.020403740718548235,5.556337726016303
25,694,top8_spectral_leverage,0.02031731408980967,5.527339750482017
25,361,top8_spectral_leverage,0.020237894307037534,5.50069272107247
25,600,top8_spectral_leverage,0.020228325930363236,5.497482326813735
25,825,top8_spectral_leverage,0.019452466675121315,5.237165014546358
25,225,correction_bias,-0.3300360441207886,-5.1950336214897765
25,515,top8_spectral_leverage,0.01902091888044107,5.092371533941366
25,236,top8_spectral_leverage,0.01892294923697238,5.0595006310047115
25,356,top8_spectral_leverage,0.0189050979052401,5.053511128829486
25,755,top8_spectral_leverage,0.0188164405890657,5.023764710128631
26,557,top8_spectral_leverage,0.0863392015229886,17.329062295208427
26,568,top8_spectral_leverage,0.08612568314763337,17.283016373390215
26,488,top8_spectral_leverage,0.07848788831695593,15.63590144451435
26,668,top8_spectral_leverage,0.06502236581318312,12.73201836925886
26,55,top8_spectral_leverage,0.06289192752074722,12.27258252497228
26,106,top8_spectral_leverage,0.056403939085411706,10.873427029554602
26,812,top8_spectral_leverage,0.055623289887207064,10.705077528542438
26,300,top8_spectral_leverage,0.053639496632607836,10.277266156557232
26,10,top8_spectral_leverage,0.05194533765438348,9.911915344341853
26,784,top8_spectral_leverage,0.048751067242272995,9.223060694630483
26,344,top8_spectral_leverage,0.04785053865340154,9.028858818893776
26,743,top8_spectral_leverage,0.046927081131088524,8.82971224518965
26,69,top8_spectral_leverage,0.04443050383675813,8.291317351932303
26,515,top8_spectral_leverage,0.04405573556053904,8.210497372302818
26,630,top8_spectral_leverage,0.038326037173090556,6.974869555486314
26,118,top8_spectral_leverage,0.037176316559621864,6.726928621163961
26,343,top8_spectral_leverage,0.03625320014152844,6.527855607677786
26,582,top8_spectral_leverage,0.036210487328741256,6.518644452736377
26,607,top8_spectral_leverage,0.03443102061179579,6.134896753315833
26,251,top8_spectral_leverage,0.03364794671998003,5.966024359357032
26,500,top8_spectral_leverage,0.033537947673157514,5.942302712441909
26,112,top8_spectral_leverage,0.03297321638493166,5.82051660057831
26,335,top8_spectral_leverage,0.032828736642105644,5.7893590810841955
26,236,top8_spectral_leverage,0.032337093599812586,5.6833346836512755
26,749,top8_spectral_leverage,0.0318909604583801,5.587124642165446
26,34,top8_spectral_leverage,0.03188125049487547,5.585030657422221
26,595,top8_spectral_leverage,0.03179242033615862,5.56587414905815
26,263,top8_spectral_leverage,0.030934818662787203,5.380929600198923
26,724,top8_spectral_leverage,0.030337694156782703,5.252157787124388
26,502,top8_spectral_leverage,0.030187314522292494,5.21972793708798
26,379,top8_spectral_leverage,0.030051353505141543,5.190407508082084
26,892,top8_spectral_leverage,0.029580931391844034,5.0889594719848725
27,387,top8_spectral_leverage,0.05323460673305441,9.81226677192752
27,253,top8_spectral_leverage,0.0466521443648164,8.418935990608006
27,153,top8_spectral_leverage,0.04494685962000354,8.05797293560791
27,854,top8_spectral_leverage,0.04150176125444689,7.328737988429849
27,245,top8_spectral_leverage,0.0414077660283677,7.308841719455313
27,791,top8_spectral_leverage,0.038956030479993534,6.789875044660723
27,645,top8_spectral_leverage,0.0379176525058183,6.570078270577556
27,667,top8_spectral_leverage,0.03785924404089748,6.557714764717425
27,558,top8_spectral_leverage,0.03721009124768341,6.420306524766208
27,248,top8_spectral_leverage,0.036687942610468635,6.309781659152715
27,563,top8_spectral_leverage,0.03639887482066537,6.248593759110271
27,148,top8_spectral_leverage,0.03582843285025097,6.1278464897950515
27,727,top8_spectral_leverage,0.03572093316512377,6.105091688948392
27,372,top8_spectral_leverage,0.034163423295788274,5.775408612653803
27,506,top8_spectral_leverage,0.03398868522779618,5.738421249083525
27,797,top8_spectral_leverage,0.0335976117916013,5.655641488877683
27,590,top8_spectral_leverage,0.03328130595817982,5.588688025361713
27,69,top8_spectral_leverage,0.032960335986210905,5.5207472887793845
27,893,top8_spectral_leverage,0.032620166103929066,5.448742446009885
27,721,top8_spectral_leverage,0.03136350067706395,5.182740071348396
27,273,top8_spectral_leverage,0.031233293713519576,5.155178748533409
27,331,correction_bias,-0.26605334877967834,-5.1514201440210226
27,645,correction_bias,-0.26153233647346497,-5.067645191122018
28,411,top8_spectral_leverage,0.13973698111442043,46.46651875110991
28,544,top8_spectral_leverage,0.11631593929940097,38.474861652743584
28,277,top8_spectral_leverage,0.09778447309792485,32.15161076656009
28,373,top8_spectral_leverage,0.08997830576598682,29.48801394358221
28,129,top8_spectral_leverage,0.07293587415529075,23.672846939879527
28,241,top8_spectral_leverage,0.06997456622058068,22.662398396907456
28,81,top8_spectral_leverage,0.06936210132507513,22.453414976429197
28,215,top8_spectral_leverage,0.06834165637131273,22.105221833586267
28,82,top8_spectral_leverage,0.06593072386880494,21.282570732088605
28,30,top8_spectral_leverage,0.06441797432247698,20.76639490415384
28,730,top8_spectral_leverage,0.06416219633636049,20.679119112816377
28,98,top8_spectral_leverage,0.060806070484974245,19.533951993647417
28,139,top8_spectral_leverage,0.058774728621418304,18.84082366266578
28,804,top8_spectral_leverage,0.05871033311933461,18.81885082407924
28,690,top8_spectral_leverage,0.05855329599287956,18.76526709043266
28,447,top8_spectral_leverage,0.05719549740508187,18.3019631602306
28,829,top8_spectral_leverage,0.05714078747829443,18.283295204372138
28,741,top8_spectral_leverage,0.05254479660870921,16.715065091167116
28,214,top8_spectral_leverage,0.051594738810809455,16.390889240903487
28,125,top8_spectral_leverage,0.04738384063526965,14.954059292823635
28,732,top8_spectral_leverage,0.04493684192252611,14.119101788078922
28,802,top8_spectral_leverage,0.04489963332786322,14.106405583870481
28,394,top8_spectral_leverage,0.04347022419674625,13.618666920518839
28,443,top8_spectral_leverage,0.043385008858252264,13.589590000280026
28,833,top8_spectral_leverage,0.04282811650940275,13.399568876204533
28,880,top8_spectral_leverage,0.041982385955286985,13.110991252737321
28,327,top8_spectral_leverage,0.04102451029098272,12.784147813728532
28,493,top8_spectral_leverage,0.04071474923130972,12.678452081195163
28,27,top8_spectral_leverage,0.039982684334828114,12.428659109873099
28,135,top8_spectral_leverage,0.03939104622343015,12.22678214171938
28,337,top8_spectral_leverage,0.03863834776897533,11.96994865011032
28,185,top8_spectral_leverage,0.03754668937754878,11.597456273309193
28,213,top8_spectral_leverage,0.03728674799442891,11.508759860230041
28,410,top8_spectral_leverage,0.03677938905360334,11.33564037592648
28,238,top8_spectral_leverage,0.03601182897632746,11.073735846297456
28,671,top8_spectral_leverage,0.033857973309149095,10.338803725539949
28,696,top8_spectral_leverage,0.0338170246347837,10.324831342639754
28,83,top8_spectral_leverage,0.03296763879536796,10.035006473770531
28,107,top8_spectral_leverage,0.032810623706374,9.98143025967981
28,526,top8_spectral_leverage,0.03231489169863279,9.812278082341061
28,378,top8_spectral_leverage,0.03197173554392254,9.695187376415262
28,341,top8_spectral_leverage,0.031580430799388215,9.561667554198097
28,320,top8_spectral_leverage,0.03157472980764549,9.559722279026808
28,318,top8_spectral_leverage,0.031502690415219955,9.535141215281374
28,564,top8_spectral_leverage,0.03127224073371047,9.45650787148748
28,818,top8_spectral_leverage,0.03109770681616264,9.39695393566801
28,724,top8_spectral_leverage,0.030968113994425787,9.352734664727361
28,323,top8_spectral_leverage,0.030171092034944013,9.080777240700147
28,280,top8_spectral_leverage,0.030159340197563233,9.076767314268833
28,15,top8_spectral_leverage,0.029785661195577472,8.949261694650541
28,100,top8_spectral_leverage,0.029605445178791358,8.887768930103045
28,859,top8_spectral_leverage,0.029407575732645318,8.820252515746585
28,9,top8_spectral_leverage,0.029012958900213343,8.685602552907724
28,879,top8_spectral_leverage,0.02899386618694525,8.67908779499383
28,321,top8_spectral_leverage,0.02858964960336633,8.541162234083714
28,36,top8_spectral_leverage,0.02849850262783415,8.510061338583016
28,131,top8_spectral_leverage,0.028369944986000477,8.466195288600113
28,795,top8_spectral_leverage,0.028098880464555474,8.37370347188118
28,527,top8_spectral_leverage,0.028064282924564272,8.361898203855938
28,680,top8_spectral_leverage,0.027969339423033243,8.329501869228858
28,435,top8_spectral_leverage,0.02726148276819466,8.087969160951172
28,283,top8_spectral_leverage,0.02707657919643886,8.024876923064985
28,458,top8_spectral_leverage,0.026741488736963474,7.910538369288781
28,66,top8_spectral_leverage,0.026191381130775987,7.722832314597641
28,145,top8_spectral_leverage,0.02618629884884624,7.721098153718694
28,585,top8_spectral_leverage,0.02616951383947446,7.7153708235533
28,479,top8_spectral_leverage,0.02615592842028252,7.710735247878356
28,272,top8_spectral_leverage,0.026123061616285644,7.699520536357975
28,99,top8_spectral_leverage,0.02563777150545627,7.533931311523002
28,757,top8_spectral_leverage,0.025462752327215236,7.47421179651649
28,257,top8_spectral_leverage,0.025046896599332746,7.332314761966251
28,674,top8_spectral_leverage,0.024806601878010853,7.250322123444057
28,436,top8_spectral_leverage,0.02451259195493565,7.150000946133008
28,761,top8_spectral_leverage,0.02447342886018849,7.136637833313259
28,184,top8_spectral_leverage,0.024397101005410326,7.1105934734056735
28,85,top8_spectral_leverage,0.02434852954169097,7.094020065361891
28,602,top8_spectral_leverage,0.02413798149711313,7.02217749796941
28,68,top8_spectral_leverage,0.023407370560498644,6.772880642438631
28,201,top8_spectral_leverage,0.02339170072186584,6.767533827462202
28,445,top8_spectral_leverage,0.02315374265585493,6.686338495402716
28,691,top8_spectral_leverage,0.023144391526863463,6.683147731431898
28,388,top8_spectral_leverage,0.02304364909328698,6.648772702739455
28,241,router_norm,5.8559489250183105,6.637638117553828
28,275,top8_spectral_leverage,0.02291192790855113,6.603827198209232
28,637,top8_spectral_leverage,0.0227965557513386,6.564460259435822
28,199,top8_spectral_leverage,0.022773945905012867,6.556745396010484
28,440,top8_spectral_leverage,0.02238122699263741,6.422743035716871
28,307,top8_spectral_leverage,0.02232043778396519,6.402000725668225
28,275,router_norm,5.730743885040283,6.381657844461061
28,725,top8_spectral_leverage,0.02222113454516142,6.368116774666182
28,518,top8_spectral_leverage,0.02209413138018368,6.324781138577677
28,111,top8_spectral_leverage,0.021874092129785055,6.249700010622058
28,361,top8_spectral_leverage,0.021809029358598808,6.227499488489157
28,146,top8_spectral_leverage,0.021538938633912704,6.135339947757009
28,482,top8_spectral_leverage,0.021514985214531653,6.127166634394665
28,428,top8_spectral_leverage,0.02125860832403481,6.039686486714715
28,547,top8_spectral_leverage,0.021128504495667166,5.995292851636016
28,134,top8_spectral_leverage,0.020930792334159776,5.9278301054685665
28,888,top8_spectral_leverage,0.0207667182950601,5.871845257758347
28,167,top8_spectral_leverage,0.020539206443918743,5.794214351563118
28,787,top8_spectral_leverage,0.020521842986569196,5.788289645127101
28,2,top8_spectral_leverage,0.020372849713419666,5.737450610792996
28,316,top8_spectral_leverage,0.020255138072422185,5.6972854004335405
28,664,router_norm,5.3958024978637695,5.696874006889022
28,243,top8_spectral_leverage,0.020204027775715217,5.679845699471309
28,777,top8_spectral_leverage,0.020169845242649063,5.66818203885468
28,771,top8_spectral_leverage,0.020117331563478592,5.650263479969955
28,848,top8_spectral_leverage,0.019948891044896604,5.5927887153284
28,58,top8_spectral_leverage,0.019920730455886212,5.583179844261241
28,477,top8_spectral_leverage,0.0198792189246629,5.569015405045215
28,753,top8_spectral_leverage,0.019859461808645534,5.562273941633363
28,489,top8_spectral_leverage,0.019800459052717698,5.5421411995906285
28,70,top8_spectral_leverage,0.019490905785343092,5.436516369317267
28,840,top8_spectral_leverage,0.019417137949355245,5.411345531283693
28,731,top8_spectral_leverage,0.019387921856523438,5.401376504392835
28,687,top8_spectral_leverage,0.019336985096884612,5.383996017224482
28,651,top8_spectral_leverage,0.01924582015414602,5.3528889910079185
28,654,top8_spectral_leverage,0.019129735544207094,5.313278951268586
28,344,top8_spectral_leverage,0.018928750189094855,5.244699335872469
28,551,top8_spectral_leverage,0.01892069932207545,5.241952243361734
28,283,router_norm,5.169617652893066,5.2344416767271795
28,295,top8_spectral_leverage,0.01887947867296229,5.227887058060149
28,171,top8_spectral_leverage,0.01879002316013946,5.197363318352715
28,711,top8_spectral_leverage,0.018731605300680285,5.177430152915177
28,484,top8_spectral_leverage,0.018431829614283787,5.0751415992705695
28,346,top8_spectral_leverage,0.018420653998065063,5.071328289282552
29,229,top8_spectral_leverage,0.05459800210071997,8.806271488795748
29,867,top8_spectral_leverage,0.050240664905725214,8.00132703944711
29,16,top8_spectral_leverage,0.040940027508413676,6.2831913723314265
29,844,top8_spectral_leverage,0.03856971973671851,5.845317047097742
29,275,top8_spectral_leverage,0.03647249391364627,5.4578899993926
29,485,top8_spectral_leverage,0.034558971138957395,5.104398987047417
29,124,top8_spectral_leverage,0.03453664401785673,5.100274428539399
29,873,top8_spectral_leverage,0.03400489465089255,5.002042714483818
30,1,top8_spectral_leverage,0.06211450569836071,10.86028890681999
30,366,top8_spectral_leverage,0.04200230627492238,6.899378727213007
30,332,top8_spectral_leverage,0.041996949446856904,6.89832374986477
30,494,top8_spectral_leverage,0.04148223241368274,6.796955028652671
30,597,top8_spectral_leverage,0.04036213924349842,6.576363120901347
30,785,top8_spectral_leverage,0.03869753468727017,6.248534771899353
30,358,top8_spectral_leverage,0.03863359311868469,6.2359420760644495
30,646,top8_spectral_leverage,0.037695097295667994,6.051114072888756
30,671,top8_spectral_leverage,0.0362308587006712,5.762745932031055
30,773,top8_spectral_leverage,0.035410955187395725,5.601273578677015
30,273,top8_spectral_leverage,0.034570166297367325,5.435688045076303
30,491,top8_spectral_leverage,0.0341354479943216,5.350074327971417
30,509,top8_spectral_leverage,0.033732761072531155,5.270768892790838
30,434,top8_spectral_leverage,0.03266979540967783,5.061427715034725
31,680,top8_spectral_leverage,0.05207738321858654,8.772344928547248
31,544,top8_spectral_leverage,0.0431590214478056,7.0214309246298665
31,110,top8_spectral_leverage,0.04302402399355043,6.994927297705584
31,23,top8_spectral_leverage,0.041387215603689145,6.673577838556358
31,873,top8_spectral_leverage,0.04133842526863782,6.663998985052448
31,807,top8_spectral_leverage,0.03945896812569741,6.295011057009609
31,327,top8_spectral_leverage,0.03841521598103634,6.090094471018072
31,858,top8_spectral_leverage,0.03742798062331758,5.896273648604764
31,349,top8_spectral_leverage,0.03614016421554585,5.6434406910733
32,52,top8_spectral_leverage,0.08034231187525835,17.590836021938127
32,267,top8_spectral_leverage,0.06580528230826747,14.121915029507822
32,76,top8_spectral_leverage,0.057134494574850175,12.05283499835366
32,226,top8_spectral_leverage,0.05174227105076292,10.766107383720716
32,876,top8_spectral_leverage,0.04904390356956409,10.122205301958662
32,684,top8_spectral_leverage,0.04744792565290866,9.741362622026822
32,371,top8_spectral_leverage,0.0438224933456165,8.87623827324254
32,728,top8_spectral_leverage,0.04172555652573856,8.375853506137721
32,11,top8_spectral_leverage,0.041654948630294536,8.359004588715603
32,648,top8_spectral_leverage,0.040942575704925745,8.189013506021377
32,112,top8_spectral_leverage,0.038880393757107806,7.696922173605023
32,751,top8_spectral_leverage,0.038323231032480254,7.563968363285418
32,7,top8_spectral_leverage,0.037714813601937965,7.418783820099164
32,622,top8_spectral_leverage,0.03763053295968254,7.398672222483706
32,23,top8_spectral_leverage,0.03758955006478342,7.388892616286237
32,146,top8_spectral_leverage,0.037223634433776624,7.301575437215478
32,457,top8_spectral_leverage,0.03707587938288986,7.266317161417335
32,786,top8_spectral_leverage,0.03650363763813045,7.129765096774893
32,222,top8_spectral_leverage,0.03368537727765726,6.457253392679672
32,731,top8_spectral_leverage,0.03329372240351605,6.363794147210356
32,335,top8_spectral_leverage,0.033168623822424546,6.333942306291153
32,61,top8_spectral_leverage,0.031609145512110075,5.961809400943461
32,180,top8_spectral_leverage,0.03119994346960834,5.864162935492028
32,258,top8_spectral_leverage,0.031125551319662166,5.846410994531113
32,139,top8_spectral_leverage,0.031040134875908374,5.826028364539834
32,558,top8_spectral_leverage,0.03078168107138117,5.7643544287494235
32,49,top8_spectral_leverage,0.02986755816936842,5.546220448224698
32,421,top8_spectral_leverage,0.029262905977846046,5.4019343909786075
32,77,top8_spectral_leverage,0.02892874686906875,5.322195160766028
32,767,top8_spectral_leverage,0.028911141864490668,5.317994139527727
32,679,correction_bias,-0.39272040128707886,-5.176764870871936
32,847,top8_spectral_leverage,0.02791754161875889,5.080894755873082
33,212,top8_spectral_leverage,0.05686072773823188,9.135150886280597
33,406,top8_spectral_leverage,0.0433576238541227,6.663171484492299
33,367,top8_spectral_leverage,0.04237744198938256,6.483732045942505
33,541,top8_spectral_leverage,0.036573370019775765,5.421195130096852
34,86,top8_spectral_leverage,0.04511467759379455,8.090736518249578
34,577,top8_spectral_leverage,0.04237440050867132,7.495330188551846
34,662,top8_spectral_leverage,0.03995247761690913,6.969095733056919
34,61,top8_spectral_leverage,0.03938622085425596,6.8460596858819
34,540,top8_spectral_leverage,0.0315980915084474,5.1538579978943675
35,157,top8_spectral_leverage,0.05269559217267789,10.201959055490587
35,431,top8_spectral_leverage,0.05034575958678962,9.678160653185108
35,604,top8_spectral_leverage,0.050237612424061384,9.654053697059334
35,26,top8_spectral_leverage,0.04695533608194792,8.92240535996122
35,597,nearest_cosine,0.4609517455101013,7.497987005436649
35,605,nearest_cosine,0.4609517455101013,7.497987005436649
35,585,top8_spectral_leverage,0.03878044903966725,7.100150958737252
35,37,top8_spectral_leverage,0.038769363577750085,7.097679911533337
35,260,top8_spectral_leverage,0.038597391613713894,7.059345844440876
35,572,top8_spectral_leverage,0.03766298345332731,6.851058026640152
35,363,top8_spectral_leverage,0.037246317558991215,6.758179524971945
35,438,top8_spectral_leverage,0.035720173391958265,6.417988533843312
35,473,top8_spectral_leverage,0.03564859008157232,6.402031982794922
35,837,top8_spectral_leverage,0.035229610691842196,6.308637782604867
35,62,top8_spectral_leverage,0.03482640594429484,6.218759889245305
35,463,top8_spectral_leverage,0.03447549068570179,6.140537784019807
35,23,top8_spectral_leverage,0.033930432985005074,6.019039616659381
35,18,top8_spectral_leverage,0.03306241574034463,5.825550919355067
35,601,top8_spectral_leverage,0.033031726198837354,5.818709949957699
35,778,top8_spectral_leverage,0.03228001070964895,5.651145939402315
35,97,top8_spectral_leverage,0.03204657371764952,5.5991107756282625
35,884,top8_spectral_leverage,0.03183406891942725,5.551741582410187
35,193,top8_spectral_leverage,0.031255199793635696,5.422706550274496
35,751,top8_spectral_leverage,0.03081279874993114,5.32409145690046
35,315,top8_spectral_leverage,0.030470900643645313,5.247879354430152
35,512,top8_spectral_leverage,0.03010053519700201,5.165321630792327
36,760,top8_spectral_leverage,0.10740078003711424,31.123266618627284
36,615,top8_spectral_leverage,0.0943263719373192,27.18697102058684
36,27,top8_spectral_leverage,0.08865606041730907,25.47981746492539
36,145,top8_spectral_leverage,0.0758744660846368,21.63167893937139
36,52,top8_spectral_leverage,0.07484149326134354,21.320683111018102
36,779,top8_spectral_leverage,0.07288209238400603,20.730768753948194
36,593,top8_spectral_leverage,0.07235778839871664,20.572917212710006
36,307,top8_spectral_leverage,0.0668539049971839,18.915869961299762
36,85,top8_spectral_leverage,0.06373074033649016,17.975582706075034
36,318,top8_spectral_leverage,0.06015617650463654,16.89939327028248
36,497,top8_spectral_leverage,0.055705085600015025,15.55930893142708
36,45,top8_spectral_leverage,0.055631161429739076,15.53705267448413
36,153,top8_spectral_leverage,0.0546982455679917,15.256180869664464
36,588,top8_spectral_leverage,0.05449480678209635,15.194931810335873
36,742,top8_spectral_leverage,0.05392257893575691,15.022651892543081
36,322,top8_spectral_leverage,0.05366116815679321,14.943949278194424
36,394,top8_spectral_leverage,0.05293076832469226,14.72404871964038
36,573,top8_spectral_leverage,0.051825320801736754,14.391233024638272
36,634,top8_spectral_leverage,0.0502729821655068,13.92387238438444
36,405,top8_spectral_leverage,0.04853230726156427,13.399809580951231
36,514,top8_spectral_leverage,0.04850116025180487,13.390432189908193
36,149,top8_spectral_leverage,0.047873767946035914,13.201543977715895
36,35,top8_spectral_leverage,0.04609239317795076,12.665227717388682
36,477,top8_spectral_leverage,0.045915803903301106,12.612062206632176
36,196,top8_spectral_leverage,0.045731651318910715,12.556619619727226
36,48,top8_spectral_leverage,0.044840873958579976,12.288434400515737
36,478,top8_spectral_leverage,0.04437413958397922,12.147915269540784
36,420,top8_spectral_leverage,0.043851187930872816,11.990470873251592
36,341,top8_spectral_leverage,0.04146737372073346,11.27277892801815
36,547,top8_spectral_leverage,0.0394028899660019,10.651227401253184
36,739,top8_spectral_leverage,0.03891867185538766,10.505444463872468
36,688,top8_spectral_leverage,0.03860246374294093,10.410244085271142
36,408,top8_spectral_leverage,0.038383133751442186,10.344210680663842
36,60,top8_spectral_leverage,0.03820703043477907,10.291191476666972
36,631,top8_spectral_leverage,0.03814500278316317,10.272516889630314
36,791,top8_spectral_leverage,0.03784422454590254,10.18196196413935
36,733,top8_spectral_leverage,0.03743585435692792,10.059014465104427
36,604,top8_spectral_leverage,0.03650986672356123,9.780228533287112
36,355,top8_spectral_leverage,0.03638499559626954,9.742633740090445
36,190,top8_spectral_leverage,0.03625272294214601,9.702810578522177
36,704,top8_spectral_leverage,0.035074842357597356,9.34818755279233
36,562,top8_spectral_leverage,0.034725440828010025,9.242993673852236
36,601,top8_spectral_leverage,0.034307735865537585,9.117235766304155
36,343,top8_spectral_leverage,0.033846142118380315,8.978264317566323
36,273,top8_spectral_leverage,0.03342327870493166,8.850953361672543
36,632,top8_spectral_leverage,0.03295862633308951,8.71106105664881
36,406,top8_spectral_leverage,0.032823445052450606,8.670362198554825
36,808,top8_spectral_leverage,0.03226197173524464,8.501320133318263
36,461,top8_spectral_leverage,0.03176616195678577,8.352047307082735
36,623,top8_spectral_leverage,0.03166859423378357,8.322672715465817
36,388,top8_spectral_leverage,0.030019818987261797,7.826278026275762
36,770,top8_spectral_leverage,0.029311546360275883,7.6130392775280535
36,544,top8_spectral_leverage,0.029095880539036258,7.54810904005087
36,67,top8_spectral_leverage,0.02898619832235575,7.515087153063147
36,183,top8_spectral_leverage,0.028695740432098292,7.427639361460676
36,711,top8_spectral_leverage,0.028481797393329462,7.363227799934587
36,438,top8_spectral_leverage,0.028379541819182168,7.332441842871076
36,1,top8_spectral_leverage,0.02833323614405026,7.318500651515051
36,488,top8_spectral_leverage,0.028211255288760787,7.281776028873917
36,91,top8_spectral_leverage,0.027882842454891546,7.182901190148349
36,868,top8_spectral_leverage,0.027127182649903624,6.955395643336124
36,476,top8_spectral_leverage,0.027065595586913068,6.936853703762602
36,300,top8_spectral_leverage,0.02680611087836995,6.858730969012331
36,625,top8_spectral_leverage,0.026651554998713075,6.812199024766675
36,78,top8_spectral_leverage,0.026397096606083498,6.735589556625019
36,333,top8_spectral_leverage,0.026378445534416282,6.729974301942587
36,857,top8_spectral_leverage,0.026364009956585815,6.7256282006861845
36,819,top8_spectral_leverage,0.0257728438984553,6.547646579295114
36,761,top8_spectral_leverage,0.025241228015548966,6.3875936542402965
36,294,top8_spectral_leverage,0.02505954102850972,6.332893381627954
36,831,top8_spectral_leverage,0.025025901000471244,6.322765420708033
36,706,top8_spectral_leverage,0.024908661952667013,6.287468408080939
36,249,top8_spectral_leverage,0.024295205745998347,6.10277591971213
36,24,top8_spectral_leverage,0.024229384339035688,6.082959151526042
36,644,top8_spectral_leverage,0.024160042805188308,6.06208258316735
36,423,top8_spectral_leverage,0.024111107866328096,6.0473498026884505
36,709,top8_spectral_leverage,0.023789125433878983,5.950410956828524
36,726,top8_spectral_leverage,0.023785946595991717,5.949453908105016
36,508,top8_spectral_leverage,0.02271024275633282,5.625593106413283
36,412,top8_spectral_leverage,0.022659697358500347,5.61037546707768
36,197,top8_spectral_leverage,0.022584358927247545,5.587693420361673
36,541,top8_spectral_leverage,0.022492762629014278,5.5601166380874485
36,188,top8_spectral_leverage,0.02235947427581172,5.519987681275285
36,590,top8_spectral_leverage,0.022300686698081384,5.502288579207099
36,358,top8_spectral_leverage,0.02200970284145848,5.414682435572686
36,174,top8_spectral_leverage,0.021836402029026876,5.362506977999043
36,565,top8_spectral_leverage,0.021827938087664794,5.359958749821421
36,354,top8_spectral_leverage,0.021822425280039963,5.358299015765329
36,32,top8_spectral_leverage,0.021734793682419474,5.331915880916709
36,160,top8_spectral_leverage,0.021690499110354138,5.31858016983082
36,635,top8_spectral_leverage,0.021554124519480897,5.277522043325857
36,131,top8_spectral_leverage,0.02128327948605751,5.195979069856006
36,424,top8_spectral_leverage,0.02110535815650337,5.14241251900523
36,260,top8_spectral_leverage,0.021035385741192625,5.121346011958057
36,859,top8_spectral_leverage,0.02103124037975005,5.120097973203711
36,223,top8_spectral_leverage,0.02090333739493142,5.0815903824757065
36,150,top8_spectral_leverage,0.02077626131335379,5.0433317464661656
36,31,top8_spectral_leverage,0.02071244376845771,5.024118278511457
36,202,top8_spectral_leverage,0.020696679163390037,5.019372048696763
37,60,top8_spectral_leverage,0.09013298794424153,20.184719720740866
37,94,top8_spectral_leverage,0.06980297691950632,15.335596981869188
37,414,top8_spectral_leverage,0.06712875639918787,14.697740784051295
37,893,top8_spectral_leverage,0.06310613650429686,13.738263803029458
37,774,top8_spectral_leverage,0.06018001101089254,13.040323125594739
37,393,top8_spectral_leverage,0.05503542484190322,11.813234279269054
37,659,top8_spectral_leverage,0.05502041454282054,11.809654016449198
37,643,top8_spectral_leverage,0.054077678677118546,11.584792263174032
37,465,top8_spectral_leverage,0.05062108761907174,10.760324717231146
37,537,top8_spectral_leverage,0.050404436881268874,10.7086490925699
37,857,top8_spectral_leverage,0.04956024125875827,10.50729119934537
37,852,top8_spectral_leverage,0.04887452703899791,10.343734356638205
37,679,top8_spectral_leverage,0.047499466630950976,10.015754372570811
37,445,top8_spectral_leverage,0.047145597469290264,9.931349352017374
37,352,top8_spectral_leverage,0.04562533121602333,9.568734808971302
37,625,top8_spectral_leverage,0.04536436266050541,9.506488479879167
37,728,top8_spectral_leverage,0.04252166579194576,8.828447232961963
37,317,top8_spectral_leverage,0.04156846509558597,8.60108940389818
37,569,top8_spectral_leverage,0.04139875658106354,8.560610457981742
37,70,top8_spectral_leverage,0.04102215011084269,8.470782125073699
37,602,top8_spectral_leverage,0.04073632366924945,8.402606682590456
37,443,top8_spectral_leverage,0.037980534779976545,7.745294763268602
37,868,top8_spectral_leverage,0.037810047032635075,7.704629954414011
37,108,top8_spectral_leverage,0.03688518849770383,7.484032309556953
37,846,top8_spectral_leverage,0.036194612462497666,7.3193158245947085
37,805,top8_spectral_leverage,0.03594546541041581,7.2598891654501045
37,595,top8_spectral_leverage,0.035349247341428705,7.11767898208454
37,484,top8_spectral_leverage,0.034466930789368286,6.907228468788039
37,50,top8_spectral_leverage,0.034084977422290295,6.816124791803654
37,762,top8_spectral_leverage,0.0336673773541732,6.716518648767274
37,428,top8_spectral_leverage,0.03360376810729672,6.701346544578252
37,885,top8_spectral_leverage,0.032716940358234796,6.489820018684763
37,746,top8_spectral_leverage,0.03249317065627687,6.436446375713566
37,86,top8_spectral_leverage,0.03142899748762838,6.182619346111268
37,171,top8_spectral_leverage,0.031140930663414175,6.113909526627546
37,91,top8_spectral_leverage,0.031115586555060786,6.107864439295161
37,566,top8_spectral_leverage,0.03106629034298423,6.096106286157427
37,653,top8_spectral_leverage,0.030994944939289854,6.0790889506061845
37,642,correction_bias,-0.4630475640296936,-5.96059994430996
37,20,top8_spectral_leverage,0.03038991349717511,5.9347765977933244
37,669,top8_spectral_leverage,0.02937374597254751,5.692399894495948
37,399,top8_spectral_leverage,0.0283611976972981,5.450886456075116
37,642,router_norm,8.544607162475586,5.435582723378362
37,36,top8_spectral_leverage,0.027903894091677144,5.341810208655153
37,590,top8_spectral_leverage,0.027446207972483982,5.232642723937845
37,229,top8_spectral_leverage,0.026990110872205077,5.1238542526770585
37,851,top8_spectral_leverage,0.026945590795526615,5.113235305353559
37,687,top8_spectral_leverage,0.026850837857330053,5.090634794875486
37,823,top8_spectral_leverage,0.026790417923050668,5.07622340686203
38,9,top8_spectral_leverage,0.05417723851504449,9.016024775674511
38,133,top8_spectral_leverage,0.04274959563856411,6.827987652327433
38,460,top8_spectral_leverage,0.040104508158051784,6.321535913817725
38,305,top8_spectral_leverage,0.038475926472113856,6.009713324876896
38,447,top8_spectral_leverage,0.03578353373300785,5.494204105043061
38,141,top8_spectral_leverage,0.034649667498069595,5.277104092225826
38,323,top8_spectral_leverage,0.034377549027187794,5.225001893839556
38,585,top8_spectral_leverage,0.03412619976468109,5.176876350957702
38,772,top8_spectral_leverage,0.033766473965368055,5.108000082104168
39,734,top8_spectral_leverage,0.04800930505727331,8.494225205185316
39,412,top8_spectral_leverage,0.04214643302978746,7.276655003491421
39,181,top8_spectral_leverage,0.04189363649181511,7.2241555577788885
39,90,top8_spectral_leverage,0.03858175005864988,6.536360529418791
39,177,top8_spectral_leverage,0.03831759957304535,6.481503156014211
39,835,top8_spectral_leverage,0.0361489685306913,6.031133350352437
39,658,top8_spectral_leverage,0.03539302634577822,5.874143282304126
39,491,top8_spectral_leverage,0.035284003292488056,5.851501952191261
39,415,correction_bias,-0.1835595667362213,-5.782872273402237
39,15,top8_spectral_leverage,0.034806935038145706,5.752426944594607
39,113,top8_spectral_leverage,0.03480023615589176,5.75103575621819
39,808,top8_spectral_leverage,0.03466492368465496,5.722934779065165
39,848,top8_spectral_leverage,0.034267140924306924,5.6403253628137575
39,129,top8_spectral_leverage,0.03328965663433968,5.437326604098159
39,522,nearest_cosine,0.5374960899353027,5.296962358230577
39,842,nearest_cosine,0.5374960899353027,5.296962358230577
39,723,top8_spectral_leverage,0.032599670859760815,5.294034013916864
39,853,top8_spectral_leverage,0.03172925935186088,5.113271563318933
39,261,top8_spectral_leverage,0.03144011151921166,5.053222873313832
40,893,top8_spectral_leverage,0.08204781270241092,16.622800587007223
40,882,top8_spectral_leverage,0.053675365626117626,10.33122664334018
40,142,top8_spectral_leverage,0.05154791342778063,9.85946533274677
40,638,top8_spectral_leverage,0.04833705257122971,9.147458770623492
40,472,top8_spectral_leverage,0.04778736290281675,9.025565400425629
40,10,top8_spectral_leverage,0.04748874099277872,8.95934616233343
40,384,top8_spectral_leverage,0.046994480735891006,8.849744232501187
40,19,top8_spectral_leverage,0.043444058318431164,8.062440088074178
40,769,top8_spectral_leverage,0.04225008957550067,7.797678200868088
40,454,top8_spectral_leverage,0.041628458890360515,7.659831951276185
40,805,top8_spectral_leverage,0.039913809044675376,7.279609326748353
40,453,top8_spectral_leverage,0.03785933557314651,6.824031007167083
40,133,top8_spectral_leverage,0.03770396769183058,6.789578268172044
40,823,top8_spectral_leverage,0.03549094812441243,6.2988424423282785
40,92,nearest_cosine,0.4679451584815979,5.69454782643265
40,760,nearest_cosine,0.4679451584815979,5.69454782643265
40,834,top8_spectral_leverage,0.032226292740895786,5.574906974557233
40,395,top8_spectral_leverage,0.032151508831146446,5.558323685258311
40,630,top8_spectral_leverage,0.031058403088045194,5.315928110689946
40,159,top8_spectral_leverage,0.03090827966150848,5.282638326548571
40,408,top8_spectral_leverage,0.03034609773679771,5.157974805647469
40,187,top8_spectral_leverage,0.030311687528432073,5.150344361584353
41,523,top8_spectral_leverage,0.056111988348920894,10.492797887859897
41,322,top8_spectral_leverage,0.04892666925082788,8.929567149005104
41,656,top8_spectral_leverage,0.04200652898925185,7.424028448997563
41,705,nearest_cosine,0.5012987852096558,6.597465897941584
41,761,nearest_cosine,0.5012987852096558,6.597465897941584
41,400,top8_spectral_leverage,0.035876533634286924,6.090392873861937
41,550,nearest_cosine,0.45227888226509094,5.531532434438822
41,819,nearest_cosine,0.45227888226509094,5.531532434438822
41,470,top8_spectral_leverage,0.03200968767780487,5.24912578758968
41,486,nearest_cosine,0.43872594833374023,5.236825082153651
41,609,nearest_cosine,0.43872594833374023,5.236825082153651
41,416,top8_spectral_leverage,0.03163258415573557,5.1670835276174545
41,758,nearest_cosine,0.4345577359199524,5.146187671062311
41,822,nearest_cosine,0.4345577359199524,5.146187671062311
41,658,nearest_cosine,0.4302546977996826,5.052618486881946
41,669,nearest_cosine,0.4302546977996826,5.052618486881946
42,114,top8_spectral_leverage,0.05508189314864016,11.297971340462498
42,617,top8_spectral_leverage,0.040870754726970486,7.920776705889428
42,483,top8_spectral_leverage,0.03980263067696478,7.666943219527966
42,710,top8_spectral_leverage,0.03817545990900634,7.280255522594131
42,297,top8_spectral_leverage,0.03677697754509681,6.947914298703257
42,170,top8_spectral_leverage,0.03618804937013206,6.807958933156532
42,349,top8_spectral_leverage,0.036038854381611446,6.77250360932627
42,40,nearest_cosine,0.45283785462379456,6.6894491423666755
42,113,nearest_cosine,0.45283785462379456,6.6894491423666755
42,88,nearest_cosine,0.4404132664203644,6.376280034470568
42,516,top8_spectral_leverage,0.03217981946296715,5.855426339710565
42,888,top8_spectral_leverage,0.030409807532425896,5.434793268834325
42,214,top8_spectral_leverage,0.029848680174649547,5.301444606273638
42,445,top8_spectral_leverage,0.02895505250775748,5.089079173443003
42,152,correction_bias,-0.20392127335071564,-5.032528713424749
42,134,nearest_cosine,0.38660234212875366,5.019943801868808
42,578,nearest_cosine,0.38660234212875366,5.019943801868808
43,141,top8_spectral_leverage,0.06504011680987722,12.481405015943002
43,651,top8_spectral_leverage,0.04167168605976682,7.399236788332345
43,732,top8_spectral_leverage,0.03488441459277623,5.923140435497656
43,501,top8_spectral_leverage,0.03448694237958847,5.836698146119223
43,244,nearest_cosine,0.4320971667766571,5.416730470639211
43,650,nearest_cosine,0.4320971667766571,5.416730470639211
43,704,top8_spectral_leverage,0.031511498122276625,5.189598286088381
44,86,top8_spectral_leverage,0.054520843233968816,10.005392833946624
44,869,top8_spectral_leverage,0.05142059023297144,9.352147226687633
44,691,top8_spectral_leverage,0.047923834057173986,8.615355548472799
44,753,top8_spectral_leverage,0.045695933171373604,8.145920806666464
44,350,top8_spectral_leverage,0.044037197124083605,7.796413190305559
44,472,top8_spectral_leverage,0.04261827993923061,7.497437133263983
44,386,top8_spectral_leverage,0.040672032509293105,7.08734880052573
44,534,top8_spectral_leverage,0.03908573195258699,6.753103863055338
44,379,nearest_cosine,0.4797217547893524,6.345963429763469
44,424,nearest_cosine,0.4797217547893524,6.345963429763469
44,806,top8_spectral_leverage,0.03691600019196194,6.2959257743307555
44,55,top8_spectral_leverage,0.034708992865694364,5.8308934558042065
44,218,nearest_cosine,0.45116668939590454,5.72838000825965
44,435,nearest_cosine,0.45116668939590454,5.72838000825965
44,283,top8_spectral_leverage,0.03394933395391672,5.6708278589080034
44,77,top8_spectral_leverage,0.03382181559888084,5.643958824269448
44,512,top8_spectral_leverage,0.03346583534367165,5.56895122395053
44,860,top8_spectral_leverage,0.03335373174896353,5.545330190190555
44,557,top8_spectral_leverage,0.03330365454947312,5.534778564055392
44,833,nearest_cosine,0.4409066140651703,5.506477086997361
44,886,nearest_cosine,0.4409066140651703,5.506477086997361
44,865,top8_spectral_leverage,0.03213806877607549,5.289181257606329
44,285,top8_spectral_leverage,0.031951797409537436,5.249932540837095
44,702,top8_spectral_leverage,0.031304796206774024,5.113604733570878
45,390,top8_spectral_leverage,0.05205342412209703,8.658690733772666
45,329,top8_spectral_leverage,0.04307920194547092,6.925366914372962
45,141,top8_spectral_leverage,0.03948334874606325,6.230846778930851
45,657,top8_spectral_leverage,0.03758282973087387,5.863771525676057
45,389,top8_spectral_leverage,0.0375144690359263,5.8505680169450205
45,411,top8_spectral_leverage,0.03664787913701502,5.68319073522958
45,284,top8_spectral_leverage,0.03659744490557313,5.673449628652229
45,377,top8_spectral_leverage,0.03386462578794276,5.1456199875456115
45,137,top8_spectral_leverage,0.03381031583753255,5.135130306231322
45,191,top8_spectral_leverage,0.0333820861061829,5.052419985613593
45,619,top8_spectral_leverage,0.033208290545910485,5.0188522871103505
46,140,top8_spectral_leverage,0.06194616042712113,10.755019883335697
46,211,top8_spectral_leverage,0.05839177963627676,10.059985271475593
46,54,top8_spectral_leverage,0.052736982832252505,8.954228816805164
46,484,top8_spectral_leverage,0.04651225967539342,7.737027200588805
46,281,top8_spectral_leverage,0.04600902175301215,7.638622500969533
46,642,top8_spectral_leverage,0.045373355965565666,7.514322447078665
46,254,top8_spectral_leverage,0.044939449348956995,7.429475005399101
46,410,top8_spectral_leverage,0.04486440006933758,7.4147996371704
46,192,top8_spectral_leverage,0.04447054150488304,7.337783315458734
46,469,top8_spectral_leverage,0.04268507978346874,6.988648608864884
46,453,top8_spectral_leverage,0.04216644400130239,6.887232964124942
46,800,top8_spectral_leverage,0.041994251926205345,6.853561993251834
46,332,top8_spectral_leverage,0.039969303566415405,6.4575973287711275
46,302,top8_spectral_leverage,0.03991368407511189,6.446721321436861
46,844,top8_spectral_leverage,0.039681159516727585,6.401252750201933
46,164,top8_spectral_leverage,0.03693871997034881,5.864987640234813
46,221,top8_spectral_leverage,0.03654855061942836,5.788692718746596
46,767,top8_spectral_leverage,0.03453875895591611,5.395691841528523
46,4,top8_spectral_leverage,0.03398772767905873,5.287941481572754
46,421,top8_spectral_leverage,0.03300560615133166,5.095894400803709
46,385,top8_spectral_leverage,0.03273360481571042,5.04270641846487
46,315,top8_spectral_leverage,0.03253719419441751,5.004299678172113
47,186,top8_spectral_leverage,0.05832537436429806,9.159737907793932
47,190,top8_spectral_leverage,0.04927125485727388,7.546004418555824
47,138,top8_spectral_leverage,0.04816412573969045,7.348678623091233
47,112,top8_spectral_leverage,0.046238825804798836,7.005528637126039
47,350,top8_spectral_leverage,0.04500929626718374,6.786387174577676
47,320,top8_spectral_leverage,0.04331923594473426,6.485164406416352
47,25,top8_spectral_leverage,0.037783890834001084,5.49858898373161
47,795,top8_spectral_leverage,0.03747982645288769,5.444394992332836
47,556,router_norm,4.555271625518799,5.102225623757305
47,757,top8_spectral_leverage,0.03536875738471329,5.0681350091544815
47,131,correction_bias,-0.25530096888542175,-5.031083856975212
48,478,top8_spectral_leverage,0.042684472181524824,7.159662292509367
48,218,top8_spectral_leverage,0.04203658948100954,7.028339048722006
48,29,top8_spectral_leverage,0.040951451449599344,6.808385890336268
48,885,top8_spectral_leverage,0.03789405738175645,6.188664286092119
48,281,top8_spectral_leverage,0.036002359206711555,5.805224597988167
48,242,top8_spectral_leverage,0.03507175186366225,5.6165941948544305
48,80,top8_spectral_leverage,0.03497771078779966,5.5975324432106435
48,223,top8_spectral_leverage,0.032200715955429664,5.034646647560412
49,821,top8_spectral_leverage,0.04447242003341386,7.86075554441509
49,718,top8_spectral_leverage,0.0403382039652587,6.988880959830017
49,855,top8_spectral_leverage,0.04014365971599065,6.947853063919949
49,644,top8_spectral_leverage,0.03865628376583931,6.634176839145682
49,728,top8_spectral_leverage,0.036229053461042354,6.12229251118614
49,37,top8_spectral_leverage,0.03436135210553419,5.728408563995806
49,445,top8_spectral_leverage,0.03409837059364732,5.672947772239889
49,676,top8_spectral_leverage,0.03137904270744551,5.099462295901252
49,391,top8_spectral_leverage,0.031263735043662484,5.075144790525882
50,83,nearest_cosine,0.6335486173629761,7.044385605893521
50,329,nearest_cosine,0.6335486173629761,7.044385605893521
50,240,top8_spectral_leverage,0.03535735933983304,5.596753654207211
50,416,top8_spectral_leverage,0.03468485525397918,5.4619920485770175
50,598,top8_spectral_leverage,0.0341324807322886,5.351302940483765
50,560,top8_spectral_leverage,0.03295801356655386,5.115954064032852
50,103,top8_spectral_leverage,0.03241485935076389,5.007112592636097
51,150,top8_spectral_leverage,0.04124891556620269,7.283660933793605
51,89,nearest_cosine,0.6353175640106201,6.843594474966656
51,322,nearest_cosine,0.6353175640106201,6.843594474966656
51,677,top8_spectral_leverage,0.03531148116955571,6.004976755561979
51,830,top8_spectral_leverage,0.034608833782617796,5.853654814714821
51,563,top8_spectral_leverage,0.033729667006904177,5.664317708646453
51,309,top8_spectral_leverage,0.033454420175929145,5.605040629631497
51,691,top8_spectral_leverage,0.03233714264493603,5.364424059218291
51,311,top8_spectral_leverage,0.03219853711835267,5.334574012545322
51,622,top8_spectral_leverage,0.03104568447705404,5.086295996523187
51,389,top8_spectral_leverage,0.03079870894108342,5.033107415537056
52,472,top8_spectral_leverage,0.03513156329608592,7.066796756349282
52,753,top8_spectral_leverage,0.034481654947278326,6.899028389493717
52,123,top8_spectral_leverage,0.032180223806362214,6.304933322627073
52,476,top8_spectral_leverage,0.02996068356286899,5.731977701262525
52,66,top8_spectral_leverage,0.028358407791518842,5.318363704912344
52,433,top8_spectral_leverage,0.028137422700265112,5.26131826469437
52,881,top8_spectral_leverage,0.027940681366779706,5.210531146368544
52,524,top8_spectral_leverage,0.027535065421626335,5.105824806137941
52,491,top8_spectral_leverage,0.027419894648261306,5.07609444093738
52,662,top8_spectral_leverage,0.02740817512696481,5.073069145213991
53,134,top8_spectral_leverage,0.034103589648164755,6.243429442825762
53,819,top8_spectral_leverage,0.03178633623124314,5.689603055261523
53,56,top8_spectral_leverage,0.03022118337203323,5.315529616563734
54,261,nearest_cosine,0.5985882878303528,6.497408029760707
54,671,nearest_cosine,0.5985882878303528,6.497408029760707
54,826,top8_spectral_leverage,0.03277121814905675,5.384895143748405
56,226,correction_bias,-0.24341516196727753,-7.390894413875699
56,259,top8_spectral_leverage,0.03209215682253057,5.851499832378127
56,281,nearest_cosine,0.5875018835067749,5.777467238276212
56,711,nearest_cosine,0.5875018835067749,5.777467238276212
56,686,top8_spectral_leverage,0.030837462941685777,5.549035798922773
56,406,router_norm,1.1002482175827026,-5.49523464109975
56,97,nearest_cosine,0.547638475894928,5.101629570896626
56,428,nearest_cosine,0.547638475894928,5.101629570896626
57,670,top8_spectral_leverage,0.03592800747957427,7.716289577673777
57,584,top8_spectral_leverage,0.03374230642642507,7.1199372622401365
57,46,top8_spectral_leverage,0.03357020675189741,7.072981142947395
57,421,top8_spectral_leverage,0.031878122895414134,6.611308617206609
57,877,top8_spectral_leverage,0.031103312432422363,6.399907331124228
57,868,top8_spectral_leverage,0.03036147960398227,6.197503747950067
57,175,top8_spectral_leverage,0.03021521275024693,6.157595922142605
57,731,nearest_cosine,0.6129575967788696,6.097834759483058
57,736,nearest_cosine,0.6129575967788696,6.097834759483058
57,564,top8_spectral_leverage,0.029610604940019825,5.9926331670399815
57,464,top8_spectral_leverage,0.029476405764598226,5.956017917723682
57,625,top8_spectral_leverage,0.02855150821208897,5.7036664828451125
57,553,top8_spectral_leverage,0.028078318053177773,5.574560058844208
57,291,top8_spectral_leverage,0.027533367277008555,5.4258742828559345
57,314,top8_spectral_leverage,0.02722576357335276,5.341946894594492
57,143,top8_spectral_leverage,0.02714464345472835,5.319813872102593
57,862,top8_spectral_leverage,0.026849388764471474,5.239255820522924
57,117,top8_spectral_leverage,0.02670519101935846,5.199912535651209
57,735,top8_spectral_leverage,0.026656701465634005,5.186682520688158
57,558,top8_spectral_leverage,0.02612588324475665,5.041852707554071
58,500,correction_bias,-0.27656689286231995,-5.8305269330793
58,685,top8_spectral_leverage,0.03605764735440684,5.647134389006095
59,376,correction_bias,-0.3991885483264923,-9.972283930256507
59,492,nearest_cosine,0.8321201205253601,9.165212449125837
59,531,nearest_cosine,0.8321201205253601,9.165212449125837
59,707,top8_spectral_leverage,0.039630326272029344,7.602954696357076
59,11,top8_spectral_leverage,0.03859923113659859,7.357664811323722
59,370,top8_spectral_leverage,0.03503487880467164,6.5097318285427646
59,83,top8_spectral_leverage,0.034893058906796406,6.475993926723719
59,221,correction_bias,-0.2531921863555908,-6.399260001130387
59,228,correction_bias,-0.24601620435714722,-6.223639492171901
59,108,top8_spectral_leverage,0.032039810373411366,5.797227263322456
59,797,top8_spectral_leverage,0.03186689476803383,5.756091923327073
59,84,router_norm,1.2518867254257202,-5.738393787395257
59,730,top8_spectral_leverage,0.029206077341854878,5.123103193058726
59,646,correction_bias,-0.19881463050842285,-5.068457605601878
60,579,nearest_cosine,0.7545706033706665,9.245236730463915
60,725,nearest_cosine,0.7545706033706665,9.245236730463915
60,131,nearest_cosine,0.6599112153053284,7.586780888967191
60,526,nearest_cosine,0.6599112153053284,7.586780888967191
60,42,top8_spectral_leverage,0.03876693036199648,7.068324254903156
60,884,top8_spectral_leverage,0.038620832116013984,7.035162011736629
60,76,top8_spectral_leverage,0.037637953101460266,6.812062325188632
60,309,correction_bias,-0.2414761185646057,-6.450972609717601
60,311,top8_spectral_leverage,0.03461152694095246,6.125106232147489
60,602,nearest_cosine,0.5758138298988342,6.1133739408287555
60,752,nearest_cosine,0.5758138298988342,6.1133739408287555
60,168,correction_bias,-0.21467448770999908,-5.788807338822911
60,137,nearest_cosine,0.5497168302536011,5.656148066124172
60,729,nearest_cosine,0.5497168302536011,5.656148066124172
60,419,correction_bias,-0.20687751471996307,-5.596174108400726
60,309,top8_spectral_leverage,0.03225324557709522,5.589809593112596
60,559,top8_spectral_leverage,0.03192330002900656,5.514916602961708
60,124,correction_bias,-0.1946621835231781,-5.2943802311972705
60,767,correction_bias,-0.19447751343250275,-5.289817743142661
60,71,top8_spectral_leverage,0.03077162826866828,5.253503341580483
60,12,correction_bias,-0.1836775541305542,-5.0229922646626
60,695,nearest_cosine,0.513059139251709,5.013896272399219
61,873,correction_bias,-0.4688146412372589,-29.217826375768126
61,28,correction_bias,-0.36777716875076294,-23.07940567590686
61,115,correction_bias,-0.30917537212371826,-19.519117867711845
61,545,correction_bias,-0.2591734528541565,-16.481306165542705
61,841,correction_bias,-0.2535966634750366,-16.14249445023449
61,691,correction_bias,-0.2506008744239807,-15.960488575870631
61,329,correction_bias,-0.2393798679113388,-15.278768646072455
61,742,correction_bias,-0.20460443198680878,-13.166025220564014
61,7,correction_bias,-0.19240647554397583,-12.424951770466585
61,543,correction_bias,-0.1906033158302307,-12.315402781961469
61,715,correction_bias,-0.17820867896080017,-11.56238022850493
61,815,correction_bias,-0.1656060665845871,-10.796722351494857
61,3,correction_bias,-0.1629917472600937,-10.637892251507326
61,538,correction_bias,-0.15841063857078552,-10.359572023232396
61,308,correction_bias,-0.15179641544818878,-9.95773215996112
61,211,correction_bias,-0.15039686858654022,-9.872704227110585
61,141,correction_bias,-0.13600830733776093,-8.998542987353394
61,704,correction_bias,-0.12639889121055603,-8.414733461865719
61,734,correction_bias,-0.11839643120765686,-7.92855279124202
61,794,correction_bias,-0.11819705367088318,-7.916439827915641
61,755,correction_bias,-0.11660242825746536,-7.819560111852307
61,605,correction_bias,-0.11279647797346115,-7.588333781353028
61,459,correction_bias,-0.11139491945505142,-7.503183632504807
61,537,correction_bias,-0.10679841786623001,-7.223928225521644
61,445,nearest_cosine,0.6917182803153992,6.807514721771527
61,516,nearest_cosine,0.6917182803153992,6.807514721771527
61,397,nearest_cosine,0.6782087087631226,6.607749702278603
61,571,nearest_cosine,0.6782087087631226,6.607749702278603
61,893,correction_bias,-0.09599313139915466,-6.567464910623391
61,615,top8_spectral_leverage,0.034363047720102735,6.416497345197997
61,144,nearest_cosine,0.6587439775466919,6.319926184276692
61,641,nearest_cosine,0.6587439775466919,6.319926184276692
61,393,correction_bias,-0.09159427881240845,-6.300217451738965
61,432,correction_bias,-0.09119464457035065,-6.2759381121687
61,250,correction_bias,-0.089596226811409,-6.178827996317131
61,738,correction_bias,-0.08909519761800766,-6.148388517811563
61,77,correction_bias,-0.08879467844963074,-6.130130805712556
61,303,correction_bias,-0.0863984078168869,-5.98454801457068
61,634,correction_bias,-0.08539655059576035,-5.9236812791593145
61,520,correction_bias,-0.08459591120481491,-5.875039312079619
61,816,correction_bias,-0.08459444344043732,-5.874950139666491
61,873,router_norm,2.239170551300049,-5.773165170708392
61,260,top8_spectral_leverage,0.031453148808706664,5.714551545563632
61,283,top8_spectral_leverage,0.031268155203760764,5.669926117703428
61,670,correction_bias,-0.078793466091156,-5.522518130393753
61,317,correction_bias,-0.07859798520803452,-5.510641903981415
61,663,top8_spectral_leverage,0.03030639566060294,5.437923875655092
61,692,nearest_cosine,0.5828735828399658,5.198036358320602
61,28,router_norm,2.574753522872925,-5.1638530087664485
61,841,router_norm,2.5765891075134277,-5.160520169676044
61,567,top8_spectral_leverage,0.0291159942898659,5.150767081721325
61,673,top8_spectral_leverage,0.028969648014960696,5.115464428230671
61,822,top8_spectral_leverage,0.028964881654405934,5.114314654003856
61,102,correction_bias,-0.07039561122655869,-5.01231567909862
62,221,correction_bias,-0.41025084257125854,-22.92596294588002
62,451,correction_bias,-0.33160707354545593,-18.699393356176586
62,235,correction_bias,-0.308816134929657,-17.47453486748018
62,298,correction_bias,-0.2674254775047302,-15.25006754938113
62,270,correction_bias,-0.2606135606765747,-14.88397318653307
62,476,correction_bias,-0.23082609474658966,-13.283098772532195
62,587,correction_bias,-0.22002695500850677,-12.70271820103436
62,351,correction_bias,-0.22002504765987396,-12.702615693972094
62,772,correction_bias,-0.2060285061597824,-11.950396447639942
62,141,correction_bias,-0.14742673933506012,-8.800948644814024
62,801,correction_bias,-0.14302518963813782,-8.564395179396103
62,63,nearest_cosine,0.8025411367416382,8.54207850803214
62,96,nearest_cosine,0.8025411367416382,8.54207850803214
62,730,correction_bias,-0.14142848551273346,-8.478583154059756
62,169,correction_bias,-0.13483278453350067,-8.124108927723322
62,305,correction_bias,-0.1256190538406372,-7.628933347552476
62,237,correction_bias,-0.12382864952087402,-7.5327112495411
62,170,correction_bias,-0.12282145023345947,-7.478581113972946
62,808,correction_bias,-0.12142060697078705,-7.403295282593098
62,332,nearest_cosine,0.714536726474762,7.22019944043365
62,544,nearest_cosine,0.714536726474762,7.22019944043365
62,290,correction_bias,-0.1178261935710907,-7.210119922915275
62,322,correction_bias,-0.11721828579902649,-7.177449000163493
62,461,correction_bias,-0.11681938171386719,-7.156010609094142
62,106,correction_bias,-0.1158246099948883,-7.10254837110357
62,100,correction_bias,-0.11562500149011612,-7.0918207667864435
62,829,correction_bias,-0.11321879178285599,-6.962503302718588
62,134,top8_spectral_leverage,0.035290272557376476,6.778725822421176
62,454,correction_bias,-0.10601815581321716,-6.575517920496954
62,435,correction_bias,-0.10422363877296448,-6.479074791632566
62,368,correction_bias,-0.1022190973162651,-6.371344273790706
62,796,correction_bias,-0.10221675038337708,-6.371218142053932
62,762,correction_bias,-0.10141841322183609,-6.328312930222182
62,184,nearest_cosine,0.652632474899292,6.2903604232206165
62,216,nearest_cosine,0.652632474899292,6.2903604232206165
62,308,nearest_cosine,0.6507109999656677,6.261498716336034
62,695,nearest_cosine,0.6507109999656677,6.261498716336034
62,184,top8_spectral_leverage,0.033148537411967854,6.2480216187333015
62,119,correction_bias,-0.09741835296154022,-6.113336800993167
62,226,correction_bias,-0.09681880474090576,-6.081115147475226
62,811,correction_bias,-0.09581880271434784,-6.027371815899843
62,544,correction_bias,-0.09561719000339508,-6.016536499083695
62,255,correction_bias,-0.09322204440832138,-5.887813656060629
62,325,correction_bias,-0.09261593967676163,-5.855239634516146
62,45,correction_bias,-0.09081749618053436,-5.758585485254045
62,459,correction_bias,-0.09061779081821442,-5.747852675500163
62,125,correction_bias,-0.09021928906440735,-5.7264359070142605
62,538,nearest_cosine,0.6092984676361084,5.639457622524004
62,541,nearest_cosine,0.6092984676361084,5.639457622524004
62,885,top8_spectral_leverage,0.03039516896128147,5.565759755396297
62,824,correction_bias,-0.08521746098995209,-5.457621547093624
62,872,correction_bias,-0.08461808413267136,-5.425409103194558
62,858,correction_bias,-0.08442026376724243,-5.414777599248306
62,579,top8_spectral_leverage,0.029775851413612543,5.412298004222177
62,869,correction_bias,-0.0832168385386467,-5.350101649231264
62,223,correction_bias,-0.08161690086126328,-5.264115842390917
62,238,top8_spectral_leverage,0.02889739251176325,5.194623175017511
62,149,correction_bias,-0.0798170268535614,-5.1673848128321165
62,391,correction_bias,-0.07861658930778503,-5.102869430518077
62,214,correction_bias,-0.07822108268737793,-5.081613630153391
62,481,nearest_cosine,0.5705854296684265,5.057964554421648
62,698,nearest_cosine,0.5705854296684265,5.057964554421648
62,603,correction_bias,-0.0776166245341301,-5.049128101033755
62,637,top8_spectral_leverage,0.028253384896794072,5.0350434299664775
63,261,correction_bias,-0.3852365016937256,-26.657927800055624
63,544,correction_bias,-0.38482531905174255,-26.630475434225946
63,347,correction_bias,-0.32243189215660095,-22.464815200534765
63,130,correction_bias,-0.2672637701034546,-18.781548170011902
63,14,correction_bias,-0.2650548219680786,-18.634069054603057
63,233,correction_bias,-0.25223660469055176,-17.778268361534142
63,670,correction_bias,-0.24806669354438782,-17.499866710847545
63,350,correction_bias,-0.22826598584651947,-16.177884175819074
63,862,correction_bias,-0.21966144442558289,-15.603407058436453
63,543,correction_bias,-0.21146216988563538,-15.055987344600611
63,70,correction_bias,-0.20506730675697327,-14.629038091120195
63,364,correction_bias,-0.19646571576595306,-14.054757957445418
63,170,correction_bias,-0.1924581676721573,-13.78719637989357
63,549,correction_bias,-0.1884700357913971,-13.520931114318099
63,471,correction_bias,-0.1834641695022583,-13.186717413075405
63,417,correction_bias,-0.1730644404888153,-12.492385658141178
63,620,correction_bias,-0.17124535143375397,-12.370935253582587
63,583,correction_bias,-0.16786140203475952,-12.145007873958052
63,686,correction_bias,-0.16326400637626648,-11.838065472712573
63,308,correction_bias,-0.15345847606658936,-11.18340504269769
63,565,correction_bias,-0.15285895764827728,-11.1433785501839
63,5,correction_bias,-0.15106618404388428,-11.023685081120533
63,628,correction_bias,-0.12925505638122559,-9.567478046539877
63,236,correction_bias,-0.12506499886512756,-9.287731335383553
63,793,correction_bias,-0.11984941363334656,-8.93951587300848
63,444,correction_bias,-0.11825498193502426,-8.833064583961635
63,783,top8_spectral_leverage,0.04157800299287036,8.705004643609
63,415,nearest_cosine,0.7935259342193604,8.670886533070727
63,819,nearest_cosine,0.7935259342193604,8.670886533070727
63,623,correction_bias,-0.1136595606803894,-8.526254002621659
63,767,top8_spectral_leverage,0.03987113756685377,8.268250708952783
63,718,correction_bias,-0.1038525253534317,-7.87149309101843
63,613,correction_bias,-0.10346351563930511,-7.845521087599223
63,68,correction_bias,-0.09925565123558044,-7.564585510125349
63,434,top8_spectral_leverage,0.03633243814966182,7.3627657946375615
63,187,correction_bias,-0.0910557210445404,-7.0171220221322095
63,732,correction_bias,-0.08885269612073898,-6.87003836643987
63,108,correction_bias,-0.08885152637958527,-6.86996026936378
63,668,top8_spectral_leverage,0.03388734710033164,6.737114164397513
63,91,correction_bias,-0.08345197141170502,-6.509462176397518
63,662,correction_bias,-0.08245192468166351,-6.442694648110156
63,616,top8_spectral_leverage,0.032692085020168314,6.431269656389046
63,218,top8_spectral_leverage,0.03189485105005872,6.227272863215044
63,735,correction_bias,-0.07865467667579651,-6.189173631511932
63,790,top8_spectral_leverage,0.03134213961301689,6.085844669065679
63,819,top8_spectral_leverage,0.03126285450765973,6.0655571401272175
63,213,correction_bias,-0.0740588903427124,-5.882338675925278
63,355,correction_bias,-0.07385416328907013,-5.868670195308696
63,796,correction_bias,-0.07205339521169662,-5.748442979986445
63,184,top8_spectral_leverage,0.029794445636823017,5.689819637775469
63,420,top8_spectral_leverage,0.029741292185223797,5.6762186949169
63,243,top8_spectral_leverage,0.029640894630676186,5.65052889751977
63,92,nearest_cosine,0.596927285194397,5.643838483366171
63,203,nearest_cosine,0.596927285194397,5.643838483366171
63,269,nearest_cosine,0.5875549912452698,5.49953238431276
63,863,nearest_cosine,0.5875549912452698,5.49953238431276
63,261,router_norm,2.3252344131469727,-5.452794934033998
63,415,top8_spectral_leverage,0.02885435620663751,5.449268888253022
63,759,correction_bias,-0.066053606569767,-5.34787064088025
63,449,nearest_cosine,0.5769814848899841,5.336731103886656
63,454,nearest_cosine,0.5769814848899841,5.336731103886656
63,521,correction_bias,-0.06345005333423615,-5.174045949414338
63,135,correction_bias,-0.062852643430233,-5.134160230610953
63,621,nearest_cosine,0.5606613159179688,5.085447913983784
63,826,nearest_cosine,0.5606613159179688,5.085447913983784
63,366,top8_spectral_leverage,0.02719699962003132,5.025183310506007
63,817,correction_bias,-0.060850318521261215,-5.000476192671332
64,275,correction_bias,-0.43250155448913574,-35.13645766662792
64,243,correction_bias,-0.40931493043899536,-33.318669989804334
64,504,correction_bias,-0.37810784578323364,-30.87209329997828
64,819,correction_bias,-0.3489057421684265,-28.58270334939596
64,738,correction_bias,-0.23293337225914001,-19.49068786593233
64,770,correction_bias,-0.1923317164182663,-16.307594480428225
64,682,correction_bias,-0.19213564693927765,-16.29222300237536
64,656,correction_bias,-0.1745370775461197,-14.912528291173388
64,760,correction_bias,-0.15273208916187286,-13.203058249633417
64,308,correction_bias,-0.14593294262886047,-12.670017960805648
64,889,correction_bias,-0.13613572716712952,-11.90193471181658
64,390,correction_bias,-0.13172200322151184,-11.555907063294093
64,156,correction_bias,-0.12392153590917587,-10.944365110348874
64,329,correction_bias,-0.12132030725479126,-10.74043368064546
64,145,correction_bias,-0.11952155828475952,-10.599415147531191
64,725,correction_bias,-0.1189216673374176,-10.552384826551386
64,787,correction_bias,-0.11592317372560501,-10.317308572034975
64,713,correction_bias,-0.11592259258031845,-10.317263011338513
64,508,correction_bias,-0.11532194167375565,-10.27017311098641
64,198,correction_bias,-0.11412140727043152,-10.176053473765995
64,419,correction_bias,-0.11052311211824417,-9.893953907607695
64,848,correction_bias,-0.11032770574092865,-9.878634415477718
64,718,correction_bias,-0.10992169380187988,-9.846803843771802
64,314,correction_bias,-0.10572431981563568,-9.517737624786447
64,397,correction_bias,-0.09812235832214355,-8.921758154352343
64,464,correction_bias,-0.09652037173509598,-8.7961654216598
64,660,correction_bias,-0.09572161734104156,-8.733544580817211
64,432,correction_bias,-0.09492135792970657,-8.670805749453013
64,289,correction_bias,-0.0947316363453865,-8.655931934392283
64,875,correction_bias,-0.09372161328792572,-8.576748028050869
64,597,correction_bias,-0.0923321396112442,-8.467815907476501
64,833,correction_bias,-0.08992070704698563,-8.278764133948748
64,242,correction_bias,-0.08972083032131195,-8.263094174922898
64,631,correction_bias,-0.08972040563821793,-8.263060880567792
64,808,correction_bias,-0.08872223645448685,-8.184806295611926
64,356,correction_bias,-0.08872170746326447,-8.184764823695915
64,52,correction_bias,-0.08832909911870956,-8.153985068566117
64,244,correction_bias,-0.08812267333269119,-8.137801675537819
64,151,correction_bias,-0.08772847056388855,-8.106896920548493
64,189,correction_bias,-0.08692018687725067,-8.043529001106208
64,370,correction_bias,-0.08612390607595444,-7.981102085279334
64,690,correction_bias,-0.08572150766849518,-7.94955480764758
64,194,correction_bias,-0.08412303775548935,-7.82423777557979
64,826,correction_bias,-0.08392314612865448,-7.808566648330954
64,674,correction_bias,-0.08392086625099182,-7.808387910214061
64,388,correction_bias,-0.08292201161384583,-7.730079587000828
64,737,correction_bias,-0.08292078226804733,-7.729983208604464
64,455,correction_bias,-0.0793214663863182,-7.447803619171608
64,204,correction_bias,-0.07491780817508698,-7.102565105276326
64,368,correction_bias,-0.07332021743059158,-6.9773169983647225
64,825,correction_bias,-0.0729217529296875,-6.946078131601335
64,553,correction_bias,-0.07231872528791428,-6.898801899682928
64,123,correction_bias,-0.07212106883525848,-6.883306005882028
64,783,correction_bias,-0.07172135263681412,-6.851969008387797
64,71,correction_bias,-0.07111790031194687,-6.804659482114282
64,774,correction_bias,-0.06592131406068802,-6.397256902564027
64,223,correction_bias,-0.06531750410795212,-6.349919338938843
64,116,correction_bias,-0.06431794166564941,-6.271555525133765
64,715,correction_bias,-0.06351744383573532,-6.208798002201786
64,59,correction_bias,-0.06331726163625717,-6.1931040946047204
64,849,correction_bias,-0.06312092393636703,-6.177711588538102
64,532,nearest_cosine,0.6726678609848022,6.041034699306113
64,646,nearest_cosine,0.6726678609848022,6.041034699306113
64,861,correction_bias,-0.06111743301153183,-6.020641671592981
64,292,correction_bias,-0.060920704156160355,-6.005218499672973
64,243,router_norm,1.4665875434875488,-5.944060453640857
64,273,correction_bias,-0.0601172111928463,-5.942226163920762
64,8,correction_bias,-0.05931766703724861,-5.879543407259902
64,99,correction_bias,-0.05912123620510101,-5.86414359979962
64,648,nearest_cosine,0.6571863293647766,5.820277207836474
64,844,nearest_cosine,0.6571863293647766,5.820277207836474
64,477,correction_bias,-0.058517418801784515,-5.816805452062943
64,452,nearest_cosine,0.6566780805587769,5.81302988023293
64,582,nearest_cosine,0.6566780805587769,5.81302988023293
64,187,correction_bias,-0.05831873044371605,-5.801228658820247
64,292,top8_spectral_leverage,0.03158907672396083,5.739790318538735
64,280,correction_bias,-0.05731756612658501,-5.722739261044149
64,14,correction_bias,-0.056918416172266006,-5.691446656023395
64,687,correction_bias,-0.05671809986233711,-5.675742234419452
64,33,correction_bias,-0.05531655624508858,-5.565863853226235
64,369,nearest_cosine,0.6390851140022278,5.562164574405611
64,867,nearest_cosine,0.6390851140022278,5.562164574405611
64,567,nearest_cosine,0.6321394443511963,5.463123430003907
64,799,nearest_cosine,0.6321394443511963,5.463123430003907
64,568,correction_bias,-0.053917236626148224,-5.456159829313714
64,648,top8_spectral_leverage,0.030400556117221315,5.450119552878062
64,891,correction_bias,-0.05351882055401802,-5.424924759275032
64,421,correction_bias,-0.05331699177622795,-5.409101763037986
64,115,correction_bias,-0.05251855030655861,-5.346505454878108
64,140,correction_bias,-0.05111836642026901,-5.2367336740323855
64,267,correction_bias,-0.05111784115433693,-5.236692494172121
64,222,top8_spectral_leverage,0.029386958532109923,5.2030816917874665
64,153,nearest_cosine,0.6138126850128174,5.201794672771965
64,450,nearest_cosine,0.6138126850128174,5.201794672771965
64,279,correction_bias,-0.050520483404397964,-5.189860771099975
64,362,correction_bias,-0.050117239356040955,-5.158247196813753
64,275,router_norm,1.9710637331008911,-5.103281647204649
64,524,correction_bias,-0.04912174120545387,-5.080202015828171
64,779,correction_bias,-0.048918209969997406,-5.064245550114949
64,778,correction_bias,-0.04871787503361702,-5.048539668232273
64,341,correction_bias,-0.0483168289065361,-5.01709840683652
65,808,correction_bias,-0.4966035783290863,-38.60923937444728
65,701,correction_bias,-0.4181841015815735,-32.73244232791123
65,427,correction_bias,-0.3707815706729889,-29.180071600689573
65,105,correction_bias,-0.34860238432884216,-27.51795165029105
65,137,correction_bias,-0.3289928436279297,-26.048402302925552
65,850,correction_bias,-0.31900376081466675,-25.299815155837127
65,694,correction_bias,-0.3033904433250427,-24.12974488866256
65,41,correction_bias,-0.2608138620853424,-20.939033381026682
65,726,correction_bias,-0.24921035766601562,-20.069460625261893
65,319,correction_bias,-0.23441731929779053,-18.960862509112932
65,337,correction_bias,-0.23121881484985352,-18.721164894788252
65,703,correction_bias,-0.22400030493736267,-18.180205945639656
65,704,correction_bias,-0.20802047848701477,-16.98266930318123
65,231,correction_bias,-0.20441484451293945,-16.712461186925108
65,557,correction_bias,-0.18731296062469482,-15.430836966857534
65,327,correction_bias,-0.17660664021968842,-14.628499655452227
65,213,correction_bias,-0.17121919989585876,-14.224762029334036
65,3,correction_bias,-0.16901785135269165,-14.05979180569261
65,460,correction_bias,-0.1686132252216339,-14.029468909512016
65,174,correction_bias,-0.1636076271533966,-13.654346743901588
65,879,correction_bias,-0.16341741383075714,-13.640092056940356
65,686,correction_bias,-0.15800821781158447,-13.234724047511286
65,209,correction_bias,-0.15621411800384521,-13.100273259408477
65,139,correction_bias,-0.15440921485424042,-12.965012863154717
65,578,correction_bias,-0.14621129631996155,-12.35065651409222
65,626,correction_bias,-0.14081041514873505,-11.94591162376416
65,565,correction_bias,-0.13020619750022888,-11.151225946911017
65,854,correction_bias,-0.12620362639427185,-10.8512711521376
65,631,correction_bias,-0.12400472164154053,-10.686484067443423
65,569,correction_bias,-0.11980437487363815,-10.37170786000311
65,39,correction_bias,-0.1142043024301529,-9.952035470422851
65,47,correction_bias,-0.11320475488901138,-9.87712884924549
65,546,correction_bias,-0.11320286989212036,-9.876987586581912
65,108,correction_bias,-0.11261754482984543,-9.833123016963372
65,94,correction_bias,-0.1114054024219513,-9.742284424076185
65,542,correction_bias,-0.10900498181581497,-9.562395634789747
65,658,correction_bias,-0.10780324041843414,-9.472336499129272
65,778,correction_bias,-0.1074041947722435,-9.442431807434925
65,755,correction_bias,-0.10720319300889969,-9.42736862902364
65,583,top8_spectral_leverage,0.046210035201000595,9.42585888518893
65,628,correction_bias,-0.10681328177452087,-9.398148474979685
65,45,correction_bias,-0.10560448467731476,-9.30756058144407
65,523,correction_bias,-0.09600527584552765,-8.588190796647357
65,323,nearest_cosine,0.8728926181793213,8.2665467316904
65,347,nearest_cosine,0.8728926181793213,8.2665467316904
65,104,nearest_cosine,0.8726340532302856,8.26307940144139
65,282,nearest_cosine,0.8726340532302856,8.26307940144139
65,152,correction_bias,-0.09080064296722412,-8.19815285714416
65,767,correction_bias,-0.09021221846342087,-8.154056013738863
65,847,correction_bias,-0.0898069441318512,-8.123684541069212
65,549,correction_bias,-0.08640488982200623,-7.86873279247971
65,711,correction_bias,-0.08439941704273224,-7.718441602140702
65,873,correction_bias,-0.08340197056531906,-7.643692435789941
65,237,correction_bias,-0.08300499618053436,-7.6139429655203985
65,442,correction_bias,-0.08180451393127441,-7.523978191085792
65,616,correction_bias,-0.07940293848514557,-7.344002857479767
65,351,correction_bias,-0.07860632240772247,-7.2843040274799655
65,728,correction_bias,-0.07740412652492523,-7.194210832442105
65,688,correction_bias,-0.07660672068595886,-7.134452817294717
65,570,correction_bias,-0.07600095123052597,-7.089056134044306
65,221,top8_spectral_leverage,0.0356902006512613,6.838038067481281
65,477,correction_bias,-0.07180063426494598,-6.7742821600057885
65,446,nearest_cosine,0.7515827417373657,6.639793354406884
65,752,nearest_cosine,0.7515827417373657,6.639793354406884
65,33,top8_spectral_leverage,0.034782602697702315,6.614774016395325
65,629,correction_bias,-0.06940209120512009,-6.594534075032479
65,81,correction_bias,-0.06920431554317474,-6.579712662365581
65,647,correction_bias,-0.06819935888051987,-6.504400678762296
65,389,correction_bias,-0.0678003579378128,-6.474499337170644
65,586,correction_bias,-0.0658000186085701,-6.3245928502909505
65,521,correction_bias,-0.06540578603744507,-6.295048852986615
65,26,correction_bias,-0.06420160084962845,-6.20480657837889
65,288,correction_bias,-0.06420087069272995,-6.204751860034895
65,559,correction_bias,-0.06360127031803131,-6.1598174909562
65,249,nearest_cosine,0.7117711305618286,6.105923608311715
65,538,nearest_cosine,0.7117711305618286,6.105923608311715
65,205,top8_spectral_leverage,0.032195666311452605,5.978402046592025
65,808,router_norm,1.6774410009384155,-5.964049522524425
65,342,nearest_cosine,0.6971642971038818,5.910047424475173
65,789,nearest_cosine,0.6971642971038818,5.910047424475173
65,173,correction_bias,-0.060200802981853485,-5.904984671012321
65,374,correction_bias,-0.06000440940260887,-5.890266832353699
65,564,correction_bias,-0.057800378650426865,-5.725095602550656
65,59,correction_bias,-0.05759891867637634,-5.709998085586761
65,358,correction_bias,-0.05720088630914688,-5.680169329553471
65,21,correction_bias,-0.057199619710445404,-5.680074409977152
65,425,top8_spectral_leverage,0.03096446681654856,5.675533815290538
65,871,correction_bias,-0.056399572640657425,-5.620118459595617
65,91,correction_bias,-0.05540146678686142,-5.545319879230124
65,208,correction_bias,-0.05520039051771164,-5.53025111731435
65,506,correction_bias,-0.05500265955924988,-5.515433054750145
65,418,correction_bias,-0.054799437522888184,-5.500203487905078
65,261,top8_spectral_leverage,0.03006927848440665,5.45532246208601
65,532,correction_bias,-0.05380230024456978,-5.425477493097947
65,609,correction_bias,-0.05339965596795082,-5.395303118136767
65,445,correction_bias,-0.05300365388393402,-5.3656265126008105
65,794,correction_bias,-0.05280254781246185,-5.35055551728324
65,622,nearest_cosine,0.6544328331947327,5.337022743638588
65,225,correction_bias,-0.05200088024139404,-5.290478125679062
65,464,correction_bias,-0.05140071362257004,-5.245501321966248
65,212,correction_bias,-0.05119980126619339,-5.23044484376035
65,610,correction_bias,-0.05119973421096802,-5.2304398186063095
65,554,correction_bias,-0.04999961331486702,-5.140502124168477
65,737,correction_bias,-0.0494038350880146,-5.095854188870084
65,279,correction_bias,-0.049401506781578064,-5.095679704354794
65,509,nearest_cosine,0.6353317499160767,5.080879116716381
65,856,nearest_cosine,0.6353317499160767,5.080879116716381
65,93,correction_bias,-0.04860013350844383,-5.035624367593348
65,399,correction_bias,-0.0484003871679306,-5.020655271232708
65,372,correction_bias,-0.04839976504445076,-5.020608648970222
65,441,nearest_cosine,0.629953920841217,5.008762963715703
65,882,nearest_cosine,0.629953920841217,5.008762963715703
66,205,correction_bias,-0.6352607607841492,-66.8065882006313
66,45,correction_bias,-0.5670140385627747,-59.83358451367851
66,760,correction_bias,-0.4200024902820587,-44.8129060866491
66,701,correction_bias,-0.39019063115119934,-41.76692531470673
66,851,correction_bias,-0.36979517340660095,-39.683050845411955
66,796,correction_bias,-0.36678919196128845,-39.37591932291796
66,830,correction_bias,-0.340984970331192,-36.739412737562056
66,723,correction_bias,-0.31919828057289124,-34.51339128090743
66,827,correction_bias,-0.31701159477233887,-34.289970028528465
66,468,correction_bias,-0.2860061228275299,-31.12203370646506
66,685,correction_bias,-0.2780047059059143,-30.304501261254124
66,25,correction_bias,-0.2490103840827942,-27.342051104050952
66,354,correction_bias,-0.21261510252952576,-23.623419289977672
66,474,correction_bias,-0.19861696660518646,-22.193181320536944
66,621,correction_bias,-0.19242513179779053,-21.560540139603393
66,841,correction_bias,-0.16762296855449677,-19.026417325925955
66,39,correction_bias,-0.16121424734592438,-18.371616111135427
66,754,correction_bias,-0.1608232855796814,-18.331670195071844
66,65,correction_bias,-0.15561306476593018,-17.799323911447004
66,855,correction_bias,-0.1448238343000412,-16.69695091287295
66,189,correction_bias,-0.14481349289417267,-16.695894295662594
66,386,correction_bias,-0.14060939848423004,-16.266347427085716
66,5,correction_bias,-0.13661685585975647,-15.8584155362256
66,278,correction_bias,-0.13400813937187195,-15.591873948642423
66,528,correction_bias,-0.1304158866405487,-15.224841060839672
66,61,top8_spectral_leverage,0.06433448717344131,15.054789985966066
66,713,top8_spectral_leverage,0.06344715333695077,14.819400479362658
66,371,correction_bias,-0.12541036307811737,-14.713409403466521
66,812,correction_bias,-0.12322041392326355,-14.48965472289005
66,417,correction_bias,-0.1160096600651741,-13.752907057924258
66,0,correction_bias,-0.11560779064893723,-13.711846669529287
66,600,correction_bias,-0.11300867795944214,-13.44628633524881
66,335,correction_bias,-0.1116090789437294,-13.303284462350602
66,4,correction_bias,-0.11040834337472916,-13.18060115570717
66,265,correction_bias,-0.1100078821182251,-13.139684643863177
66,828,correction_bias,-0.10741212218999863,-12.874466872799315
66,118,correction_bias,-0.10721805691719055,-12.854638552570092
66,284,correction_bias,-0.10720890015363693,-12.85370297436294
66,516,correction_bias,-0.10660891234874725,-12.792400144872438
66,637,correction_bias,-0.10600733011960983,-12.73093440754115
66,253,correction_bias,-0.10441010445356369,-12.567740336152514
66,89,correction_bias,-0.10380925983190536,-12.50634996272888
66,894,correction_bias,-0.10080738365650177,-12.199637889862336
66,224,correction_bias,-0.09900915622711182,-12.015906773011883
66,596,correction_bias,-0.09701453894376755,-11.812109825435357
66,430,correction_bias,-0.09520798921585083,-11.627528390556108
66,48,top8_spectral_leverage,0.051225594772428176,11.577298665905817
66,804,correction_bias,-0.09220697730779648,-11.32090462287429
66,688,top8_spectral_leverage,0.04933120088766424,11.074759008891569
66,384,correction_bias,-0.08761101216077805,-10.851318965539544
66,102,correction_bias,-0.08660983294248581,-10.74902502154899
66,248,correction_bias,-0.08540832251310349,-10.626262544739939
66,708,correction_bias,-0.08000768721103668,-10.074460954166192
66,182,correction_bias,-0.07820809632539749,-9.890590528274316
66,170,correction_bias,-0.07781735807657242,-9.850667449758504
66,735,top8_spectral_leverage,0.04447229180022493,9.785800822368795
66,864,top8_spectral_leverage,0.043907967764574445,9.636098477148213
66,149,correction_bias,-0.07481051236391068,-9.543447622079778
66,883,correction_bias,-0.07400766015052795,-9.461417434229343
66,158,top8_spectral_leverage,0.04256900546483914,9.280902200240975
66,581,correction_bias,-0.07201048731803894,-9.257359377356595
66,461,correction_bias,-0.07000671327114105,-9.052626851572915
66,476,correction_bias,-0.06881120800971985,-8.9304779435474
66,113,correction_bias,-0.06760410219430923,-8.8071437667924
66,42,correction_bias,-0.06680729240179062,-8.725730953983463
66,333,correction_bias,-0.06640488654375076,-8.684615755473834
66,444,top8_spectral_leverage,0.03972861693166641,8.52741165599458
66,740,correction_bias,-0.06460324674844742,-8.500535985394027
66,33,correction_bias,-0.06380780786275864,-8.419263242878102
66,132,correction_bias,-0.06361017376184464,-8.399070283136085
66,832,correction_bias,-0.0634082704782486,-8.378441126231579
66,57,nearest_cosine,0.8405512571334839,8.324197082720849
66,217,nearest_cosine,0.8405512571334839,8.324197082720849
66,87,correction_bias,-0.060204584151506424,-8.051109412105435
66,499,correction_bias,-0.059009745717048645,-7.929028636097446
66,428,correction_bias,-0.0588054358959198,-7.908153594928569
66,98,correction_bias,-0.05720415711402893,-7.7445454026736265
66,31,nearest_cosine,0.7923650145530701,7.636212405917035
66,486,nearest_cosine,0.7923650145530701,7.636212405917035
66,446,correction_bias,-0.055809106677770615,-7.602008273872624
66,551,correction_bias,-0.05330454558134079,-7.346108602926464
66,302,nearest_cosine,0.7615167498588562,7.195772722740039
66,870,nearest_cosine,0.7615167498588562,7.195772722740039
66,801,correction_bias,-0.05161026120185852,-7.1729977070426445
66,416,correction_bias,-0.051606904715299606,-7.172654763200234
66,826,correction_bias,-0.05140434950590134,-7.151958996781384
66,473,correction_bias,-0.051005419343709946,-7.111198922139646
66,216,correction_bias,-0.049303434789180756,-6.937301272735002
66,736,correction_bias,-0.04920591041445732,-6.927336870015287
66,111,correction_bias,-0.04880360886454582,-6.886232329027953
66,289,correction_bias,-0.04800430312752724,-6.8045644969355354
66,61,nearest_cosine,0.733952522277832,6.802221260991788
66,713,nearest_cosine,0.733952522277832,6.802221260991788
66,647,top8_spectral_leverage,0.032778741001507676,6.683767472847971
66,161,top8_spectral_leverage,0.03275906315931121,6.678547388393662
66,425,correction_bias,-0.046604156494140625,-6.661506672045278
66,651,correction_bias,-0.045811332762241364,-6.580501128838315
66,387,correction_bias,-0.044204190373420715,-6.416293831580094
66,645,correction_bias,-0.04340473189949989,-6.3346103938300296
66,783,correction_bias,-0.042806003242731094,-6.273436215858659
66,559,correction_bias,-0.04280316084623337,-6.273145798376129
66,40,correction_bias,-0.04200334846973419,-6.191426201175423
66,794,nearest_cosine,0.6846790313720703,6.0987132699044055
66,876,correction_bias,-0.040803804993629456,-6.068864694786787
66,48,nearest_cosine,0.6787556409835815,6.014141375442899
66,444,nearest_cosine,0.6787556409835815,6.014141375442899
66,606,correction_bias,-0.03900784254074097,-5.885364998420446
66,276,correction_bias,-0.038609154522418976,-5.844629664455463
66,158,nearest_cosine,0.664211630821228,5.806487580601354
66,469,correction_bias,-0.03740425780415535,-5.721521198797632
66,831,correction_bias,-0.03740372136235237,-5.721466388682974
66,112,correction_bias,-0.03720361739397049,-5.70102107403805
66,857,correction_bias,-0.03700699284672737,-5.680931263886812
66,107,correction_bias,-0.03700459003448486,-5.680685760248238
66,659,correction_bias,-0.03620811924338341,-5.599307584386758
66,275,correction_bias,-0.035604093223810196,-5.537592156533136
66,568,correction_bias,-0.035004496574401855,-5.476329292751241
66,870,top8_spectral_leverage,0.028195981218512293,5.468065422684224
66,217,top8_spectral_leverage,0.02801025382222785,5.41879616417489
66,303,correction_bias,-0.034404605627059937,-5.4150363595314435
66,701,router_norm,2.0186750888824463,-5.406271671352471
66,472,nearest_cosine,0.6307675838470459,5.328986314339588
66,757,nearest_cosine,0.6307675838470459,5.328986314339588
66,406,top8_spectral_leverage,0.027519239196879142,5.288541139918165
66,161,nearest_cosine,0.6277902126312256,5.286476550889516
66,453,nearest_cosine,0.6277902126312256,5.286476550889516
66,750,correction_bias,-0.032804373651742935,-5.251535123125244
66,68,correction_bias,-0.03260456770658493,-5.231120258544019
66,866,correction_bias,-0.032208919525146484,-5.190695515228765
66,414,correction_bias,-0.032007988542318344,-5.170165701657076
66,657,correction_bias,-0.032007310539484024,-5.170096427762162
66,45,router_norm,2.176116943359375,-5.1261528978039825
66,613,correction_bias,-0.030804701149463654,-5.047221666343221
67,621,correction_bias,-0.38085755705833435,-14.681406160803467
67,80,correction_bias,-0.374254047870636,-14.447003103646116
67,84,correction_bias,-0.3674642741680145,-14.20598826319342
67,452,correction_bias,-0.3664414584636688,-14.169681638762002
67,447,correction_bias,-0.3572620153427124,-13.843841321228629
67,392,correction_bias,-0.3424607217311859,-13.318443631332386
67,759,correction_bias,-0.339851438999176,-13.225822597275164
67,805,correction_bias,-0.3354460895061493,-13.069447046085543
67,818,correction_bias,-0.32025742530822754,-12.530298962705627
67,723,correction_bias,-0.30546456575393677,-12.005200654356997
67,681,correction_bias,-0.2968650460243225,-11.699945727406694
67,844,correction_bias,-0.2936474680900574,-11.585732195934854
67,587,correction_bias,-0.27446019649505615,-10.904646580311708
67,520,correction_bias,-0.27404966950416565,-10.890074209928759
67,142,correction_bias,-0.27026090025901794,-10.755585248274736
67,592,correction_bias,-0.27005016803741455,-10.74810494112571
67,649,correction_bias,-0.2660692036151886,-10.606793676996213
67,800,correction_bias,-0.26307210326194763,-10.500406381175411
67,255,correction_bias,-0.25586560368537903,-10.244599130191697
67,496,correction_bias,-0.24146607518196106,-9.733462792392187
67,428,correction_bias,-0.24066148698329926,-9.7049025332696
67,21,correction_bias,-0.23705673217773438,-9.576945484568716
67,73,correction_bias,-0.23286955058574677,-9.428314182917273
67,180,correction_bias,-0.22587133944034576,-9.17990049248575
67,479,correction_bias,-0.22227464616298676,-9.05222960176589
67,624,correction_bias,-0.2212674617767334,-9.016477838188617
67,802,correction_bias,-0.2112646847963333,-8.661411851661812
67,291,top8_spectral_leverage,0.04577392314995299,8.641060208778683
67,271,correction_bias,-0.20447497069835663,-8.42039912697977
67,112,correction_bias,-0.19847656786441803,-8.207475373507021
67,734,correction_bias,-0.1970662921667099,-8.157415181935951
67,889,correction_bias,-0.19307340681552887,-8.015680763675553
67,770,correction_bias,-0.18926231563091278,-7.880399445911414
67,346,correction_bias,-0.1872672438621521,-7.809580899506268
67,111,correction_bias,-0.18606746196746826,-7.766992552001606
67,364,correction_bias,-0.18386314809322357,-7.688746592713797
67,173,nearest_cosine,0.8068996667861938,7.606161007044113
67,776,nearest_cosine,0.8068996667861938,7.606161007044113
67,249,correction_bias,-0.18046753108501434,-7.568213254296932
67,601,top8_spectral_leverage,0.04077693046267497,7.5082148512484865
67,480,top8_spectral_leverage,0.040622893412716285,7.473293816167204
67,725,correction_bias,-0.177473783493042,-7.461944970575446
67,188,correction_bias,-0.17586824297904968,-7.404953514340196
67,16,correction_bias,-0.16626593470573425,-7.064102861898391
67,467,top8_spectral_leverage,0.038707676079724807,7.039103654179471
67,863,correction_bias,-0.161274254322052,-6.886914474780343
67,855,correction_bias,-0.16066250205039978,-6.865199262667764
67,333,correction_bias,-0.16026459634304047,-6.85107490672091
67,29,correction_bias,-0.15706291794776917,-6.7374257570711595
67,653,correction_bias,-0.15626516938209534,-6.709108282631177
67,544,correction_bias,-0.15527795255184174,-6.674065302223167
67,499,correction_bias,-0.15486657619476318,-6.659462782108391
67,465,correction_bias,-0.15346679091453552,-6.609774966172516
67,310,top8_spectral_leverage,0.036347283786675136,6.503989913080934
67,125,nearest_cosine,0.7215542197227478,6.416324146772042
67,690,nearest_cosine,0.7215542197227478,6.416324146772042
67,412,nearest_cosine,0.7201923131942749,6.397337233660935
67,545,nearest_cosine,0.7201923131942749,6.397337233660935
67,102,correction_bias,-0.14746800065040588,-6.396837460190514
67,80,top8_spectral_leverage,0.03577507642912595,6.3742674001393915
67,831,correction_bias,-0.14626598358154297,-6.3541697712863074
67,649,top8_spectral_leverage,0.035680822759833315,6.352899581859371
67,134,correction_bias,-0.14607097208499908,-6.34724749864741
67,268,correction_bias,-0.14447511732578278,-6.290599855143518
67,450,correction_bias,-0.14327026903629303,-6.247831667133222
67,868,correction_bias,-0.1424684226512909,-6.219368733460742
67,248,correction_bias,-0.14106233417987823,-6.169457174778152
67,251,correction_bias,-0.14046701788902283,-6.148325386423555
67,390,correction_bias,-0.140465646982193,-6.148276723698501
67,68,correction_bias,-0.13926225900650024,-6.105560372069241
67,630,correction_bias,-0.13866423070430756,-6.0843323161498635
67,585,correction_bias,-0.137677401304245,-6.049303088251107
67,814,correction_bias,-0.13666749000549316,-6.013454528166392
67,822,correction_bias,-0.13646253943443298,-6.006179450770853
67,612,top8_spectral_leverage,0.03408225378996464,5.990495322029643
67,788,correction_bias,-0.1356651782989502,-5.977875728840126
67,755,correction_bias,-0.13506251573562622,-5.95648317175236
67,337,correction_bias,-0.13186249136924744,-5.842892734738273
67,853,nearest_cosine,0.6802960634231567,5.841126794819268
67,679,correction_bias,-0.13166309893131256,-5.835814952956269
67,673,correction_bias,-0.1312645822763443,-5.821668910360205
67,312,correction_bias,-0.13106252253055573,-5.81449644784141
67,511,correction_bias,-0.12827575206756592,-5.7155751777177155
67,884,correction_bias,-0.12666189670562744,-5.658288571476161
67,890,correction_bias,-0.12646006047725677,-5.651124043097322
67,545,top8_spectral_leverage,0.0324497168810715,5.620390346101868
67,18,correction_bias,-0.12546183168888092,-5.615690174060891
67,823,correction_bias,-0.12466202676296234,-5.5872997055333276
67,610,correction_bias,-0.12306521832942963,-5.5306182096989644
67,820,correction_bias,-0.12147443741559982,-5.474150671172039
67,164,correction_bias,-0.12145950645208359,-5.473620670623084
67,1,top8_spectral_leverage,0.03167027984355134,5.443687740214569
67,169,correction_bias,-0.12046316266059875,-5.438253712833601
67,517,correction_bias,-0.11926666647195816,-5.395781997186268
67,220,nearest_cosine,0.6469060182571411,5.375622097478586
67,604,nearest_cosine,0.6469060182571411,5.375622097478586
67,411,correction_bias,-0.1186593621969223,-5.374224674458782
67,413,correction_bias,-0.11686015129089355,-5.310358550424362
67,278,correction_bias,-0.11647381633520126,-5.296644918455813
67,148,correction_bias,-0.11647257953882217,-5.296601016214732
67,366,correction_bias,-0.11546232551336288,-5.260740290448753
67,551,correction_bias,-0.11386170983314514,-5.203923649763833
67,237,correction_bias,-0.11266372352838516,-5.161399039850138
67,346,top8_spectral_leverage,0.030327683431672876,5.13931384827243
67,19,correction_bias,-0.11166162043809891,-5.125827645721163
67,729,top8_spectral_leverage,0.030070549507950607,5.08102019247143
67,208,correction_bias,-0.10946090519428253,-5.0477094260866195
67,412,top8_spectral_leverage,0.029833171646796875,5.027205343257606
68,100,correction_bias,-0.42907392978668213,-18.171626037384335
68,289,correction_bias,-0.4262773096561432,-18.063219484542238
68,184,correction_bias,-0.4056825637817383,-17.264896758290178
68,87,correction_bias,-0.3716922700405121,-15.947316821587604
68,28,correction_bias,-0.3542915880680084,-15.272806926896534
68,64,correction_bias,-0.34588730335235596,-14.947028132279963
68,507,correction_bias,-0.3426913321018219,-14.823141365368192
68,655,correction_bias,-0.3290921449661255,-14.295990400982001
68,232,correction_bias,-0.32529932260513306,-14.148967645475203
68,84,correction_bias,-0.32527628540992737,-14.148074645066558
68,661,correction_bias,-0.3142778277397156,-13.721736841949332
68,57,correction_bias,-0.3126864731311798,-13.660050499361393
68,80,correction_bias,-0.3026898503303528,-13.272547239241641
68,288,correction_bias,-0.28950005769729614,-12.761265804756576
68,312,correction_bias,-0.28469356894493103,-12.574949876029494
68,740,correction_bias,-0.2756921350955963,-12.22602354041934
68,36,correction_bias,-0.2738863229751587,-12.156024091828016
68,862,correction_bias,-0.2734967768192291,-12.140923951670947
68,39,correction_bias,-0.2715008854866028,-12.063556383278401
68,861,correction_bias,-0.26488372683525085,-11.807052701863478
68,125,correction_bias,-0.26409912109375,-11.776638702175992
68,648,correction_bias,-0.2614904046058655,-11.675515936625633
68,3,correction_bias,-0.25967147946357727,-11.605008182497695
68,503,correction_bias,-0.25948819518089294,-11.597903457383628
68,852,correction_bias,-0.2544979155063629,-11.404463164464929
68,325,correction_bias,-0.24649390578269958,-11.094200396353568
68,881,correction_bias,-0.24167275428771973,-10.90731608961736
68,88,correction_bias,-0.23989801108837128,-10.838520978575861
68,679,correction_bias,-0.23989085853099823,-10.838243721010434
68,554,correction_bias,-0.23290064930915833,-10.567279324698708
68,445,correction_bias,-0.22869832813739777,-10.404382995951288
68,521,correction_bias,-0.22830215096473694,-10.389025814926272
68,185,correction_bias,-0.224699005484581,-10.249355583482643
68,792,correction_bias,-0.22430232167243958,-10.233978763380074
68,733,correction_bias,-0.22229917347431183,-10.156329894082608
68,882,correction_bias,-0.21949402987957,-10.047592942641709
68,893,correction_bias,-0.2138957977294922,-9.830586334281644
68,77,correction_bias,-0.20910155773162842,-9.644745209135356
68,735,correction_bias,-0.19749848544597626,-9.194970477440629
68,575,correction_bias,-0.19650189578533173,-9.156339256657802
68,216,correction_bias,-0.19289596378803253,-9.01656101028764
68,381,correction_bias,-0.19189444184303284,-8.977738597308655
68,196,correction_bias,-0.18689824640750885,-8.78406898927855
68,422,correction_bias,-0.1843009740114212,-8.683389835832875
68,845,correction_bias,-0.18409621715545654,-8.675452760402598
68,690,correction_bias,-0.18029636144638062,-8.528157368289797
68,484,correction_bias,-0.17929406464099884,-8.489304919074558
68,544,correction_bias,-0.1784992665052414,-8.458495827356339
68,159,correction_bias,-0.17310155928134918,-8.249262250367005
68,640,correction_bias,-0.17250406742095947,-8.226101424115075
68,873,correction_bias,-0.17090408504009247,-8.164080639588843
68,241,correction_bias,-0.17070168256759644,-8.156234828107186
68,53,correction_bias,-0.170501708984375,-8.14848316867379
68,82,correction_bias,-0.16689519584178925,-8.008682395126439
68,399,correction_bias,-0.16529296338558197,-7.946574389991081
68,359,correction_bias,-0.16489538550376892,-7.931162912692836
68,457,correction_bias,-0.1643027365207672,-7.908189812917498
68,210,correction_bias,-0.16289858520030975,-7.853760109484684
68,434,correction_bias,-0.15950512886047363,-7.722218145667488
68,779,correction_bias,-0.157304048538208,-7.636896750866755
68,435,correction_bias,-0.1572972685098648,-7.636633933799528
68,244,correction_bias,-0.1548982858657837,-7.5436411687353875
68,124,correction_bias,-0.15170276165008545,-7.419771730421456
68,487,correction_bias,-0.15110178291797638,-7.39647574110638
68,702,correction_bias,-0.15089470148086548,-7.388448556967342
68,344,correction_bias,-0.14609336853027344,-7.202332484735338
68,687,correction_bias,-0.1452997922897339,-7.171570757851214
68,535,correction_bias,-0.1444959193468094,-7.140409895596861
68,66,top8_spectral_leverage,0.04008227285895127,7.122918728676653
68,34,correction_bias,-0.1436932533979416,-7.109295820556673
68,394,correction_bias,-0.14329412579536438,-7.093824270785919
68,866,correction_bias,-0.1424955278635025,-7.0628678859860665
68,718,correction_bias,-0.14189749956130981,-7.039686265416731
68,524,correction_bias,-0.1418929547071457,-7.039510091338698
68,768,correction_bias,-0.14169521629810333,-7.031845074894498
68,559,correction_bias,-0.1408988982439041,-7.000977065943627
68,727,top8_spectral_leverage,0.039388287816616525,6.972492674166538
68,626,correction_bias,-0.13930171728134155,-6.9390648739638525
68,436,correction_bias,-0.13709723949432373,-6.8536117818195414
68,815,correction_bias,-0.1364956796169281,-6.830293265327276
68,412,correction_bias,-0.13520704209804535,-6.780341271576107
68,635,correction_bias,-0.13509564101696014,-6.776022984994583
68,818,correction_bias,-0.13469162583351135,-6.760361975887453
68,759,top8_spectral_leverage,0.0375354025006949,6.570866975439482
68,79,top8_spectral_leverage,0.037228673127906786,6.504381263880554
68,439,correction_bias,-0.12769445776939392,-6.489127831069365
68,14,correction_bias,-0.12749193608760834,-6.4812773986282854
68,541,correction_bias,-0.12689384818077087,-6.4580934675792365
68,577,correction_bias,-0.12629438936710358,-6.434856395496816
68,494,correction_bias,-0.12529121339321136,-6.3959698667058245
68,585,correction_bias,-0.1250939518213272,-6.388323334099319
68,300,correction_bias,-0.12489435821771622,-6.380586403974086
68,245,top8_spectral_leverage,0.03592003289195868,6.220724447871102
68,122,correction_bias,-0.12029502540826797,-6.202300547485684
68,103,correction_bias,-0.12029249221086502,-6.202202352097928
68,686,correction_bias,-0.11929342150688171,-6.163474957597093
68,391,correction_bias,-0.11769592761993408,-6.101550635598831
68,466,correction_bias,-0.11669132858514786,-6.062608944104718
68,695,correction_bias,-0.11649325489997864,-6.054930931212139
68,97,nearest_cosine,0.717829704284668,6.021832612620643
68,142,nearest_cosine,0.717829704284668,6.021832612620643
68,364,nearest_cosine,0.7168636322021484,6.009094092065147
68,891,nearest_cosine,0.7168636322021484,6.009094092065147
68,349,correction_bias,-0.11529716104269028,-6.008566246023646
68,444,top8_spectral_leverage,0.034852958299479465,5.989428654701526
68,120,nearest_cosine,0.7051337361335754,5.854424968624951
68,565,nearest_cosine,0.7051337361335754,5.854424968624951
68,139,correction_bias,-0.11109311133623123,-5.845602913364581
68,842,correction_bias,-0.10989769548177719,-5.7992645098828115
68,16,correction_bias,-0.10949390381574631,-5.783612165074602
68,75,nearest_cosine,0.6996095776557922,5.781584020631164
68,143,nearest_cosine,0.6996095776557922,5.781584020631164
68,571,correction_bias,-0.10629411786794662,-5.65957752746127
68,247,correction_bias,-0.10549381375312805,-5.628555005179666
68,694,top8_spectral_leverage,0.033170188214552435,5.624676608070058
68,150,correction_bias,-0.10509274154901505,-5.6130080760083105
68,401,correction_bias,-0.10469108819961548,-5.597438619659766
68,286,correction_bias,-0.10429452359676361,-5.5820664205166235
68,777,correction_bias,-0.10329274088144302,-5.543233899188897
68,129,correction_bias,-0.10309821367263794,-5.5356933598391755
68,162,correction_bias,-0.10249178856611252,-5.512186250440426
68,39,top8_spectral_leverage,0.03258019336684138,5.496791146988809
68,557,correction_bias,-0.10209216177463531,-5.496695350402085
68,564,correction_bias,-0.1014922484755516,-5.47344066091186
68,174,correction_bias,-0.10029132664203644,-5.426888826866705
68,246,correction_bias,-0.10009244084358215,-5.41917933368805
68,270,correction_bias,-0.09849078208208084,-5.35709356691992
68,814,top8_spectral_leverage,0.03182522107180018,5.333145683931819
68,175,correction_bias,-0.09689270704984665,-5.2951467177444655
68,398,correction_bias,-0.09649129211902618,-5.279586503314768
68,579,correction_bias,-0.09648967534303665,-5.279523831552583
68,195,nearest_cosine,0.6585409045219421,5.240056999647312
68,568,nearest_cosine,0.6585409045219421,5.240056999647312
68,728,top8_spectral_leverage,0.0313619022372152,5.23271812423634
68,673,correction_bias,-0.09449253976345062,-5.202108031896052
68,619,correction_bias,-0.0942927896976471,-5.194365036761575
68,674,correction_bias,-0.09409204125404358,-5.186583341091924
68,746,correction_bias,-0.09329339861869812,-5.155625223432289
68,76,nearest_cosine,0.6479867696762085,5.100891334775582
68,253,nearest_cosine,0.6479867696762085,5.100891334775582
68,1,correction_bias,-0.09149303287267685,-5.08583689492464
68,480,correction_bias,-0.09129295498132706,-5.078081192151748
68,773,correction_bias,-0.08989240229129791,-5.023790983931539
68,95,correction_bias,-0.08929381519556046,-5.000587702614904
68,552,correction_bias,-0.08929266780614853,-5.00054322588045
69,55,correction_bias,-0.6566333174705505,-52.34175345280811
69,266,correction_bias,-0.4655914008617401,-37.78695885856888
69,351,correction_bias,-0.4281880557537079,-34.937332897688286
69,667,correction_bias,-0.38398900628089905,-31.569966731368723
69,15,correction_bias,-0.3713912069797516,-30.610185839183124
69,555,correction_bias,-0.36719462275505066,-30.29046322295216
69,161,correction_bias,-0.3649904727935791,-30.12253698711037
69,708,correction_bias,-0.357006698846817,-29.514282045238613
69,826,correction_bias,-0.3414085805416107,-28.325917669404813
69,25,correction_bias,-0.3403942286968231,-28.24863786082018
69,455,correction_bias,-0.32660821080207825,-27.19833087954451
69,865,correction_bias,-0.3244040608406067,-27.030404643702717
69,869,correction_bias,-0.32341083884239197,-26.954734641919305
69,210,correction_bias,-0.31879836320877075,-26.60332675924109
69,74,correction_bias,-0.3097950220108032,-25.91739466578016
69,294,correction_bias,-0.2954161763191223,-24.821922272812003
69,126,correction_bias,-0.28160104155540466,-23.769396982305306
69,569,correction_bias,-0.2660108804702759,-22.581638838369855
69,833,correction_bias,-0.25402191281318665,-21.6682426332678
69,225,correction_bias,-0.23921287059783936,-20.539995118754238
69,265,correction_bias,-0.23442582786083221,-20.175287598081415
69,226,correction_bias,-0.21021495759487152,-18.330748714029088
69,830,correction_bias,-0.1992274969816208,-17.493653718454787
69,824,correction_bias,-0.19841282069683075,-17.43158647061516
69,660,correction_bias,-0.19781817495822906,-17.386282556503946
69,412,correction_bias,-0.1870201677083969,-16.563621329385764
69,680,correction_bias,-0.18441461026668549,-16.3651133053836
69,145,correction_bias,-0.18382582068443298,-16.32025555070319
69,275,correction_bias,-0.17642928659915924,-15.756740295876211
69,347,correction_bias,-0.17601501941680908,-15.72517877339323
69,557,correction_bias,-0.17321379482746124,-15.511763575126686
69,786,correction_bias,-0.17241837084293365,-15.451163090606649
69,237,correction_bias,-0.17221903800964355,-15.435976640973369
69,244,correction_bias,-0.1686224490404129,-15.161965499249694
69,657,correction_bias,-0.1676127016544342,-15.085036487774776
69,874,correction_bias,-0.16202202439308167,-14.659102951166204
69,615,correction_bias,-0.15962891280651093,-14.476780410637291
69,751,correction_bias,-0.15902231633663177,-14.430566013412832
69,135,correction_bias,-0.15742169320583344,-14.308620310055687
69,193,correction_bias,-0.15521672368049622,-14.1406316345989
69,246,correction_bias,-0.1526263803243637,-13.943282716904246
69,634,correction_bias,-0.1488107591867447,-13.652584304255882
69,616,correction_bias,-0.14401505887508392,-13.287217194195533
69,108,correction_bias,-0.14201734960079193,-13.135018929738916
69,831,correction_bias,-0.13872931897640228,-12.884515735429188
69,852,correction_bias,-0.13781379163265228,-12.814765009147603
69,876,correction_bias,-0.13661830127239227,-12.723684910382644
69,621,correction_bias,-0.1334254890680313,-12.480436064069975
69,91,correction_bias,-0.13001520931720734,-12.220619149733977
69,51,correction_bias,-0.12801069021224976,-12.067902068840011
69,745,correction_bias,-0.1254127323627472,-11.86997303035874
69,435,correction_bias,-0.11880998313426971,-11.366933380821798
69,832,correction_bias,-0.11841102689504623,-11.336538343873556
69,27,correction_bias,-0.11701098084449768,-11.22987388483792
69,523,correction_bias,-0.11621089279651642,-11.168918062145258
69,754,correction_bias,-0.11520987004041672,-11.092653748753635
69,570,correction_bias,-0.11341286450624466,-10.955746378377205
69,642,correction_bias,-0.1124119907617569,-10.879493417642855
69,809,correction_bias,-0.11161160469055176,-10.818514889635647
69,750,correction_bias,-0.10880779474973679,-10.604902722765427
69,635,correction_bias,-0.10800991207361221,-10.544114919400396
69,719,correction_bias,-0.10600894689559937,-10.391668599382378
69,580,correction_bias,-0.1058175340294838,-10.377085543483124
69,204,correction_bias,-0.1054203137755394,-10.346822764992105
69,72,correction_bias,-0.10420960932970047,-10.254583559919634
69,878,correction_bias,-0.10221055895090103,-10.102283121547567
69,611,top8_spectral_leverage,0.04999204099484642,10.007535322160114
69,817,correction_bias,-0.10040991008281708,-9.965098178700826
69,407,correction_bias,-0.10000966489315033,-9.934604941267178
69,782,correction_bias,-0.09921075403690338,-9.873738804566967
69,717,correction_bias,-0.09880941361188889,-9.843162125102365
69,815,correction_bias,-0.09861025214195251,-9.827988731024947
69,513,correction_bias,-0.09301136434078217,-9.401429663000668
69,791,correction_bias,-0.09100799262523651,-9.248799997567701
69,234,top8_spectral_leverage,0.04663670414729107,9.214798623764606
69,683,correction_bias,-0.09001293778419495,-9.172990358099838
69,785,correction_bias,-0.0898091197013855,-9.157462193482658
69,777,correction_bias,-0.08940991759300232,-9.127048424649916
69,381,correction_bias,-0.08860945701599121,-9.066064220314074
69,284,correction_bias,-0.08801013976335526,-9.02040440039737
69,300,correction_bias,-0.08741077035665512,-8.974740607050622
69,76,correction_bias,-0.08641122281551361,-8.898588684965995
69,464,correction_bias,-0.0862092450261116,-8.88320072566613
69,1,correction_bias,-0.0842103511095047,-8.730912207584197
69,26,correction_bias,-0.08360729366540909,-8.684967435969957
69,508,correction_bias,-0.08341022580862045,-8.669953546727218
69,424,correction_bias,-0.08281128853559494,-8.624322676086559
69,638,correction_bias,-0.08161083608865738,-8.532864533834427
69,71,correction_bias,-0.08081013709306717,-8.471862165246948
69,647,correction_bias,-0.07801158726215363,-8.258650747178445
69,658,correction_bias,-0.07721232622861862,-8.197757931733642
69,398,correction_bias,-0.07661058753728867,-8.151913631136264
69,122,nearest_cosine,0.871195912361145,8.114165721655088
69,346,nearest_cosine,0.871195912361145,8.114165721655088
69,292,correction_bias,-0.07581951469182968,-8.09164464420858
69,116,correction_bias,-0.07480954378843307,-8.014698603747751
69,400,correction_bias,-0.07461081445217133,-7.999558132376424
69,452,correction_bias,-0.07400969415903091,-7.9537609453067235
69,332,correction_bias,-0.07161035388708115,-7.770963863703824
69,182,correction_bias,-0.07001061737537384,-7.649085708657453
69,649,correction_bias,-0.06911110132932663,-7.580554825399787
69,389,correction_bias,-0.06841074675321579,-7.527197336219537
69,387,correction_bias,-0.06801588833332062,-7.497114497346285
69,545,correction_bias,-0.06800968199968338,-7.496641659170889
69,703,correction_bias,-0.06781123578548431,-7.481522757848379
69,438,correction_bias,-0.06780674308538437,-7.481180475231617
69,93,top8_spectral_leverage,0.03911889827686611,7.438631021027148
69,670,correction_bias,-0.06720934063196182,-7.435666536960863
69,20,correction_bias,-0.06700731068849564,-7.420274604230953
69,565,correction_bias,-0.06681008636951447,-7.4052487946980765
69,334,correction_bias,-0.06680825352668762,-7.405109157013625
69,281,top8_spectral_leverage,0.038971282696668524,7.403755152226425
69,493,top8_spectral_leverage,0.03890012450197314,7.386943215038149
69,697,correction_bias,-0.06400734186172485,-7.1917177993273524
69,304,correction_bias,-0.06301172822713852,-7.115865587394718
69,486,correction_bias,-0.0630071610212326,-7.115517628449321
69,884,correction_bias,-0.06240934878587723,-7.069972470371069
69,474,correction_bias,-0.06200960651040077,-7.039517548155713
69,271,correction_bias,-0.0620085671544075,-7.0394383633712385
69,869,top8_spectral_leverage,0.03734764600352866,7.020152417242821
69,870,top8_spectral_leverage,0.03717001380566334,6.978184779279113
69,636,nearest_cosine,0.7875725626945496,6.975076985599087
69,97,correction_bias,-0.06060993671417236,-6.9328817545796895
69,172,correction_bias,-0.06001017242670059,-6.8871878766911685
69,850,correction_bias,-0.05820721015334129,-6.749826683840274
69,814,correction_bias,-0.0580076165497303,-6.734620367056767
69,66,correction_bias,-0.057009726762771606,-6.658594743284297
69,394,correction_bias,-0.05700963735580444,-6.658587931689934
69,283,correction_bias,-0.057007212191820145,-6.658403167192826
69,377,correction_bias,-0.056807637214660645,-6.643198269491477
69,720,correction_bias,-0.05640742555260658,-6.6127075864057145
69,614,correction_bias,-0.05581095069646835,-6.567264318426482
69,504,correction_bias,-0.054608169943094254,-6.475628790904471
69,509,correction_bias,-0.05460810661315918,-6.47562396602513
69,606,correction_bias,-0.05420820787549019,-6.44515712351964
69,35,correction_bias,-0.05400857329368591,-6.4299476847553825
69,261,correction_bias,-0.05340808257460594,-6.384198462662659
69,144,correction_bias,-0.05260670930147171,-6.323144723301022
69,415,top8_spectral_leverage,0.03438367398077679,6.319880133950342
69,6,correction_bias,-0.05240795388817787,-6.308002265214672
69,554,correction_bias,-0.05100981146097183,-6.201482836375689
69,813,top8_spectral_leverage,0.0337199708173873,6.163072672176906
69,205,correction_bias,-0.0500091016292572,-6.12524236356434
69,812,correction_bias,-0.04980882629752159,-6.10998410837381
69,310,nearest_cosine,0.7238368988037109,6.106891519308123
69,599,nearest_cosine,0.7238368988037109,6.106891519308123
69,93,correction_bias,-0.04940788447856903,-6.079437797267413
69,829,correction_bias,-0.048807933926582336,-6.033729728557302
69,532,correction_bias,-0.04820822551846504,-5.988040107915259
69,845,correction_bias,-0.04820660874247551,-5.987916931583854
69,632,correction_bias,-0.048206400126218796,-5.987901037863672
69,310,top8_spectral_leverage,0.03292062110440033,5.974217161947472
69,625,correction_bias,-0.047906432300806046,-5.96504757114148
69,64,correction_bias,-0.04740692675113678,-5.926992044882258
69,775,correction_bias,-0.04720732942223549,-5.911785444282319
69,823,correction_bias,-0.044608041644096375,-5.71375508333489
69,290,correction_bias,-0.04441019147634506,-5.698681592641469
69,711,correction_bias,-0.04420731961727142,-5.683225517397969
69,851,correction_bias,-0.04380842298269272,-5.652835021512635
69,373,correction_bias,-0.04380805045366287,-5.652806639869454
69,162,correction_bias,-0.04320983588695526,-5.607230829616567
69,186,top8_spectral_leverage,0.03134223255096748,5.601304817380559
69,259,correction_bias,-0.043010227382183075,-5.592023377567332
69,11,correction_bias,-0.04260667413473129,-5.5612781111422365
69,287,nearest_cosine,0.681942343711853,5.536218184677568
69,301,correction_bias,-0.04160749912261963,-5.485154570700791
69,196,correction_bias,-0.041411347687244415,-5.470210500300277
69,371,correction_bias,-0.0412103645503521,-5.454898319987704
69,806,correction_bias,-0.040607426315546036,-5.408962630499281
69,165,nearest_cosine,0.6721537113189697,5.402880774198539
69,640,nearest_cosine,0.6721537113189697,5.402880774198539
69,422,top8_spectral_leverage,0.029958220122782417,5.274316055087691
69,270,correction_bias,-0.038611188530921936,-5.25687647353323
69,325,correction_bias,-0.038208261132240295,-5.226178888268677
69,164,nearest_cosine,0.6555517315864563,5.176734271039621
69,269,correction_bias,-0.037206873297691345,-5.149886760866739
69,737,correction_bias,-0.036008723080158234,-5.058604017169467
69,79,correction_bias,-0.03580804914236069,-5.043315393620735
69,385,correction_bias,-0.035609807819128036,-5.028212102201974
70,45,correction_bias,-0.5696048140525818,-42.80929387123364
70,555,correction_bias,-0.510361909866333,-38.55853084546316
70,396,correction_bias,-0.4909689426422119,-37.16705773710384
70,483,correction_bias,-0.4851824939250946,-36.751871773567835
70,819,correction_bias,-0.4827521741390228,-36.57749285630621
70,285,correction_bias,-0.4501696527004242,-34.2396503869001
70,406,correction_bias,-0.44656631350517273,-33.981105650937614
70,145,correction_bias,-0.4251633584499359,-32.44541304368448
70,312,correction_bias,-0.3569643795490265,-27.552038860070834
70,65,correction_bias,-0.3231600522994995,-25.126530077928976
70,520,correction_bias,-0.32017776370048523,-24.912546609647062
70,422,correction_bias,-0.3163553476333618,-24.6382827950954
70,426,correction_bias,-0.30615124106407166,-23.906123568407313
70,891,correction_bias,-0.3047725260257721,-23.807198794404794
70,388,correction_bias,-0.2881815433502197,-22.61677208107688
70,807,correction_bias,-0.26255831122398376,-20.778268563752356
70,438,correction_bias,-0.26117974519729614,-20.67935448154591
70,215,correction_bias,-0.25497978925704956,-20.23449878390232
70,118,correction_bias,-0.24378269910812378,-19.431091566530952
70,434,correction_bias,-0.2399851232767105,-19.158610074384963
70,352,correction_bias,-0.23718592524528503,-18.95776361594016
70,666,correction_bias,-0.23378679156303406,-18.713870917318587
70,511,correction_bias,-0.23218850791454315,-18.599191781799842
70,329,correction_bias,-0.22638292610645294,-18.182632991647825
70,663,correction_bias,-0.21878312528133392,-17.637336423318306
70,544,correction_bias,-0.21817992627620697,-17.5940560328075
70,340,correction_bias,-0.21798960864543915,-17.580400470860763
70,798,correction_bias,-0.2089885026216507,-16.934558252243786
70,358,correction_bias,-0.2037864774465561,-16.561305512913158
70,522,correction_bias,-0.19257815182209015,-15.757092134117748
70,332,correction_bias,-0.19098103046417236,-15.64249639460839
70,478,correction_bias,-0.17959028482437134,-14.82519411905821
70,392,correction_bias,-0.17958636581897736,-14.824912924821442
70,744,correction_bias,-0.17799006402492523,-14.710375990190494
70,854,correction_bias,-0.16218459606170654,-13.576311079870912
70,682,correction_bias,-0.16017797589302063,-13.432333215568384
70,115,correction_bias,-0.1589847356081009,-13.346716520140173
70,346,correction_bias,-0.15578442811965942,-13.117089885021212
70,626,correction_bias,-0.14898088574409485,-12.628925998197017
70,697,correction_bias,-0.14857026934623718,-12.599463684933287
70,239,correction_bias,-0.1467895656824112,-12.471695652659768
70,521,correction_bias,-0.14397545158863068,-12.269778945427877
70,865,correction_bias,-0.14178688824176788,-12.112746398118013
70,488,correction_bias,-0.14039018750190735,-12.012531124329266
70,694,correction_bias,-0.13698439300060272,-11.768160502423148
70,405,correction_bias,-0.1259775012731552,-10.978400293561663
70,68,correction_bias,-0.12437591701745987,-10.863484334759862
70,539,correction_bias,-0.12417975813150406,-10.849409654406992
70,527,correction_bias,-0.12318533658981323,-10.778058487891588
70,194,correction_bias,-0.12237655371427536,-10.720027160926177
70,516,correction_bias,-0.12137587368488312,-10.648226938975634
70,284,correction_bias,-0.12077424675226212,-10.605059346913416
70,526,correction_bias,-0.11538873612880707,-10.218641264486077
70,151,top8_spectral_leverage,0.04480411978180237,10.171888117482524
70,874,correction_bias,-0.11337359994649887,-10.074052364037874
70,575,correction_bias,-0.11177429556846619,-9.959299989716019
70,8,correction_bias,-0.11077489703893661,-9.88759171721172
70,742,correction_bias,-0.10617552697658539,-9.557580343336225
70,813,correction_bias,-0.10458488017320633,-9.443449162366315
70,625,correction_bias,-0.10158371925354004,-9.228111578111525
70,236,correction_bias,-0.09857331216335297,-9.012110567910293
70,165,correction_bias,-0.09417299181222916,-8.696381295231522
70,398,top8_spectral_leverage,0.039378911392593446,8.67930594946115
70,280,correction_bias,-0.09377478808164597,-8.667809608580823
70,703,correction_bias,-0.09117640554904938,-8.481371949116228
70,655,correction_bias,-0.08997388929128647,-8.395089689382363
70,653,correction_bias,-0.08957651257514954,-8.366577342199879
70,418,correction_bias,-0.0895749107003212,-8.366462405392076
70,44,nearest_cosine,0.8945307731628418,8.178000912179304
70,791,nearest_cosine,0.8945307731628418,8.178000912179304
70,660,correction_bias,-0.08658556640148163,-8.151972680566017
70,872,top8_spectral_leverage,0.03734469986198713,8.119654109615569
70,817,correction_bias,-0.08497229218482971,-8.036217950362149
70,395,correction_bias,-0.08457445353269577,-8.007672458611832
70,695,correction_bias,-0.08438020944595337,-7.993735167838522
70,768,correction_bias,-0.08417608588933945,-7.979089010985452
70,373,correction_bias,-0.07997112721204758,-7.677377217550553
70,248,correction_bias,-0.0795755535364151,-7.6489942411005725
70,324,correction_bias,-0.07877331972122192,-7.59143281857265
70,512,correction_bias,-0.07857290655374527,-7.577052887441842
70,135,correction_bias,-0.07757433503866196,-7.5054039544057565
70,622,top8_spectral_leverage,0.03502314004399362,7.480947070596683
70,572,correction_bias,-0.07697601616382599,-7.4624737202163995
70,625,top8_spectral_leverage,0.03487237649008404,7.439469033992491
70,31,nearest_cosine,0.8373240232467651,7.438762632248787
70,286,nearest_cosine,0.8373240232467651,7.438762632248787
70,13,correction_bias,-0.07638073712587357,-7.419761598666967
70,618,correction_bias,-0.07597515732049942,-7.3906606681105655
70,4,correction_bias,-0.07297418266534805,-7.175336448600869
70,775,top8_spectral_leverage,0.033402103462085435,7.034967833987251
70,103,correction_bias,-0.07097841799259186,-7.0321374816423905
70,856,top8_spectral_leverage,0.03285313640558192,6.883936135186864
70,246,correction_bias,-0.06797254085540771,-6.816461502041833
70,73,correction_bias,-0.0673736184835434,-6.773487966078373
70,223,correction_bias,-0.06677629798650742,-6.730629366922717
70,704,correction_bias,-0.06617603451013565,-6.687559604794584
70,351,correction_bias,-0.06517395377159119,-6.615658879960935
70,93,correction_bias,-0.06497322022914886,-6.601255961468567
70,383,correction_bias,-0.06417357176542282,-6.5438800416025416
70,583,correction_bias,-0.06337496638298035,-6.4865789643090395
70,152,correction_bias,-0.06317528337240219,-6.4722514229789985
70,855,correction_bias,-0.06297191977500916,-6.4576597942859095
70,856,correction_bias,-0.06238379701972008,-6.41546114624297
70,158,correction_bias,-0.05917113646864891,-6.184948161229407
70,337,correction_bias,-0.058975107967853546,-6.170882836198101
70,793,top8_spectral_leverage,0.030173087724506414,6.146601717073242
70,380,correction_bias,-0.057970475405454636,-6.098799014356672
70,568,correction_bias,-0.05757075920701027,-6.070118805975814
70,840,top8_spectral_leverage,0.029004565689688913,5.825118185569123
70,811,correction_bias,-0.053771037608385086,-5.797483351966345
70,408,correction_bias,-0.05277276784181595,-5.72585606981731
70,300,correction_bias,-0.052370212972164154,-5.696972182721227
70,456,top8_spectral_leverage,0.028508764646385572,5.6887135089132155
70,371,correction_bias,-0.0515710785984993,-5.639633149551659
70,105,correction_bias,-0.05077424645423889,-5.582459304631448
70,504,correction_bias,-0.05057109519839287,-5.567882911747765
70,358,top8_spectral_leverage,0.027972184453313197,5.541089681322313
70,397,nearest_cosine,0.6903051733970642,5.538952525230048
70,600,nearest_cosine,0.6903051733970642,5.538952525230048
70,448,correction_bias,-0.047572243958711624,-5.352711050332135
70,791,top8_spectral_leverage,0.027253417712102174,5.343342729696951
70,873,top8_spectral_leverage,0.027211491140452328,5.331807900300295
70,159,correction_bias,-0.04717279225587845,-5.324049819889309
70,881,correction_bias,-0.04637271538376808,-5.2666431611095685
70,648,top8_spectral_leverage,0.026935993775094914,5.25601312425312
70,225,nearest_cosine,0.6671718955039978,5.240019189847203
70,873,nearest_cosine,0.6671718955039978,5.240019189847203
70,437,correction_bias,-0.045969974249601364,-5.2377459092683925
70,105,top8_spectral_leverage,0.026862439836871175,5.235776980550535
70,648,nearest_cosine,0.6647616028785706,5.208872855242214
70,828,nearest_cosine,0.6647616028785706,5.208872855242214
70,477,correction_bias,-0.04417158663272858,-5.108709028095697
70,865,top8_spectral_leverage,0.026383798148992738,5.104093182077464
70,835,correction_bias,-0.043970368802547455,-5.0942713612660855
70,840,nearest_cosine,0.6549095511436462,5.0815624628672555
70,649,correction_bias,-0.043772902339696884,-5.080102860402657
70,340,top8_spectral_leverage,0.02625641563088846,5.0690477310274575
70,735,correction_bias,-0.04357343167066574,-5.065790554882022
70,613,correction_bias,-0.04297184571623802,-5.022625903063724
71,418,correction_bias,-0.6301041841506958,-78.53083371463323
71,820,correction_bias,-0.6294927000999451,-78.45725346287831
71,328,correction_bias,-0.6173268556594849,-76.9933299220415
71,618,correction_bias,-0.6136891841888428,-76.55560667761196
71,212,correction_bias,-0.4966529309749603,-62.47256237685333
71,698,correction_bias,-0.46807214617729187,-59.03341897125882
71,517,correction_bias,-0.42805537581443787,-54.21817639199184
71,691,correction_bias,-0.4110587239265442,-52.17295882112221
71,351,correction_bias,-0.38384583592414856,-48.898415277858284
71,579,correction_bias,-0.3814760446548462,-48.613256837523174
71,765,correction_bias,-0.333075612783432,-42.78920311482484
71,228,correction_bias,-0.31786414980888367,-40.95879842339626
71,455,correction_bias,-0.31606337428092957,-40.742109997037005
71,629,correction_bias,-0.2902812063694,-37.6397258818849
71,741,correction_bias,-0.230696439743042,-30.46985428222035
71,718,correction_bias,-0.20787839591503143,-27.724145040321897
71,473,correction_bias,-0.20028455555438995,-26.81037356118574
71,431,correction_bias,-0.1946669965982437,-26.134409238430514
71,132,correction_bias,-0.1866951435804367,-25.175151263863064
71,32,correction_bias,-0.18248023092746735,-24.66796823308782
71,581,correction_bias,-0.1814868152141571,-24.54842990957322
71,464,correction_bias,-0.17607733607292175,-23.897503958869503
71,544,correction_bias,-0.17487774789333344,-23.75315677573698
71,423,correction_bias,-0.16787995398044586,-22.91110793209641
71,301,correction_bias,-0.16768226027488708,-22.88731932696841
71,179,correction_bias,-0.155289888381958,-21.396137598511515
71,141,correction_bias,-0.15408244729042053,-21.250845469656337
71,526,correction_bias,-0.14927645027637482,-20.672536894326015
71,621,correction_bias,-0.14587904512882233,-20.26372504426474
71,103,correction_bias,-0.14408762753009796,-20.04816266328276
71,307,correction_bias,-0.14129029214382172,-19.711557576506664
71,91,correction_bias,-0.13188019394874573,-18.579234675554257
71,140,correction_bias,-0.13027802109718323,-18.38644423134213
71,881,correction_bias,-0.12588383257389069,-17.8576888248757
71,625,correction_bias,-0.11808237433433533,-16.91893455873055
71,894,correction_bias,-0.11807790398597717,-16.91839663896433
71,463,correction_bias,-0.11187772452831268,-16.172325233078062
71,221,correction_bias,-0.10907959192991257,-15.835624217276992
71,828,correction_bias,-0.10807616263628006,-15.714880953486063
71,775,correction_bias,-0.10687786340713501,-15.5706888705528
71,318,correction_bias,-0.10687479376792908,-15.570319498979996
71,850,correction_bias,-0.10507769137620926,-15.354073063361982
71,446,correction_bias,-0.10487551242113113,-15.329744745401882
71,492,correction_bias,-0.10067449510097504,-14.82423374856663
71,86,correction_bias,-0.09227757155895233,-13.813826776495501
71,390,correction_bias,-0.09127788990736008,-13.693534468775253
71,704,correction_bias,-0.0900779440999031,-13.549144252061433
71,855,correction_bias,-0.08888285607099533,-13.4053385748269
71,449,correction_bias,-0.0876758024096489,-13.260093065684792
71,0,correction_bias,-0.08748327195644379,-13.236925757886778
71,788,correction_bias,-0.0870770812034607,-13.188048574862425
71,811,correction_bias,-0.08667454868555069,-13.139611589513425
71,115,correction_bias,-0.08547739684581757,-12.99555757265349
71,219,correction_bias,-0.08487716317176819,-12.923331085643552
71,846,correction_bias,-0.08327951282262802,-12.731084836928247
71,703,correction_bias,-0.08167661726474762,-12.53820742902058
71,209,correction_bias,-0.08087640255689621,-12.44191710126893
71,335,correction_bias,-0.08028611540794373,-12.370887485738821
71,645,correction_bias,-0.08007582277059555,-12.345582843403037
71,592,correction_bias,-0.07987569272518158,-12.32150107200245
71,679,correction_bias,-0.07987507432699203,-12.321426659768122
71,421,correction_bias,-0.07787416130304337,-12.080655565475336
71,686,correction_bias,-0.07707733660936356,-11.984773160213066
71,264,correction_bias,-0.07667610049247742,-11.93649217159627
71,404,correction_bias,-0.07547632604837418,-11.792122575140155
71,637,correction_bias,-0.07247770577669144,-11.4312967543572
71,266,correction_bias,-0.07127796113491058,-11.28693074403286
71,408,correction_bias,-0.07067710906267166,-11.214629844788593
71,82,correction_bias,-0.068082295358181,-10.902394316488008
71,528,correction_bias,-0.06507300585508347,-10.540284660529682
71,882,correction_bias,-0.06267905235290527,-10.252218763858165
71,527,correction_bias,-0.06047505512833595,-9.987010422852618
71,300,correction_bias,-0.059075452387332916,-9.818595364580137
71,869,correction_bias,-0.05587727203965187,-9.433756357166788
71,414,correction_bias,-0.05468442663550377,-9.290220536348308
71,762,correction_bias,-0.052474722266197205,-9.024325451107892
71,634,correction_bias,-0.05227465182542801,-9.000250851970856
71,514,correction_bias,-0.05148114636540413,-8.904767852135
71,728,correction_bias,-0.05047600343823433,-8.783818385767024
71,701,correction_bias,-0.050272319465875626,-8.759308968152297
71,885,correction_bias,-0.05007342994213104,-8.735376469486836
71,633,correction_bias,-0.04947773739695549,-8.663696419306078
71,186,correction_bias,-0.047274768352508545,-8.398611799846762
71,346,correction_bias,-0.04667619988322258,-8.326585687949738
71,824,correction_bias,-0.04667283594608307,-8.326180903325659
71,786,correction_bias,-0.04667241871356964,-8.326130697480812
71,143,correction_bias,-0.0464714914560318,-8.30195299705525
71,565,correction_bias,-0.04567660763859749,-8.206304138624812
71,834,correction_bias,-0.04507794231176376,-8.134266371799521
71,729,correction_bias,-0.044271551072597504,-8.037232818237547
71,296,correction_bias,-0.043877553194761276,-7.98982281137555
71,21,correction_bias,-0.043075721710920334,-7.893337935975117
71,574,correction_bias,-0.042478058487176895,-7.821420752830751
71,364,correction_bias,-0.0420728400349617,-7.772660567355551
71,756,correction_bias,-0.04107203334569931,-7.652232883160805
71,731,correction_bias,-0.04027305543422699,-7.556091379877806
71,116,correction_bias,-0.040076691657304764,-7.532462805880258
71,614,correction_bias,-0.03967595845460892,-7.4842423332371615
71,636,correction_bias,-0.03907517343759537,-7.41194950278939
71,138,correction_bias,-0.037673238664865494,-7.243253829705531
71,457,correction_bias,-0.03687775135040283,-7.147532352106652
71,830,correction_bias,-0.03687350079417229,-7.147020880062276
71,486,correction_bias,-0.03647337108850479,-7.0988730265876185
71,875,correction_bias,-0.035871632397174835,-7.026465439923052
71,622,correction_bias,-0.03547776862978935,-6.979071570654042
71,541,correction_bias,-0.035472869873046875,-6.978482100243562
71,465,correction_bias,-0.035073958337306976,-6.930480829905201
71,327,correction_bias,-0.034873928874731064,-6.906411161699354
71,27,nearest_cosine,0.8079885244369507,6.812518391227268
71,675,nearest_cosine,0.8079885244369507,6.812518391227268
71,683,correction_bias,-0.03387344628572464,-6.786022476687659
71,195,correction_bias,-0.03387206047773361,-6.785855721560131
71,406,correction_bias,-0.03327450528740883,-6.7139515381434505
71,276,correction_bias,-0.031872689723968506,-6.545270209586691
71,157,correction_bias,-0.03187214583158493,-6.545204762681801
71,603,correction_bias,-0.03167806193232536,-6.521850527765023
71,325,correction_bias,-0.03107452392578125,-6.449226428394555
71,422,correction_bias,-0.030676020309329033,-6.401274243234859
71,393,correction_bias,-0.030672933906316757,-6.4009028544629345
71,480,correction_bias,-0.02707599475979805,-5.968080955636569
71,114,correction_bias,-0.026273872703313828,-5.871561115451332
71,96,nearest_cosine,0.7326061725616455,5.837044309157525
71,588,nearest_cosine,0.7326061725616455,5.837044309157525
71,838,correction_bias,-0.025676419958472252,-5.799669259362626
71,239,correction_bias,-0.024672238156199455,-5.678835445744385
71,530,correction_bias,-0.024275870993733406,-5.631140341406295
71,748,correction_bias,-0.02427237667143345,-5.630719867455701
71,835,correction_bias,-0.024272212758660316,-5.63070014373094
71,106,correction_bias,-0.022473003715276718,-5.414200213423095
71,336,nearest_cosine,0.6986847519874573,5.398089225189816
71,689,nearest_cosine,0.6986847519874573,5.398089225189816
71,244,correction_bias,-0.021673107519745827,-5.317948212454787
71,495,nearest_cosine,0.6920821070671082,5.312648683303248
71,801,nearest_cosine,0.6920821070671082,5.312648683303248
71,510,correction_bias,-0.021278534084558487,-5.270468948422891
71,418,router_norm,1.684696078300476,-5.25870269287967
71,371,correction_bias,-0.021071886643767357,-5.245602934829808
71,298,nearest_cosine,0.6812641620635986,5.172660679351936
71,598,nearest_cosine,0.6812641620635986,5.172660679351936
71,877,correction_bias,-0.020273376256227493,-5.149517688989026
71,37,correction_bias,-0.019878491759300232,-5.102000994706731
71,14,correction_bias,-0.019674871116876602,-5.077499197622024
71,550,correction_bias,-0.019674446433782578,-5.077448095244233
71,417,correction_bias,-0.019473878666758537,-5.053313652533205
71,858,correction_bias,-0.01927841454744339,-5.029793334888608
71,668,correction_bias,-0.019075294956564903,-5.005351829644365
72,223,top8_spectral_leverage,0.07835760113506206,19.36707852420694
72,209,top8_spectral_leverage,0.07357469079573896,18.053183513957645
72,465,top8_spectral_leverage,0.07279028616677145,17.837702717768874
72,483,top8_spectral_leverage,0.058626606369784326,13.946852400331432
72,662,top8_spectral_leverage,0.04347734777211011,9.78525749924923
72,223,nearest_cosine,0.8270238041877747,9.481534621276687
72,465,nearest_cosine,0.8270238041877747,9.481534621276687
72,209,nearest_cosine,0.8157796263694763,9.299920778386348
72,62,correction_bias,-0.3209606409072876,-9.290467534569107
72,39,top8_spectral_leverage,0.03911048485984969,8.585653286791073
72,273,correction_bias,-0.27176105976104736,-7.952394008906156
72,855,correction_bias,-0.26856729388237,-7.865533644044078
72,770,correction_bias,-0.2655555307865143,-7.78362318118557
72,259,correction_bias,-0.23475384712219238,-6.945914475199489
72,105,correction_bias,-0.22376270592212677,-6.646990079625545
72,835,correction_bias,-0.21856391429901123,-6.505599334536633
72,697,correction_bias,-0.21296513080596924,-6.3533300713961545
72,7,correction_bias,-0.2069595754146576,-6.1899978948044305
72,177,correction_bias,-0.20316211879253387,-6.0867190446082535
72,70,correction_bias,-0.20276561379432678,-6.075935358476518
72,669,correction_bias,-0.20216771960258484,-6.059674521077525
72,449,correction_bias,-0.2021641731262207,-6.059578068099234
72,608,correction_bias,-0.18996155261993408,-5.7277052540880575
72,784,correction_bias,-0.18836535513401031,-5.684293713829294
72,833,top8_spectral_leverage,0.028279277247670168,5.610253660414032
72,792,correction_bias,-0.1783612221479416,-5.412212830537201
72,533,correction_bias,-0.17576570808887482,-5.341623029424868
72,432,correction_bias,-0.17336459457874298,-5.276320310475509
72,483,nearest_cosine,0.5637085437774658,5.228516116271944
72,662,nearest_cosine,0.5637085437774658,5.228516116271944
72,789,top8_spectral_leverage,0.026722737343341754,5.182662535249756
72,224,correction_bias,-0.16836762428283691,-5.14041846932768
72,23,correction_bias,-0.16556940972805023,-5.064315853661999
73,767,correction_bias,-0.353656142950058,-17.533599737336505
73,749,top8_spectral_leverage,0.06580620787012677,16.6822998533396
73,879,top8_spectral_leverage,0.06150298595658126,15.445912586439194
73,705,top8_spectral_leverage,0.05987720532879122,14.97879875699766
73,784,correction_bias,-0.2890579402446747,-14.57002011149163
73,217,correction_bias,-0.2850874364376068,-14.38786482397331
73,829,correction_bias,-0.25466278195381165,-12.99206923871887
73,463,correction_bias,-0.24887625873088837,-12.726600206923276
73,491,correction_bias,-0.2460702359676361,-12.597867958307042
73,643,correction_bias,-0.24506883323192596,-12.55192648283982
73,807,correction_bias,-0.24245761334896088,-12.432131229726508
73,548,correction_bias,-0.24226121604442596,-12.423121086627868
73,236,correction_bias,-0.23988394439220428,-12.314058705035698
73,887,correction_bias,-0.22768236696720123,-11.7542854490393
73,375,correction_bias,-0.227484330534935,-11.745200107477771
73,510,correction_bias,-0.22348499298095703,-11.561722010635028
73,336,correction_bias,-0.22346676886081696,-11.560885940452204
73,542,top8_spectral_leverage,0.047421538138356326,11.400078294888262
73,755,correction_bias,-0.21408355236053467,-11.130410972410862
73,469,top8_spectral_leverage,0.04479651634332861,10.64586584944311
73,344,correction_bias,-0.2004839926958084,-10.506502314662928
73,148,correction_bias,-0.19728799164295197,-10.3598789844811
73,706,correction_bias,-0.1962871551513672,-10.313963486664695
73,197,correction_bias,-0.19378796219825745,-10.199307706678516
73,43,correction_bias,-0.19088643789291382,-10.066194122165529
73,683,correction_bias,-0.1908850371837616,-10.06612986166088
73,364,correction_bias,-0.19006982445716858,-10.028730247955231
73,724,correction_bias,-0.1880878210067749,-9.937801633877063
73,42,correction_bias,-0.18528740108013153,-9.809326427279425
73,587,correction_bias,-0.18348728120326996,-9.726742108092154
73,62,correction_bias,-0.17968666553497314,-9.552380799440876
73,211,correction_bias,-0.17848807573318481,-9.49739294888835
73,415,correction_bias,-0.17568573355674744,-9.368829555002415
73,408,correction_bias,-0.17228153347969055,-9.21265465278916
73,94,correction_bias,-0.17148618400096893,-9.176166307729224
73,622,correction_bias,-0.17048344016075134,-9.130163306246914
73,576,correction_bias,-0.1682862490415573,-9.029362501236465
73,553,correction_bias,-0.15868690609931946,-8.58897227405228
73,200,correction_bias,-0.15828479826450348,-8.57052472386132
73,414,correction_bias,-0.15668123960494995,-8.49695806761898
73,177,correction_bias,-0.15608561038970947,-8.469632313450628
73,760,correction_bias,-0.15488213300704956,-8.414420234754223
73,475,correction_bias,-0.15187783539295197,-8.276591706618222
73,661,correction_bias,-0.1508827954530716,-8.23094213791148
73,719,correction_bias,-0.15067733824253082,-8.22151635239979
73,736,correction_bias,-0.14928872883319855,-8.157810949131495
73,83,correction_bias,-0.14428550004959106,-7.928277211882422
73,871,correction_bias,-0.1436859667301178,-7.900772348647921
73,593,correction_bias,-0.14308573305606842,-7.873235355161096
73,890,correction_bias,-0.141083225607872,-7.781366076674453
73,113,correction_bias,-0.14088347554206848,-7.772202118538089
73,167,correction_bias,-0.13668173551559448,-7.579438378773583
73,288,correction_bias,-0.13588470220565796,-7.542872784383591
73,122,top8_spectral_leverage,0.03385322987872449,7.501677537822349
73,542,nearest_cosine,0.6837899684906006,7.480734758715064
73,879,nearest_cosine,0.6837899684906006,7.480734758715064
73,676,correction_bias,-0.13247491419315338,-7.3864415237741285
73,284,correction_bias,-0.13148725032806396,-7.341130348150379
73,486,correction_bias,-0.1314818561077118,-7.340882876845241
73,170,correction_bias,-0.13087233901023865,-7.31291998660952
73,91,correction_bias,-0.13068783283233643,-7.304455374178005
73,37,correction_bias,-0.13067379593849182,-7.303811401886737
73,71,correction_bias,-0.12707722187042236,-7.138810934620106
73,250,correction_bias,-0.1270744800567627,-7.138685148100369
73,895,correction_bias,-0.12688583135604858,-7.130030488644466
73,84,correction_bias,-0.12527279555797577,-7.056029048562161
73,630,correction_bias,-0.12347225099802017,-6.973425246136779
73,712,correction_bias,-0.12067660689353943,-6.845169140515098
73,692,correction_bias,-0.12007194012403488,-6.817428769367282
73,124,correction_bias,-0.11987888813018799,-6.80857209949517
73,705,nearest_cosine,0.6443633437156677,6.807488892366013
73,749,nearest_cosine,0.6443633437156677,6.807488892366013
73,870,correction_bias,-0.11808524280786514,-6.726284814236303
73,105,correction_bias,-0.11747231334447861,-6.698165374473299
73,99,correction_bias,-0.11707155406475067,-6.679779692108625
73,123,nearest_cosine,0.6327152252197266,6.608586559921815
73,435,nearest_cosine,0.6327152252197266,6.608586559921815
73,516,correction_bias,-0.11547835916280746,-6.606688495238448
73,255,correction_bias,-0.11507942527532578,-6.588386556616535
73,436,correction_bias,-0.11427321285009384,-6.5513998508343745
73,396,correction_bias,-0.11207195371389389,-6.4504124169114885
73,639,correction_bias,-0.10967100411653519,-6.340263759341798
73,322,correction_bias,-0.1088724434375763,-6.303628093656843
73,849,correction_bias,-0.10807689279317856,-6.267130519694644
73,234,correction_bias,-0.10787403583526611,-6.257824026289988
73,520,correction_bias,-0.10787250101566315,-6.257753613183831
73,303,correction_bias,-0.10787097364664078,-6.257683541888867
73,478,correction_bias,-0.10767140239477158,-6.248527787221182
73,88,correction_bias,-0.10667312890291214,-6.202729872455836
73,177,top8_spectral_leverage,0.029293193897384325,6.191503315528651
73,675,correction_bias,-0.10587333887815475,-6.166037807923716
73,331,correction_bias,-0.10587172955274582,-6.1659639767056085
73,112,correction_bias,-0.10447192937135696,-6.10174517302251
73,821,correction_bias,-0.10367179661989212,-6.0650373851754225
73,564,correction_bias,-0.10307057201862335,-6.03745493079967
73,132,top8_spectral_leverage,0.028388447528912283,5.931554627725198
73,329,correction_bias,-0.10047334432601929,-5.918301599110457
73,825,correction_bias,-0.0992736965417862,-5.863265211368251
73,785,nearest_cosine,0.5882981419563293,5.850124026720742
73,854,nearest_cosine,0.5882981419563293,5.850124026720742
73,122,nearest_cosine,0.5880632996559143,5.846113878530252
73,361,nearest_cosine,0.5880632996559143,5.846113878530252
73,267,correction_bias,-0.09847046434879303,-5.826415230064067
73,144,correction_bias,-0.09807232022285461,-5.808149523428817
73,361,top8_spectral_leverage,0.027899585326821626,5.7910963817697185
73,824,correction_bias,-0.09528324753046036,-5.6801948952810735
73,602,top8_spectral_leverage,0.027460210323824293,5.664856631644296
73,600,correction_bias,-0.09387267380952835,-5.615481832610091
73,758,correction_bias,-0.09187446534633636,-5.523809779182928
73,238,correction_bias,-0.09167395532131195,-5.51461095630468
73,451,correction_bias,-0.09167215973138809,-5.5145285798067
73,469,nearest_cosine,0.56520676612854,5.45581755455588
73,295,correction_bias,-0.08887451887130737,-5.3861808687847725
73,86,correction_bias,-0.08867043256759644,-5.376817976532952
73,198,correction_bias,-0.08707243204116821,-5.303506311442038
73,428,correction_bias,-0.08667204529047012,-5.285137719637112
73,338,correction_bias,-0.08547166734933853,-5.230067834397801
73,364,top8_spectral_leverage,0.02590036479492006,5.216687053357375
73,392,correction_bias,-0.08427264541387558,-5.1750601587959695
73,246,nearest_cosine,0.5462837219238281,5.132689177163997
73,679,nearest_cosine,0.5462837219238281,5.132689177163997
73,506,correction_bias,-0.08227048069238663,-5.083206603624293
73,103,correction_bias,-0.0810752809047699,-5.028374277165466
74,496,correction_bias,-0.5112345218658447,-20.871218035202418
74,418,correction_bias,-0.38083696365356445,-15.84601039025981
74,622,correction_bias,-0.3346410393714905,-14.065730797220578
74,437,correction_bias,-0.3172304630279541,-13.394769143153683
74,701,correction_bias,-0.2960382401943207,-12.578071946849338
74,502,correction_bias,-0.2948387563228607,-12.531846729111493
74,649,correction_bias,-0.289433091878891,-12.323525448696037
74,26,correction_bias,-0.28444233536720276,-12.131193720093002
74,151,correction_bias,-0.2792587876319885,-11.931432282347995
74,585,correction_bias,-0.2780361473560333,-11.88431467258614
74,885,correction_bias,-0.27144643664360046,-11.630363102448847
74,771,correction_bias,-0.26684123277664185,-11.452889643620072
74,191,correction_bias,-0.25566205382347107,-11.022071027766843
74,712,correction_bias,-0.23284974694252014,-10.142939696562703
74,516,correction_bias,-0.22646285593509674,-9.896804309075847
74,383,correction_bias,-0.22505146265029907,-9.842412613234123
74,353,correction_bias,-0.22466543316841125,-9.827535967304927
74,349,correction_bias,-0.22206096351146698,-9.727165983307291
74,593,correction_bias,-0.22086116671562195,-9.68092870621777
74,28,correction_bias,-0.22066344320774078,-9.673308918723194
74,194,correction_bias,-0.21926185488700867,-9.61929508256731
74,25,correction_bias,-0.21483643352985382,-9.448750008403703
74,665,correction_bias,-0.2128584384918213,-9.372522846461006
74,648,correction_bias,-0.20486031472682953,-9.064294431450328
74,377,correction_bias,-0.1964610517024994,-8.740607076100966
74,443,correction_bias,-0.19406194984912872,-8.648151472331701
74,227,correction_bias,-0.1912650465965271,-8.540365561308292
74,187,correction_bias,-0.18805761635303497,-8.416758929395925
74,9,nearest_cosine,0.7774708867073059,8.403638421302203
74,60,nearest_cosine,0.7774708867073059,8.403638421302203
74,65,correction_bias,-0.17785370349884033,-8.023524718677415
74,766,correction_bias,-0.17426295578479767,-7.885145955217042
74,356,correction_bias,-0.17386284470558167,-7.869726638462434
74,618,correction_bias,-0.17065584659576416,-7.746136659940476
74,201,correction_bias,-0.16966460645198822,-7.707936653615452
74,275,correction_bias,-0.16186663508415222,-7.407421629638549
74,551,correction_bias,-0.15625622868537903,-7.1912100876980745
74,32,correction_bias,-0.15525951981544495,-7.152799329846143
74,294,correction_bias,-0.1546604484319687,-7.129712562445098
74,123,correction_bias,-0.15385480225086212,-7.098664900173503
74,136,correction_bias,-0.15266185998916626,-7.052691780311166
74,252,correction_bias,-0.15245920419692993,-7.044881914463986
74,80,nearest_cosine,0.6895438432693481,6.998476088751245
74,477,nearest_cosine,0.6895438432693481,6.998476088751245
74,728,correction_bias,-0.141458660364151,-6.620947465653111
74,759,correction_bias,-0.14125394821166992,-6.613058352637775
74,706,correction_bias,-0.1394558995962143,-6.543765892163502
74,404,correction_bias,-0.13945406675338745,-6.543695258817972
74,290,correction_bias,-0.1388586312532425,-6.520748609598303
74,189,correction_bias,-0.138654425740242,-6.512879021247584
74,301,correction_bias,-0.13825657963752747,-6.497546991228916
74,449,correction_bias,-0.13805344700813293,-6.4897187492268005
74,125,correction_bias,-0.13786505162715912,-6.482458445263131
74,70,correction_bias,-0.1372561752796173,-6.458993818176243
74,547,correction_bias,-0.13705022633075714,-6.451057042009046
74,153,correction_bias,-0.13315337896347046,-6.300881935590378
74,462,correction_bias,-0.13085326552391052,-6.212241106734556
74,361,correction_bias,-0.13025473058223724,-6.189175012507812
74,769,correction_bias,-0.12885475158691406,-6.135223195874833
74,524,correction_bias,-0.12665528059005737,-6.050460884219883
74,613,correction_bias,-0.12425404787063599,-5.957923162008254
74,288,correction_bias,-0.1234559640288353,-5.927166934068824
74,655,correction_bias,-0.12205395847558975,-5.873137018777374
74,401,correction_bias,-0.12006255239248276,-5.796393027477143
74,220,top8_spectral_leverage,0.030655171590203086,5.790626622907981
74,97,correction_bias,-0.11825505644083023,-5.726736489433231
74,515,top8_spectral_leverage,0.030310458855777954,5.701952179422936
74,196,correction_bias,-0.1174549087882042,-5.695900727198224
74,635,correction_bias,-0.11645343899726868,-5.657306494924369
74,548,correction_bias,-0.11445501446723938,-5.580292029593696
74,78,correction_bias,-0.112253338098526,-5.495444728222175
74,86,correction_bias,-0.11165455728769302,-5.472369158790542
74,195,correction_bias,-0.10966009646654129,-5.3955074452477625
74,409,correction_bias,-0.10946275293827057,-5.387902301251649
74,542,correction_bias,-0.10905542224645615,-5.3722047580262355
74,318,top8_spectral_leverage,0.028964479896424814,5.355710444657134
74,607,correction_bias,-0.10765426605939865,-5.318207575260763
74,229,correction_bias,-0.10505389422178268,-5.217995511344595
74,36,correction_bias,-0.1050533726811409,-5.217975412425136
74,647,top8_spectral_leverage,0.02832276304170742,5.190634196279087
74,246,correction_bias,-0.10385624319314957,-5.17184092695228
74,364,correction_bias,-0.10205383598804474,-5.102380496936808
74,423,nearest_cosine,0.5695835947990417,5.081391015000659
74,858,nearest_cosine,0.5695835947990417,5.081391015000659
75,795,correction_bias,-0.6352654099464417,-54.676566825519906
75,30,correction_bias,-0.511595606803894,-44.26495426112351
75,625,correction_bias,-0.4329085648059845,-37.6403864660547
75,44,correction_bias,-0.32957524061203003,-28.940877700292965
75,457,correction_bias,-0.31881004571914673,-28.034568839465173
75,38,correction_bias,-0.2789827287197113,-24.681554736260402
75,113,correction_bias,-0.2679910361766815,-23.756177309621496
75,874,correction_bias,-0.2560158669948578,-22.748002163013272
75,598,correction_bias,-0.19141514599323273,-17.30934485655409
75,202,correction_bias,-0.18761004507541656,-16.98899796897098
75,336,correction_bias,-0.17921330034732819,-16.282086090003848
75,554,correction_bias,-0.17241200804710388,-15.709493439512393
75,860,correction_bias,-0.17081043124198914,-15.574658607053264
75,290,correction_bias,-0.1696145087480545,-15.473975325059666
75,653,correction_bias,-0.1664121150970459,-15.204369640197754
75,321,correction_bias,-0.15820884704589844,-14.51374633086822
75,801,correction_bias,-0.15641070902347565,-14.362363245013407
75,681,correction_bias,-0.14300385117530823,-13.233655944815299
75,671,correction_bias,-0.1290067434310913,-12.055256213015607
75,296,correction_bias,-0.12540417909622192,-11.751960637702544
75,529,correction_bias,-0.12360536307096481,-11.600520471601389
75,451,correction_bias,-0.11839774996042252,-11.16209776278749
75,341,correction_bias,-0.11760513484477997,-11.095368445791307
75,398,correction_bias,-0.11440540105104446,-10.825986691126584
75,283,correction_bias,-0.11180535703897476,-10.607092100724062
75,164,correction_bias,-0.10640323907136917,-10.152294261019865
75,204,correction_bias,-0.10540397465229034,-10.068167386742859
75,879,correction_bias,-0.1022053062915802,-9.798875329608101
75,850,correction_bias,-0.09660598635673523,-9.32747529253915
75,532,correction_bias,-0.09560410678386688,-9.243128251597678
75,725,correction_bias,-0.09420442581176758,-9.125290787439527
75,200,nearest_cosine,0.8027452826499939,8.960359202631851
75,382,nearest_cosine,0.8027452826499939,8.960359202631851
75,268,correction_bias,-0.0906045213341713,-8.822219142323652
75,196,correction_bias,-0.09060443937778473,-8.822212242513654
75,498,correction_bias,-0.08980689197778702,-8.755067682406716
75,419,correction_bias,-0.08920397609472275,-8.7043089165328
75,135,correction_bias,-0.08540298789739609,-8.384308273960471
75,721,correction_bias,-0.08280676603317261,-8.165735465606012
75,7,correction_bias,-0.08280649781227112,-8.165712884409656
75,479,correction_bias,-0.08081001043319702,-7.997631003850123
75,497,correction_bias,-0.07840776443481445,-7.795388791248703
75,649,correction_bias,-0.07820437103509903,-7.778265344601412
75,483,correction_bias,-0.07580339163541794,-7.576129765427225
75,640,correction_bias,-0.07560629397630692,-7.559536349638829
75,168,correction_bias,-0.07500523328781128,-7.5089337703730346
75,73,correction_bias,-0.07380203902721405,-7.407638287056026
75,378,correction_bias,-0.07100560516119003,-7.172209870133266
75,328,correction_bias,-0.06940305233001709,-7.037292867209625
75,216,correction_bias,-0.06580199301242828,-6.734123997498332
75,188,correction_bias,-0.06540122628211975,-6.700383926610835
75,511,correction_bias,-0.06480161845684052,-6.649903662158632
75,587,correction_bias,-0.0644078180193901,-6.616750075120918
75,142,correction_bias,-0.0636010617017746,-6.5488302272724495
75,682,correction_bias,-0.06340281665325165,-6.532140214144089
75,550,correction_bias,-0.06260281801223755,-6.464789286992683
75,806,correction_bias,-0.061602044850587845,-6.380535393486177
75,92,nearest_cosine,0.6443644762039185,6.368025646429349
75,844,nearest_cosine,0.6443644762039185,6.368025646429349
75,865,correction_bias,-0.058404095470905304,-6.111303866502763
75,111,top8_spectral_leverage,0.030093088013728363,6.0899575966676665
75,549,correction_bias,-0.057202450931072235,-6.010138852320251
75,795,router_norm,2.248866319656372,-6.001644960262861
75,173,correction_bias,-0.05580493062734604,-5.89248329224385
75,505,correction_bias,-0.05500220134854317,-5.824902475968438
75,433,top8_spectral_leverage,0.028984718472046058,5.78025594185818
75,252,correction_bias,-0.053201135247945786,-5.673272878720081
75,824,correction_bias,-0.05060746148228645,-5.454914591730996
75,281,correction_bias,-0.04980715736746788,-5.387537947105964
75,158,correction_bias,-0.04980520159006119,-5.387373292549206
75,507,correction_bias,-0.04941011965274811,-5.35411181757335
75,501,correction_bias,-0.04700193926692009,-5.15136999600257
75,129,correction_bias,-0.04680836573243141,-5.135073272044063
75,576,correction_bias,-0.04660792276263237,-5.11819821855668
75,334,correction_bias,-0.04640691354870796,-5.10127549365477
76,393,correction_bias,-0.5120007395744324,-20.6543724605548
76,574,correction_bias,-0.38479483127593994,-15.751532088801854
76,396,correction_bias,-0.34979382157325745,-14.402503842254113
76,514,correction_bias,-0.3356313705444336,-13.85664683296994
76,747,correction_bias,-0.33199331164360046,-13.716426757563024
76,338,correction_bias,-0.32522842288017273,-13.455690678685906
76,115,correction_bias,-0.31799036264419556,-13.176717363587546
76,635,correction_bias,-0.28359684348106384,-11.851103352924023
76,71,correction_bias,-0.27183085680007935,-11.397612196069307
76,266,correction_bias,-0.2690208852291107,-11.289308719871524
76,333,correction_bias,-0.24643190205097198,-10.418671654628076
76,499,correction_bias,-0.2462063878774643,-10.409979762804298
76,520,correction_bias,-0.2436308115720749,-10.310710478385822
76,345,correction_bias,-0.23200547695159912,-9.862640410927476
76,97,correction_bias,-0.21903154253959656,-9.362591865490575
76,313,correction_bias,-0.2168339490890503,-9.277891005018313
76,315,top8_spectral_leverage,0.042665984266455785,9.220775289103159
76,809,top8_spectral_leverage,0.041660259084596044,8.950668243760921
76,271,correction_bias,-0.20463022589683533,-8.807528365791764
76,856,correction_bias,-0.1992345005273819,-8.59956333861573
76,221,correction_bias,-0.19623342156410217,-8.483894095757453
76,723,correction_bias,-0.19402863085269928,-8.398915834482303
76,315,nearest_cosine,0.8285155892372131,8.312987506849895
76,809,nearest_cosine,0.8285155892372131,8.312987506849895
76,557,correction_bias,-0.19023142755031586,-8.252561927657522
76,116,correction_bias,-0.18343327939510345,-7.990543946933524
76,580,correction_bias,-0.1826281100511551,-7.959510665394865
76,708,correction_bias,-0.17663012444972992,-7.728332991737951
76,281,correction_bias,-0.17662835121154785,-7.728264646612603
76,332,correction_bias,-0.17202776670455933,-7.550946377703298
76,822,correction_bias,-0.1676291823387146,-7.381413709795918
76,535,correction_bias,-0.16662658751010895,-7.342771146192158
76,220,correction_bias,-0.16542388498783112,-7.296415921342098
76,331,correction_bias,-0.1646326780319214,-7.265920785874464
76,126,correction_bias,-0.16302451491355896,-7.203938074799677
76,843,correction_bias,-0.16182370483875275,-7.157655789705239
76,600,correction_bias,-0.1568244993686676,-6.964973651483268
76,599,correction_bias,-0.15482060611248016,-6.887738490879995
76,109,correction_bias,-0.1546241044998169,-6.880164817199529
76,376,top8_spectral_leverage,0.03394795660060672,6.879379511700027
76,471,correction_bias,-0.15242807567119598,-6.795524261249633
76,481,correction_bias,-0.15063489973545074,-6.726410683987186
76,531,correction_bias,-0.1470327079296112,-6.587573017964427
76,257,correction_bias,-0.14683246612548828,-6.579855187759066
76,452,correction_bias,-0.1446201503276825,-6.494586890447772
76,277,correction_bias,-0.1418301910161972,-6.387054737807499
76,666,correction_bias,-0.1406196802854538,-6.340398564674389
76,377,top8_spectral_leverage,0.03153419558253737,6.231117075288334
76,443,correction_bias,-0.1358184963464737,-6.155348681668896
76,202,correction_bias,-0.1352214813232422,-6.132338198920139
76,772,correction_bias,-0.1310211569070816,-5.97044697548979
76,618,top8_spectral_leverage,0.030249908116220855,5.886196714185948
76,715,correction_bias,-0.12882210314273834,-5.885689830796651
76,376,nearest_cosine,0.6580529808998108,5.871222001640373
76,647,correction_bias,-0.12761889398097992,-5.839315078767919
76,391,correction_bias,-0.12661704421043396,-5.800701231603382
76,410,correction_bias,-0.12643037736415863,-5.793506614920649
76,569,correction_bias,-0.12502650916576385,-5.7393979514805915
76,588,correction_bias,-0.12501847743988037,-5.739088388265776
76,362,correction_bias,-0.12342128902673721,-5.677528670340731
76,98,correction_bias,-0.12241778522729874,-5.6388510726811205
76,285,correction_bias,-0.11901848018169403,-5.507833180222962
76,487,top8_spectral_leverage,0.028789354367044186,5.493936616826012
76,150,correction_bias,-0.11841798573732376,-5.484688591703037
76,67,correction_bias,-0.11701900511980057,-5.430768308104277
76,65,correction_bias,-0.11681512743234634,-5.422910341675512
76,544,correction_bias,-0.11603047698736191,-5.392667910873033
76,179,correction_bias,-0.11521776020526886,-5.361343731805054
76,110,correction_bias,-0.11462758481502533,-5.3385968659683565
76,453,correction_bias,-0.1142214834690094,-5.322944683605898
76,561,correction_bias,-0.11181820929050446,-5.230316362921952
76,335,correction_bias,-0.10661822557449341,-5.029895718658379
77,189,top8_spectral_leverage,0.05657009137885891,13.546592856134495
77,416,top8_spectral_leverage,0.05338665601074152,12.662330803012516
77,647,correction_bias,-0.3547724485397339,-11.76332717354185
77,456,top8_spectral_leverage,0.045150832565338056,10.374668166001175
77,735,correction_bias,-0.3085458278656006,-10.352771330803774
77,212,correction_bias,-0.3057561218738556,-10.267646438938616
77,501,correction_bias,-0.30274152755737305,-10.175659320594512
77,512,correction_bias,-0.2983384132385254,-10.041303000835029
77,377,correction_bias,-0.28793996572494507,-9.72400550684163
77,141,correction_bias,-0.2867467701435089,-9.687596421029614
77,189,nearest_cosine,0.8022122979164124,9.534337606274716
77,416,nearest_cosine,0.8022122979164124,9.534337606274716
77,607,correction_bias,-0.27157798409461975,-9.224737153437141
77,271,correction_bias,-0.2687395513057709,-9.138125415522014
77,103,top8_spectral_leverage,0.04034875875400093,9.040797313718908
77,103,nearest_cosine,0.7726686000823975,9.039399670444823
77,583,nearest_cosine,0.7726686000823975,9.039399670444823
77,830,top8_spectral_leverage,0.03916847299231017,8.712949630252186
77,60,nearest_cosine,0.74986732006073,8.657415718009107
77,420,nearest_cosine,0.74986732006073,8.657415718009107
77,161,nearest_cosine,0.7466802000999451,8.604022720846206
77,844,correction_bias,-0.25037869811058044,-8.57786363617408
77,526,correction_bias,-0.2451479583978653,-8.418253213521208
77,302,correction_bias,-0.24275052547454834,-8.345098114397778
77,583,top8_spectral_leverage,0.037676459872419875,8.298513515766427
77,384,correction_bias,-0.24055589735507965,-8.2781313867545
77,843,correction_bias,-0.23878243565559387,-8.224016101544358
77,779,correction_bias,-0.23817178606987,-8.20538278315666
77,436,correction_bias,-0.23114342987537384,-7.990920017970401
77,137,correction_bias,-0.23097839951515198,-7.985884293198714
77,44,correction_bias,-0.22895580530166626,-7.924166996028495
77,638,correction_bias,-0.22858282923698425,-7.9127860306979905
77,661,correction_bias,-0.2253795564174652,-7.815041589820335
77,654,correction_bias,-0.22438231110572815,-7.784611716716913
77,510,correction_bias,-0.22358161211013794,-7.760179244041353
77,173,correction_bias,-0.21298450231552124,-7.436819783216701
77,791,correction_bias,-0.2117827832698822,-7.400150613019186
77,93,top8_spectral_leverage,0.034232498240869186,7.341885147027377
77,395,correction_bias,-0.20878523588180542,-7.308683663446082
77,282,correction_bias,-0.20657914876937866,-7.241367276899921
77,845,correction_bias,-0.20558248460292816,-7.2109551368227836
77,3,correction_bias,-0.2051827758550644,-7.198758452283213
77,93,nearest_cosine,0.6623639464378357,7.191494310256141
77,248,correction_bias,-0.20358198881149292,-7.149912149344339
77,170,top8_spectral_leverage,0.03307260919582219,7.01970305448705
77,380,top8_spectral_leverage,0.03301982014926282,7.005039854109107
77,130,correction_bias,-0.19816459715366364,-6.984606242403418
77,265,correction_bias,-0.19398178160190582,-6.85697210368453
77,410,nearest_cosine,0.6411446332931519,6.836012640136082
77,744,nearest_cosine,0.6411446332931519,6.836012640136082
77,117,correction_bias,-0.1903861165046692,-6.747254232521291
77,489,correction_bias,-0.1901823729276657,-6.741037215383297
77,611,correction_bias,-0.18757955729961395,-6.661615082893896
77,880,correction_bias,-0.18738165497779846,-6.655576305404706
77,830,nearest_cosine,0.6252464056015015,6.5696737396616935
77,60,top8_spectral_leverage,0.03130068737054183,6.527516768286224
77,517,correction_bias,-0.18018241226673126,-6.435899121104975
77,420,top8_spectral_leverage,0.030969887635135807,6.435630607778019
77,236,correction_bias,-0.17998069524765015,-6.429743942212484
77,809,correction_bias,-0.1723649650812149,-6.197358089075854
77,783,correction_bias,-0.17118322849273682,-6.161298662166722
77,455,correction_bias,-0.17078347504138947,-6.149100613548207
77,564,correction_bias,-0.17038358747959137,-6.136898472692857
77,699,correction_bias,-0.16638201475143433,-6.014794764709685
77,208,top8_spectral_leverage,0.029433724311604344,6.008930902170387
77,628,correction_bias,-0.16436663269996643,-5.9532975389425795
77,456,nearest_cosine,0.5859043002128601,5.91058561394178
77,862,top8_spectral_leverage,0.028938590103832408,5.871397596006782
77,872,correction_bias,-0.15958207845687866,-5.807301988239019
77,594,correction_bias,-0.15697115659713745,-5.727632502767603
77,859,correction_bias,-0.15438340604305267,-5.648670064882641
77,21,top8_spectral_leverage,0.028021230024875242,5.616582714261429
77,161,top8_spectral_leverage,0.027792929502524176,5.553167734756958
77,765,correction_bias,-0.14976949989795685,-5.507881658204846
77,885,correction_bias,-0.14836716651916504,-5.465090956395483
77,355,correction_bias,-0.1471804827451706,-5.428880571416444
77,255,correction_bias,-0.1467660814523697,-5.416235559596975
77,529,top8_spectral_leverage,0.027231963431657593,5.397348328299336
77,694,correction_bias,-0.14518719911575317,-5.368057655341115
77,106,correction_bias,-0.14518219232559204,-5.367904878499283
77,125,nearest_cosine,0.5452511310577393,5.229533575716114
77,268,nearest_cosine,0.5452511310577393,5.229533575716114
77,86,correction_bias,-0.14057961106300354,-5.227462038487537
77,404,correction_bias,-0.14037486910820007,-5.221214556919773
77,889,correction_bias,-0.13857337832450867,-5.166243994211161
77,323,correction_bias,-0.13836514949798584,-5.159890114485693
77,167,correction_bias,-0.13756579160690308,-5.13549856417848
77,786,correction_bias,-0.1361815482378006,-5.093259859648829
77,838,top8_spectral_leverage,0.026120062745310205,5.088495950260097
77,307,correction_bias,-0.1345665603876114,-5.043980234298449
77,320,correction_bias,-0.13397808372974396,-5.0260234990674375
78,513,correction_bias,-0.38885602355003357,-16.54620244441647
78,833,correction_bias,-0.37401771545410156,-15.950586272284797
78,44,correction_bias,-0.3642168939113617,-15.557177012058373
78,508,correction_bias,-0.31785881519317627,-13.696343471267138
78,290,correction_bias,-0.304424911737442,-13.15710071519547
78,562,top8_spectral_leverage,0.05493997678090648,12.941589951239703
78,432,correction_bias,-0.2858598530292511,-12.411891144691676
78,668,correction_bias,-0.28422051668167114,-12.346087467219203
78,366,correction_bias,-0.28306519985198975,-12.299712544738467
78,598,correction_bias,-0.2758622467517853,-12.010582859207545
78,225,correction_bias,-0.2688225507736206,-11.728006385907689
78,419,correction_bias,-0.2624405324459076,-11.471829380938454
78,223,correction_bias,-0.25405752658843994,-11.135331861982694
78,405,correction_bias,-0.24866355955600739,-10.918815667839057
78,696,correction_bias,-0.23306474089622498,-10.292672269289268
78,314,correction_bias,-0.2312660664319992,-10.220472690175065
78,768,correction_bias,-0.22162692248821259,-9.833553239432675
78,747,correction_bias,-0.2212606966495514,-9.818852774207876
78,73,top8_spectral_leverage,0.04260082278281159,9.535883135818022
78,685,correction_bias,-0.21286435425281525,-9.481819920737074
78,816,correction_bias,-0.20826572179794312,-9.297228804141891
78,139,correction_bias,-0.20426113903522491,-9.136483101822325
78,15,top8_spectral_leverage,0.04105060153111626,9.108009467726557
78,433,correction_bias,-0.20146149396896362,-9.024104125262927
78,785,correction_bias,-0.2006581574678421,-8.991857847005447
78,204,correction_bias,-0.19486652314662933,-8.759379114087581
78,741,correction_bias,-0.19446341693401337,-8.743198254533477
78,0,correction_bias,-0.19406349956989288,-8.727145396751682
78,837,correction_bias,-0.19086065888404846,-8.59858197180344
78,583,correction_bias,-0.19026626646518707,-8.574722800327997
78,664,correction_bias,-0.18646186590194702,-8.422012498986172
78,40,correction_bias,-0.18446433544158936,-8.341830753276172
78,97,correction_bias,-0.18426306545734406,-8.333751688142456
78,224,correction_bias,-0.18145126104354858,-8.220884630058729
78,788,correction_bias,-0.1806618571281433,-8.189197611881207
78,117,nearest_cosine,0.7337273359298706,8.029784054492282
78,180,nearest_cosine,0.7337273359298706,8.029784054492282
78,461,correction_bias,-0.1708647906780243,-7.795939082713768
78,15,nearest_cosine,0.7174955606460571,7.766957510903055
78,73,nearest_cosine,0.7174955606460571,7.766957510903055
78,708,correction_bias,-0.16724829375743866,-7.650771315712371
78,46,correction_bias,-0.16686531901359558,-7.635398542113375
78,324,correction_bias,-0.1665668487548828,-7.623417815480639
78,301,correction_bias,-0.16406391561031342,-7.522948985137468
78,397,correction_bias,-0.1598469614982605,-7.353678604037585
78,36,correction_bias,-0.15346285700798035,-7.097417859591137
78,485,nearest_cosine,0.6751300096511841,7.080970233446142
78,722,nearest_cosine,0.6751300096511841,7.080970233446142
78,435,correction_bias,-0.15086720883846283,-6.993227407624955
78,201,correction_bias,-0.14885567128658295,-6.91248341113938
78,35,correction_bias,-0.1458633989095688,-6.792372290137577
78,850,top8_spectral_leverage,0.031856020911445904,6.570230468761945
78,720,correction_bias,-0.14026431739330292,-6.567622710966502
78,560,correction_bias,-0.14026208221912384,-6.567532990098059
78,429,correction_bias,-0.1386493593454361,-6.502797589099179
78,732,correction_bias,-0.13606368005275726,-6.399007292206252
78,49,correction_bias,-0.13066315650939941,-6.1822279168485155
78,666,correction_bias,-0.12726226449012756,-6.045714624817116
78,361,correction_bias,-0.12545694410800934,-5.973248275654077
78,869,correction_bias,-0.12444879114627838,-5.932780575151617
78,197,correction_bias,-0.12124934792518616,-5.804353525923409
78,761,top8_spectral_leverage,0.028609869502362294,5.674266290057825
78,485,top8_spectral_leverage,0.028396348322433002,5.61533270856315
78,118,nearest_cosine,0.5834003686904907,5.595674629186418
78,839,nearest_cosine,0.5834003686904907,5.595674629186418
78,169,top8_spectral_leverage,0.028252308887738588,5.575576653609626
78,256,correction_bias,-0.11404687911272049,-5.5152432799139826
78,680,top8_spectral_leverage,0.028033693226704966,5.515236953914243
78,420,correction_bias,-0.11385571211576462,-5.507569753105628
78,406,correction_bias,-0.11384990066289902,-5.507336478847676
78,652,correction_bias,-0.11045423895120621,-5.3710331336484325
78,772,correction_bias,-0.11024817824363708,-5.3627617667866865
78,826,correction_bias,-0.10984864830970764,-5.34672446062209
78,562,nearest_cosine,0.5658227205276489,5.311055576107596
78,500,correction_bias,-0.1078525185585022,-5.266598939989648
78,751,correction_bias,-0.10784868896007538,-5.266445218235049
78,563,correction_bias,-0.10744722187519073,-5.250330153984469
78,53,nearest_cosine,0.5618607997894287,5.246903755657045
78,229,nearest_cosine,0.5618607997894287,5.246903755657045
78,706,correction_bias,-0.10544552654027939,-5.169981228389603
78,311,correction_bias,-0.10465113073587418,-5.138093833605894
78,120,correction_bias,-0.10445093363523483,-5.13005783448903
78,848,correction_bias,-0.10344842076301575,-5.089816529644607
78,103,correction_bias,-0.10144882649183273,-5.0095519416660785
79,804,correction_bias,-0.5567705035209656,-30.7669878523217
79,226,correction_bias,-0.3399619460105896,-19.169480968002798
79,450,correction_bias,-0.31138351559638977,-17.640765739795768
79,347,correction_bias,-0.2931642234325409,-16.666180747745617
79,786,correction_bias,-0.27916938066482544,-15.917569681802
79,394,correction_bias,-0.2565886676311493,-14.70968389598215
79,196,correction_bias,-0.2544125020503998,-14.59327661209091
79,724,correction_bias,-0.25201109051704407,-14.464820488817997
79,110,correction_bias,-0.2513681948184967,-14.430430760961219
79,3,correction_bias,-0.24261248111724854,-13.962070788950006
79,586,correction_bias,-0.226986363530159,-13.126199694319553
79,852,correction_bias,-0.21619626879692078,-12.549016766725957
79,600,correction_bias,-0.2140132635831833,-12.43224361770663
79,627,correction_bias,-0.21221262216567993,-12.335923843821849
79,417,correction_bias,-0.198195680975914,-11.58613069076504
79,181,correction_bias,-0.18640132248401642,-10.955227762501421
79,817,correction_bias,-0.18020175397396088,-10.623600914830822
79,404,correction_bias,-0.1694067120552063,-10.046153352765492
79,891,correction_bias,-0.16901177167892456,-10.025027232166659
79,232,correction_bias,-0.15980257093906403,-9.532409365943847
79,715,correction_bias,-0.15701308846473694,-9.383194581383755
79,223,correction_bias,-0.1556023806333542,-9.307733105258944
79,581,correction_bias,-0.15460950136184692,-9.25462208271062
79,614,correction_bias,-0.15360982716083527,-9.201147586309554
79,541,correction_bias,-0.14579258859157562,-8.782988454749386
79,213,correction_bias,-0.14321254193782806,-8.644976795189917
79,527,correction_bias,-0.13521119952201843,-8.21696959465908
79,521,correction_bias,-0.13459379971027374,-8.183943690841868
79,239,correction_bias,-0.13300113379955292,-8.098748926963045
79,350,correction_bias,-0.1312108039855957,-8.002980740591635
79,186,correction_bias,-0.12819454073905945,-7.841635016196285
79,869,correction_bias,-0.12699328362941742,-7.777377462163883
79,788,correction_bias,-0.1263933628797531,-7.745286547007341
79,635,correction_bias,-0.11699358373880386,-7.24247427543444
79,162,correction_bias,-0.11500240862369537,-7.135962487474917
79,63,correction_bias,-0.1138092428445816,-7.072137754280318
79,562,correction_bias,-0.11119730770587921,-6.932420318306668
79,806,correction_bias,-0.10879422724246979,-6.803874920754132
79,273,correction_bias,-0.1075962707400322,-6.739793922551514
79,704,correction_bias,-0.10719220340251923,-6.718179583236006
79,860,correction_bias,-0.10639237612485886,-6.675395283273638
79,278,correction_bias,-0.10599429160356522,-6.654100976308735
79,545,nearest_cosine,0.683661162853241,6.618162303453023
79,735,nearest_cosine,0.683661162853241,6.618162303453023
79,850,correction_bias,-0.10039341449737549,-6.354499283722634
79,631,correction_bias,-0.09859181195497513,-6.258128097417893
79,666,correction_bias,-0.09699232131242752,-6.172568265502765
79,736,correction_bias,-0.09619354456663132,-6.12984016051105
79,750,correction_bias,-0.09619171172380447,-6.129742118221824
79,75,correction_bias,-0.09359337389469147,-5.990752028499549
79,230,correction_bias,-0.0899992287158966,-5.798494287693722
79,178,correction_bias,-0.0867929458618164,-5.626984048890121
79,251,correction_bias,-0.08599269390106201,-5.584177031811957
79,79,correction_bias,-0.08439414948225021,-5.498667815225005
79,666,top8_spectral_leverage,0.029081672364080866,5.459349465554673
79,535,nearest_cosine,0.6076214909553528,5.452898146817758
79,865,nearest_cosine,0.6076214909553528,5.452898146817758
79,804,router_norm,1.5335147380828857,-5.445225813289921
79,399,correction_bias,-0.08099321275949478,-5.3167451664688485
79,5,correction_bias,-0.07979515194892883,-5.2526585886237545
79,572,correction_bias,-0.07779796421527863,-5.145825174130062
79,732,correction_bias,-0.07719069719314575,-5.113341292724833
79,404,top8_spectral_leverage,0.027689142459418656,5.096787021388484
79,802,correction_bias,-0.07679218053817749,-5.0920238700982425
79,83,correction_bias,-0.07659131288528442,-5.081279072872455
80,807,correction_bias,-0.4780528247356415,-11.089947613522758
80,283,correction_bias,-0.4248824715614319,-9.9293646563947
80,345,correction_bias,-0.40945562720298767,-9.592633158937542
80,516,correction_bias,-0.38688820600509644,-9.100039770610996
80,220,nearest_cosine,0.6837712526321411,7.412990052141727
80,736,nearest_cosine,0.6837712526321411,7.412990052141727
80,120,correction_bias,-0.30426105856895447,-7.296484718112151
80,454,correction_bias,-0.29988619685173035,-7.200991841994391
80,845,correction_bias,-0.27249082922935486,-6.603015810828796
80,87,correction_bias,-0.27090007066726685,-6.568293316697228
80,455,correction_bias,-0.2616715729236603,-6.366857054537516
80,880,correction_bias,-0.2571054995059967,-6.267190479591645
80,456,nearest_cosine,0.6136161088943481,6.257973087046211
80,780,nearest_cosine,0.6136161088943481,6.257973087046211
80,29,correction_bias,-0.2531037926673889,-6.179842691227439
80,888,top8_spectral_leverage,0.03260985564977505,5.696085832946453
80,43,correction_bias,-0.2200961410999298,-5.459363785651996
80,725,correction_bias,-0.21970362961292267,-5.450796188953796
80,125,correction_bias,-0.21830180287361145,-5.420197629317368
80,799,correction_bias,-0.21750423312187195,-5.40278856946108
80,366,correction_bias,-0.21650217473506927,-5.380916006719961
80,33,correction_bias,-0.21250054240226746,-5.293569844641145
80,13,correction_bias,-0.21209104359149933,-5.28463145487374
80,371,correction_bias,-0.21130183339118958,-5.267404864238351
80,417,correction_bias,-0.2087041288614273,-5.210703123043997
80,247,correction_bias,-0.2060985118150711,-5.153828670341091
81,650,top8_spectral_leverage,0.04542597809800477,8.292533425388013
81,262,top8_spectral_leverage,0.04444067796426966,8.080545523206442
81,291,top8_spectral_leverage,0.04406869594213961,8.00051337277764
81,110,top8_spectral_leverage,0.04197479364856468,7.5500090651151215
81,412,top8_spectral_leverage,0.041914394263898605,7.537014102047491
81,564,top8_spectral_leverage,0.041086148043678314,7.358816441555225
81,601,top8_spectral_leverage,0.040173025105977374,7.162357505471156
81,16,top8_spectral_leverage,0.039632930567021635,7.046155848358897
81,424,top8_spectral_leverage,0.03751481641046259,6.590442344162065
81,410,top8_spectral_leverage,0.036130866622749815,6.292684734904771
81,4,top8_spectral_leverage,0.0327780421009156,5.571322570797286
81,512,top8_spectral_leverage,0.032320076835481625,5.472791075096226
81,210,correction_bias,-0.40496817231178284,-5.239193841667876
81,554,top8_spectral_leverage,0.03020176972346321,5.017036056419039
82,496,correction_bias,-0.42102664709091187,-7.226393187537849
82,390,correction_bias,-0.4072270393371582,-6.997137863280439
82,276,nearest_cosine,0.8653555512428284,6.705819190005166
82,852,nearest_cosine,0.8653555512428284,6.705819190005166
82,427,top8_spectral_leverage,0.03777351592870542,5.517195896534962
82,408,top8_spectral_leverage,0.03772514108382511,5.50841298164149
82,295,correction_bias,-0.31365102529525757,-5.442542991838781
82,312,top8_spectral_leverage,0.03693608946248237,5.365153127187026
83,788,correction_bias,-0.5935023427009583,-9.799159533964058
83,137,correction_bias,-0.4394504129886627,-7.301695980788258
83,171,top8_spectral_leverage,0.0410179245830863,6.832373348131443
83,493,correction_bias,-0.398445725440979,-6.636934994989793
83,130,top8_spectral_leverage,0.038894641480587494,6.406024781564051
83,814,correction_bias,-0.37664175033569336,-6.283452677426475
83,263,top8_spectral_leverage,0.03622734765365854,5.870440573133771
83,667,top8_spectral_leverage,0.03525106241096397,5.674405568054198
83,647,top8_spectral_leverage,0.034403850390829833,5.504288059966009
83,779,correction_bias,-0.3172573745250702,-5.320723327056718
83,28,top8_spectral_leverage,0.03325097058636034,5.272793422495574
83,480,top8_spectral_leverage,0.03287245678440673,5.196789041968561
83,360,nearest_cosine,0.6600846648216248,5.125283705394202
83,777,nearest_cosine,0.6600846648216248,5.125283705394202
83,93,top8_spectral_leverage,0.03250779150780216,5.1235654017604855
83,510,correction_bias,-0.3046533465385437,-5.116388979682131
83,270,top8_spectral_leverage,0.03243910755735524,5.109773880608752
83,371,correction_bias,-0.3006502091884613,-5.051490801198687
83,225,top8_spectral_leverage,0.032031976020247384,5.028023148901786
84,662,correction_bias,-0.5661784410476685,-37.91990002532351
84,383,correction_bias,-0.5369692444801331,-35.98952886446042
84,461,correction_bias,-0.49257534742355347,-33.05563445219185
84,8,correction_bias,-0.22397884726524353,-15.304686163849059
84,819,correction_bias,-0.20279042422771454,-13.90439017552074
84,17,correction_bias,-0.19819806516170502,-13.600891327791189
84,568,correction_bias,-0.17020097374916077,-11.750625514218921
84,683,correction_bias,-0.16800235211849213,-11.60532347622279
84,511,correction_bias,-0.14339618384838104,-9.979156268982319
84,555,correction_bias,-0.13900324702262878,-9.688836795787678
84,119,correction_bias,-0.13259302079677582,-9.265199130424843
84,536,correction_bias,-0.113797627389431,-8.023053174553516
84,50,correction_bias,-0.10999103635549545,-7.771483997150112
84,411,correction_bias,-0.10879109799861908,-7.6921827266214295
84,262,correction_bias,-0.10659533739089966,-7.547069767300535
84,684,correction_bias,-0.10659056901931763,-7.546754636175139
84,382,correction_bias,-0.09799107909202576,-6.97843337764976
84,100,correction_bias,-0.09299134463071823,-6.648011991571363
84,22,top8_spectral_leverage,0.03158884178817603,5.872943884160906
84,401,correction_bias,-0.08119484037160873,-5.868407130885356
84,250,correction_bias,-0.07859160006046295,-5.696364739722247
84,279,top8_spectral_leverage,0.030882716306378438,5.694938776126246
84,652,top8_spectral_leverage,0.03031403122095344,5.55158061574507
84,558,top8_spectral_leverage,0.029024893341064575,5.22660561697146
84,679,nearest_cosine,0.5772035121917725,5.162691310298182
84,824,nearest_cosine,0.5772035121917725,5.162691310298182
85,197,correction_bias,-0.598595380783081,-36.511430850722476
85,77,correction_bias,-0.3709815442562103,-22.815508367154052
85,686,correction_bias,-0.20280112326145172,-12.69579840423977
85,365,correction_bias,-0.1950146108865738,-12.22727034139907
85,317,correction_bias,-0.18781223893165588,-11.793891028886415
85,84,correction_bias,-0.17540708184242249,-11.047451038756147
85,112,correction_bias,-0.17181365191936493,-10.831228077853147
85,241,correction_bias,-0.16800276935100555,-10.601920611107511
85,650,correction_bias,-0.14199963212013245,-9.037266382358167
85,651,correction_bias,-0.1280008852481842,-8.194937308911593
85,266,correction_bias,-0.11779964715242386,-7.581110977754151
85,166,top8_spectral_leverage,0.03929502410675311,7.411617084297698
85,676,top8_spectral_leverage,0.03860146490255252,7.247814203764043
85,443,correction_bias,-0.10919961333274841,-7.063631907291593
85,207,nearest_cosine,0.6551575660705566,6.567684769774732
85,881,nearest_cosine,0.6551575660705566,6.567684769774732
85,608,top8_spectral_leverage,0.034877843377293785,6.368379646252062
85,315,correction_bias,-0.0950002521276474,-6.209231518682995
85,730,top8_spectral_leverage,0.032964269122025415,5.916437010022048
85,257,top8_spectral_leverage,0.03096890514157797,5.445177504372313
85,880,correction_bias,-0.07841064035892487,-5.211005574760227
85,115,correction_bias,-0.07660005986690521,-5.102059781097832
85,417,correction_bias,-0.07640103250741959,-5.090083956915885
85,338,correction_bias,-0.07579932361841202,-5.053878081090103
86,403,correction_bias,-0.25022274255752563,-11.41019216867935
86,114,correction_bias,-0.23302698135375977,-10.656697708964002
86,768,correction_bias,-0.2256140112876892,-10.33187161905548
86,739,nearest_cosine,0.8730425834655762,8.479152351410743
86,749,nearest_cosine,0.8730425834655762,8.479152351410743
86,485,nearest_cosine,0.8524618744850159,8.191965612395173
86,310,correction_bias,-0.17442743480205536,-8.088946671640267
86,194,correction_bias,-0.1592123657464981,-7.422243400892465
86,861,correction_bias,-0.15821152925491333,-7.378388130831787
86,132,correction_bias,-0.13721220195293427,-6.458226668231033
86,749,correction_bias,-0.13441629707813263,-6.335713985710598
86,363,correction_bias,-0.13021905720233917,-6.151796742674326
86,742,nearest_cosine,0.7007204294204712,6.074539491518627
86,776,nearest_cosine,0.7007204294204712,6.074539491518627
86,80,correction_bias,-0.1280108094215393,-6.055034380787896
86,405,correction_bias,-0.12762363255023956,-6.038068826079542
86,607,correction_bias,-0.12102527171373367,-5.74893778531927
86,396,nearest_cosine,0.6636314988136292,5.556994199730348
86,635,nearest_cosine,0.6636314988136292,5.556994199730348
86,713,correction_bias,-0.11622648686170578,-5.538661673868206
86,215,correction_bias,-0.11562655121088028,-5.51237332386578
86,739,correction_bias,-0.11041181534528732,-5.28387081461119
87,39,correction_bias,-0.5272852182388306,-9.458637738642718
87,603,correction_bias,-0.4656796157360077,-8.398756882350304
87,669,top8_spectral_leverage,0.042838021350137166,8.216889145318625
87,287,top8_spectral_leverage,0.04055237913705688,7.692911269809565
87,688,correction_bias,-0.4216817617416382,-7.641804896296046
87,641,correction_bias,-0.41190895438194275,-7.473670651812354
87,20,top8_spectral_leverage,0.039429401942915304,7.435471500337317
87,874,correction_bias,-0.3934762179851532,-7.156548447948728
87,726,top8_spectral_leverage,0.03788445149262065,7.081295396098678
87,165,top8_spectral_leverage,0.034736713975838523,6.359684285109921
87,870,top8_spectral_leverage,0.034369908171295385,6.275594953416189
87,731,correction_bias,-0.33890098333358765,-6.217620102394275
87,719,correction_bias,-0.3331047296524048,-6.117899653842236
87,70,correction_bias,-0.32870346307754517,-6.0421789726603645
87,569,top8_spectral_leverage,0.033035746462158296,5.969741651469567
87,615,top8_spectral_leverage,0.032875307530265865,5.932961419550135
87,108,top8_spectral_leverage,0.03184267775058821,5.696233573412878
87,7,correction_bias,-0.30430006980895996,-5.622335836595532
87,153,nearest_cosine,0.6379064321517944,5.572633974961732
87,292,nearest_cosine,0.6379064321517944,5.572633974961732
87,3,top8_spectral_leverage,0.030377650189414,5.360379595623522
87,423,top8_spectral_leverage,0.03024839393086403,5.330747915142792
87,25,correction_bias,-0.2838989198207855,-5.271348467908967
87,891,correction_bias,-0.2796996831893921,-5.199103569136135
87,470,top8_spectral_leverage,0.029248992769000053,5.1016376481998975
87,269,top8_spectral_leverage,0.02918622195111866,5.087247592044463
88,378,correction_bias,-0.44382357597351074,-6.771866151723337
88,339,correction_bias,-0.41777554154396057,-6.383164127379521
88,476,correction_bias,-0.4096023142337799,-6.261199070496563
88,368,top8_spectral_leverage,0.037712236274357644,6.182620350273724
88,260,correction_bias,-0.4039856791496277,-6.177384783736646
88,771,top8_spectral_leverage,0.03720242514672653,6.0784234653137155
88,288,nearest_cosine,0.638374924659729,5.909768694295143
88,734,nearest_cosine,0.638374924659729,5.909768694295143
88,119,correction_bias,-0.37699392437934875,-5.7746000842547955
88,271,correction_bias,-0.35462141036987305,-5.440746045914071
89,65,nearest_cosine,0.7753811478614807,6.725934144663302
89,360,nearest_cosine,0.7753811478614807,6.725934144663302
89,589,nearest_cosine,0.7498358488082886,6.412402199203935
89,779,nearest_cosine,0.6594972014427185,5.303624736872543
89,647,correction_bias,-0.5257584452629089,-5.265977554862168
89,56,top8_spectral_leverage,0.03427739611129958,5.141471059852614
90,783,correction_bias,-0.7634965777397156,-14.414109825862786
90,134,correction_bias,-0.4914490878582001,-9.346610924379814
90,10,correction_bias,-0.410249263048172,-7.834080802507937
90,246,correction_bias,-0.387047678232193,-7.401898885965187
90,467,correction_bias,-0.37585970759391785,-7.193497665487191
90,238,correction_bias,-0.33417659997940063,-6.4170556474448315
90,412,top8_spectral_leverage,0.037337284523313446,6.289368662039332
90,29,nearest_cosine,0.7005645632743835,6.279055717625927
90,152,nearest_cosine,0.7005645632743835,6.279055717625927
90,557,nearest_cosine,0.6928626298904419,6.178063993813385
90,855,nearest_cosine,0.6928626298904419,6.178063993813385
90,126,correction_bias,-0.28547030687332153,-5.509790938191824
90,585,correction_bias,-0.2762717008590698,-5.3384461266933
90,50,top8_spectral_leverage,0.03150873325732923,5.04987407102732
91,572,top8_spectral_leverage,0.04593059292021826,7.974111758702256
91,56,correction_bias,-0.5549608469009399,-7.133546414766359
91,669,top8_spectral_leverage,0.03422929059954313,5.540013390907113
91,181,nearest_cosine,0.7366939783096313,5.4410110382903
91,533,nearest_cosine,0.7366939783096313,5.4410110382903
91,183,correction_bias,-0.4071607291698456,-5.2736763205788595
91,171,nearest_cosine,0.7167751789093018,5.222225649877432
91,418,nearest_cosine,0.7167751789093018,5.222225649877432
91,876,top8_spectral_leverage,0.03264237246931513,5.209903568533972
91,741,top8_spectral_leverage,0.032158580581327055,5.109265450431202
91,728,nearest_cosine,0.704856812953949,5.091315936275646
91,737,nearest_cosine,0.704856812953949,5.091315936275646
92,735,correction_bias,-0.5324862003326416,-9.669583933293765
92,146,correction_bias,-0.43708011507987976,-7.989455240575163
92,290,correction_bias,-0.39349865913391113,-7.221973225027795
92,274,top8_spectral_leverage,0.04013171805457014,7.038629129894309
92,221,top8_spectral_leverage,0.039396645460416636,6.882717909541585
92,134,top8_spectral_leverage,0.03837849211014452,6.666764366164083
92,521,top8_spectral_leverage,0.03782820986329098,6.550047762487442
92,771,correction_bias,-0.33150070905685425,-6.130171433368144
92,752,top8_spectral_leverage,0.03413460875949616,5.766623295068698
92,717,top8_spectral_leverage,0.03323302106986403,5.5753936967085345
92,236,top8_spectral_leverage,0.032547286551365094,5.429947238130824
92,479,top8_spectral_leverage,0.03245519277129145,5.41041385632285
92,502,correction_bias,-0.28710007667541504,-5.348263484401678
92,699,top8_spectral_leverage,0.03184650147040858,5.2813085076898725
92,562,nearest_cosine,0.8462014198303223,5.179563990677451
92,593,nearest_cosine,0.8462014198303223,5.179563990677451
92,289,top8_spectral_leverage,0.0308605749218687,5.072190370809772
92,455,top8_spectral_leverage,0.03077220779585873,5.053447424106469
