layer,router_norm_min,router_norm_p01,router_norm_p05,router_norm_median,router_norm_mean,router_norm_p95,router_norm_p99,router_norm_max,router_norm_std,router_norm_cv,pairwise_cosine_min,pairwise_cosine_p01,pairwise_cosine_p05,pairwise_cosine_median,pairwise_cosine_mean,pairwise_cosine_p95,pairwise_cosine_p99,pairwise_cosine_max,pairwise_cosine_std,nearest_cosine_min,nearest_cosine_p01,nearest_cosine_p05,nearest_cosine_median,nearest_cosine_mean,nearest_cosine_p95,nearest_cosine_p99,nearest_cosine_max,nearest_cosine_std,direction_centroid_norm,centered_spectral_effective_rank,centered_spectral_participation_rank,centered_spectral_top1_fraction,centered_spectral_top8_fraction,centered_spectral_top16_fraction,centered_spectral_top32_fraction,cosine_pairs_ge_0p3,cosine_pairs_ge_0p5,cosine_pairs_ge_0p7,cosine_pairs_ge_0p9,cluster_silhouette_k2,cluster_actual_count_k2,cluster_smallest_size_k2,cluster_largest_size_k2,cluster_singleton_count_k2,cluster_smallest_fraction_k2,cluster_smallest_to_equal_size_ratio_k2,cluster_silhouette_k4,cluster_actual_count_k4,cluster_smallest_size_k4,cluster_largest_size_k4,cluster_singleton_count_k4,cluster_smallest_fraction_k4,cluster_smallest_to_equal_size_ratio_k4,cluster_silhouette_k8,cluster_actual_count_k8,cluster_smallest_size_k8,cluster_largest_size_k8,cluster_singleton_count_k8,cluster_smallest_fraction_k8,cluster_smallest_to_equal_size_ratio_k8,cluster_silhouette_k16,cluster_actual_count_k16,cluster_smallest_size_k16,cluster_largest_size_k16,cluster_singleton_count_k16,cluster_smallest_fraction_k16,cluster_smallest_to_equal_size_ratio_k16,cluster_silhouette_k32,cluster_actual_count_k32,cluster_smallest_size_k32,cluster_largest_size_k32,cluster_singleton_count_k32,cluster_smallest_fraction_k32,cluster_smallest_to_equal_size_ratio_k32,cluster_best_k,cluster_best_silhouette,cluster_best_smallest_size,cluster_best_largest_size,cluster_best_singleton_count,cluster_best_smallest_fraction,cluster_best_smallest_to_equal_size_ratio,correction_bias_min,correction_bias_p01,correction_bias_p05,correction_bias_median,correction_bias_mean,correction_bias_p95,correction_bias_p99,correction_bias_max,correction_bias_std,correction_bias_l2,correction_bias_negative_count,correction_bias_positive_count,correction_bias_unique_count,bias_router_norm_spearman,bias_centroid_projection_spearman,bias_neighbor_mean_spearman,bias_pair_geometry_spearman,bias_neighbor_difference_ratio,bias_variance_explained_by_router_pc8,bias_variance_explained_by_router_pc32
1,2.601858615875244,2.9133233428001404,3.2904205918312073,5.036394119262695,4.949633336492947,6.278746843338013,6.656565976142883,7.0232062339782715,0.894586689948653,0.1807379717105491,-0.09769502282142639,-0.02902890047058463,-0.01461077225394547,0.014308663550764322,0.015964548982230826,0.04971546474844216,0.08767260514199708,0.7150890827178955,0.022884626649065553,0.08147845417261124,0.09847847409546376,0.1137523204088211,0.19264265149831772,0.21306241086650907,0.4029507637023926,0.49968528747558594,0.7150890827178955,0.0892067855719785,0.130624664015843,737.7263005778035,618.3487170113631,0.006241180332152656,0.035583476902817254,0.06224353804664759,0.10987914561592964,97,6,1,0,0.005335493405399739,2,19,877,0,0.021205357142857144,0.04241071428571429,0.0020592448647031186,4,19,826,0,0.021205357142857144,0.08482142857142858,0.0015063058434160463,8,11,681,0,0.012276785714285714,0.09821428571428571,0.002572916794509217,16,9,515,0,0.010044642857142858,0.16071428571428573,0.006953940765615436,32,5,282,0,0.005580357142857143,0.17857142857142858,32,0.006953940765615436,5,282,0,0.005580357142857143,0.17857142857142858,-0.08442370593547821,-0.06806424744427204,-0.042373815551400185,0.0049283422995358706,6.286563802859746e-07,0.023049718234688044,0.02667994331568478,0.028605474159121513,0.020338076157249058,0.6087849033831664,352,544,896,0.452230132631517,-0.2682283756442731,0.5451276657807534,0.004444846182946871,0.7824773479948378,0.4307497274874756,0.4968385954048266
2,2.5144076347351074,2.8800240755081177,3.235327184200287,4.78235387802124,4.731144933562193,6.105600595474243,6.462102627754211,6.863056182861328,0.8810159574771441,0.18621622669542823,-0.18218247592449188,-0.043768236115574836,-0.01864645481109619,0.015366845298558474,0.017286023553517584,0.059365555644035325,0.09940927147865261,0.5355132818222046,0.025983648608397216,0.08522991836071014,0.0958439439535141,0.11544855870306492,0.18439829349517822,0.19557910997121195,0.3165445327758789,0.40106186270713806,0.5355132818222046,0.06401847069346188,0.13558319427398863,704.3694365609247,570.4464795544078,0.007228435044233894,0.039829086691337424,0.07042680544255642,0.12420034757822994,35,1,0,0,0.008463774178869024,2,97,799,0,0.10825892857142858,0.21651785714285715,0.004964660230781531,4,26,773,0,0.029017857142857144,0.11607142857142858,0.0011643294680071697,8,5,720,0,0.005580357142857143,0.044642857142857144,0.0017648497161514534,16,5,605,0,0.005580357142857143,0.08928571428571429,0.0062523012337036,32,3,269,0,0.0033482142857142855,0.10714285714285714,2,0.008463774178869024,97,799,0,0.10825892857142858,0.21651785714285715,-0.08251580595970154,-0.05759591609239578,-0.03966611437499523,0.0010835853172466159,5.114306012338992e-07,0.03748520649969578,0.039684485830366614,0.040483906865119934,0.023505175044552008,0.7035864948294461,426,470,895,0.09314020970548696,-0.010953193985576731,0.6427560086676425,0.061807701000545515,0.7253719664053269,0.607278036825323,0.6487038645105662
3,2.0058422088623047,2.1949243783950805,2.3936339616775513,3.523634195327759,3.6236367962722267,5.044958591461182,5.663029670715331,6.640915393829346,0.8052985285185066,0.22223489102079652,-0.07554791867733002,-0.001654818981187418,0.012301636161282659,0.04708818159997463,0.05204055806138141,0.10746343322098253,0.15546732679009423,0.5458751916885376,0.031264343706028506,0.09966258704662323,0.11737772151827813,0.13651469722390175,0.22727522999048233,0.23830501343556015,0.36815863102674484,0.45816823840141296,0.5458751916885376,0.0750981906260749,0.23043122290445367,742.5982516272428,608.9643228310548,0.009056563838876205,0.04363392626063244,0.0711858587872908,0.11633067193493542,108,3,0,0,0.03909099191653894,2,1,895,1,0.0011160714285714285,0.002232142857142857,0.016367640470118613,4,1,891,2,0.0011160714285714285,0.004464285714285714,0.0064237129864374186,8,1,878,3,0.0011160714285714285,0.008928571428571428,0.006471800639454481,16,1,792,3,0.0011160714285714285,0.017857142857142856,0.0070432115346775095,32,1,672,3,0.0011160714285714285,0.03571428571428571,2,0.03909099191653894,1,895,1,0.0011160714285714285,0.002232142857142857,-0.14559821784496307,-0.09121949560940265,-0.06177034508436918,0.004293720470741391,1.385969133999814e-06,0.05133615527302027,0.055840789154171934,0.0601145438849926,0.035458777605789145,1.061396778048191,409,487,896,-0.4529109401650086,0.6276274232811152,0.7587269264414523,0.09493725522269315,0.6619328909208918,0.6391875548660547,0.6949558480998029
4,1.8954360485076904,2.02313312292099,2.2000743746757507,3.209843873977661,3.2456804046939527,4.385094523429871,5.2696659564971915,6.0558319091796875,0.6763222056278582,0.20837609416187455,-0.10002197325229645,0.0009622115222737194,0.013387790974229574,0.04577326402068138,0.04983103789901773,0.09918110705912113,0.1409723934531205,0.4802580177783966,0.027975345680443794,0.07697645574808121,0.10312679670751095,0.12235168740153313,0.20125031471252441,0.2081799950849797,0.32052311301231384,0.39679384231567383,0.4802580177783966,0.06107064090860775,0.22559143234294185,767.5307996650083,651.2957650311515,0.007708858766614108,0.03946893724927657,0.06292031457354508,0.10307975030270773,40,0,0,0,0.02496357350491952,2,2,894,0,0.002232142857142857,0.004464285714285714,0.016275210382459025,4,2,883,0,0.002232142857142857,0.008928571428571428,0.009068559274973532,8,2,870,0,0.002232142857142857,0.017857142857142856,0.002457647251265586,16,1,832,2,0.0011160714285714285,0.017857142857142856,0.004969768218728908,32,1,661,3,0.0011160714285714285,0.03571428571428571,2,0.02496357350491952,2,894,0,0.002232142857142857,0.004464285714285714,-0.16967681050300598,-0.09245981350541115,-0.06499683111906052,0.0032137997914105654,2.062621076350167e-06,0.05265372712165117,0.059121708571910854,0.061630818992853165,0.035996806558218165,1.0775017390395194,417,479,896,-0.2862730783911255,0.5831357250958902,0.7262786703216627,0.0312928266318124,0.6976243697120733,0.5757041282309203,0.6778288092118868
5,2.177567958831787,2.3797446846961976,2.6369600892066956,3.453150153160095,3.4719115179032087,4.323753118515015,5.000314712524413,6.203787326812744,0.5208413235585025,0.15001572501854948,-0.10893691331148148,0.004384535001590848,0.01599625200033188,0.044445233419537544,0.04752119591498114,0.08866331800818442,0.12323862090706818,0.6098598837852478,0.023830070573989916,0.08259036391973495,0.10171516723930836,0.11828353069722652,0.1856326013803482,0.195166423376317,0.2969653382897377,0.3626566231250763,0.6098598837852478,0.05883664258765762,0.2204183075643297,764.5040981786308,642.2127551995022,0.007939262287541207,0.04207153904107665,0.06742274852343803,0.1090937395652781,21,1,0,0,0.022775546430184018,2,1,895,1,0.0011160714285714285,0.002232142857142857,0.013723916472149841,4,1,883,1,0.0011160714285714285,0.004464285714285714,0.006505756425933813,8,1,858,1,0.0011160714285714285,0.008928571428571428,0.0048466873969887515,16,1,704,1,0.0011160714285714285,0.017857142857142856,0.003823191906529828,32,1,419,4,0.0011160714285714285,0.03571428571428571,2,0.022775546430184018,1,895,1,0.0011160714285714285,0.002232142857142857,-0.15496554970741272,-0.07277261801064014,-0.0496034761890769,0.005645954282954335,1.5206461024977865e-06,0.032648670487105846,0.03584902714937925,0.03704821690917015,0.026246756133958864,0.785650953058426,376,520,896,-0.18320147031739206,0.42887903479808986,0.7414320680533941,0.15414579657561198,0.6673500716779662,0.5647300921680399,0.681156623753671
6,2.0917928218841553,2.4228299617767335,2.704158067703247,3.7371798753738403,3.6720749669309174,4.396414160728455,4.793916177749633,5.5662641525268555,0.5088700292841091,0.13857833346725418,-0.13303714990615845,0.0031236707186326385,0.01769431894645095,0.05245115049183369,0.05460637660909646,0.0978250339627266,0.13420285344123822,0.48077625036239624,0.025993384068417447,0.09914252907037735,0.11425369307398796,0.1307857558131218,0.19125226885080338,0.20459901662044494,0.3138456642627716,0.4083246886730194,0.48077625036239624,0.05903612884645639,0.23592690271968303,743.3180952565634,613.240514835077,0.009255458184813176,0.04040314552470673,0.06817267122521194,0.11491409139671317,39,0,0,0,0.011741243097855712,2,30,866,0,0.033482142857142856,0.06696428571428571,0.006061370388573483,4,5,849,0,0.005580357142857143,0.022321428571428572,0.004127215403715054,8,5,790,0,0.005580357142857143,0.044642857142857144,0.009450545396602462,16,5,579,0,0.005580357142857143,0.08928571428571429,0.008461674158875119,32,2,482,0,0.002232142857142857,0.07142857142857142,2,0.011741243097855712,30,866,0,0.033482142857142856,0.06696428571428571,-0.1450120508670807,-0.07810898423194884,-0.040857626125216484,0.00519347982481122,4.717285589452201e-07,0.021193070337176323,0.024203179590404026,0.02559353969991207,0.021156463886479644,0.6332819151883233,314,582,895,0.17775753816992035,0.1617890647804344,0.6168070344951967,-0.023645161872255675,0.7339770733270761,0.31841528468273966,0.5859173793209921
7,2.072922706604004,2.285556435585022,2.544156312942505,3.3697210550308228,3.304577029177121,3.8627439737319946,4.116402912139892,4.965503215789795,0.40748717675508533,0.12330993442042854,-0.07666559517383575,0.0021818914636969567,0.015036553144454956,0.0454806424677372,0.04836331385546185,0.09010378308594226,0.130647661536932,0.4714915156364441,0.025050426745299163,0.0965258926153183,0.11564591526985168,0.13235920295119286,0.20469626784324646,0.20993806899891101,0.3082083463668823,0.36883804202079773,0.4714915156364441,0.05591984780049667,0.22231825923778095,740.723285345768,599.7680884036334,0.008886470397666697,0.04679330872113939,0.0751419165086093,0.12047244676303982,32,0,0,0,0.011197142852014135,2,19,877,0,0.021205357142857144,0.04241071428571429,0.006045041893924948,4,2,727,0,0.002232142857142857,0.008928571428571428,0.006785722738019226,8,2,487,0,0.002232142857142857,0.017857142857142856,0.005170506652627939,16,2,319,0,0.002232142857142857,0.03571428571428571,0.007659550771217572,32,2,203,0,0.002232142857142857,0.07142857142857142,2,0.011197142852014135,19,877,0,0.021205357142857144,0.04241071428571429,-0.16427378356456757,-0.0708629798144102,-0.04261051304638386,0.0034344957675784826,2.3992146062872573e-06,0.029589537996798754,0.03313979096710682,0.035937968641519547,0.024171262380856894,0.7235246630440808,402,494,895,-0.07617032698517842,0.3533496629550185,0.6868490067268697,0.10166307305727086,0.7113533568846105,0.4038770031176726,0.6381928420021775
8,2.0229663848876953,2.290216314792633,2.614396572113037,3.4997215270996094,3.4210069874035463,3.9609678387641907,4.088359212875366,4.458609580993652,0.3878367363053504,0.11336917396936048,-0.08544080704450607,-0.005832203705795109,0.007180378097109497,0.03787022642791271,0.040213093352659095,0.07971793487668036,0.11775836758315553,0.4349225163459778,0.024102079016035862,0.09063788503408432,0.1025752030313015,0.11282496340572834,0.18041153252124786,0.18950768970119367,0.29622718691825867,0.36346524953842163,0.4349225163459778,0.05898437706592664,0.20318534424652027,741.1689465483933,601.9957998810529,0.008598442747869982,0.04689934473166332,0.07477931595165653,0.12016344747872938,22,0,0,0,0.011026522848288898,2,60,836,0,0.06696428571428571,0.13392857142857142,0.0041719411473356465,4,4,640,0,0.004464285714285714,0.017857142857142856,0.005726657473197886,8,4,328,0,0.004464285714285714,0.03571428571428571,0.0055242831152958905,16,4,256,0,0.004464285714285714,0.07142857142857142,0.008571040137820543,32,2,139,0,0.002232142857142857,0.07142857142857142,2,0.011026522848288898,60,836,0,0.06696428571428571,0.13392857142857142,-0.1559617817401886,-0.06658761091530323,-0.036010414361953735,0.004438057774677873,1.8232789378609077e-06,0.023041941691190004,0.025651562586426726,0.026641644537448883,0.020509572025759575,0.6139183357839482,373,523,896,0.21394160703275344,0.02896029462400606,0.7798673818287614,0.12985298631891767,0.649992778669413,0.4765636859509096,0.6403285754809513
9,2.056431531906128,2.433867371082306,2.708360493183136,3.3284482955932617,3.3237464571637765,3.896953821182251,4.103466486930846,4.4027791023254395,0.35993818496207347,0.10829291271188488,-0.10480598360300064,0.005290989298373461,0.016937727108597755,0.044547729194164276,0.047680574076834785,0.08798019029200077,0.1311761587858198,0.4790560007095337,0.02421319293650166,0.10470560193061829,0.11599700376391411,0.1394750252366066,0.21275898814201355,0.21844791971047275,0.3219732344150543,0.3937920227646828,0.4790560007095337,0.05816054300337925,0.22077914436479482,738.6435875473292,596.0874443930944,0.008723612863105176,0.04667273897082227,0.07548208725018982,0.12232531938108915,39,0,0,0,0.009119078784458593,2,8,888,0,0.008928571428571428,0.017857142857142856,0.008960627065624335,4,8,540,0,0.008928571428571428,0.03571428571428571,0.011333308341404806,8,8,302,0,0.008928571428571428,0.07142857142857142,0.010109191737454481,16,4,200,0,0.004464285714285714,0.07142857142857142,0.009475247200951525,32,1,180,1,0.0011160714285714285,0.03571428571428571,8,0.011333308341404806,8,302,0,0.008928571428571428,0.07142857142857142,-0.1357620507478714,-0.07755885571241379,-0.0516584413126111,0.006040287669748068,1.0607877811708022e-06,0.03204148542135954,0.034441164880990985,0.036441486328840256,0.02642472660592944,0.7909781886258015,373,523,895,0.12206511280145506,0.2947654320882617,0.7600770807256442,0.14517359641980473,0.6412677185079046,0.573817318852959,0.717560918386682
10,2.1733853816986084,2.4038330554962157,2.8458436131477356,3.526690125465393,3.5182548106781075,4.155784010887146,4.385698294639587,4.630407333374023,0.3936744804960581,0.11189481765255693,-0.1419089436531067,-0.005385266793891787,0.006872227997519076,0.036869317293167114,0.04009893606810825,0.08374720439314841,0.12683134123682976,0.40137672424316406,0.025494671134825824,0.09511211514472961,0.11438308730721473,0.13541744276881218,0.20226652175188065,0.20909516403584608,0.30506086349487305,0.3635351061820984,0.40137672424316406,0.051497444943878694,0.20290454461030097,726.9837005772507,569.1924143881736,0.010018344516369999,0.05208523669970201,0.08177165337534367,0.12977414185940078,29,0,0,0,0.012900826864475388,2,175,721,0,0.1953125,0.390625,0.008151167376834252,4,3,527,0,0.0033482142857142855,0.013392857142857142,0.00642556192224604,8,1,302,1,0.0011160714285714285,0.008928571428571428,0.009213317457549195,16,1,190,1,0.0011160714285714285,0.017857142857142856,0.00955932516012835,32,1,164,1,0.0011160714285714285,0.03571428571428571,2,0.012900826864475388,175,721,0,0.1953125,0.390625,-0.16496561467647552,-0.07675836458802224,-0.04880888108164072,0.0068395244888961315,1.374555040456471e-06,0.02804041374474764,0.029051779583096494,0.03024175763130188,0.025247563870616045,0.755741871956327,360,536,896,0.3263122352507827,0.0583607535893788,0.7962981653396396,0.13232365396338402,0.6301997747454857,0.5268457283357925,0.6561597146087557
11,1.9230319261550903,2.3050058364868162,2.6865039467811584,3.310069441795349,3.292426695648049,3.8152105808258057,4.108426284790038,4.435498237609863,0.3507550382345673,0.10653389449739233,-0.07668392360210419,-0.015110048092901706,-0.0022962302784435445,0.028443665243685246,0.03162495550801691,0.07527438513934609,0.12066705904901026,0.44590070843696594,0.0260095000445759,0.08883966505527496,0.10488282442092896,0.12332509271800518,0.19386015832424164,0.2019850368378684,0.3076586350798607,0.35288119316101074,0.44590070843696594,0.056059131424933774,0.18084725941401972,727.7925252503973,559.6731902513994,0.011383005094406377,0.05498598219318131,0.08464168126051484,0.1317805315120325,32,0,0,0,0.009127520575881818,2,3,893,0,0.0033482142857142855,0.006696428571428571,0.007447611539742653,4,3,638,0,0.0033482142857142855,0.013392857142857142,0.008088592841127397,8,2,433,0,0.002232142857142857,0.017857142857142856,0.013060538131453794,16,2,143,0,0.002232142857142857,0.03571428571428571,0.0132664809212699,32,1,124,1,0.0011160714285714285,0.03571428571428571,32,0.0132664809212699,1,124,1,0.0011160714285714285,0.03571428571428571,-0.2057158648967743,-0.08345240503549575,-0.049712298437952995,0.004285562550649047,2.2410239190711375e-06,0.03448892291635275,0.03829985372722148,0.0408894419670105,0.0280885839068573,0.8407828623489045,388,508,896,0.11738866853331267,0.4121297848374603,0.769228178330319,0.14335751377466394,0.6549134785683327,0.46670221553128194,0.5837320456510295
12,0.9904314875602722,1.2294178128242494,2.040348768234253,5.215479612350464,4.982113471919937,6.468753933906555,7.355646634101866,8.172584533691406,1.2536940004355257,0.2516389896580165,-0.16458174586296082,-0.0567764400318265,-0.03394248746335506,0.009960165247321129,0.012412378826366638,0.06663282848894596,0.11567175492644242,0.8900642991065979,0.03378292951268549,0.08011570572853088,0.11364594921469688,0.12791472300887108,0.20360977202653885,0.23362684436973982,0.45292550325393677,0.654970240592955,0.8900642991065979,0.11033661056282602,0.11625229960888869,615.9785564550963,455.30120229215606,0.011097966777770184,0.053810021293909875,0.08957269318682108,0.15197153654730475,155,46,23,0,0.022194909065892783,2,2,894,0,0.002232142857142857,0.004464285714285714,0.008551031937577966,4,2,511,0,0.002232142857142857,0.008928571428571428,0.008125677980923044,8,2,373,0,0.002232142857142857,0.017857142857142856,0.006218229994807885,16,1,269,1,0.0011160714285714285,0.017857142857142856,0.017026939187631922,32,1,130,1,0.0011160714285714285,0.03571428571428571,2,0.022194909065892783,2,894,0,0.002232142857142857,0.004464285714285714,-0.33599427342414856,-0.07070661708712578,-0.0281072985380888,0.0013229025644250214,6.825260762915214e-08,0.02758485311642289,0.046923386864364126,0.07823675870895386,0.02431202243955626,0.7277380667899037,418,478,896,0.4532166946485624,0.15725010810175974,0.5378383074691832,0.022591143874436174,0.7660631222620399,0.2076618774739683,0.2933322822841551
13,1.8936511278152466,1.9567328929901122,2.038846492767334,3.4750746488571167,3.661676263303629,5.856024980545044,6.611821556091303,7.575908184051514,1.3319014991718692,0.363740921752106,-0.1297474056482315,-0.007283627493306994,0.011147182108834386,0.050979241728782654,0.05960258499546013,0.14829484745860097,0.2147845196723935,0.5604937672615051,0.04234274161901905,0.08313696086406708,0.10211168937385082,0.12518710270524025,0.192347452044487,0.20320350862207956,0.31709225475788116,0.3928416967391968,0.5604937672615051,0.06201365256650821,0.24627654312649042,728.406463143568,518.116487875671,0.020843895020521263,0.05239042947903871,0.07742556063612623,0.12173812560779436,150,1,0,0,0.028654253128768462,2,3,893,0,0.0033482142857142855,0.006696428571428571,0.019127147924764307,4,3,883,0,0.0033482142857142855,0.013392857142857142,0.01789558482608059,8,3,819,0,0.0033482142857142855,0.026785714285714284,0.016108241761087726,16,1,766,1,0.0011160714285714285,0.017857142857142856,0.018768823317584695,32,1,634,1,0.0011160714285714285,0.03571428571428571,2,0.028654253128768462,3,893,0,0.0033482142857142855,0.006696428571428571,-0.3380049467086792,-0.24283481687307357,-0.14281466230750084,0.014277517795562744,1.7259572554654109e-06,0.0865471288561821,0.10661516673862934,0.10878493636846542,0.06904046937552151,2.066606258447855,341,555,896,-0.12106658067460833,0.19223343907731807,0.6380964861351547,0.004041828796196961,0.7556960187155614,0.6803697614091123,0.7933991662316985
14,1.9073376655578613,2.0568414330482483,2.2254178524017334,3.544581890106201,3.828852785219039,6.171862602233887,6.992841386795043,7.848970890045166,1.247761869893264,0.3258840023074647,-0.12356583774089813,-0.004030766594223678,0.013194423262029888,0.05070066638290882,0.055754093784132076,0.10936570316553115,0.18335910648107498,0.6328503489494324,0.03448560829226876,0.08487652242183685,0.10709363929927349,0.12980961054563522,0.19194620847702026,0.20757957658497617,0.3403070271015167,0.43927130103111267,0.6328503489494324,0.06939256617163898,0.23834416222210192,731.7412870315686,574.0937566366089,0.013689609746644361,0.04660666441383611,0.07289018223003424,0.119081218273364,326,2,0,0,0.02397829503342286,2,1,895,1,0.0011160714285714285,0.002232142857142857,0.011684884350867978,4,1,852,1,0.0011160714285714285,0.004464285714285714,0.008399757746959516,8,1,798,1,0.0011160714285714285,0.008928571428571428,0.008718024370799679,16,1,706,1,0.0011160714285714285,0.017857142857142856,0.008119974766107565,32,1,605,2,0.0011160714285714285,0.03571428571428571,2,0.02397829503342286,1,895,1,0.0011160714285714285,0.002232142857142857,-0.1702694445848465,-0.12837417796254158,-0.08332019299268723,0.006724626990035176,1.3065905152741055e-06,0.06525965593755245,0.07975574694573878,0.08087419718503952,0.0452189796661881,1.3535514348880309,386,510,896,0.09769706550432805,0.0310101742440217,0.7503143542559518,-0.008699249705622341,0.6746790069533884,0.5737662642003213,0.6298003233641982
15,1.8429301977157593,1.9394431352615356,2.033570885658264,3.315877318382263,3.7784384844292487,6.55877149105072,7.120491361618042,8.178505897521973,1.5018961533563235,0.39749122806830406,-0.4663204848766327,-0.015756845325231552,0.002962570625822992,0.03697834722697735,0.041955329263319775,0.09585819020867342,0.16508954197168335,0.5642577409744263,0.032261898241392306,0.08908368647098541,0.10693340152502061,0.11828028969466686,0.17461880296468735,0.18768290234895954,0.3008299544453621,0.34611308574676514,0.5642577409744263,0.0582693397261631,0.2074236620396999,739.6406970939331,585.7240955847095,0.013633490856288847,0.045221548164289666,0.07144855948653901,0.1171960281124074,34,1,0,0,0.017783036422042528,2,86,810,0,0.09598214285714286,0.19196428571428573,0.014244135599150177,4,6,767,0,0.006696428571428571,0.026785714285714284,0.013288088366923884,8,6,729,0,0.006696428571428571,0.05357142857142857,0.013308104733276803,16,3,636,0,0.0033482142857142855,0.05357142857142857,0.012026185158417786,32,1,522,2,0.0011160714285714285,0.03571428571428571,2,0.017783036422042528,86,810,0,0.09598214285714286,0.19196428571428573,-0.26554006338119507,-0.1645674780011177,-0.11655220575630665,0.013162351679056883,1.0557194595354043e-06,0.07869605161249638,0.08973088189959526,0.09172427654266357,0.0610690491278087,1.8279956704517581,384,512,896,-0.002407683099023881,0.1350734157753832,0.8117810849770796,0.07760858505841207,0.5982067523143783,0.5536459680596129,0.6533927075167703
16,1.7831830978393555,1.9115579545497894,2.000031054019928,3.4364556074142456,3.815580027044884,6.3537527322769165,6.8213366746902455,7.535562992095947,1.3965564444190275,0.3660141929982378,-0.16144731640815735,-0.018414940685033798,0.001250802021240816,0.034505030140280724,0.038446393456182885,0.08515611886978149,0.14908296585083003,0.6600599884986877,0.030038262243184125,0.073250412940979,0.10609234645962715,0.11947841569781303,0.1717350035905838,0.1903300843384516,0.3221210092306137,0.5352324545383449,0.6600599884986877,0.07363234258704343,0.19879526144328388,735.9343070003865,591.2811376160274,0.012150676551350546,0.04281873529527884,0.0693253499926684,0.1159318301939778,102,6,0,0,0.01578595973460229,2,2,894,0,0.002232142857142857,0.004464285714285714,0.009835622881843203,4,2,878,0,0.002232142857142857,0.008928571428571428,0.007527846768211059,8,2,787,0,0.002232142857142857,0.017857142857142856,0.009519610265212562,16,2,671,0,0.002232142857142857,0.03571428571428571,0.01009744245440772,32,1,546,1,0.0011160714285714285,0.03571428571428571,2,0.01578595973460229,2,894,0,0.002232142857142857,0.004464285714285714,-0.20645751059055328,-0.14051514789462088,-0.09470479935407639,0.012046020478010178,4.821410064843284e-07,0.0617969399318099,0.06775561086833476,0.06934677064418793,0.05086770251934045,1.522636119106073,392,504,895,0.12734448247010052,0.011722151167140964,0.8417098975066792,0.06997003194199769,0.5186396251864981,0.5524057489014621,0.627530826062227
17,1.8586328029632568,2.0395158767700194,2.1734188199043274,3.4987224340438843,3.849146908282169,6.3484073877334595,6.798810958862303,7.2446370124816895,1.2763587617756342,0.3315952319277049,-0.13740681111812592,-0.015007090475410222,0.0035654971841722737,0.03722632862627506,0.04056240706177286,0.08554951436817645,0.14031536519527416,0.7771261930465698,0.02891008623607134,0.09321174770593643,0.10799725018441678,0.12445122376084328,0.1724851056933403,0.187217873670826,0.29686272889375687,0.4535391926765442,0.7771261930465698,0.0672981010134136,0.20404217199549013,737.9474996994137,591.044607948065,0.012294887272848434,0.04441911481851472,0.07083918234389959,0.11657710802236923,88,3,1,0,0.014211358737350977,2,118,778,0,0.13169642857142858,0.26339285714285715,0.009401443431677186,4,3,761,0,0.0033482142857142855,0.013392857142857142,0.0028199057825618627,8,3,750,0,0.0033482142857142855,0.026785714285714284,0.004026743404540137,16,3,637,0,0.0033482142857142855,0.05357142857142857,0.008528592700054382,32,2,494,0,0.002232142857142857,0.07142857142857142,2,0.014211358737350977,118,778,0,0.13169642857142858,0.26339285714285715,-0.20226266980171204,-0.10553726404905318,-0.06535585224628448,0.006944868713617325,1.2457803352715148e-06,0.04399690683931112,0.04834596663713455,0.04914581775665283,0.03663502473768135,1.096605688029163,378,518,895,0.2279279487921628,-0.003438711988546518,0.831577995375692,0.12269985904914425,0.558859195372326,0.5761832042650683,0.6332408634062843
18,1.9781321287155151,2.1097442626953127,2.53004652261734,3.574121832847595,3.779005041212908,5.516525626182556,6.038425040245055,6.572901725769043,0.8929589402576278,0.23629472057307022,-0.14899541437625885,-0.008933070665225386,0.0063100599916651855,0.036662718281149864,0.03923661956346649,0.08042390085756776,0.11325247034430501,0.6037430167198181,0.024049317816484585,0.09207746386528015,0.11428148448467254,0.12449735216796398,0.16838513314723969,0.1773502855129274,0.2597074508666992,0.3640276238322255,0.6037430167198181,0.05069534712781971,0.2007707651052272,745.2505901646531,619.6145571015023,0.007699968748835391,0.04044364340316106,0.0665666400236509,0.11172984994404672,15,1,0,0,0.010059007225409413,2,5,891,0,0.005580357142857143,0.011160714285714286,0.0027703163256950192,4,2,791,0,0.002232142857142857,0.008928571428571428,0.001690583931319867,8,2,653,0,0.002232142857142857,0.017857142857142856,0.003919958117293261,16,2,390,0,0.002232142857142857,0.03571428571428571,0.009616376688432035,32,2,162,0,0.002232142857142857,0.07142857142857142,2,0.010059007225409413,5,891,0,0.005580357142857143,0.011160714285714286,-0.10183549672365189,-0.06650046035647392,-0.04272673837840557,0.005222913576290011,1.1896052326067417e-06,0.026242685969918966,0.028497809264808893,0.0303672906011343,0.023494286649122155,0.7032605704028821,383,513,896,0.42702912675131516,-0.13363140836574158,0.7969764204704695,0.10188608809613038,0.5875974430655949,0.6530771807549467,0.6952012404386213
19,1.936923861503601,2.2715147614479063,2.5573060512542725,3.5372148752212524,3.6788630997762084,5.126285433769226,5.541599369049072,5.968824863433838,0.7638248555086001,0.207625245841593,-0.11384765803813934,-0.015955735929310322,-0.0010328880220185964,0.02865795139223337,0.03085193982648365,0.06955180428922175,0.1018542310595509,0.536662757396698,0.022928875092204093,0.09566354751586914,0.10324046052992344,0.11427396908402443,0.15476515889167786,0.16849581540528952,0.26018016040325165,0.34601688385009766,0.536662757396698,0.05263128604590725,0.17869968744512618,746.6424492960709,623.5404455749048,0.0077146635594495415,0.03969684713757196,0.06536542795765363,0.1099087605714517,13,2,0,0,0.010411952208106036,2,144,752,0,0.16071428571428573,0.32142857142857145,0.005458724843498773,4,12,674,0,0.013392857142857142,0.05357142857142857,0.004930933250707063,8,12,397,0,0.013392857142857142,0.10714285714285714,0.006712819390431365,16,7,205,0,0.0078125,0.125,0.009162708666042765,32,3,154,0,0.0033482142857142855,0.10714285714285714,2,0.010411952208106036,144,752,0,0.16071428571428573,0.32142857142857145,-0.0942918136715889,-0.07115235701203346,-0.045891402289271355,0.006305214250460267,2.057434845223075e-06,0.0273081730119884,0.028708312287926675,0.03010857105255127,0.02447905372949451,0.7327378602536978,381,515,894,0.42601372446941493,0.0369621857121686,0.8473365534006414,0.13745269041170152,0.5249778043317872,0.6560046980171179,0.7227983737713449
20,1.7806618213653564,1.9365828812122345,2.354115843772888,3.5605244636535645,3.7784363264217973,5.578824758529663,5.847981715202331,6.404616832733154,1.0200222802859922,0.269958838039216,-0.15567070245742798,-0.024527214616537094,-0.0033481115824542935,0.030908571556210518,0.03280786309097763,0.07517925165593622,0.11095865324139582,0.5731494426727295,0.02559731064710814,0.08778298646211624,0.09972634166479111,0.11065763048827648,0.1617334485054016,0.17250072860458335,0.26200851798057556,0.4312198758125305,0.5731494426727295,0.0564589168773699,0.18408508529834355,733.8197708840038,599.7565803169548,0.008532534900262791,0.04222421154142436,0.07091970807304544,0.12022639228657456,14,2,0,0,0.013515643727039428,2,162,734,0,0.18080357142857142,0.36160714285714285,0.010332880989618137,4,34,734,0,0.03794642857142857,0.15178571428571427,0.004627455450648118,8,3,666,0,0.0033482142857142855,0.026785714285714284,0.0053566019220299115,16,3,533,0,0.0033482142857142855,0.05357142857142857,0.005471427902487456,32,2,400,0,0.002232142857142857,0.07142857142857142,2,0.013515643727039428,162,734,0,0.18080357142857142,0.36160714285714285,-0.12536673247814178,-0.09536216743290424,-0.06326228566467762,0.012636648025363684,2.773635937306348e-06,0.03323762398213148,0.035047961026430124,0.03743748739361763,0.03270563348287864,0.9789862044031395,359,537,893,0.4185725965697285,-0.1649612022070259,0.8065051252392059,0.12372981230185356,0.5317869546332892,0.6759221216744303,0.7214108402701537
21,1.7741358280181885,1.83277108669281,1.8819075226783752,3.7615450620651245,3.867442355624267,5.871133327484131,6.498545312881467,7.198688507080078,1.397456327573835,0.3613386313416075,-0.1879107803106308,-0.036157387867569925,-0.008416826417669655,0.03647851385176182,0.03970639241920506,0.09720253758132456,0.15616145789623237,0.7341569066047668,0.03405364723774715,0.09152822941541672,0.1167775645852089,0.13052339106798172,0.1832892745733261,0.19339841718153497,0.27543147653341293,0.3879389390349375,0.7341569066047668,0.056867770347195826,0.20193600148902335,701.6984272060686,532.3880124164154,0.013236432184363947,0.05070339720021371,0.08283786534431077,0.1373773945733555,18,1,1,0,0.02103431732187989,2,188,708,0,0.20982142857142858,0.41964285714285715,0.017437432476838117,4,17,683,0,0.018973214285714284,0.07589285714285714,0.014640236042224804,8,12,671,0,0.013392857142857142,0.10714285714285714,0.014366384769813124,16,7,602,0,0.0078125,0.125,0.017082462477427746,32,4,495,0,0.004464285714285714,0.14285714285714285,2,0.02103431732187989,188,708,0,0.20982142857142858,0.41964285714285715,-0.2106570303440094,-0.15429798662662506,-0.09930567443370819,0.0239457655698061,3.581239980121609e-07,0.04199596680700779,0.04375660028308629,0.04494649916887283,0.04814772411035004,1.4412183006306272,324,572,896,0.10372942730089924,-0.021867451227422077,0.8020593718887379,0.051430399010101255,0.5234505363109682,0.6207566224288174,0.6415284519356359
22,1.825963020324707,2.0897559762001037,2.2848929166793823,4.021968364715576,3.997775628630604,5.7324981689453125,5.9641427755355805,6.662234306335449,1.160979555195203,0.2904063817090416,-0.20337042212486267,-0.036082941740751266,-0.010539079178124664,0.028916720300912857,0.030536483981881902,0.076760596036911,0.11832650378346432,0.4983308017253876,0.02841963379277823,0.0881611555814743,0.10648978799581528,0.12388870492577553,0.1797357201576233,0.19264826896999562,0.30855776369571686,0.4119207501411437,0.4983308017253876,0.06070607404268453,0.17781584441673007,698.5753878944752,544.371808167004,0.010329789453200634,0.0471452769139892,0.07924396775932518,0.13464754233852344,45,0,0,0,0.012746663052328527,2,192,704,0,0.21428571428571427,0.42857142857142855,0.00979623814165836,4,36,668,0,0.04017857142857143,0.16071428571428573,0.005440564335869531,8,8,641,0,0.008928571428571428,0.07142857142857142,0.005024473823337198,16,3,581,0,0.0033482142857142855,0.05357142857142857,0.008939965164830877,32,3,413,0,0.0033482142857142855,0.10714285714285714,2,0.012746663052328527,192,704,0,0.21428571428571427,0.42857142857142855,-0.12766508758068085,-0.101679228246212,-0.061807659454643726,0.013099806383252144,8.00410556881356e-07,0.029785855673253536,0.031948590464889993,0.03619179502129555,0.031958156122700455,0.9566117676934485,351,545,896,0.3834674873948009,-0.21469124602625936,0.8021752343416415,0.10630756218924596,0.561524583159919,0.6274061648983159,0.6715943418111601
23,1.9047654867172241,2.1343634486198426,2.49183452129364,3.675943613052368,3.7333857099126493,4.962432146072388,5.291826009750365,5.689083576202393,0.7788540779265125,0.2086187012122933,-0.11927185952663422,-0.023536539152264595,-0.0039753314107656475,0.030306951142847538,0.032688410030405166,0.07720986679196358,0.11599738307297226,0.6146373748779297,0.02644651452063291,0.10572373867034912,0.11543338373303413,0.1289379671216011,0.18041153252124786,0.19200710578089847,0.28888440877199173,0.4293778821825979,0.6146373748779297,0.05962624362284287,0.18376071094466798,707.1982268561211,563.5802242915315,0.008354313070949637,0.04437832695973558,0.07525057372700115,0.12883403831195359,31,3,0,0,0.010717698016810825,2,156,740,0,0.17410714285714285,0.3482142857142857,0.006626279359291587,4,17,740,0,0.018973214285714284,0.07589285714285714,0.001855382380935877,8,7,579,0,0.0078125,0.0625,0.004979155994044234,16,4,195,0,0.004464285714285714,0.07142857142857142,0.008162965826518088,32,4,176,0,0.004464285714285714,0.14285714285714285,2,0.010717698016810825,156,740,0,0.17410714285714285,0.3482142857142857,-0.11710318177938461,-0.06892725452780722,-0.04691593907773495,0.008654728531837463,1.700602816916736e-06,0.022714524529874325,0.02366339713335037,0.025307917967438698,0.023883194069303518,0.7149018378856512,365,531,895,0.5992864307905443,-0.09846313704326645,0.8213508016435754,0.1400017905631601,0.5327580364810484,0.6644521821650243,0.700384823287008
24,2.0149803161621094,2.095603573322296,2.125874876976013,2.57545804977417,2.938946540068303,4.949541330337524,6.124874043464653,8.482454299926758,0.9568749941199955,0.32558434836237515,-0.2238670438528061,0.00430693404749036,0.03080156622454524,0.1305687502026558,0.14870729022631618,0.3086614266037941,0.33926507145166374,0.738304853439331,0.08697371290114529,0.025389578193426132,0.14045896902680396,0.1852065697312355,0.3085329532623291,0.30121177787077613,0.3951715677976608,0.4812696576118464,0.738304853439331,0.07447750160367318,0.3868557789452104,713.9933055058702,371.9756116025693,0.0363496434683417,0.06350881568962184,0.08616261500704595,0.12644887456371776,26874,4,1,0,0.1573523717986964,2,1,895,1,0.0011160714285714285,0.002232142857142857,0.11452163939832136,4,1,889,2,0.0011160714285714285,0.004464285714285714,0.10543501123997381,8,1,874,3,0.0011160714285714285,0.008928571428571428,0.09514307196573546,16,1,855,4,0.0011160714285714285,0.017857142857142856,0.08588308551232735,32,1,820,8,0.0011160714285714285,0.03571428571428571,2,0.1573523717986964,1,895,1,0.0011160714285714285,0.002232142857142857,-0.32149210572242737,-0.17635190933942793,-0.11162117682397366,0.02066236175596714,1.4122958223846841e-06,0.05468569602817297,0.060741839744150615,0.064704529941082,0.05635875895996282,1.6870013347053359,347,549,896,-0.8697745811390454,0.957140738481824,0.9019669257157983,0.6695155890251243,0.5960629950939659,0.8828537011250531,0.9121879746386268
25,2.0364232063293457,2.1491538882255554,2.189466178417206,2.924562931060791,3.1678419610751525,5.017457604408264,5.849270105361936,6.624029636383057,0.9463072582257108,0.29872300129029733,-0.14965225756168365,0.026191631965339184,0.04875506386160851,0.1396004557609558,0.16263029867553905,0.35737293809652326,0.4138947564363479,0.5393413305282593,0.0931041661831525,0.11219870299100876,0.15429927110671998,0.18161171302199364,0.3060206174850464,0.32317226385930553,0.4720112383365631,0.5016425102949138,0.5393413305282593,0.09383380741609997,0.4044315307590447,715.444692689625,359.17192930620377,0.037990180624159944,0.06360028932812557,0.08555941754293318,0.12431120294592712,43468,7,0,0,0.13711381032496198,2,2,894,0,0.002232142857142857,0.004464285714285714,0.11491826583359835,4,1,890,1,0.0011160714285714285,0.004464285714285714,0.09684057466874053,8,1,884,4,0.0011160714285714285,0.008928571428571428,0.08299487533502033,16,1,855,6,0.0011160714285714285,0.017857142857142856,0.07819088903943364,32,1,782,11,0.0011160714285714285,0.03571428571428571,2,0.13711381032496198,2,894,0,0.002232142857142857,0.004464285714285714,-0.3300360441207886,-0.2279963620007038,-0.16534601897001266,0.02262910082936287,9.456937602538216e-07,0.08914220705628395,0.10220352038741111,0.1110316812992096,0.08053070465148521,2.4105464475369347,358,538,896,-0.7405743773472094,0.9075252504357434,0.8393816354094468,0.482648109044949,0.7722261164772066,0.9143621415166666,0.9393952871741412
26,1.7774543762207031,1.8526618123054504,1.918881207704544,2.7400317192077637,3.0038247084511176,5.106665134429932,5.983114433288572,6.503400802612305,1.0152059669829596,0.3379711086757912,-0.1395864486694336,0.010215122979134322,0.031431978568434715,0.0947631224989891,0.10629644800042286,0.22415456548333168,0.28997074097394937,0.49288615584373474,0.059148205902460074,0.11614924669265747,0.12621991634368895,0.1523195467889309,0.23744197934865952,0.25000011627396035,0.3926010727882385,0.46979284286499007,0.49288615584373474,0.07496143383201252,0.32755745305964457,757.8927866847638,547.9874431139814,0.02125156795474959,0.047726745505785616,0.06944009742479844,0.10816769330092472,2963,0,0,0,0.08493638484654416,2,3,893,0,0.0033482142857142855,0.006696428571428571,0.06214650678272804,4,1,891,2,0.0011160714285714285,0.004464285714285714,0.05193624591728342,8,1,874,3,0.0011160714285714285,0.008928571428571428,0.03943267289305479,16,1,856,6,0.0011160714285714285,0.017857142857142856,0.032533931558777006,32,1,814,10,0.0011160714285714285,0.03571428571428571,2,0.08493638484654416,3,893,0,0.0033482142857142855,0.006696428571428571,-0.2871359586715698,-0.2403558000922203,-0.14091459289193153,0.015238999854773283,2.773045642762944e-06,0.09118657372891903,0.11705261915922163,0.14619573950767517,0.07409291211692651,2.217842336992446,377,519,896,-0.5201530207101618,0.7062471639970425,0.8129619400376027,0.20980356581850584,1.0424317324900874,0.8914833101028536,0.9230521142337398
27,1.8114588260650635,1.8970034301280976,1.9793973863124847,2.715220093727112,2.992160841423486,4.926432728767395,5.902390837669371,6.3331522941589355,0.9511313746179882,0.31787441418606976,-0.11905933916568756,0.009321283614262939,0.027857959270477295,0.0812145508825779,0.08790879169877464,0.1725276231765747,0.2208135640621185,0.41824305057525635,0.04459051916037997,0.08478859812021255,0.10343159176409245,0.12808727473020554,0.2005796954035759,0.2079579936273928,0.3122871220111847,0.3909555241465569,0.41824305057525635,0.05748167172485731,0.29820588635819484,780.4541045502563,648.2561131349494,0.013176907693126915,0.03772201846947758,0.05851383997690809,0.0959173710453426,192,0,0,0,0.06561262805493537,2,2,894,0,0.002232142857142857,0.004464285714285714,0.05330292786971452,4,1,891,1,0.0011160714285714285,0.004464285714285714,0.040764574314346706,8,1,885,3,0.0011160714285714285,0.008928571428571428,0.030993475252587527,16,1,856,4,0.0011160714285714285,0.017857142857142856,0.024088929547410074,32,1,814,6,0.0011160714285714285,0.03571428571428571,2,0.06561262805493537,2,894,0,0.002232142857142857,0.004464285714285714,-0.26605334877967834,-0.19598997458815576,-0.11476369015872478,0.011949002277106047,3.665756236971772e-06,0.08122212812304497,0.11205886751413342,0.1310010403394699,0.061880002319275186,1.852270145422168,386,510,896,-0.38900882030284506,0.5771120381318948,0.7373864840347223,0.10085613281078686,1.1293012266086284,0.8152607709221936,0.8482028722558399
28,2.1757254600524902,2.2052228689193725,2.238561272621155,2.609348177909851,2.8395244758576155,4.193256735801697,4.751903295516967,5.8559489250183105,0.6534935524609605,0.2301418980597402,-0.12288174033164978,0.04242768581956625,0.06832140870392323,0.15906479954719543,0.17929026990491354,0.35287319868803024,0.39438144415616977,0.47205016016960144,0.08727455205086598,0.09529946744441986,0.1529017448425293,0.191950723528862,0.3013984113931656,0.3134721321735664,0.4396835193037987,0.4553139746189117,0.47205016016960144,0.08308765198787778,0.42450705601744426,733.7654356512503,401.5784376415436,0.0342745152961503,0.05890231643723072,0.07939028670168444,0.11642260520383983,50572,0,0,0,0.13479963908382203,2,3,893,0,0.0033482142857142855,0.006696428571428571,0.1183280652702735,4,1,891,2,0.0011160714285714285,0.004464285714285714,0.10358129326893316,8,1,887,6,0.0011160714285714285,0.008928571428571428,0.09084318016962294,16,1,861,8,0.0011160714285714285,0.017857142857142856,0.07891573628561337,32,1,818,10,0.0011160714285714285,0.03571428571428571,2,0.13479963908382203,3,893,0,0.0033482142857142855,0.006696428571428571,-0.37400200963020325,-0.2590834960341454,-0.1953558772802353,0.02490838337689638,2.800218291148277e-06,0.11034039035439491,0.12009471021592616,0.1324973851442337,0.0981759206195652,2.938725269911597,366,530,896,-0.806757761305976,0.9481333261710356,0.8497596348041966,0.4898388315714546,0.8003680259057958,0.9446517549107475,0.95636675231285
29,1.8317360877990723,1.9017553329467773,2.01402485370636,2.8966825008392334,2.9702798444777727,4.16572117805481,4.761093521118157,5.415310859680176,0.6707408818621623,0.2258174034036481,-0.0873684287071228,0.026177963949739935,0.04345089476555586,0.09973511099815369,0.10905641680405716,0.20816277936100958,0.26938744157552713,0.4636411666870117,0.05117026967448236,0.12280409783124924,0.1424187831580639,0.16953618079423904,0.23112952709197998,0.24148706703480066,0.3495452255010605,0.3893728911876678,0.4636411666870117,0.05507340655350382,0.33173901418344504,764.0197374401353,611.3913283614936,0.014964962355996866,0.04115838700941423,0.06382520036171747,0.10415362612664378,1683,0,0,0,0.059511158918271176,2,3,893,0,0.0033482142857142855,0.006696428571428571,0.047451210189169715,4,1,890,1,0.0011160714285714285,0.004464285714285714,0.03910482308469968,8,1,878,2,0.0011160714285714285,0.008928571428571428,0.03134590966005831,16,1,847,2,0.0011160714285714285,0.017857142857142856,0.026582398581061463,32,1,784,5,0.0011160714285714285,0.03571428571428571,2,0.059511158918271176,3,893,0,0.0033482142857142855,0.006696428571428571,-0.22771543264389038,-0.18926286846399307,-0.13635772466659546,0.016670734621584415,2.7916898943658452e-06,0.09267059341073036,0.10184898227453226,0.11486199498176575,0.07126656294535337,2.1332404950324846,393,503,896,-0.6736468262124079,0.8188562833814229,0.831937175047969,0.22709845891697897,0.8377343674355181,0.7937582563017553,0.8309734325779359
30,1.9098516702651978,1.9512571036815642,2.0552530884742737,2.9001150131225586,2.9460899401456118,3.882128953933716,4.599246263504027,5.174688339233398,0.5895408309699728,0.2001095835318709,-0.17851248383522034,0.03431046940386295,0.05200507901608944,0.10955779999494553,0.12048605950701935,0.22623021006584162,0.3030243340134619,0.4145917296409607,0.05506536466311862,0.1161302924156189,0.14056743904948235,0.16598713770508766,0.23408832401037216,0.24651978115018988,0.3740067332983017,0.4053293481469154,0.4145917296409607,0.06128551033864687,0.3485221081935155,763.2784608780346,600.6527615945997,0.01633027133524649,0.04156583864361859,0.06334631692993015,0.10283949917724479,4303,0,0,0,0.09184028858576121,2,1,895,1,0.0011160714285714285,0.002232142857142857,0.054628565137016825,4,1,892,2,0.0011160714285714285,0.004464285714285714,0.0431640245602272,8,1,885,3,0.0011160714285714285,0.008928571428571428,0.03276968987978555,16,1,869,6,0.0011160714285714285,0.017857142857142856,0.02673868481463732,32,1,820,12,0.0011160714285714285,0.03571428571428571,2,0.09184028858576121,1,895,1,0.0011160714285714285,0.002232142857142857,-0.27949050068855286,-0.17386563941836358,-0.13455791398882866,0.013777247164398432,1.2692210020759376e-06,0.09688474051654339,0.10644938312470911,0.11213774979114532,0.07286876373288675,2.181199585020796,398,498,896,-0.705031402893924,0.8681114155458337,0.7628991781655262,0.19997283619289882,0.9089815947526623,0.8461650913967635,0.8700062012940456
31,1.8628190755844116,1.9507407546043396,2.249567210674286,2.9830191135406494,2.998112221248448,3.872508406639099,4.312660455703735,5.043511867523193,0.4848467603169125,0.16171734896401468,-0.04144814610481262,0.021011962220072747,0.03397059589624405,0.06796359643340111,0.0719850562475618,0.12317676022648807,0.16198729157447814,0.40912458300590515,0.02838172454103521,0.09703812003135681,0.1186364334076643,0.13614396750926971,0.194893479347229,0.20039626688230783,0.28404349088668823,0.34933963418006897,0.40912458300590515,0.04771810167287476,0.2702235874641062,777.0329168594119,673.7597994976936,0.007644588626563101,0.03370484118597036,0.05617860635928085,0.09636144852952697,17,0,0,0,0.03375091024942387,2,1,895,1,0.0011160714285714285,0.002232142857142857,0.020077270954686425,4,1,887,1,0.0011160714285714285,0.004464285714285714,0.012559274019618474,8,1,876,1,0.0011160714285714285,0.008928571428571428,0.005431314711522716,16,1,848,2,0.0011160714285714285,0.017857142857142856,0.0028139879850750437,32,1,755,4,0.0011160714285714285,0.03571428571428571,2,0.03375091024942387,1,895,1,0.0011160714285714285,0.002232142857142857,-0.14131055772304535,-0.1193890206515789,-0.08930891193449497,0.007488548289984465,1.4698069078024543e-06,0.06724139116704464,0.0757102534174919,0.08068963885307312,0.04769808718252279,1.4277592026096562,406,490,896,-0.27547191089211975,0.5343146515253023,0.7805597502448971,0.0558213160382519,0.707304549060932,0.6852141634419018,0.7271113851520807
32,1.8565536737442017,1.8913484394550324,1.9763862788677216,2.6018604040145874,2.6542028192696825,3.4876932501792908,3.948860561847685,4.580923557281494,0.46876950663914535,0.17661404894752153,-0.09537404775619507,0.030328990183770655,0.04917028546333313,0.10728240758180618,0.11541913766852661,0.2106247864663601,0.2745550429821011,0.3811493217945099,0.05015637255091754,0.09764443337917328,0.12495453283190727,0.15029435604810715,0.2209671288728714,0.22794776201979922,0.328751765191555,0.3508264422416687,0.3811493217945099,0.05405301761893047,0.341183811319858,787.196893995112,655.9541987404186,0.013632730178235318,0.03522527962922169,0.054768700819390156,0.09103092000115265,1211,0,0,0,0.0861976407125831,2,1,895,1,0.0011160714285714285,0.002232142857142857,0.07103582476723366,4,1,891,2,0.0011160714285714285,0.004464285714285714,0.05294939980850605,8,1,885,4,0.0011160714285714285,0.008928571428571428,0.04003587340304702,16,1,872,9,0.0011160714285714285,0.017857142857142856,0.03144035244118999,32,1,840,12,0.0011160714285714285,0.03571428571428571,2,0.0861976407125831,1,895,1,0.0011160714285714285,0.002232142857142857,-0.39272040128707886,-0.22894912287592886,-0.13703927025198936,0.013485128991305828,1.73841876208566e-06,0.0992811843752861,0.10622516311705112,0.11545148491859436,0.07711043479653104,2.308166624216895,395,501,896,-0.7190393557135115,0.8884749177225494,0.7532191585469646,0.205638597756564,0.9527878866877679,0.8811729637657204,0.8964861633978151
33,1.8208931684494019,1.9325055301189422,2.253863036632538,2.8196840286254883,2.849206803632634,3.5482333302497864,3.9865907907485956,4.780346870422363,0.41378191653690816,0.14522705617905707,-0.05157674476504326,0.037093007676303386,0.0515364408493042,0.09403200075030327,0.09909680306197696,0.163943625241518,0.20971100583672517,0.37111181020736694,0.03534672966267105,0.10750120878219604,0.13800186142325402,0.15666405484080315,0.20807358622550964,0.2145434950611421,0.29861269891262054,0.3289448484778404,0.37111181020736694,0.04165649254120423,0.3163894362446852,780.9725975464098,674.2008372937108,0.008955007192176522,0.03369924791883833,0.05599116990732464,0.09581456093569717,84,0,0,0,0.05166633494707111,2,1,895,1,0.0011160714285714285,0.002232142857142857,0.03383248207852292,4,1,892,2,0.0011160714285714285,0.004464285714285714,0.020906380174559314,8,1,884,4,0.0011160714285714285,0.008928571428571428,0.013093994641702226,16,1,859,5,0.0011160714285714285,0.017857142857142856,0.006392341798480859,32,1,812,9,0.0011160714285714285,0.03571428571428571,2,0.05166633494707111,1,895,1,0.0011160714285714285,0.002232142857142857,-0.20182600617408752,-0.13684762939810752,-0.11226451955735683,0.008184156846255064,1.7656972366759355e-06,0.08343502134084702,0.0895848236978054,0.09218441694974899,0.06172486973773737,1.8476265191708705,403,493,895,-0.4196468710030995,0.7527372214408548,0.8028734299152235,0.1416050818747731,0.72864796225329,0.7895117477964932,0.8372417057437536
34,1.8954741954803467,1.9643121659755707,2.1354478001594543,2.7462222576141357,2.8140039136633277,3.6778616309165955,4.158788633346557,4.601288795471191,0.46236259584237166,0.16430773020512918,-0.02852778509259224,0.023851396441459657,0.037497862800955774,0.07509700581431389,0.07884123225547124,0.13218839839100838,0.17324278756976125,0.31062769889831543,0.030012140322584164,0.10119465738534927,0.11631640829145909,0.13118959963321686,0.18325653672218323,0.18799162187912902,0.25803207606077194,0.27583603411912905,0.31062769889831543,0.03855775711980255,0.2826115908120741,791.5283451034383,697.2134685135201,0.007469248335854027,0.031410410762168176,0.05203380058748452,0.08953521655840288,1,0,0,0,0.03577418914316679,2,5,891,0,0.005580357142857143,0.011160714285714286,0.026168314732253988,4,2,886,0,0.002232142857142857,0.008928571428571428,0.01933566855181889,8,2,875,0,0.002232142857142857,0.017857142857142856,0.013660753033460078,16,1,849,2,0.0011160714285714285,0.017857142857142856,0.008552798912595404,32,1,790,4,0.0011160714285714285,0.03571428571428571,2,0.03577418914316679,5,891,0,0.005580357142857143,0.011160714285714286,-0.2366398572921753,-0.14764299020171165,-0.0944425854831934,0.004757661139592528,1.0074738189099923e-06,0.07420767843723297,0.07876907661557196,0.08195826411247253,0.05467573541871625,1.6366229547317397,424,472,896,-0.24757156403227568,0.5659552859091357,0.7921855606744481,0.08332373095323886,0.6997364715771621,0.7225129912229473,0.81465119404336
35,1.9355076551437378,2.061599338054657,2.156696081161499,2.7272722721099854,2.806369644456676,3.7128944993019104,3.954167556762695,4.31171178817749,0.4772304792108476,0.17005260876930603,-0.07101274281740189,-0.005357160461135209,0.0060135002713650465,0.033782752230763435,0.03585432355505913,0.0715741515159607,0.1019554768502712,0.4609517455101013,0.02134041691614478,0.07631978392601013,0.09710388146340847,0.11158429458737373,0.15937140583992004,0.1675789037503169,0.2552410811185837,0.3240271508693695,0.4609517455101013,0.046560478383430984,0.19217278424017736,782.753998668158,682.2010492387578,0.0066130982420574,0.03425066649071323,0.05779948162585403,0.09787924266901848,10,0,0,0,0.011130842055250171,2,14,882,0,0.015625,0.03125,0.003424826369279123,4,2,875,0,0.002232142857142857,0.008928571428571428,0.001965440192681386,8,2,783,0,0.002232142857142857,0.017857142857142856,0.0026218411460872215,16,2,650,0,0.002232142857142857,0.03571428571428571,0.0038383392114185516,32,2,511,0,0.002232142857142857,0.07142857142857142,2,0.011130842055250171,14,882,0,0.015625,0.03125,-0.2325027585029602,-0.1389088362455368,-0.07980510219931602,0.005095874425023794,1.0135664589532617e-06,0.06134667154401541,0.06570714265108107,0.06909411400556564,0.04656099336884676,1.393722278522846,404,492,896,0.13951709876230156,0.17279509111243382,0.7286035868789635,0.0775707467225203,0.6889571591947684,0.5288734672053087,0.653744511545844
36,2.350451946258545,2.430428659915924,2.479936361312866,3.226444125175476,3.5693197873021876,5.70585572719574,7.011295533180233,8.017786026000977,1.1109620754506058,0.3112531635307209,-0.13359449803829193,0.04228393621742725,0.07213202603161335,0.18222308158874512,0.20649611707615298,0.4299798920750617,0.5032210987806319,0.5876668095588684,0.10714289472835097,0.11584421992301941,0.17037176340818405,0.22890562936663628,0.3676929622888565,0.380960420289609,0.5546842962503433,0.571792334318161,0.5876668095588684,0.10364581424318198,0.45539183584200665,691.4989567745771,334.83935368733944,0.03964305702965464,0.06795349226417764,0.09292851506140466,0.13646986965042152,73262,4517,0,0,0.1525375772498149,2,1,895,1,0.0011160714285714285,0.002232142857142857,0.13643596884738898,4,1,891,2,0.0011160714285714285,0.004464285714285714,0.1262265711209649,8,1,887,5,0.0011160714285714285,0.008928571428571428,0.1138179278172695,16,1,874,10,0.0011160714285714285,0.017857142857142856,0.0980114889821688,32,1,848,21,0.0011160714285714285,0.03571428571428571,2,0.1525375772498149,1,895,1,0.0011160714285714285,0.002232142857142857,-0.35302653908729553,-0.19970750957727432,-0.14135495573282242,0.01716578286141157,2.7349184555142916e-07,0.0965567547827959,0.10423666052520274,0.11079012602567673,0.07835016235108808,2.345275709741378,391,505,896,-0.7758848162403541,0.8774487717771661,0.7824838941656308,0.2974371575167859,0.8195182160034965,0.920952521875632,0.9379017851335415
37,2.1312382221221924,2.2418038845062256,2.302275061607361,3.1585036516189575,3.388546634199364,5.20189893245697,6.452004504203795,8.544607162475586,0.9991757757795331,0.29486853322165224,-0.07456659525632858,0.042013469710946084,0.06737479642033577,0.15930728614330292,0.17766341016541248,0.3619598478078842,0.45914306312799447,0.5779139995574951,0.0895179778901023,0.12650130689144135,0.1713099330663681,0.21201439946889877,0.3225739002227783,0.3427570663791682,0.5323701798915863,0.5542495012283324,0.5779139995574951,0.09795180384459651,0.4225886847872281,726.5556986707743,447.9076947047077,0.028800925804815136,0.05562023952080187,0.07862848163857197,0.11979386689917147,40720,943,0,0,0.12146859590833091,2,1,895,1,0.0011160714285714285,0.002232142857142857,0.10575677791836093,4,1,892,2,0.0011160714285714285,0.004464285714285714,0.09569209272978275,8,1,884,3,0.0011160714285714285,0.008928571428571428,0.08439361225446118,16,1,868,6,0.0011160714285714285,0.017857142857142856,0.06960082720457043,32,1,841,14,0.0011160714285714285,0.03571428571428571,2,0.12146859590833091,1,895,1,0.0011160714285714285,0.002232142857142857,-0.4630475640296936,-0.23891617581248284,-0.13400595635175705,0.014145244378596544,1.0615696217947907e-06,0.0963953249156475,0.1025855857878923,0.10734468698501587,0.07700142467062115,2.3049035955066137,401,495,895,-0.5738097319518846,0.7855185881039293,0.6669157667002832,0.1860013662601949,0.9637505109619342,0.9017473802687282,0.9178036909816567
38,1.9917150735855103,2.049448812007904,2.2099637389183044,3.3408119678497314,3.436023491434753,4.951613903045654,5.675583291053772,6.3944268226623535,0.8606387926005347,0.2504752353253454,-0.0685863271355629,0.02342920418828726,0.04302191026508808,0.09666084125638008,0.10527080205927168,0.19662324637174602,0.26641627877950613,0.5024110674858093,0.04893525736961397,0.11094146966934204,0.15022686421871184,0.18125947192311287,0.2557038962841034,0.2642799276176707,0.3837360739707947,0.41652876138687134,0.5024110674858093,0.0595124484021751,0.3259898522234145,740.5049227179527,583.288030956033,0.01419501105265064,0.045066073576028695,0.07035890385767855,0.11521893862680344,1973,1,0,0,0.05362734212812681,2,2,894,0,0.002232142857142857,0.004464285714285714,0.04246440933718205,4,2,890,0,0.002232142857142857,0.008928571428571428,0.034903564801212046,8,2,871,0,0.002232142857142857,0.017857142857142856,0.026574796493206217,16,1,853,2,0.0011160714285714285,0.017857142857142856,0.020529129900345222,32,1,789,5,0.0011160714285714285,0.03571428571428571,2,0.05362734212812681,2,894,0,0.002232142857142857,0.004464285714285714,-0.29028382897377014,-0.15437699109315872,-0.11078399047255516,0.009517761878669262,5.6375896357557e-07,0.08151580952107906,0.08791667930781841,0.09391745179891586,0.06253741762634994,1.8719487249672555,404,492,895,-0.15447913366815602,0.47019907435448843,0.812131446553332,0.1663988194669404,0.6619162278911341,0.7916127514748378,0.8342964584087432
39,2.250732183456421,2.4123773097991945,2.7220166325569153,4.065018892288208,4.023917191794941,5.2481783628463745,5.979490852355957,6.738107681274414,0.7632125757167145,0.1896690561309165,-0.08750689029693604,0.00993842744268477,0.02545995395630598,0.061628254130482674,0.06596063843868165,0.12125185467302796,0.16463975325226762,0.5374960899353027,0.030907837422936985,0.1138715147972107,0.13488953188061714,0.15240056440234184,0.23333915323019028,0.24395607796031982,0.3689383566379547,0.4880625307559967,0.5374960899353027,0.06846970340467859,0.25884955688534295,740.6881099486891,602.2523767838699,0.009316074875334817,0.045640340038132984,0.07314279240651406,0.11813351836884065,121,4,0,0,0.03636296233729012,2,6,890,0,0.006696428571428571,0.013392857142857142,0.019297360022994554,4,1,882,1,0.0011160714285714285,0.004464285714285714,0.005759018001405501,8,1,875,3,0.0011160714285714285,0.008928571428571428,0.0032892578127844507,16,1,793,3,0.0011160714285714285,0.017857142857142856,0.006833060039570405,32,1,629,3,0.0011160714285714285,0.03571428571428571,2,0.03636296233729012,6,890,0,0.006696428571428571,0.013392857142857142,-0.1835595667362213,-0.08957912735641002,-0.05340657848864794,0.003342958865687251,5.113663519296097e-07,0.042492746375501156,0.04924244545400143,0.05204213410615921,0.03137938224527417,0.9392871790881877,411,485,895,0.05715398452223853,0.20792328431798499,0.7565309707915965,0.07940186156447242,0.6800147891506336,0.5777950394778425,0.6513794790621721
40,2.0486905574798584,2.112173843383789,2.2567288279533386,3.6570115089416504,3.6486970840820243,4.908575773239136,5.483940601348877,5.802408695220947,0.805805780928476,0.2208475415632396,-0.07766067236661911,0.00971255885437131,0.025730463769286872,0.06314364448189735,0.06715373000105022,0.12074465043842793,0.1647086778283117,0.4679451584815979,0.03055009301101835,0.11420676112174988,0.1253931622952223,0.1447763592004776,0.2093156948685646,0.2177438092268338,0.32735675573349,0.37858155369758606,0.4679451584815979,0.05397662540703501,0.26114144269247447,761.5444059005098,647.8702553920602,0.007661458813348144,0.037015307077978815,0.06082166342614566,0.10332213054582132,37,0,0,0,0.033205071153676394,2,1,895,1,0.0011160714285714285,0.002232142857142857,0.021020477637646053,4,1,880,1,0.0011160714285714285,0.004464285714285714,0.011291022159760038,8,1,866,2,0.0011160714285714285,0.008928571428571428,0.0068875571322653045,16,1,812,3,0.0011160714285714285,0.017857142857142856,0.006893451661439426,32,1,718,3,0.0011160714285714285,0.03571428571428571,2,0.033205071153676394,1,895,1,0.0011160714285714285,0.002232142857142857,-0.12328380346298218,-0.08805554807186126,-0.07133547030389309,0.006516585359349847,6.930777414839082e-07,0.05136603210121393,0.05472590383142232,0.056715622544288635,0.03909138154255064,1.1701324522469754,408,488,896,0.18732983982255294,0.025587286165377,0.8239781714520601,0.12030748100877063,0.5796215716997632,0.7366247044774744,0.7888041590640137
41,2.0707480907440186,2.2338773012161255,2.5457412004470825,3.6758766174316406,3.708038498780557,4.863621354103088,5.283018422126768,5.829513072967529,0.6993842009275463,0.18861298262074383,-0.10841672122478485,-0.005501725841313599,0.00907787336036563,0.041616419330239296,0.04402231556730052,0.08558882288634777,0.12213006317615502,0.5012987852096558,0.025108662539021578,0.09967822581529617,0.11760909184813499,0.13396882638335228,0.19789604097604752,0.20746707920417456,0.3090502992272377,0.4302546977996826,0.5012987852096558,0.05726552136232389,0.21234230612360389,747.5678549131276,628.3527449480724,0.0075757495702651455,0.037710321495598276,0.06273231410904216,0.10741781635992474,29,1,0,0,0.020440510217895603,2,5,891,0,0.005580357142857143,0.011160714285714286,0.009588310989148677,4,3,881,0,0.0033482142857142855,0.013392857142857142,0.004977847080880028,8,2,841,0,0.002232142857142857,0.017857142857142856,0.0029512207239192462,16,1,741,1,0.0011160714285714285,0.017857142857142856,0.0047242075045249915,32,1,549,1,0.0011160714285714285,0.03571428571428571,2,0.020440510217895603,5,891,0,0.005580357142857143,0.011160714285714286,-0.10324931889772415,-0.07142566479742526,-0.053067946806550026,0.0049191557336598635,5.64338701484043e-07,0.039401425048708916,0.0422254279255867,0.046215176582336426,0.03046293933209866,0.9118550559548173,411,485,896,0.4370692611978742,-0.3977785922481696,0.8372514159995942,0.0996356011996919,0.5673267289716374,0.7650365184868211,0.8058199759978274
42,1.9139198064804077,1.9890247702598571,2.1510347723960876,3.0637588500976562,3.2770208631243025,4.788235902786255,5.198426413536071,5.737869739532471,0.8416110987014194,0.2568220142178252,-0.08847326040267944,0.001259786537848413,0.01717604650184512,0.05430024862289429,0.05738885823313045,0.10732758827507494,0.14112179785966855,0.45283785462379456,0.028394757678027446,0.08736023306846619,0.10383304916322231,0.1286645382642746,0.18744242191314697,0.193553924585493,0.2824622839689255,0.32671943008899684,0.45283785462379456,0.047427896793591696,0.2417454851557226,768.4747947082699,658.5654578221769,0.007224681440392812,0.03542680951799589,0.05861463954295846,0.10045260822706795,13,0,0,0,0.02829407651358124,2,1,895,1,0.0011160714285714285,0.002232142857142857,0.016607432966535142,4,1,885,1,0.0011160714285714285,0.004464285714285714,0.011638040715150306,8,1,868,1,0.0011160714285714285,0.008928571428571428,0.009450449182277918,16,1,798,1,0.0011160714285714285,0.017857142857142856,0.009521555081296021,32,1,672,2,0.0011160714285714285,0.03571428571428571,2,0.02829407651358124,1,895,1,0.0011160714285714285,0.002232142857142857,-0.20392127335071564,-0.10053952783346176,-0.07656798884272575,0.006481703603640199,8.678377006227882e-07,0.051982211880385876,0.05610249247401951,0.05888276547193527,0.03969274820976581,1.1881333166074084,397,499,895,0.21264899947754567,-0.03501995726568925,0.8404298781604329,0.08670216829599067,0.5907797444162912,0.7060406468782766,0.7596098809643215
43,1.983245611190796,2.110550606250763,2.5008329153060913,3.255918860435486,3.318587477984173,4.315302610397339,4.780766582489012,5.407571792602539,0.5594372182678381,0.16857690869359274,-0.06381341814994812,0.009345099003985525,0.022669228352606298,0.055155882611870766,0.05795113857885421,0.1022865705192089,0.13674561828374854,0.4320971667766571,0.025508587296998207,0.09424363821744919,0.11253258474171161,0.13518406450748444,0.19884093105793,0.20543785764104022,0.2932771369814873,0.34226682782173157,0.4320971667766571,0.048713750645785134,0.24290436881388736,760.7822292250064,645.2643643437972,0.007752093797123627,0.037054681605737105,0.062047032177085425,0.10512533400320653,20,0,0,0,0.028400343860390326,2,1,895,1,0.0011160714285714285,0.002232142857142857,0.017202295339412255,4,1,886,1,0.0011160714285714285,0.004464285714285714,0.01028684911197471,8,1,863,1,0.0011160714285714285,0.008928571428571428,0.004807378332709298,16,1,818,1,0.0011160714285714285,0.017857142857142856,0.004938823051612433,32,1,619,2,0.0011160714285714285,0.03571428571428571,2,0.028400343860390326,1,895,1,0.0011160714285714285,0.002232142857142857,-0.11771298944950104,-0.08455055803060532,-0.06733659841120243,0.008486923761665821,1.5572303969487881e-06,0.045539054088294506,0.04869871661067008,0.0516875758767128,0.035840566252035286,1.0728249567173487,401,495,895,0.23726138470539176,0.018463013260078043,0.8472196613045899,0.10701260029234938,0.5596902032860415,0.7567118848160852,0.7960614261785905
44,1.89961576461792,2.0358283281326295,2.4874616861343384,3.158787965774536,3.1882893009377375,4.019169926643372,4.299771475791928,4.8831048011779785,0.4851590335463646,0.1521690749342194,-0.07249446958303452,0.0068428035452961925,0.018627746403217314,0.04719952307641506,0.04998517671846228,0.09028179273009297,0.12365352302789662,0.4797217547893524,0.023336230458137243,0.086673803627491,0.10477672144770622,0.12170414254069328,0.18630487471818924,0.1958610275011909,0.2863368093967438,0.38437792658805847,0.4797217547893524,0.05502913253507715,0.22593242605328728,771.1084880210452,657.3892351115858,0.008041562035912898,0.03793707308084455,0.061886963636226935,0.10285336446468626,22,0,0,0,0.014436748157383475,2,1,895,1,0.0011160714285714285,0.002232142857142857,0.006296833075290046,4,1,866,1,0.0011160714285714285,0.004464285714285714,0.0019801720107925206,8,1,839,1,0.0011160714285714285,0.008928571428571428,-0.0006108794320970968,16,1,777,1,0.0011160714285714285,0.017857142857142856,0.00729432148288567,32,1,359,1,0.0011160714285714285,0.03571428571428571,2,0.014436748157383475,1,895,1,0.0011160714285714285,0.002232142857142857,-0.11723316460847855,-0.09691534265875816,-0.06388423591852188,0.0070642775390297174,1.0688392454280153e-06,0.047415461391210556,0.05236555635929108,0.053966160863637924,0.035937331779388904,1.0757214637821477,396,500,895,0.1856011299703501,0.14555269754575928,0.810272064479497,0.10618363921605702,0.6092101540464805,0.6433285526231781,0.7777889870498164
45,1.9932615756988525,2.1481643199920653,2.3735846281051636,2.9433815479278564,3.020818592847458,3.867449700832367,4.290258383750914,4.646465301513672,0.46813276812996113,0.1549688449476517,-0.09051971882581711,-0.0003092223385465331,0.010732071148231626,0.0375797413289547,0.04028064194852478,0.07762005515396594,0.11659407041966913,0.42721712589263916,0.02260832493439598,0.07921916246414185,0.09634781442582607,0.12106510624289513,0.18974033743143082,0.19520610290679283,0.2889504060149193,0.3329223096370697,0.42721712589263916,0.05274892326770494,0.20335131499585732,764.4251143477533,644.3864109571159,0.008787989235137671,0.03878382337908707,0.06418559449497685,0.10727871805602812,20,0,0,0,0.014985504528195668,2,2,894,0,0.002232142857142857,0.004464285714285714,0.005765339837747184,4,2,871,0,0.002232142857142857,0.008928571428571428,0.0011740926056132948,8,2,830,0,0.002232142857142857,0.017857142857142856,0.0021472617218245135,16,2,678,0,0.002232142857142857,0.03571428571428571,0.007753650864690649,32,2,314,0,0.002232142857142857,0.07142857142857142,2,0.014985504528195668,2,894,0,0.002232142857142857,0.004464285714285714,-0.20348982512950897,-0.10781667344272136,-0.07728691026568413,0.0075139752589166164,1.7032374931399578e-06,0.05691341310739517,0.060124189965426914,0.0639132559299469,0.04350409090342275,1.3022192256674459,410,486,895,0.38768562635162906,-0.19081742359648474,0.8187746516169497,0.0991229252387605,0.5887227648830824,0.6508357030706164,0.7996644368879908
46,1.9292707443237305,2.1024030327796934,2.2686243653297424,2.80523943901062,2.8784088931445564,3.6937445402145386,4.072548031806945,4.493204593658447,0.4689679223346442,0.16292609554242793,-0.1627964973449707,-0.012885823473334312,-0.0020946004427969457,0.02277486491948366,0.02509395666034361,0.05860268212854861,0.09461092390120009,0.3820444345474243,0.02087096962990399,0.06687263399362564,0.08096473067998886,0.09888939373195171,0.16588972508907318,0.17372201881205132,0.2717931568622589,0.31207194924354553,0.3820444345474243,0.05255970675819085,0.16180859510316015,773.7664196304378,661.5876905677802,0.007780843435100785,0.03822576364661197,0.062068809631794064,0.1028005383684848,14,0,0,0,0.00923011128227452,2,1,895,1,0.0011160714285714285,0.002232142857142857,0.0027185337705306475,4,1,864,1,0.0011160714285714285,0.004464285714285714,0.0009726653870023187,8,1,798,1,0.0011160714285714285,0.008928571428571428,0.0007984513580069736,16,1,666,1,0.0011160714285714285,0.017857142857142856,0.0075802278817170415,32,1,266,1,0.0011160714285714285,0.03571428571428571,2,0.00923011128227452,1,895,1,0.0011160714285714285,0.002232142857142857,-0.2142721265554428,-0.13733907490968703,-0.08016693964600563,0.006430535577237606,2.081692400679458e-06,0.0643308274447918,0.06954028792679309,0.07193157076835632,0.046775449128886405,1.4001416394086938,401,495,896,0.3633748235005218,-0.05483948890555642,0.7411885221288305,0.08489543957766593,0.6838795520257387,0.6341344169889269,0.7358204886703362
47,2.0597968101501465,2.1924689054489135,2.3605140447616577,2.7828952074050903,2.85858697257936,3.582434833049774,3.9683570742607115,4.555271625518799,0.38126995238810485,0.13337706917627115,-0.09963808208703995,-0.01404230711981654,-0.004002350894734263,0.01999507285654545,0.02285376167682637,0.05811311937868592,0.10018729269504545,0.40108492970466614,0.02174888660633758,0.07348906993865967,0.0929006215184927,0.10738477855920792,0.17814213037490845,0.18464505201804318,0.29152339696884155,0.3503893375396727,0.40108492970466614,0.0550844407368339,0.15473954469754997,763.5428199094548,638.0661591180216,0.009135805380247353,0.04107999212857602,0.06688836379239228,0.10953800363005091,24,0,0,0,0.006355509311623701,2,30,866,0,0.033482142857142856,0.06696428571428571,0.007438532618954384,4,30,494,0,0.033482142857142856,0.13392857142857142,0.007419351232348871,8,10,477,0,0.011160714285714286,0.08928571428571429,0.008581420636156776,16,1,208,1,0.0011160714285714285,0.017857142857142856,0.011669271121126801,32,1,208,1,0.0011160714285714285,0.03571428571428571,32,0.011669271121126801,1,208,1,0.0011160714285714285,0.03571428571428571,-0.25530096888542175,-0.12153044193983079,-0.0789528377354145,0.001295515918172896,1.4450195067183813e-06,0.06529520638287067,0.07129629328846931,0.07769478112459183,0.0462041270914349,1.3830401081252548,442,454,894,0.41291089022558974,-0.19928182561919808,0.7407324489847481,0.08028409263275972,0.6555146851776824,0.4496231785145221,0.7171112643022257
48,2.5101895332336426,2.5896769762039185,2.8767223358154297,5.388338804244995,5.339899493647473,7.466736793518066,8.320395612716675,9.587494850158691,1.3635611051402208,0.25535332767262,-0.15452906489372253,0.0018515941430814566,0.021113220974802973,0.06924836710095406,0.07908293684458698,0.16942901015281675,0.24895201623439767,0.5291956067085266,0.04894684277660722,0.13012701272964478,0.16542926505208017,0.19677740335464478,0.2877252697944641,0.29509689575726433,0.43632201105356216,0.4983154535293579,0.5291956067085266,0.07020049079562078,0.28303841810426983,673.1886592328007,497.1600554674898,0.015030516498125715,0.04996886742514255,0.08430614227469914,0.1431828871050695,1641,4,0,0,0.04685987031997209,2,1,895,1,0.0011160714285714285,0.002232142857142857,0.027150289891912482,4,1,891,2,0.0011160714285714285,0.004464285714285714,0.015035479719330346,8,1,873,2,0.0011160714285714285,0.008928571428571428,0.006219546505829406,16,1,840,4,0.0011160714285714285,0.017857142857142856,0.009776478289876152,32,1,706,5,0.0011160714285714285,0.03571428571428571,2,0.04685987031997209,1,895,1,0.0011160714285714285,0.002232142857142857,-0.15547411143779755,-0.12217173352837563,-0.09777120128273964,0.0057271665427833796,1.1442131316081422e-06,0.06657836027443409,0.07935728840529915,0.08512803167104721,0.048614548671568426,1.4551918815363043,405,491,896,-0.2735410266197247,0.4724297972491438,0.8080330635575755,0.09893175347983797,0.6586096876262064,0.6460575617799683,0.7108438382792837
49,2.460636854171753,3.1162997245788575,3.5618730783462524,5.173132658004761,5.199812177302582,6.8118157386779785,7.47722692489624,8.041775703430176,0.9735705178479455,0.18723186235411066,-0.15436208248138428,-0.0403663320094347,-0.02034803619608283,0.01458964217454195,0.01764205656109582,0.06518345065414904,0.12201147012412528,0.4714939296245575,0.02913062899488586,0.09537430852651596,0.12269812077283859,0.14082253724336624,0.21756039559841156,0.2269606113217638,0.338174045085907,0.4387543499469757,0.4714939296245575,0.0616911540102815,0.13688841522492687,658.2006588396905,513.174789893424,0.006270308707584381,0.04253032977259008,0.07645688569703855,0.13654825806539514,67,0,0,0,0.009019210376369286,2,34,862,0,0.03794642857142857,0.07589285714285714,0.004167836258726107,4,12,818,0,0.013392857142857142,0.05357142857142857,-3.559203724969387e-05,8,4,679,0,0.004464285714285714,0.03571428571428571,0.00312516707390603,16,3,449,0,0.0033482142857142855,0.05357142857142857,0.013021268777677978,32,2,125,0,0.002232142857142857,0.07142857142857142,32,0.013021268777677978,2,125,0,0.002232142857142857,0.07142857142857142,-0.10958371311426163,-0.04882277343422174,-0.03503264766186476,0.0003111548285232857,2.4716405927652626e-06,0.033265567384660244,0.03681658823043108,0.0382164865732193,0.021622445078364073,0.6472302550091323,443,453,894,0.5842135862576437,-0.4620270252900316,0.7483096150201858,0.08889103890506755,0.6552299571954492,0.657820962019022,0.7133854686285617
50,2.43241024017334,2.6487031817436217,3.0431979298591614,4.24178671836853,4.1916120161435435,5.250553846359253,5.7421264171600335,6.557722568511963,0.6598575615946495,0.15742333952982265,-0.0699494257569313,0.029078188184648752,0.043773040361702445,0.08568757399916649,0.09230526737103785,0.16335706859827043,0.21814865738153438,0.6335486173629761,0.03838203309790754,0.13486509025096893,0.17052972987294196,0.19797398895025253,0.272300660610199,0.2778726399410516,0.38942593336105347,0.44394761323928833,0.6335486173629761,0.058783877559116356,0.3054804732049593,716.7163501562163,571.7290154383435,0.009607693290704529,0.043818962509426275,0.07439098661489556,0.12612848368203572,485,2,0,0,0.0356974811412488,2,1,895,1,0.0011160714285714285,0.002232142857142857,0.01984462503895869,4,1,892,2,0.0011160714285714285,0.004464285714285714,0.014164667369345312,8,1,858,2,0.0011160714285714285,0.008928571428571428,0.003812164068346613,16,1,831,3,0.0011160714285714285,0.017857142857142856,0.0057603072270019555,32,1,654,3,0.0011160714285714285,0.03571428571428571,2,0.0356974811412488,1,895,1,0.0011160714285714285,0.002232142857142857,-0.18069325387477875,-0.09110820032656192,-0.06603974848985672,0.0020082014962099493,1.160480158952331e-06,0.0626090569421649,0.07692050822079181,0.08090981096029282,0.03955371785554697,1.183971685218217,432,464,896,-0.35651244705015644,0.6644072286712558,0.7805648650125728,-0.014921854441529568,0.7644799583502392,0.6681768584164055,0.7512302116042516
51,2.6800949573516846,2.946209156513214,3.268028974533081,4.0175323486328125,4.046126989381654,4.898636817932129,5.367993307113647,5.924476146697998,0.5008104537540072,0.12377526831666329,-0.10583990067243576,0.017627883218228817,0.030832842271775008,0.0641024261713028,0.06814388265049687,0.11760030910372729,0.1662396813929081,0.6353175640106201,0.028998745481769374,0.1238226443529129,0.1588452249765396,0.1889345534145832,0.2612769901752472,0.2664576055082892,0.3554481565952301,0.4173063546419142,0.6353175640106201,0.05529951544402824,0.2630283266741452,709.6669598244464,559.481899290435,0.00890240302019754,0.046406463965727056,0.0785824667396524,0.13209795082453243,153,1,0,0,0.03756362738238713,2,1,895,1,0.0011160714285714285,0.002232142857142857,0.013818723559452295,4,1,889,1,0.0011160714285714285,0.004464285714285714,0.004211437853580527,8,1,870,2,0.0011160714285714285,0.008928571428571428,0.00014733470595125364,16,1,743,2,0.0011160714285714285,0.017857142857142856,0.006501116279066456,32,1,403,2,0.0011160714285714285,0.03571428571428571,2,0.03756362738238713,1,895,1,0.0011160714285714285,0.002232142857142857,-0.12343046814203262,-0.08388899117708207,-0.05502836033701897,0.0035668561467900872,2.529029058808062e-06,0.05576942674815655,0.06279109306633471,0.06916981935501099,0.034559906973311655,1.0344906524731623,424,472,896,0.11873903968268795,0.2991061752796632,0.8274136887523454,0.050348867393940705,0.6029561194420746,0.6682497409761916,0.7637477349067794
52,2.5494444370269775,2.8963667035102842,3.3094038367271423,4.290624141693115,4.278914863775883,5.140440344810486,5.394162583351133,5.922879695892334,0.5394560837096076,0.12607310518760131,-0.13928672671318054,-0.0308112476952374,-0.013192420266568661,0.019959799014031887,0.0251188985767382,0.08086166009306904,0.14247672975063322,0.49296098947525024,0.03192153876947692,0.08499176800251007,0.14614536464214326,0.16340972855687141,0.2442803904414177,0.2513666720977718,0.35855574160814285,0.4558791518211365,0.49296098947525024,0.06175873260137005,0.16188556305026092,642.8145363901837,467.5545204403924,0.011117066957356547,0.058019061510563366,0.09594161421696777,0.15928203761443058,96,0,0,0,0.010120110461573175,2,108,788,0,0.12053571428571429,0.24107142857142858,0.012331056921657238,4,108,357,0,0.12053571428571429,0.48214285714285715,0.016151219759239045,8,51,295,0,0.056919642857142856,0.45535714285714285,0.015083564879927985,16,1,276,1,0.0011160714285714285,0.017857142857142856,0.020014130028360364,32,1,189,1,0.0011160714285714285,0.03571428571428571,32,0.020014130028360364,1,189,1,0.0011160714285714285,0.03571428571428571,-0.10696124285459518,-0.07841761671006679,-0.05690535344183445,0.0048406790010631084,2.515917263476045e-06,0.042245859280228615,0.04504509475082159,0.04604605957865715,0.03163019155249417,0.9467947219348408,406,490,894,0.6454392288394077,-0.5019026535470612,0.8479505528533405,0.09937514309581565,0.5632513514635012,0.7186160162509537,0.8332052153721301
53,1.9251059293746948,2.446383023262024,2.751940667629242,3.713924527168274,3.693968942255846,4.5680365562438965,4.863515925407409,5.051823616027832,0.5414750133647057,0.14658353165092824,-0.14831870794296265,-0.03415632952004671,-0.019029938336461782,0.01315580727532506,0.01747090006606486,0.06794315464794634,0.1295265311002731,0.4175473749637604,0.0298759126058509,0.09599534422159195,0.13964010924100875,0.16150937974452972,0.22792215645313263,0.23418612250991697,0.3242207020521164,0.38974544405937195,0.4175473749637604,0.05208152228381471,0.13626251405325143,658.8092780394296,496.95787312024817,0.010084122597934612,0.05131118832083007,0.08631065993143804,0.14583515674523242,55,0,0,0,0.010907600735591275,2,35,861,0,0.0390625,0.078125,0.010709600398955823,4,35,362,0,0.0390625,0.15625,0.01042962098987125,8,18,246,0,0.020089285714285716,0.16071428571428573,0.014659120774814762,16,16,189,0,0.017857142857142856,0.2857142857142857,0.017695756394967763,32,3,157,0,0.0033482142857142855,0.10714285714285714,32,0.017695756394967763,3,157,0,0.0033482142857142855,0.10714285714285714,-0.11560456454753876,-0.08503440916538238,-0.055004862137138844,0.004385582869872451,5.273050419418723e-06,0.0401970986276865,0.043196467123925684,0.046796880662441254,0.03066891805095722,0.9180206837268786,403,493,896,0.6871025592090688,-0.553549591348656,0.8056520037528659,0.06579872113248651,0.606464062544523,0.6437676128549099,0.774677018150019
54,2.474041223526001,2.659334087371826,2.9195669293403625,3.5548120737075806,3.612331127215709,4.47182822227478,4.894645929336548,5.450090408325195,0.47864544505688494,0.13250320311189534,-0.09980149567127228,-0.02637064952403307,-0.013725586514919995,0.01632624212652445,0.02213542985175815,0.0782133974134922,0.14607001811265943,0.5985882878303528,0.03176163296867577,0.10287969559431076,0.13669212013483048,0.1663442701101303,0.24678459763526917,0.2525629833773045,0.3559940308332443,0.44126707315444946,0.5985882878303528,0.05998230290933351,0.15240340080370096,654.1252615785921,469.27567193120314,0.011291974446232823,0.06154929826066628,0.09981958710065106,0.16154762800257386,97,1,0,0,0.012853308226012076,2,288,608,0,0.32142857142857145,0.6428571428571429,0.009838472173929918,4,13,512,0,0.014508928571428572,0.05803571428571429,0.008296162327731772,8,8,317,0,0.008928571428571428,0.07142857142857142,0.013662504213914737,16,7,162,0,0.0078125,0.125,0.017227993112622846,32,3,136,0,0.0033482142857142855,0.10714285714285714,32,0.017227993112622846,3,136,0,0.0033482142857142855,0.10714285714285714,-0.14431805908679962,-0.09674683064222336,-0.06695547886192799,0.005491705844178796,3.666681712794733e-06,0.050994623452425,0.05430453978478907,0.05689403787255287,0.036291190741298,1.086313620840585,392,504,895,0.6010913131273042,-0.531289372609789,0.8401425493537188,0.10143436585374602,0.583060060869561,0.7483897044111049,0.8155551175420857
55,2.399595022201538,2.597697925567627,2.7560147047042847,3.276022434234619,3.3906834915812527,4.441933274269104,4.92500202655792,5.4418487548828125,0.5163461900455099,0.1522838068865905,-0.10119330137968063,-0.02231450067833066,-0.00969132105819881,0.020226044580340385,0.02762228446769858,0.09174430556595323,0.1657777783274645,0.48354655504226685,0.03504629669891524,0.1069464460015297,0.1441757194697857,0.17096678540110588,0.2783423662185669,0.27912232079376864,0.39235568046569824,0.45280565917491894,0.48354655504226685,0.06674402827257335,0.16943295859502588,634.6503012976647,431.8792220394036,0.014214376919688236,0.0686126484667312,0.11132883850201787,0.1763330885669947,244,0,0,0,0.013454598922561586,2,56,840,0,0.0625,0.125,0.013239750443579864,4,16,588,0,0.017857142857142856,0.07142857142857142,0.008388783078377426,8,8,456,0,0.008928571428571428,0.07142857142857142,0.009601660494517815,16,1,298,1,0.0011160714285714285,0.017857142857142856,0.018083517662035604,32,1,145,1,0.0011160714285714285,0.03571428571428571,32,0.018083517662035604,1,145,1,0.0011160714285714285,0.03571428571428571,-0.18445244431495667,-0.10134134739637375,-0.07374461926519871,0.003848274704068899,4.846391318226649e-06,0.06380579806864262,0.06995383091270924,0.07235341519117355,0.04327058589515283,1.2952296668810466,425,471,896,0.6166532429193347,-0.4946937884194988,0.852232801810771,0.13692385889925898,0.5731556225773065,0.7566772879063801,0.8198255559287859
56,1.1002482175827026,2.303609001636505,2.6449391841888428,3.3855310678482056,3.3875059512044703,4.106967926025391,4.376026129722595,4.998987197875977,0.4477619285133892,0.13218041088730245,-0.14691132307052612,-0.0368769658356905,-0.02019258067011833,0.012925898656249046,0.017899059473602347,0.07265107557177541,0.1360045389831059,0.5875018835067749,0.031831963888018754,0.09406636655330658,0.13848557695746422,0.16183160245418549,0.24672547727823257,0.25523864906114924,0.3918730467557907,0.47046026885509473,0.5875018835067749,0.06874914774588498,0.13782290917262427,633.0087531146139,464.40935215693565,0.010048846541347942,0.05737420103066093,0.09381441469933981,0.15599110995153362,115,3,0,0,0.010931443206555183,2,254,642,0,0.28348214285714285,0.5669642857142857,0.007710360848992521,4,8,359,0,0.008928571428571428,0.03571428571428571,0.009059835516675399,8,8,187,0,0.008928571428571428,0.07142857142857142,0.01400039884159182,16,8,142,0,0.008928571428571428,0.14285714285714285,0.02094853762209351,32,3,81,0,0.0033482142857142855,0.10714285714285714,32,0.02094853762209351,3,81,0,0.0033482142857142855,0.10714285714285714,-0.24341516196727753,-0.12285593822598458,-0.07421807758510113,0.00767078110948205,5.610155702535329e-06,0.04398434702306986,0.04578403085470199,0.04658406972885132,0.0375914458314469,1.1252345003289392,376,520,894,0.6087286382975895,-0.09394646905909487,0.7580221995473588,0.10829475320024458,0.6337564221312487,0.6448802647693066,0.7491079593651954
57,2.0834853649139404,2.4970947384834288,2.6505563855171204,3.215929627418518,3.2678840743111714,4.013926267623901,4.370761084556579,4.647100448608398,0.4122237577155809,0.12614393544620228,-0.14876675605773926,-0.03016716619953513,-0.018071262165904045,0.010530513245612383,0.01631382395571941,0.07020022571086879,0.1323735032975673,0.6129575967788696,0.030535387544426626,0.09443365037441254,0.1281460516154766,0.1523079089820385,0.2345370575785637,0.24109219126070716,0.34988170117139816,0.4109535813331604,0.6129575967788696,0.0626876575440081,0.13195335541724762,668.8529601556203,484.11865674776914,0.011936711197825151,0.061252159441980945,0.09658626020620881,0.15394218971668494,85,2,0,0,0.012680302085622697,2,250,646,0,0.27901785714285715,0.5580357142857143,0.01173818290641142,4,68,407,0,0.07589285714285714,0.30357142857142855,0.010568131522143047,8,7,240,0,0.0078125,0.0625,0.010674037080978182,16,3,167,0,0.0033482142857142855,0.05357142857142857,0.0140230115445662,32,3,125,0,0.0033482142857142855,0.10714285714285714,32,0.0140230115445662,3,125,0,0.0033482142857142855,0.10714285714285714,-0.1900591254234314,-0.13292677998542785,-0.080496771261096,0.006945675238966942,5.5026008405028345e-06,0.054055582731962204,0.055955172143876554,0.05795566737651825,0.04310718046072386,1.2903384120635244,399,497,896,0.6158874053442307,-0.4188762354963471,0.803434966782064,0.16792843638079455,0.6206407538313773,0.7278499300162287,0.7939584696314997
58,2.2286674976348877,2.4550711035728456,2.7557037472724915,3.261230707168579,3.345889331240739,4.2109904289245605,4.547415161132811,5.076657772064209,0.4480006054430342,0.1338958229311501,-0.14079980552196503,-0.030371867921203374,-0.017971676029264926,0.012044517789036036,0.018474819891918123,0.0775174800306558,0.14305500984191882,0.5259220600128174,0.03261301962970375,0.10794813185930252,0.12246337831020356,0.1543322093784809,0.23984643816947937,0.24635620012746326,0.36164771020412445,0.44030081033706636,0.5259220600128174,0.0644674099210895,0.13989378868232366,657.7116046517574,455.9304058314267,0.015314977555487441,0.0663384294246865,0.10379254122088082,0.1641498412831745,104,2,0,0,0.012340672806478626,2,187,709,0,0.20870535714285715,0.4174107142857143,0.01263459217997578,4,80,452,0,0.08928571428571429,0.35714285714285715,0.013135309698751901,8,33,218,0,0.036830357142857144,0.29464285714285715,0.01237742111421185,16,4,194,0,0.004464285714285714,0.07142857142857142,0.012123476265393647,32,2,143,0,0.002232142857142857,0.07142857142857142,8,0.013135309698751901,33,218,0,0.036830357142857144,0.29464285714285715,-0.27656689286231995,-0.13315688967704772,-0.08758579939603806,0.007010942790657282,5.066389706241482e-06,0.05861578229814768,0.06241207644343376,0.0632149800658226,0.047312139229395395,1.4162065299738167,385,511,896,0.3687721041406977,-0.42416498063510444,0.8508108466102756,0.21661284211899165,0.5733995653232253,0.7224179575860572,0.818980345642345
59,1.2518867254257202,2.51635627746582,2.735648453235626,3.2140276432037354,3.2434783406289562,3.837019145488739,4.152880215644837,4.486108303070068,0.357426723719668,0.11019858503212879,-0.12206859886646271,-0.02584099940955639,-0.012977660400792956,0.016161303967237473,0.022232739058670497,0.07765188775956627,0.14386725857853838,0.8321201205253601,0.031867731588402164,0.11287078261375427,0.13288309201598167,0.16110379993915558,0.2511979937553406,0.2637739999169883,0.399409681558609,0.4835978150367737,0.8321201205253601,0.07671409865857162,0.15272196037324706,654.0779039144408,464.16429957165343,0.012583417644303025,0.06473857296375356,0.1015651107044136,0.16079464643641647,170,4,1,0,0.012817350398727211,2,286,610,0,0.31919642857142855,0.6383928571428571,0.010324610495628784,4,4,396,0,0.004464285714285714,0.017857142857142856,0.008522823716391485,8,2,283,0,0.002232142857142857,0.017857142857142856,0.008703598180836604,16,2,275,0,0.002232142857142857,0.03571428571428571,0.01756603573227467,32,2,121,0,0.002232142857142857,0.07142857142857142,32,0.01756603573227467,2,121,0,0.002232142857142857,0.07142857142857142,-0.3991885483264923,-0.1488475151360035,-0.08165508136153221,0.008286241441965103,5.560458605811748e-06,0.05159592255949974,0.05521706398576496,0.059995654970407486,0.046278515267126036,1.385266797984595,385,511,895,0.273221076578507,-0.18232449555149785,0.7992464189592404,0.15566740249953503,0.6184106218738727,0.5457998246265672,0.6958866213459064
60,3.6514623165130615,4.037150979042053,4.356522560119629,5.299681901931763,5.334681421518326,6.496437668800354,6.992573094367981,7.445044994354248,0.6569660099590093,0.12314999866890411,-0.10319720953702927,-0.026282031442970036,-0.013720432901754976,0.014337764587253332,0.01904167927157828,0.06723243221640586,0.12280231729149774,0.7545706033706665,0.028233202161353995,0.0946429893374443,0.12881118133664132,0.14994916319847107,0.22688187658786774,0.23869985724533244,0.3505483567714691,0.4737787559628468,0.7545706033706665,0.07133476987342666,0.14190313187044787,690.8948013855261,522.4342282435753,0.013189919673738185,0.05225519753513052,0.0825365234564898,0.13469387324801904,87,5,1,0,0.00902762868887419,2,78,818,0,0.08705357142857142,0.17410714285714285,0.011045470276457997,4,78,388,0,0.08705357142857142,0.3482142857142857,0.008268792074532526,8,4,308,0,0.004464285714285714,0.03571428571428571,0.00812197409477417,16,4,218,0,0.004464285714285714,0.07142857142857142,0.009861830100517846,32,2,170,0,0.002232142857142857,0.07142857142857142,4,0.011045470276457997,78,388,0,0.08705357142857142,0.3482142857142857,-0.2414761185646057,-0.1656455561518669,-0.1140239629894495,0.01963178627192974,2.614736851163408e-07,0.05073182284832001,0.051332141272723675,0.051532138139009476,0.05387913979680879,1.612778251329035,331,565,896,0.5690577063208834,-0.06986203012435704,0.8778257933468037,0.1864548138669474,0.543504193462923,0.7305322191663767,0.8335109911462113
61,2.239170551300049,3.652411329746246,4.395144939422607,5.418781995773315,5.395128100046089,6.33795166015625,6.9037131547927855,7.215051651000977,0.6241770865490722,0.11569272776743522,-0.12601745128631592,-0.030012558475136758,-0.014993732795119286,0.015523782931268215,0.019654505292393265,0.06777457594871521,0.12383042462170119,0.6917182803153992,0.02879796744328947,0.10297646373510361,0.13469172716140748,0.14859510585665703,0.23134434968233109,0.24758206849219278,0.39497096091508865,0.5531615167856209,0.6917182803153992,0.08297691136286317,0.14404388538796484,670.5548621657545,511.03717651273007,0.010168464731776126,0.0521295653873136,0.08459844941659242,0.13997964371840813,113,11,0,0,0.009664064845999529,2,240,656,0,0.26785714285714285,0.5357142857142857,0.010912494860706614,4,179,258,0,0.19977678571428573,0.7991071428571429,0.006036303588446998,8,8,232,0,0.008928571428571428,0.07142857142857142,0.010276721026279814,16,4,158,0,0.004464285714285714,0.07142857142857142,0.013847177111128975,32,3,94,0,0.0033482142857142855,0.10714285714285714,32,0.013847177111128975,3,94,0,0.0033482142857142855,0.10714285714285714,-0.4688146412372589,-0.19069347381591797,-0.060294789262115955,0.012106343638151884,1.4286089416210807e-06,0.02660812670364976,0.027406219858676195,0.02760869264602661,0.04181850471442999,1.2517641372791388,270,626,895,0.16204759981582495,-0.007905875430346246,0.7769125202228385,0.09449655862227398,0.6181922637406958,0.4054799635082271,0.5165420468655701
62,2.688488006591797,3.600732457637787,4.382452726364136,5.344598293304443,5.334147521161607,6.256516456604004,6.742011094093322,8.173792839050293,0.6312902877150611,0.11834886178355755,-0.15353989601135254,-0.028983880933374166,-0.013540556002408265,0.016962635330855846,0.02114762953217503,0.06934114582836627,0.12547430813312496,0.8025411367416382,0.02890614745023939,0.1072300598025322,0.1263844169676304,0.14991449937224388,0.23385024815797806,0.25069110734953676,0.40806809067726135,0.6092984676361084,0.8025411367416382,0.0880217268408337,0.14913114596634675,670.7715663930247,509.8255689012038,0.010502360706239364,0.0519216937648145,0.08383728028264616,0.13935571545509495,132,8,2,0,0.008922836758129155,2,386,510,0,0.43080357142857145,0.8616071428571429,0.009492681422058178,4,129,348,0,0.14397321428571427,0.5758928571428571,0.010890726303834872,8,10,188,0,0.011160714285714286,0.08928571428571429,0.013861365330080224,16,10,188,0,0.011160714285714286,0.17857142857142858,0.017523476631693933,32,3,109,0,0.0033482142857142855,0.10714285714285714,32,0.017523476631693933,3,109,0,0.0033482142857142855,0.10714285714285714,-0.41025084257125854,-0.15035682767629618,-0.07776773907244205,0.016332488507032394,1.2313903101000636e-06,0.031183104030787945,0.032182402350008486,0.032184381037950516,0.04359774520401079,1.3050226036347379,290,606,892,0.2893814592366525,-0.11085842324338685,0.8196540396635708,0.11056743520668379,0.5890034209111185,0.4312976820287148,0.5857511725177859
63,2.3252344131469727,3.4361933708190917,4.276521921157837,5.188807725906372,5.179117372259498,6.070937752723694,6.534370350837707,6.961056232452393,0.5787760904451997,0.11175187755837566,-0.1441284567117691,-0.030672937612980605,-0.016554438043385744,0.013495185878127813,0.01824075810205711,0.06914937123656269,0.12591953039169296,0.7935259342193604,0.02960523241618023,0.09328609704971313,0.13003632575273513,0.150492612272501,0.23037511855363846,0.2478712284105963,0.4090627059340477,0.5606613159179688,0.7935259342193604,0.08730291545440098,0.1390556419365982,669.2162065869793,499.4968671791719,0.011215725537056737,0.05655298254708892,0.08879959125598472,0.14339948730675758,122,12,1,0,0.009483040321430236,2,441,455,0,0.4921875,0.984375,0.011979794335575503,4,144,311,0,0.16071428571428573,0.6428571428571429,0.013822768310690866,8,10,247,0,0.011160714285714286,0.08928571428571429,0.014236056194506982,16,7,184,0,0.0078125,0.125,0.015574204755387736,32,3,154,0,0.0033482142857142855,0.10714285714285714,32,0.015574204755387736,3,154,0,0.0033482142857142855,0.10714285714285714,-0.3852365016937256,-0.21187213361263274,-0.05805152375251055,0.014047015458345413,1.909547336254036e-06,0.026949549559503794,0.027359850704669942,0.027749093249440193,0.044057789347899376,1.3187932249066723,274,622,896,0.17409211204146832,-0.0759593197062835,0.7933522088792916,0.11455673338864669,0.5796270515572719,0.3326780532761605,0.5297226112333423
64,1.4665875434875488,3.545951759815216,4.1541987657547,5.033086776733398,5.007178148387799,5.937173366546631,6.285029935836791,6.5911407470703125,0.591992941002312,0.11822885534698237,-0.12328044325113297,-0.026591493394225833,-0.010815714206546544,0.020666884258389473,0.025433717239159284,0.07775670699775218,0.13923889026045747,0.6726678609848022,0.030898148314429157,0.11109812557697296,0.1357620507478714,0.16435622423887253,0.24901533126831055,0.2691607754677534,0.43766558170318604,0.6321394443511963,0.6726678609848022,0.0907088992156199,0.1628539309291505,651.7338574003393,482.55108895082697,0.010492342171972181,0.056585000005407775,0.09012030852686267,0.1477766651931969,191,15,0,0,0.012029589876461397,2,367,529,0,0.4095982142857143,0.8191964285714286,0.012252842293816192,4,136,367,0,0.15178571428571427,0.6071428571428571,0.013290859848745163,8,4,255,0,0.004464285714285714,0.03571428571428571,0.013909092003960304,16,4,218,0,0.004464285714285714,0.07142857142857142,0.016232613149951912,32,3,112,0,0.0033482142857142855,0.10714285714285714,32,0.016232613149951912,3,112,0,0.0033482142857142855,0.10714285714285714,-0.43250155448913574,-0.1462728999555111,-0.08317172527313232,0.015678309835493565,1.6569793258115948e-06,0.02708005951717496,0.027678646240383388,0.027880704030394554,0.04331290031428338,1.2964962681770604,251,645,896,0.039858853801044716,0.08791534097430379,0.8387097220850559,0.12096955808626075,0.527704219508109,0.4444591399503509,0.49936265176076533
65,1.6774410009384155,3.3218716621398925,3.9714629650115967,4.912575960159302,4.891563783665853,5.826041340827942,6.16547839641571,6.570415496826172,0.5843630102858932,0.11946343462539047,-0.17126677930355072,-0.017748392764478923,-0.002291441184934228,0.02864766214042902,0.03315747387992012,0.08342450894415375,0.14196498587727532,0.8728926181793213,0.0301305082843311,0.09187363088130951,0.13394494950771332,0.16335169970989227,0.2564416080713272,0.279773638567089,0.4652126133441925,0.6971642971038818,0.8728926181793213,0.10474305354058884,0.18503118434982532,660.684703436942,496.4707613181803,0.010528781556189736,0.05451517323229578,0.08684423414121611,0.14276719581136324,208,19,4,0,0.01020517809460479,2,1,895,1,0.0011160714285714285,0.002232142857142857,0.008728017667870066,4,1,469,1,0.0011160714285714285,0.004464285714285714,0.0037325654229102634,8,1,459,1,0.0011160714285714285,0.008928571428571428,0.008309738959549857,16,1,246,1,0.0011160714285714285,0.017857142857142856,0.014773975191038891,32,1,134,1,0.0011160714285714285,0.03571428571428571,32,0.014773975191038891,1,134,1,0.0011160714285714285,0.03571428571428571,-0.4966035783290863,-0.23515697121620177,-0.08725540339946747,0.018594807013869286,1.7139159029154274e-06,0.02984962100163102,0.030599375255405903,0.03080064430832863,0.05272570784823179,1.578252274779606,240,656,894,-0.0535314663997999,0.22573683715718426,0.8252555376336849,0.13337203278519483,0.5167267216994248,0.3760684468157599,0.48527781013357496
66,2.0186750888824463,3.2533204913139344,4.0797730684280396,5.057291269302368,5.0319214676107675,6.0183727741241455,6.3240770339965815,7.074002742767334,0.6121431350404879,0.12165196515500126,-0.10432270914316177,-0.016482573505491017,-0.0009472935809753833,0.03109892178326845,0.03577937606038476,0.0879703864455223,0.14786096736788698,0.8405512571334839,0.030939803731399967,0.0698961466550827,0.14334796518087387,0.16477880999445915,0.2575269639492035,0.277340570481361,0.45251699537038803,0.6790518105030057,0.8405512571334839,0.10017214710839996,0.19197790277155116,653.6556909733943,485.4393621796856,0.010883035414304633,0.05542201624424996,0.08854615602816059,0.14611261571786016,225,26,4,0,0.016123729234833913,2,13,883,0,0.014508928571428572,0.029017857142857144,0.011762623674065902,4,13,559,0,0.014508928571428572,0.05803571428571429,0.012506332498990283,8,5,365,0,0.005580357142857143,0.044642857142857144,0.009150500675239386,16,1,362,1,0.0011160714285714285,0.017857142857142856,0.012312027749863461,32,1,151,1,0.0011160714285714285,0.03571428571428571,2,0.016123729234833913,13,883,0,0.014508928571428572,0.029017857142857144,-0.6352607607841492,-0.2875563964247703,-0.08876000344753265,0.018593857996165752,1.724625073100989e-06,0.027644694317132235,0.028195179253816604,0.028395505622029305,0.05719329905946313,1.7119818399768285,217,679,894,-0.1346344536876918,0.37084647657366865,0.8132905843141226,0.186406055725652,0.5190296971308145,0.28323894749749456,0.37230330626610714
67,2.4837167263031006,3.0824341654777525,3.6175787448883057,4.580752611160278,4.591583399368184,5.646733045578003,6.064733529090881,6.307568550109863,0.6008685890111803,0.1308630458708126,-0.12736593186855316,-0.02147296229377389,-0.005058471579104662,0.02775723021477461,0.03257707553482532,0.08616354092955589,0.15071602866053532,0.8068996667861938,0.0316904222962923,0.095282644033432,0.14174692183732987,0.1632438227534294,0.2613196521997452,0.27388035906811375,0.41934511065483093,0.5578454434871631,0.8068996667861938,0.08615757581885843,0.18345786606773246,656.4743017425404,471.3324031180426,0.015454157962562281,0.059320500327401646,0.09314308318473187,0.1499927348905711,209,9,3,0,0.009092105571160537,2,10,886,0,0.011160714285714286,0.022321428571428572,0.01291424709984032,4,10,488,0,0.011160714285714286,0.044642857142857144,0.011113995587923534,8,7,402,0,0.0078125,0.0625,0.01189435244772949,16,3,233,0,0.0033482142857142855,0.05357142857142857,0.015281457887444299,32,3,159,0,0.0033482142857142855,0.10714285714285714,32,0.015281457887444299,3,159,0,0.0033482142857142855,0.10714285714285714,-0.38085755705833435,-0.3062042087316513,-0.15496942028403282,0.03274114616215229,1.3520977647983403e-06,0.052742705680429935,0.05334105286747217,0.05354222282767296,0.07547910369225072,2.2593355673799937,289,607,892,0.40754433692443337,-0.031170576014819696,0.8827925407815361,0.19775863974258462,0.47769254264306904,0.6471574412735314,0.7308166119710864
68,2.806835889816284,3.1993833899497988,3.5348687171936035,4.376469850540161,4.3930249852793555,5.290560483932495,5.666193580627441,6.239261627197266,0.5273136220333768,0.12003428703464217,-0.11222711205482483,-0.022191246692091226,-0.00618380915839225,0.025694522075355053,0.030657669393912287,0.08372099697589873,0.14875225231051406,0.717829704284668,0.03191733979446639,0.10709143429994583,0.13242399021983148,0.1632135882973671,0.2611421048641205,0.2798169965805885,0.4577805995941162,0.6585409045219421,0.717829704284668,0.0959625340041205,0.17815589994620443,650.3283592734244,465.8651132470419,0.01430556775324875,0.0617059289916327,0.09725637094110447,0.1562174039930687,273,15,3,0,0.014780707407269377,2,237,659,0,0.26450892857142855,0.5290178571428571,0.01165876787941203,4,47,612,0,0.052455357142857144,0.20982142857142858,0.014635782304512889,8,7,275,0,0.0078125,0.0625,0.014143886340005045,16,1,222,1,0.0011160714285714285,0.017857142857142856,0.019183598674196816,32,1,116,1,0.0011160714285714285,0.03571428571428571,32,0.019183598674196816,1,116,1,0.0011160714285714285,0.03571428571428571,-0.42907392978668213,-0.32527743726968766,-0.1812463253736496,0.0397089421749115,1.145888225957086e-06,0.05831047799438238,0.05891020409762859,0.0591101348400116,0.08470321283893172,2.5354432162502047,276,620,893,0.35876652337191567,0.25673939722850025,0.8676363291766525,0.268342624680052,0.45667419969763123,0.7022129542592633,0.7575996211925594
69,1.9054652452468872,2.8293493151664735,3.664873242378235,4.548977851867676,4.538132359273732,5.4028236865997314,5.694169378280639,5.810427188873291,0.5512978916618556,0.12148122796270393,-0.18514174222946167,-0.006495804521255194,0.01009207246825099,0.04465995356440544,0.04944629624087015,0.10429299734532828,0.1665624855458735,0.871195912361145,0.03270117657356233,0.07484650611877441,0.14673262909054757,0.18249605223536491,0.27551473677158356,0.29429743631875943,0.5035699605941772,0.620452976226805,0.871195912361145,0.09883640995396634,0.22473802987939867,644.2734046735853,464.1253235929664,0.013703574721896471,0.059115927882127,0.09424235211963887,0.15418634918485383,334,31,4,0,0.02102673869910501,2,2,894,0,0.002232142857142857,0.004464285714285714,0.015804252625903688,4,2,619,0,0.002232142857142857,0.008928571428571428,0.0075432791468076745,8,2,570,0,0.002232142857142857,0.017857142857142856,0.006900666358514329,16,2,497,0,0.002232142857142857,0.03571428571428571,0.01629060577641786,32,2,130,0,0.002232142857142857,0.07142857142857142,2,0.02102673869910501,2,894,0,0.002232142857142857,0.004464285714285714,-0.6566333174705505,-0.3404449462890625,-0.13804267346858978,0.03038901276886463,1.8205833579746207e-06,0.040792486630380154,0.04159216098487377,0.041792601346969604,0.0732418069195248,2.1923659837261935,238,658,892,-0.015408471431248474,0.5063741252828351,0.8175046329862617,0.32010216055053997,0.47341639172546207,0.5457884159821107,0.6033226973065008
70,2.1104559898376465,3.1963374614715576,3.7531570196151733,4.639724254608154,4.630760636446731,5.490992069244385,5.9028056144714345,6.345889568328857,0.5465229638202591,0.11802012816616156,-0.09423244744539261,-0.009207910681143404,0.006633549323305488,0.041208911687135696,0.04616292159570424,0.10131281465291968,0.16359311714768393,0.8945307731628418,0.03290992224364947,0.12343857437372208,0.14246220737695695,0.172276571393013,0.2616673707962036,0.28821185271954164,0.4914475083351135,0.6647616028785706,0.8945307731628418,0.10349464229120811,0.21731882551274317,648.6400853192981,461.8368746971903,0.014695125885152267,0.061830443879810494,0.09564560365894799,0.1537960846995561,319,31,2,0,0.01668214673083387,2,1,895,1,0.0011160714285714285,0.002232142857142857,0.008349371812041618,4,1,815,1,0.0011160714285714285,0.004464285714285714,0.0028761949109073317,8,1,524,1,0.0011160714285714285,0.008928571428571428,0.00533142015001702,16,1,329,1,0.0011160714285714285,0.017857142857142856,0.01267213005392329,32,1,164,1,0.0011160714285714285,0.03571428571428571,2,0.01668214673083387,1,895,1,0.0011160714285714285,0.002232142857142857,-0.5696048140525818,-0.3248502686619758,-0.1287292242050171,0.027028515003621578,1.862415079553362e-06,0.03867876064032316,0.03962858840823173,0.04002876579761505,0.0736034419704686,2.2031908994316356,226,670,893,-0.07797320808787851,0.5387530863063232,0.8460286638909676,0.3101077345797147,0.48052690608669035,0.4196058044885754,0.5529717211885116
71,1.684696078300476,2.5373607754707335,3.6895445585250854,4.659144878387451,4.644817781102445,5.536237597465515,5.811455249786376,6.537682056427002,0.5994907098407627,0.12906657227325588,-0.148702934384346,-9.52969165518879e-05,0.01582125835120678,0.05309475027024746,0.05805842671866258,0.1165407884865999,0.17807605579495395,0.8079885244369507,0.03439995004509795,0.10076513141393661,0.14559775590896606,0.17942212522029877,0.28153306245803833,0.30216308068650377,0.49493492394685745,0.6812641620635986,0.8079885244369507,0.1043823295731564,0.24312486673153763,644.9737060561876,461.9147654875115,0.013793620336368315,0.060833450446911005,0.09500391561113249,0.153371289247902,380,34,2,0,0.021353508116516966,2,92,804,0,0.10267857142857142,0.20535714285714285,0.016886769794761735,4,19,804,0,0.021205357142857144,0.08482142857142858,0.010795921659118062,8,5,640,0,0.005580357142857143,0.044642857142857144,0.0034139538038575274,16,2,623,0,0.002232142857142857,0.03571428571428571,0.0046343744812460536,32,1,309,2,0.0011160714285714285,0.03571428571428571,2,0.021353508116516966,92,804,0,0.10267857142857142,0.20535714285714285,-0.6301041841506958,-0.3815945342183113,-0.09152781032025814,0.022521366365253925,2.714135039890867e-06,0.02992724534124136,0.030926834512501954,0.031127331778407097,0.07018395982707526,2.100834655331075,192,704,894,-0.2068656729440119,0.5543612433367381,0.8005851491586176,0.37738290309148376,0.4832829487221456,0.3128527616101328,0.40210874855957396
72,3.989833354949951,4.433146238327026,4.935229659080505,5.864598512649536,5.882783044661794,6.896153926849365,7.42338602542877,7.866538047790527,0.5895775987367993,0.10022086387697042,-0.13985785841941833,-0.03216691415756941,-0.01629626750946045,0.013422524556517601,0.01823028379848211,0.06890059486031527,0.12570117920637117,0.8270238041877747,0.029544190580636145,0.10929650813341141,0.13282127380371095,0.15901627764105797,0.2399977296590805,0.25566467913033974,0.3891493082046509,0.49300723969936305,0.8270238041877747,0.07833222990520256,0.13901801659553764,659.885042063005,500.1768632854559,0.010965238831656102,0.04970090785978384,0.08343122781294031,0.14197819569939488,118,8,3,0,0.010778312776283326,2,447,449,0,0.49888392857142855,0.9977678571428571,0.008820537696249625,4,28,447,0,0.03125,0.125,0.009722622331268135,8,15,447,0,0.016741071428571428,0.13392857142857142,0.01306790857230863,16,10,250,0,0.011160714285714286,0.17857142857142858,0.01360019015042285,32,4,212,0,0.004464285714285714,0.14285714285714285,32,0.01360019015042285,4,212,0,0.004464285714285714,0.14285714285714285,-0.3209606409072876,-0.20335199162364007,-0.11901174671947956,0.02064025215804577,1.1817139368629017e-07,0.04803962726145983,0.0486403115093708,0.04884042963385582,0.057195223480409126,1.7120394433929276,334,562,893,0.21246057387596576,-0.3018873387217752,0.816688261091711,0.10758987545637516,0.581561128166185,0.649436352179637,0.7210565446436905
73,3.5313148498535156,4.000562036037445,4.369301080703735,5.556670188903809,5.562759638897011,6.776003122329712,7.273773169517516,7.715741157531738,0.7213790702069487,0.12968007194896244,-0.1288197934627533,-0.0322663502395153,-0.017522132210433482,0.012966450303792953,0.018741480475050108,0.07479414753615855,0.13615746408700843,0.6837899684906006,0.03178060263591404,0.09255139529705048,0.13544841334223748,0.17222917079925537,0.24570317566394806,0.25992865602685405,0.4062684252858162,0.5880632996559143,0.6837899684906006,0.07738211925185338,0.14084258973753605,654.5496874715822,471.2582837222695,0.01551329039047351,0.057947972943168474,0.09157963784265362,0.14874461472065834,123,11,0,0,0.013535235440468264,2,361,535,0,0.4029017857142857,0.8058035714285714,0.010651989868813055,4,19,419,0,0.021205357142857144,0.08482142857142858,0.01316495682563061,8,18,307,0,0.020089285714285716,0.16071428571428573,0.013939228329569505,16,9,238,0,0.010044642857142858,0.16071428571428573,0.017985213224904147,32,3,159,0,0.0033482142857142855,0.10714285714285714,32,0.017985213224904147,3,159,0,0.0033482142857142855,0.10714285714285714,-0.353656142950058,-0.24000280797481538,-0.14093341305851936,0.028529987670481205,2.8181060055690717e-06,0.045180232264101505,0.04593007303774357,0.04632986709475517,0.06283435770803183,1.8808371111832802,276,620,888,0.3608753243344845,-0.3130324616583232,0.8613759158303654,0.12566451667046694,0.48801691208707076,0.7450961827636271,0.8027471817043631
74,3.7855048179626465,4.316145730018616,4.663107991218567,5.6706626415252686,5.68016858851271,6.766750335693359,7.079953002929686,7.638698101043701,0.6214176045192543,0.10940126069074399,-0.1445080190896988,-0.029019684046506882,-0.013360649533569812,0.01749168522655964,0.02247245653097666,0.07484558187425136,0.13296985849738102,0.7774708867073059,0.030441480293847047,0.10250458866357803,0.14392646998167039,0.16864660382270813,0.2516191303730011,0.26473033839803456,0.40196171402931213,0.5463398694992065,0.7774708867073059,0.07856263112733915,0.15350389935473588,652.5978312904942,486.9541249042685,0.011460218818172222,0.05265693050884922,0.08699255941161739,0.14635448360382208,137,6,1,0,0.010102458747412715,2,204,692,0,0.22767857142857142,0.45535714285714285,0.01085214468703041,4,68,363,0,0.07589285714285714,0.30357142857142855,0.011751519140361348,8,12,311,0,0.013392857142857142,0.10714285714285714,0.012596912590196265,16,12,260,0,0.013392857142857142,0.21428571428571427,0.017190541322083752,32,3,177,0,0.0033482142857142855,0.10714285714285714,32,0.017190541322083752,3,177,0,0.0033482142857142855,0.10714285714285714,-0.5112345218658447,-0.2780972793698311,-0.13870547711849213,0.03034625668078661,2.466846451300496e-06,0.049347965978085995,0.04994865544140339,0.050148941576480865,0.06893005500137706,2.063301197054386,296,600,893,0.39173901188659355,-0.172385057288741,0.8451642418375361,0.11892671615415262,0.5291176895356396,0.5860397939188328,0.6806646397996716
75,2.248866319656372,3.8108779311180117,4.7087074518203735,5.686891078948975,5.677144476345608,6.606300711631775,7.091245865821838,7.584001064300537,0.6116553117951721,0.10773995876689335,-0.12737102806568146,-0.023938072584569453,-0.008020558161661029,0.023641600273549557,0.028702824993664174,0.08186198137700558,0.13934990271925893,0.8027452826499939,0.03090478637945073,0.07008019834756851,0.14650406390428544,0.17911644652485847,0.25530457496643066,0.2722061663184182,0.41020749509334564,0.5466972589492795,0.8027452826499939,0.07970433226170136,0.17258870773017507,644.0735927983734,482.82330228847195,0.011130779839199833,0.05152965913208847,0.08552183697086937,0.1451575033682818,164,11,1,0,0.01514614310374474,2,6,890,0,0.006696428571428571,0.013392857142857142,0.006877889192223297,4,6,716,0,0.006696428571428571,0.026785714285714284,0.01064111907231247,8,6,377,0,0.006696428571428571,0.05357142857142857,0.011483216156912168,16,6,335,0,0.006696428571428571,0.10714285714285714,0.011486540907945531,32,2,247,0,0.002232142857142857,0.07142857142857142,2,0.01514614310374474,6,890,0,0.006696428571428571,0.013392857142857142,-0.6352654099464417,-0.18780030012130736,-0.07170471362769604,0.014186364598572254,2.5370104594912846e-06,0.025198415853083134,0.02639798726886511,0.026598645374178886,0.04931631210586669,1.4761979497882625,228,668,895,0.09117712845015244,0.15584529468675384,0.7061281215472837,0.12017606360700488,0.6373909486320941,0.25922445418882817,0.3307905634584836
76,2.737273931503296,3.520915710926056,4.084980368614197,5.13268518447876,5.117049919707434,6.143498539924622,6.547154641151426,7.001130104064941,0.6426357878481537,0.12558716407536946,-0.1642473340034485,-0.029268852565437556,-0.01399694117717445,0.016649645753204823,0.021409363291923764,0.07270632348954675,0.1299107120931148,0.8285155892372131,0.029974854563008014,0.10703419148921967,0.13834868222475052,0.16832393780350685,0.24817585945129395,0.26231151655416135,0.39343026280403137,0.5328354835510254,0.8285155892372131,0.07879602683143486,0.15000513445323171,659.2316006998827,495.10198762974693,0.010701345856913637,0.052446471146826525,0.0864526383023588,0.14484319427279332,143,11,1,0,0.008379872318629526,2,251,645,0,0.28013392857142855,0.5602678571428571,0.007352565597862408,4,54,591,0,0.060267857142857144,0.24107142857142858,0.007498761415227275,8,2,226,0,0.002232142857142857,0.017857142857142856,0.008440794322391842,16,2,225,0,0.002232142857142857,0.03571428571428571,0.015213095945514173,32,2,115,0,0.002232142857142857,0.07142857142857142,32,0.015213095945514173,2,115,0,0.002232142857142857,0.07142857142857142,-0.5120007395744324,-0.26916138380765914,-0.12937186658382416,0.023884178139269352,4.449891451128808e-06,0.04458431340754032,0.04558374471962452,0.045783866196870804,0.06396608021395282,1.9147132569172038,273,623,896,0.4239556168873633,-0.2930639542022223,0.8051113614949538,0.06931953895180945,0.5697534813349203,0.5830164772132306,0.6333904130810246
77,2.9496991634368896,3.3724175810813906,3.801576793193817,4.865784406661987,4.873004876609359,5.959341406822205,6.400359463691712,6.815578937530518,0.657996016127044,0.1350288031283232,-0.16804563999176025,-0.025385734569281337,-0.010990282893180848,0.018516188487410545,0.02331529399992333,0.07425523661077021,0.12933557361364362,0.8022122979164124,0.029296116716601036,0.09645276516675949,0.1291008483618498,0.1523236781358719,0.23309126496315002,0.2510653353113282,0.40363894402980804,0.6411446332931519,0.8022122979164124,0.08874183918301261,0.15622209802612952,677.7020575351529,507.38758116012593,0.012574016650175582,0.054262350271485175,0.08681616531214773,0.14182754742203987,104,13,5,0,0.008223974644688534,2,139,757,0,0.15513392857142858,0.31026785714285715,0.011055460895004627,4,139,422,0,0.15513392857142858,0.6205357142857143,0.011946824138272706,8,13,248,0,0.014508928571428572,0.11607142857142858,0.015320212353030885,16,7,196,0,0.0078125,0.125,0.01835414891535077,32,5,164,0,0.005580357142857143,0.17857142857142858,32,0.01835414891535077,5,164,0,0.005580357142857143,0.17857142857142858,-0.3547724485397339,-0.2512967407703399,-0.15503034368157387,0.03073434717953205,4.543958734107686e-06,0.055885390378534794,0.056635774299502374,0.05703600496053696,0.07170893932550947,2.146482264509561,294,602,893,0.3935077518826191,-0.3217217097242752,0.8464452727306296,0.11932611747776822,0.5205645074646352,0.7121366235975504,0.7810412985528947
78,2.7311880588531494,3.2165842175483705,3.8680463433265686,4.940211296081543,4.952300089810576,5.955264210700989,6.294315838813781,6.690150737762451,0.6274711849486091,0.1267029811540782,-0.1583050638437271,-0.025838142447173595,-0.010832098638638854,0.01935539860278368,0.023789747574260105,0.07301802560687064,0.12885334208607654,0.7337273359298706,0.029015482689711544,0.09125527739524841,0.1341826543211937,0.15676623210310936,0.2378198504447937,0.2530135271122812,0.3951060026884079,0.5620588958263395,0.7337273359298706,0.08060021164910267,0.15773163273387347,673.3771792498272,508.42125857286055,0.010342119502615049,0.05278471353850756,0.08604439183127725,0.14252899928979035,112,6,2,0,0.008619130471361513,2,296,600,0,0.33035714285714285,0.6607142857142857,0.011180766599417061,4,110,409,0,0.12276785714285714,0.49107142857142855,0.010943088391573501,8,10,223,0,0.011160714285714286,0.08928571428571429,0.012265093792042365,16,6,212,0,0.006696428571428571,0.10714285714285714,0.018039712923213057,32,5,125,0,0.005580357142857143,0.17857142857142858,32,0.018039712923213057,5,125,0,0.005580357142857143,0.17857142857142858,-0.38885602355003357,-0.26917453557252885,-0.13671009987592697,0.023351806215941906,4.982247154267887e-06,0.04400492366403341,0.04476525261998176,0.04515479877591133,0.06340094548502073,1.8977969338795846,255,641,895,0.29753347942168507,-0.14975857336105125,0.8093741192099417,0.10497052196200901,0.5247142431149481,0.5604898522946558,0.6151864529072889
79,1.5335147380828857,3.3344226121902465,4.026447534561157,5.094086408615112,5.086871602971639,6.191312551498413,6.529734849929808,6.844336032867432,0.6672561685418791,0.1311722057525656,-0.12392152100801468,-0.021367880050092936,-0.007447460875846445,0.02397208847105503,0.02957944765731105,0.08577322959899901,0.14170292571187,0.683661162853241,0.03143822653909323,0.11577285081148148,0.13532454445958136,0.16486375406384468,0.25179094076156616,0.262588199286256,0.3911021053791046,0.48658472299575806,0.683661162853241,0.07283335098085833,0.17510712817825624,661.5587669371583,478.4289317586578,0.014038541620292508,0.05935111682750651,0.09390879351368234,0.1510969964152199,147,4,0,0,0.013683689632463128,2,291,605,0,0.3247767857142857,0.6495535714285714,0.010891436003290404,4,9,470,0,0.010044642857142858,0.04017857142857143,0.013799517788622827,8,9,363,0,0.010044642857142858,0.08035714285714286,0.012056519767129879,16,5,279,0,0.005580357142857143,0.08928571428571429,0.014677364660739918,32,2,242,0,0.002232142857142857,0.07142857142857142,32,0.014677364660739918,2,242,0,0.002232142857142857,0.07142857142857142,-0.5567705035209656,-0.24305026680231093,-0.09639323875308037,0.018400205299258232,5.719535400723024e-06,0.03423479478806257,0.035008981451392175,0.03520957753062248,0.052552228235993315,1.5730594730816096,262,634,895,0.36715296485405324,-0.30919620798543446,0.8161317470851384,0.11238611744722096,0.5200457613762167,0.5791387591012722,0.6225556799445049
80,1.8692628145217896,3.0234259724617005,3.4576287269592285,4.2572338581085205,4.265338378160128,5.169683337211609,5.5297063827514625,6.663349151611328,0.5406285026617109,0.12674926459056535,-0.23503148555755615,-0.023419956769794224,-0.009871658403426409,0.01966690458357334,0.02467133676312811,0.0762889564037323,0.13353866472840295,0.6837712526321411,0.02957618299955473,0.09040040522813797,0.11635234914720059,0.15154695138335228,0.23351000249385834,0.24496419593924657,0.3879923149943352,0.46403954178094786,0.6837712526321411,0.0744739186874261,0.16049882629032572,680.9011771467632,500.0482445537062,0.013842174497959669,0.05647896158902368,0.09035697454465538,0.14690401641007927,97,3,0,0,0.00939172033680477,2,98,798,0,0.109375,0.21875,0.010625484527463909,4,8,539,0,0.008928571428571428,0.03571428571428571,0.014320597257704234,8,8,251,0,0.008928571428571428,0.07142857142857142,0.011206366924927389,16,4,232,0,0.004464285714285714,0.07142857142857142,0.01370834351025719,32,4,188,0,0.004464285714285714,0.14285714285714285,8,0.014320597257704234,8,251,0,0.008928571428571428,0.07142857142857142,-0.4780528247356415,-0.25733380317687987,-0.1660998873412609,0.030016355216503143,6.39519800772957e-06,0.06551534868776798,0.06672491505742072,0.06711375713348389,0.07803659928859077,2.3358897531789196,302,594,895,0.28515738767575455,0.022223152820451453,0.8386514624043242,0.2500279221489671,0.5249844368102539,0.7033535878603999,0.7297484447169305
81,2.3068947792053223,2.664853310585022,2.86577707529068,3.6850461959838867,3.781113594238247,5.068944573402405,5.563729381561277,6.024145603179932,0.6670604844156091,0.17641905427863688,-0.1657903790473938,-0.016486481446772814,-0.004151903558522463,0.025593487545847893,0.03136502867331863,0.08549263142049313,0.14821047306060758,0.6235933303833008,0.03152959910579022,0.07252570241689682,0.12787059172987938,0.15190047770738602,0.2546366751194,0.26790941294582027,0.4230392277240753,0.5116361379623413,0.6235933303833008,0.08308842179073785,0.18012799481485,670.2859821209373,478.0497572461444,0.01552837046769396,0.061450842155723294,0.09669378603196654,0.15295728949974186,247,8,0,0,0.014192267743271132,2,92,804,0,0.10267857142857142,0.20535714285714285,0.012640292451670374,4,3,548,0,0.0033482142857142855,0.013392857142857142,0.008129607381859718,8,2,499,0,0.002232142857142857,0.017857142857142856,0.011240302406261782,16,2,321,0,0.002232142857142857,0.03571428571428571,0.012563074738553195,32,1,225,1,0.0011160714285714285,0.03571428571428571,2,0.014192267743271132,92,804,0,0.10267857142857142,0.20535714285714285,-0.40496817231178284,-0.27281795889139177,-0.15565041825175285,0.0176080958917737,2.133323797741988e-06,0.09641173109412193,0.09822192266583442,0.09861050546169281,0.0832126993773765,2.490827291208636,375,521,895,0.540594031434065,0.020868869649583763,0.8488221733460279,0.26822392652533694,0.6024186055730703,0.6697598780193621,0.7745539790164101
82,2.1566267013549805,2.5140685558319094,2.8380094170570374,3.615078926086426,3.6759451204644784,4.6867265701293945,5.046973299980161,5.935197830200195,0.5765057313161921,0.15683197447826616,-0.1348775029182434,-0.02051599571481347,-0.008444547280669212,0.019932173192501068,0.026083315553737666,0.08090464510023593,0.14588310822844502,0.8653555512428284,0.03157870777961192,0.07529602944850922,0.10531468316912651,0.13295026496052742,0.24675198644399643,0.2580733179181282,0.4182845801115036,0.5138810724019997,0.8653555512428284,0.09312039303249087,0.16483408671284763,670.6914669817606,479.44029996272957,0.0120656089674841,0.06382939245928515,0.10114833170559939,0.15963877574878854,206,8,1,0,0.012255213985279293,2,74,822,0,0.08258928571428571,0.16517857142857142,0.011416126952153802,4,34,565,0,0.03794642857142857,0.15178571428571427,0.007967154748034925,8,8,554,0,0.008928571428571428,0.07142857142857142,0.01351853202571909,16,4,242,0,0.004464285714285714,0.07142857142857142,0.014943102807738895,32,3,178,0,0.0033482142857142855,0.10714285714285714,32,0.014943102807738895,3,178,0,0.0033482142857142855,0.10714285714285714,-0.42102664709091187,-0.23747534081339836,-0.12344432808458805,0.013952962588518858,4.892403597165997e-06,0.0815597865730524,0.08616048470139503,0.0871601402759552,0.06841676217025476,2.047936673663995,382,514,894,0.21093847350754905,0.11902435925538206,0.7677529607819362,0.18731189290271338,0.6549723258169426,0.5245397835633058,0.6277005562612237
83,1.6626946926116943,1.8355826437473297,2.175324022769928,3.1609326601028442,3.1439280372911265,4.148361921310425,4.549439358711242,5.241367816925049,0.617769993097882,0.19649622566748234,-0.13363613188266754,-0.013042068285867571,-0.0014450815273448824,0.02126928325742483,0.02573799555873647,0.06683305725455284,0.11692537754774024,0.6600846648216248,0.0247791623660603,0.05925453454256058,0.07938899286091328,0.09651978313922882,0.19823003560304642,0.21561295626452193,0.39077436178922653,0.48937442153692234,0.6600846648216248,0.09296164430171877,0.16378443621401015,745.7871008553434,587.7987900362366,0.01044296517158247,0.0514979072103839,0.08191455727883933,0.1303218429304059,118,3,0,0,0.008151041449525196,2,8,888,0,0.008928571428571428,0.017857142857142856,0.0008660847070455583,4,3,877,0,0.0033482142857142855,0.013392857142857142,0.003586885220301975,8,3,487,0,0.0033482142857142855,0.026785714285714284,0.005860732874077558,16,2,330,0,0.002232142857142857,0.03571428571428571,0.007889659149378921,32,1,180,1,0.0011160714285714285,0.03571428571428571,2,0.008151041449525196,8,888,0,0.008928571428571428,0.017857142857142856,-0.5935023427009583,-0.28863710165023804,-0.12475462071597576,0.010942688677459955,6.035521664671251e-06,0.09419559687376022,0.10857443176209924,0.11913859844207764,0.07387886924686181,2.2114353421318227,387,509,896,0.1571079909888508,-0.06431972963883334,0.6718810085859453,0.08299233323295335,0.7059407167526824,0.2605624949476154,0.5578831157243007
84,2.8859140872955322,4.063137888908386,4.563586592674255,5.7065935134887695,5.729750708809921,7.007734179496765,7.510081505775446,8.394627571105957,0.7589655909346013,0.13246049077975325,-0.13049641251564026,-0.030939850322902203,-0.01677544079720974,0.012763168662786484,0.018040238869840138,0.07020937688648701,0.12553213864564886,0.5772035121917725,0.02991087943854508,0.0744510293006897,0.11580741964280605,0.1461145430803299,0.23529348522424698,0.24721610379804457,0.3916154056787491,0.5213660001754761,0.5772035121917725,0.07668710225698831,0.13833356827585297,665.9606402093053,499.536560898658,0.012186630447817813,0.05224094112385757,0.08607016645509508,0.14340717684901552,111,9,0,0,0.015449817035482354,2,1,895,1,0.0011160714285714285,0.002232142857142857,0.010047157636909467,4,1,614,1,0.0011160714285714285,0.004464285714285714,0.011162400120384105,8,1,433,1,0.0011160714285714285,0.008928571428571428,0.010270484665350698,16,1,261,1,0.0011160714285714285,0.017857142857142856,0.010977609930314616,32,1,224,1,0.0011160714285714285,0.03571428571428571,2,0.015449817035482354,1,895,1,0.0011160714285714285,0.002232142857142857,-0.5661784410476685,-0.1392228938639164,-0.0331406993791461,0.007602309575304389,2.721779115485593e-06,0.022608109284192324,0.024008425232023,0.02480812929570675,0.03978832573565623,1.1909942659560833,306,590,896,0.13763277498551968,-0.11326842334250639,0.6823713388870055,0.09233887647035068,0.6393007877044803,0.1127942237896701,0.17338506610407556
85,2.065852403640747,4.12494466304779,4.483865261077881,5.583096504211426,5.619871953768389,6.859779357910156,7.453671383857724,8.610986709594727,0.7431559009267027,0.1322371589673643,-0.12451349943876266,-0.03296385146677494,-0.01800627876073122,0.013798470608890057,0.01947290921069347,0.07583361901342868,0.13676073059439653,0.6551575660705566,0.032368398129392545,0.07234128564596176,0.13809022456407546,0.16849322244524956,0.2610206604003906,0.27062929805833846,0.41689661145210266,0.5360963940620422,0.6551575660705566,0.07659095884877407,0.1434128567431631,644.753337315862,468.2314456009486,0.012660008139941331,0.05803373347050761,0.09399171880106107,0.1547234469656277,159,10,0,0,0.012726316271768503,2,1,895,1,0.0011160714285714285,0.002232142857142857,0.011346110490624086,4,1,588,1,0.0011160714285714285,0.004464285714285714,0.013014559513899867,8,1,445,1,0.0011160714285714285,0.008928571428571428,0.012976896822026712,16,1,340,1,0.0011160714285714285,0.017857142857142856,0.014812414715205174,32,1,236,1,0.0011160714285714285,0.03571428571428571,32,0.014812414715205174,1,236,1,0.0011160714285714285,0.03571428571428571,-0.598595380783081,-0.1287008225917816,-0.03864895552396774,0.008191556204110384,3.2863208616618067e-06,0.025400223676115274,0.026611287239938965,0.028000012040138245,0.035277598499189024,1.05597350067898,309,587,896,0.1453362098188428,-0.200664492175301,0.7545215062445448,0.04800561850709958,0.6383926163252367,0.21565914031633637,0.2750955172573156
86,2.8953168392181396,3.55831116437912,4.077716946601868,5.22001051902771,5.236205467954278,6.431029915809631,6.959760975837704,7.378331184387207,0.7423764337682612,0.1417775597828667,-0.13556431233882904,-0.03009213525801897,-0.01646826807409525,0.017343346029520035,0.023881560219529575,0.08581857308745382,0.1482489264011377,0.8730425834655762,0.03484323263337996,0.10838548839092255,0.1322282373905182,0.16528014466166496,0.2653997391462326,0.2788441961414979,0.4146358370780945,0.5731178492307659,0.8730425834655762,0.08837982702225299,0.1580220811214051,640.3047231980862,444.14798704062923,0.016714705420701942,0.06424243240886034,0.1010785970521195,0.16213481303035382,209,11,4,0,0.02120315252869871,2,188,708,0,0.20982142857142858,0.41964285714285715,0.013133571457383473,4,1,632,1,0.0011160714285714285,0.004464285714285714,0.01006995302409414,8,1,632,1,0.0011160714285714285,0.008928571428571428,0.012600198007583338,16,1,371,1,0.0011160714285714285,0.017857142857142856,0.010182524931035105,32,1,303,2,0.0011160714285714285,0.03571428571428571,2,0.02120315252869871,188,708,0,0.20982142857142858,0.41964285714285715,-0.25022274255752563,-0.1281212218105793,-0.06511173583567142,0.010173252783715725,6.479601389790852e-06,0.03118934342637658,0.03238859232515097,0.03298912197351456,0.03426503393472861,1.0256641569782334,334,562,896,0.4638782640725803,-0.44921619551204195,0.7730646948994652,0.06873384150945215,0.6346888309847689,0.5637572852552306,0.6853293516188921
87,2.2060065269470215,2.973254692554474,3.4167782068252563,4.3982696533203125,4.458763997735722,5.6885539293289185,6.101888585090633,7.021032810211182,0.6993115382414935,0.15683977411601566,-0.17450730502605438,-0.016373401004821063,-0.0037480095983482894,0.02585390768945217,0.031195454414714597,0.08332524746656417,0.14184873551130292,0.6379064321517944,0.030262992838115618,0.09152176231145859,0.11723991446197034,0.14798340946435928,0.24578531086444855,0.2531439138027573,0.38780349493026733,0.48716995120048523,0.6379064321517944,0.07729347903209997,0.17965720000995472,681.550338930757,501.5464016874405,0.012083784481125036,0.05827978845465594,0.09284411184524553,0.148617855431831,151,2,0,0,0.014078428611466052,2,209,687,0,0.23325892857142858,0.46651785714285715,0.008336639199496992,4,7,680,0,0.0078125,0.03125,0.004798447064425618,8,7,630,0,0.0078125,0.0625,0.011153616956561732,16,4,260,0,0.004464285714285714,0.07142857142857142,0.009105047293810205,32,2,225,0,0.002232142857142857,0.07142857142857142,2,0.014078428611466052,209,687,0,0.23325892857142858,0.46651785714285715,-0.5272852182388306,-0.2849189773201942,-0.14780408143997192,0.02249834779649973,3.083153322742354e-06,0.07370044477283955,0.07570108845829963,0.07630151510238647,0.07851022320358658,2.3500668545078893,337,559,895,0.15595502297810931,0.3611643692310877,0.8315715644975953,0.29158377500262633,0.6010611793167445,0.5943343333214687,0.6419651107176575
88,2.2237234115600586,2.521327543258667,2.866279184818268,3.8488746881484985,3.885090099381549,5.061493754386902,5.625247979164122,6.435784816741943,0.6786525448125438,0.1746812885808171,-0.1279580444097519,-0.018826181609183548,-0.006895925989374518,0.021280120126903057,0.026236995591781342,0.07574244700372215,0.13021304771304126,0.638374924659729,0.028583592359571832,0.06963236629962921,0.09305120147764682,0.11911265552043915,0.22537380456924438,0.23522283763824298,0.3668380603194237,0.4621574282646179,0.638374924659729,0.07765467565968963,0.1652990764129656,704.1498302905748,527.6930700337048,0.012459920520867878,0.05666803810457574,0.08947813264572348,0.14242823994187723,102,2,0,0,0.011626382320645093,2,23,873,0,0.025669642857142856,0.05133928571428571,0.007627549837579378,4,8,646,0,0.008928571428571428,0.03571428571428571,0.012947815570096008,8,1,402,1,0.0011160714285714285,0.008928571428571428,0.01217373199349046,16,1,329,1,0.0011160714285714285,0.017857142857142856,0.01193925617951703,32,1,250,2,0.0011160714285714285,0.03571428571428571,8,0.012947815570096008,1,402,1,0.0011160714285714285,0.008928571428571428,-0.44382357597351074,-0.2872478649020195,-0.10915779508650303,0.00997854396700859,7.888853490710193e-06,0.07639147527515888,0.0777910329401493,0.07938949018716812,0.0699861704090287,2.094914185172517,386,510,896,0.3978512439709913,-0.07389335828126208,0.816568896854906,0.25372902535048253,0.5799638616521626,0.5656520892663185,0.6572487139691926
89,1.9754538536071777,2.305542361736298,2.555612087249756,3.439899206161499,3.4952413655285324,4.535196304321289,5.037368535995483,5.554019927978516,0.5998790480788314,0.17162735998580195,-0.08707169443368912,-0.013360005151480437,-0.0016666623181663452,0.02679563220590353,0.03165877278769192,0.0809416115283966,0.1344887901842592,0.7753811478614807,0.02866009119776734,0.06602860987186432,0.08512560464441776,0.11906999163329601,0.22737957537174225,0.23902817897032946,0.3894195705652237,0.5689346790313721,0.7753811478614807,0.09175392465875327,0.18094062775612266,712.4723230527542,524.0135408018796,0.014898884643562612,0.059048595496324956,0.09186125313880564,0.14346115481015959,127,13,2,0,0.01677338086288436,2,412,484,0,0.45982142857142855,0.9196428571428571,0.013516911213043723,4,21,484,0,0.0234375,0.09375,0.009260796114402586,8,4,419,0,0.004464285714285714,0.03571428571428571,0.008297221816564232,16,2,394,0,0.002232142857142857,0.03571428571428571,0.011376784391599028,32,1,202,2,0.0011160714285714285,0.03571428571428571,2,0.01677338086288436,412,484,0,0.45982142857142855,0.9196428571428571,-0.5257584452629089,-0.2799725741147995,-0.1619279608130455,0.010519872885197401,7.378716548243704e-06,0.10883180610835552,0.11063277460634709,0.11243418604135513,0.09093494241020773,2.7219792008411003,404,492,894,0.38100693270104036,-0.20529792215487114,0.8821095748306871,0.35589060682397444,0.5136997271971024,0.7734280761768083,0.8307684276337454
90,2.277045249938965,2.7089846611022947,3.1820438504219055,4.352921009063721,4.432080611586571,5.9357088804244995,6.52650830745697,7.453073024749756,0.8261664078992667,0.18640599761192528,-0.13100379705429077,-0.01796986421570182,-0.005744361458346247,0.022185361944139004,0.026606774488149493,0.07260670848190784,0.1258257813751697,0.7005645632743835,0.027456147775909132,0.07333030551671982,0.09209564924240113,0.11014335043728352,0.22170484066009521,0.23142872739117593,0.38033391535282135,0.49509334564208984,0.7005645632743835,0.0852308622079613,0.16641259231608072,709.8262168484883,542.8508314718598,0.009666955100383425,0.055157599092592206,0.08811912373405846,0.1395448567551021,100,4,1,0,0.02383178452234851,2,1,895,1,0.0011160714285714285,0.002232142857142857,0.00938752265354743,4,1,784,1,0.0011160714285714285,0.004464285714285714,0.00949844936798659,8,1,484,1,0.0011160714285714285,0.008928571428571428,0.011504716848739157,16,1,263,1,0.0011160714285714285,0.017857142857142856,0.011592432448343477,32,1,166,2,0.0011160714285714285,0.03571428571428571,2,0.02383178452234851,1,895,1,0.0011160714285714285,0.002232142857142857,-0.7634965777397156,-0.21088058352470396,-0.10197076946496964,0.010321527253836393,5.601750509803034e-06,0.07538191974163055,0.07975175976753233,0.08353129774332047,0.06713862266730583,2.0096777945228093,386,510,896,0.2743208607035423,0.10026406524007932,0.745332072590999,0.19051832602949553,0.6703590902988307,0.42826453977886714,0.574314631163315
91,1.7280081510543823,1.9484960854053497,2.2750072479248047,3.3177894353866577,3.40908397095544,4.889566421508789,5.581347656249999,7.144009113311768,0.8025780561527367,0.2354233756019227,-0.12918373942375183,-0.010655812947079539,0.0035298708244226873,0.03569696471095085,0.04150224279357437,0.09766455255448817,0.16191214159131043,0.7366939783096313,0.03297963807119077,0.08519529551267624,0.10339320674538613,0.1256628893315792,0.24132996797561646,0.25952127002944636,0.4466009959578514,0.6162307143211346,0.7366939783096313,0.1036134629660768,0.20632982031347172,689.2905361593805,475.0996808068789,0.015592136307499053,0.06995158884838255,0.10498853037374395,0.1577906618921559,301,15,3,0,0.025397282924939736,2,5,891,0,0.005580357142857143,0.011160714285714286,0.01297477948783857,4,5,656,0,0.005580357142857143,0.022321428571428572,0.011750112512598904,8,2,562,0,0.002232142857142857,0.017857142857142856,0.010790351870351819,16,2,412,0,0.002232142857142857,0.03571428571428571,0.013508210385927711,32,2,338,0,0.002232142857142857,0.07142857142857142,2,0.025397282924939736,5,891,0,0.005580357142857143,0.011160714285714286,-0.5549608469009399,-0.2769779980182648,-0.14226781204342842,0.01192767033353448,4.6589762925058106e-06,0.09548349305987358,0.09663205519318581,0.09683384746313095,0.08021910133526443,2.4012191486214167,383,513,896,0.3967511917885369,-0.28865038289376393,0.8068744661928198,0.2338474577011677,0.6407412478546132,0.5319968538590137,0.7403972509266503
92,1.8442392349243164,2.0888004660606385,2.5092793703079224,3.4043322801589966,3.451483801007271,4.54848575592041,5.06609342098236,6.177379131317139,0.642224434809465,0.18607198290255342,-0.13769212365150452,0.006599401389248669,0.023141802661120894,0.06748796626925468,0.07484289726225918,0.150711353123188,0.22774169161915775,0.8462014198303223,0.04325227742031324,0.12030602246522903,0.1574252836406231,0.19857873767614365,0.3323928713798523,0.3478285760834946,0.5273946076631546,0.693208757042883,0.8462014198303223,0.1079459194145629,0.2754549667024525,581.883936902439,352.5802039516666,0.018257038581997335,0.09062252220096448,0.1344098403241427,0.19989182418311852,1190,58,5,0,0.04261468812502294,2,3,893,0,0.0033482142857142855,0.006696428571428571,0.024431027574468238,4,3,874,0,0.0033482142857142855,0.013392857142857142,0.01137751963988182,8,2,854,0,0.002232142857142857,0.017857142857142856,0.0034464932482792332,16,2,713,0,0.002232142857142857,0.03571428571428571,0.019230197559170176,32,1,270,1,0.0011160714285714285,0.03571428571428571,2,0.04261468812502294,3,893,0,0.0033482142857142855,0.006696428571428571,-0.5324862003326416,-0.24153446555137634,-0.120752127841115,0.01660099346190691,-6.490301335101581e-07,0.06949562206864357,0.0699068784713745,0.07009705901145935,0.06828045514548432,2.0438565550314385,350,546,894,0.35585840100696786,0.2647784386433966,0.786786399710701,0.27662337794613534,0.6056859946962085,0.48391277626450024,0.6395905298103105
