case_id,policy_result_class,capacity_slots,predictor,predictor_value,projected_decode_tok_s,measured_predictor_domain_min,measured_predictor_domain_max,source_evidence_class,derived_evidence_class,post_hoc_exploratory,model_id,model_selection_rule,model_manifest_sha256,model_training_table_logical_sha256,projection_input_table_logical_sha256,projection_input_source_sha256_json,analysis_code_version,primary_lofo_r_squared,primary_lofo_rmse,primary_bootstrap_r_squared_95_json,sensitivity_lofo_r_squared,sensitivity_lofo_rmse,sensitivity_bootstrap_r_squared_95_json,uncertainty_scope
01-math-b1,COMMITTEE_PIN_FIXED_ROUTE,23497,loads_per_token,598.296875,0.31251064601211875,471.328125,730.703125,FIXED_ROUTE_COUNTERFACTUAL,TPS_PROJECTION,True,M2,RMSE values differ by less than 5%; prefer loads_per_token,fa7480ceb1c45449eec2bb4557ffaa0f62ef14a8fdfd0c55e274b9a281a9fd0c,9567f49ef2dab913c7446dc85c7849b6665d978c9921eb83198d0c2a5e31b49b,4731949078aa993195cafb1c351e056c0df6e557570a271949e62702a6ba62e3,"[""0927db654db7b106584a5099415733edc65ed505a631836268158dc94d876889""]",76e0c3d578c4dba56e91d15ad643d8740037788a,0.993535949475491,0.0009278253355740362,"[0.9903916411770711,0.9952167227097748]",0.9926559259504573,0.0014058162266313012,"[0.9910573497774843,0.9934032661379127]",family-cluster sensitivity intervals over the constructed families; not a population confidence interval
01-math-b1,COMMITTEE_PIN_FIXED_ROUTE,9790,loads_per_token,666.40625,0.2906842262998416,471.328125,730.703125,FIXED_ROUTE_COUNTERFACTUAL,TPS_PROJECTION,True,M2,RMSE values differ by less than 5%; prefer loads_per_token,fa7480ceb1c45449eec2bb4557ffaa0f62ef14a8fdfd0c55e274b9a281a9fd0c,9567f49ef2dab913c7446dc85c7849b6665d978c9921eb83198d0c2a5e31b49b,4731949078aa993195cafb1c351e056c0df6e557570a271949e62702a6ba62e3,"[""0927db654db7b106584a5099415733edc65ed505a631836268158dc94d876889""]",76e0c3d578c4dba56e91d15ad643d8740037788a,0.993535949475491,0.0009278253355740362,"[0.9903916411770711,0.9952167227097748]",0.9926559259504573,0.0014058162266313012,"[0.9910573497774843,0.9934032661379127]",family-cluster sensitivity intervals over the constructed families; not a population confidence interval
01-math-b1,COMMITTEE_PIN_FIXED_ROUTE,11748,loads_per_token,535.0625,0.332774816825513,471.328125,730.703125,FIXED_ROUTE_COUNTERFACTUAL,TPS_PROJECTION,True,M2,RMSE values differ by less than 5%; prefer loads_per_token,fa7480ceb1c45449eec2bb4557ffaa0f62ef14a8fdfd0c55e274b9a281a9fd0c,9567f49ef2dab913c7446dc85c7849b6665d978c9921eb83198d0c2a5e31b49b,4731949078aa993195cafb1c351e056c0df6e557570a271949e62702a6ba62e3,"[""0927db654db7b106584a5099415733edc65ed505a631836268158dc94d876889""]",76e0c3d578c4dba56e91d15ad643d8740037788a,0.993535949475491,0.0009278253355740362,"[0.9903916411770711,0.9952167227097748]",0.9926559259504573,0.0014058162266313012,"[0.9910573497774843,0.9934032661379127]",family-cluster sensitivity intervals over the constructed families; not a population confidence interval
01-math-b1,COMMITTEE_PIN_FIXED_ROUTE,9790,loads_per_token,666.40625,0.2906842262998416,471.328125,730.703125,FIXED_ROUTE_COUNTERFACTUAL,TPS_PROJECTION,True,M2,RMSE values differ by less than 5%; prefer loads_per_token,fa7480ceb1c45449eec2bb4557ffaa0f62ef14a8fdfd0c55e274b9a281a9fd0c,9567f49ef2dab913c7446dc85c7849b6665d978c9921eb83198d0c2a5e31b49b,4731949078aa993195cafb1c351e056c0df6e557570a271949e62702a6ba62e3,"[""0927db654db7b106584a5099415733edc65ed505a631836268158dc94d876889""]",76e0c3d578c4dba56e91d15ad643d8740037788a,0.993535949475491,0.0009278253355740362,"[0.9903916411770711,0.9952167227097748]",0.9926559259504573,0.0014058162266313012,"[0.9910573497774843,0.9934032661379127]",family-cluster sensitivity intervals over the constructed families; not a population confidence interval
01-math-b1,COMMITTEE_PIN_FIXED_ROUTE,11748,loads_per_token,535.0625,0.332774816825513,471.328125,730.703125,FIXED_ROUTE_COUNTERFACTUAL,TPS_PROJECTION,True,M2,RMSE values differ by less than 5%; prefer loads_per_token,fa7480ceb1c45449eec2bb4557ffaa0f62ef14a8fdfd0c55e274b9a281a9fd0c,9567f49ef2dab913c7446dc85c7849b6665d978c9921eb83198d0c2a5e31b49b,4731949078aa993195cafb1c351e056c0df6e557570a271949e62702a6ba62e3,"[""0927db654db7b106584a5099415733edc65ed505a631836268158dc94d876889""]",76e0c3d578c4dba56e91d15ad643d8740037788a,0.993535949475491,0.0009278253355740362,"[0.9903916411770711,0.9952167227097748]",0.9926559259504573,0.0014058162266313012,"[0.9910573497774843,0.9934032661379127]",family-cluster sensitivity intervals over the constructed families; not a population confidence interval
01-math-b1,COMMITTEE_PIN_FIXED_ROUTE,7832,loads_per_token,617.046875,0.3065019964010307,471.328125,730.703125,FIXED_ROUTE_COUNTERFACTUAL,TPS_PROJECTION,True,M2,RMSE values differ by less than 5%; prefer loads_per_token,fa7480ceb1c45449eec2bb4557ffaa0f62ef14a8fdfd0c55e274b9a281a9fd0c,9567f49ef2dab913c7446dc85c7849b6665d978c9921eb83198d0c2a5e31b49b,4731949078aa993195cafb1c351e056c0df6e557570a271949e62702a6ba62e3,"[""0927db654db7b106584a5099415733edc65ed505a631836268158dc94d876889""]",76e0c3d578c4dba56e91d15ad643d8740037788a,0.993535949475491,0.0009278253355740362,"[0.9903916411770711,0.9952167227097748]",0.9926559259504573,0.0014058162266313012,"[0.9910573497774843,0.9934032661379127]",family-cluster sensitivity intervals over the constructed families; not a population confidence interval
01-math-b1,COMMITTEE_PIN_FIXED_ROUTE,7849,loads_per_token,616.1875,0.30677739284153893,471.328125,730.703125,FIXED_ROUTE_COUNTERFACTUAL,TPS_PROJECTION,True,M2,RMSE values differ by less than 5%; prefer loads_per_token,fa7480ceb1c45449eec2bb4557ffaa0f62ef14a8fdfd0c55e274b9a281a9fd0c,9567f49ef2dab913c7446dc85c7849b6665d978c9921eb83198d0c2a5e31b49b,4731949078aa993195cafb1c351e056c0df6e557570a271949e62702a6ba62e3,"[""0927db654db7b106584a5099415733edc65ed505a631836268158dc94d876889""]",76e0c3d578c4dba56e91d15ad643d8740037788a,0.993535949475491,0.0009278253355740362,"[0.9903916411770711,0.9952167227097748]",0.9926559259504573,0.0014058162266313012,"[0.9910573497774843,0.9934032661379127]",family-cluster sensitivity intervals over the constructed families; not a population confidence interval
01-math-b1,COMMITTEE_PIN_FIXED_ROUTE,9790,loads_per_token,542.3125,0.33045147230922567,471.328125,730.703125,FIXED_ROUTE_COUNTERFACTUAL,TPS_PROJECTION,True,M2,RMSE values differ by less than 5%; prefer loads_per_token,fa7480ceb1c45449eec2bb4557ffaa0f62ef14a8fdfd0c55e274b9a281a9fd0c,9567f49ef2dab913c7446dc85c7849b6665d978c9921eb83198d0c2a5e31b49b,4731949078aa993195cafb1c351e056c0df6e557570a271949e62702a6ba62e3,"[""0927db654db7b106584a5099415733edc65ed505a631836268158dc94d876889""]",76e0c3d578c4dba56e91d15ad643d8740037788a,0.993535949475491,0.0009278253355740362,"[0.9903916411770711,0.9952167227097748]",0.9926559259504573,0.0014058162266313012,"[0.9910573497774843,0.9934032661379127]",family-cluster sensitivity intervals over the constructed families; not a population confidence interval
01-math-b1,COMMITTEE_PIN_FIXED_ROUTE,11748,loads_per_token,498.34375,0.344541755647227,471.328125,730.703125,FIXED_ROUTE_COUNTERFACTUAL,TPS_PROJECTION,True,M2,RMSE values differ by less than 5%; prefer loads_per_token,fa7480ceb1c45449eec2bb4557ffaa0f62ef14a8fdfd0c55e274b9a281a9fd0c,9567f49ef2dab913c7446dc85c7849b6665d978c9921eb83198d0c2a5e31b49b,4731949078aa993195cafb1c351e056c0df6e557570a271949e62702a6ba62e3,"[""0927db654db7b106584a5099415733edc65ed505a631836268158dc94d876889""]",76e0c3d578c4dba56e91d15ad643d8740037788a,0.993535949475491,0.0009278253355740362,"[0.9903916411770711,0.9952167227097748]",0.9926559259504573,0.0014058162266313012,"[0.9910573497774843,0.9934032661379127]",family-cluster sensitivity intervals over the constructed families; not a population confidence interval
01-math-b1,COMMITTEE_PIN_FIXED_ROUTE,5874,loads_per_token,680.4375,0.2861877535075441,471.328125,730.703125,FIXED_ROUTE_COUNTERFACTUAL,TPS_PROJECTION,True,M2,RMSE values differ by less than 5%; prefer loads_per_token,fa7480ceb1c45449eec2bb4557ffaa0f62ef14a8fdfd0c55e274b9a281a9fd0c,9567f49ef2dab913c7446dc85c7849b6665d978c9921eb83198d0c2a5e31b49b,4731949078aa993195cafb1c351e056c0df6e557570a271949e62702a6ba62e3,"[""0927db654db7b106584a5099415733edc65ed505a631836268158dc94d876889""]",76e0c3d578c4dba56e91d15ad643d8740037788a,0.993535949475491,0.0009278253355740362,"[0.9903916411770711,0.9952167227097748]",0.9926559259504573,0.0014058162266313012,"[0.9910573497774843,0.9934032661379127]",family-cluster sensitivity intervals over the constructed families; not a population confidence interval
01-math-b1,COMMITTEE_PIN_FIXED_ROUTE,7832,loads_per_token,595.375,0.31344699390984665,471.328125,730.703125,FIXED_ROUTE_COUNTERFACTUAL,TPS_PROJECTION,True,M2,RMSE values differ by less than 5%; prefer loads_per_token,fa7480ceb1c45449eec2bb4557ffaa0f62ef14a8fdfd0c55e274b9a281a9fd0c,9567f49ef2dab913c7446dc85c7849b6665d978c9921eb83198d0c2a5e31b49b,4731949078aa993195cafb1c351e056c0df6e557570a271949e62702a6ba62e3,"[""0927db654db7b106584a5099415733edc65ed505a631836268158dc94d876889""]",76e0c3d578c4dba56e91d15ad643d8740037788a,0.993535949475491,0.0009278253355740362,"[0.9903916411770711,0.9952167227097748]",0.9926559259504573,0.0014058162266313012,"[0.9910573497774843,0.9934032661379127]",family-cluster sensitivity intervals over the constructed families; not a population confidence interval
01-math-b1,COMMITTEE_PIN_FIXED_ROUTE,7849,loads_per_token,594.890625,0.31360221735813304,471.328125,730.703125,FIXED_ROUTE_COUNTERFACTUAL,TPS_PROJECTION,True,M2,RMSE values differ by less than 5%; prefer loads_per_token,fa7480ceb1c45449eec2bb4557ffaa0f62ef14a8fdfd0c55e274b9a281a9fd0c,9567f49ef2dab913c7446dc85c7849b6665d978c9921eb83198d0c2a5e31b49b,4731949078aa993195cafb1c351e056c0df6e557570a271949e62702a6ba62e3,"[""0927db654db7b106584a5099415733edc65ed505a631836268158dc94d876889""]",76e0c3d578c4dba56e91d15ad643d8740037788a,0.993535949475491,0.0009278253355740362,"[0.9903916411770711,0.9952167227097748]",0.9926559259504573,0.0014058162266313012,"[0.9910573497774843,0.9934032661379127]",family-cluster sensitivity intervals over the constructed families; not a population confidence interval
01-math-b1,COMMITTEE_PIN_FIXED_ROUTE,9790,loads_per_token,540.34375,0.3310823805183899,471.328125,730.703125,FIXED_ROUTE_COUNTERFACTUAL,TPS_PROJECTION,True,M2,RMSE values differ by less than 5%; prefer loads_per_token,fa7480ceb1c45449eec2bb4557ffaa0f62ef14a8fdfd0c55e274b9a281a9fd0c,9567f49ef2dab913c7446dc85c7849b6665d978c9921eb83198d0c2a5e31b49b,4731949078aa993195cafb1c351e056c0df6e557570a271949e62702a6ba62e3,"[""0927db654db7b106584a5099415733edc65ed505a631836268158dc94d876889""]",76e0c3d578c4dba56e91d15ad643d8740037788a,0.993535949475491,0.0009278253355740362,"[0.9903916411770711,0.9952167227097748]",0.9926559259504573,0.0014058162266313012,"[0.9910573497774843,0.9934032661379127]",family-cluster sensitivity intervals over the constructed families; not a population confidence interval
01-math-b1,COMMITTEE_PIN_FIXED_ROUTE,11748,loads_per_token,499.96875,0.344021006014266,471.328125,730.703125,FIXED_ROUTE_COUNTERFACTUAL,TPS_PROJECTION,True,M2,RMSE values differ by less than 5%; prefer loads_per_token,fa7480ceb1c45449eec2bb4557ffaa0f62ef14a8fdfd0c55e274b9a281a9fd0c,9567f49ef2dab913c7446dc85c7849b6665d978c9921eb83198d0c2a5e31b49b,4731949078aa993195cafb1c351e056c0df6e557570a271949e62702a6ba62e3,"[""0927db654db7b106584a5099415733edc65ed505a631836268158dc94d876889""]",76e0c3d578c4dba56e91d15ad643d8740037788a,0.993535949475491,0.0009278253355740362,"[0.9903916411770711,0.9952167227097748]",0.9926559259504573,0.0014058162266313012,"[0.9910573497774843,0.9934032661379127]",family-cluster sensitivity intervals over the constructed families; not a population confidence interval
01-math-b1,EXACT_LRU,5874,loads_per_token,668.8125,0.28991311626641864,471.328125,730.703125,EXACT_REPLAY,TPS_PROJECTION,True,M2,RMSE values differ by less than 5%; prefer loads_per_token,fa7480ceb1c45449eec2bb4557ffaa0f62ef14a8fdfd0c55e274b9a281a9fd0c,9567f49ef2dab913c7446dc85c7849b6665d978c9921eb83198d0c2a5e31b49b,4731949078aa993195cafb1c351e056c0df6e557570a271949e62702a6ba62e3,"[""18ab89a63b63f6c96a0e0aa4807fcf152aed251b441ab77a8b593bcb35929ba0"",""e1fab368ce78869f1276ce7b0835b3017d4d4c87877bb6ebccb9a9611eb5a023""]",76e0c3d578c4dba56e91d15ad643d8740037788a,0.993535949475491,0.0009278253355740362,"[0.9903916411770711,0.9952167227097748]",0.9926559259504573,0.0014058162266313012,"[0.9910573497774843,0.9934032661379127]",family-cluster sensitivity intervals over the constructed families; not a population confidence interval
01-math-b1,EXACT_LRU,7832,loads_per_token,592.140625,0.3144834859677593,471.328125,730.703125,EXACT_REPLAY,TPS_PROJECTION,True,M2,RMSE values differ by less than 5%; prefer loads_per_token,fa7480ceb1c45449eec2bb4557ffaa0f62ef14a8fdfd0c55e274b9a281a9fd0c,9567f49ef2dab913c7446dc85c7849b6665d978c9921eb83198d0c2a5e31b49b,4731949078aa993195cafb1c351e056c0df6e557570a271949e62702a6ba62e3,"[""18ab89a63b63f6c96a0e0aa4807fcf152aed251b441ab77a8b593bcb35929ba0"",""e1fab368ce78869f1276ce7b0835b3017d4d4c87877bb6ebccb9a9611eb5a023""]",76e0c3d578c4dba56e91d15ad643d8740037788a,0.993535949475491,0.0009278253355740362,"[0.9903916411770711,0.9952167227097748]",0.9926559259504573,0.0014058162266313012,"[0.9910573497774843,0.9934032661379127]",family-cluster sensitivity intervals over the constructed families; not a population confidence interval
01-math-b1,EXACT_LRU,7849,loads_per_token,591.59375,0.31465873824808266,471.328125,730.703125,EXACT_REPLAY,TPS_PROJECTION,True,M2,RMSE values differ by less than 5%; prefer loads_per_token,fa7480ceb1c45449eec2bb4557ffaa0f62ef14a8fdfd0c55e274b9a281a9fd0c,9567f49ef2dab913c7446dc85c7849b6665d978c9921eb83198d0c2a5e31b49b,4731949078aa993195cafb1c351e056c0df6e557570a271949e62702a6ba62e3,"[""18ab89a63b63f6c96a0e0aa4807fcf152aed251b441ab77a8b593bcb35929ba0"",""e1fab368ce78869f1276ce7b0835b3017d4d4c87877bb6ebccb9a9611eb5a023""]",76e0c3d578c4dba56e91d15ad643d8740037788a,0.993535949475491,0.0009278253355740362,"[0.9903916411770711,0.9952167227097748]",0.9926559259504573,0.0014058162266313012,"[0.9910573497774843,0.9934032661379127]",family-cluster sensitivity intervals over the constructed families; not a population confidence interval
01-math-b1,EXACT_LRU,9790,loads_per_token,545.828125,0.32932485050714666,471.328125,730.703125,EXACT_REPLAY,TPS_PROJECTION,True,M2,RMSE values differ by less than 5%; prefer loads_per_token,fa7480ceb1c45449eec2bb4557ffaa0f62ef14a8fdfd0c55e274b9a281a9fd0c,9567f49ef2dab913c7446dc85c7849b6665d978c9921eb83198d0c2a5e31b49b,4731949078aa993195cafb1c351e056c0df6e557570a271949e62702a6ba62e3,"[""18ab89a63b63f6c96a0e0aa4807fcf152aed251b441ab77a8b593bcb35929ba0"",""e1fab368ce78869f1276ce7b0835b3017d4d4c87877bb6ebccb9a9611eb5a023""]",76e0c3d578c4dba56e91d15ad643d8740037788a,0.993535949475491,0.0009278253355740362,"[0.9903916411770711,0.9952167227097748]",0.9926559259504573,0.0014058162266313012,"[0.9910573497774843,0.9934032661379127]",family-cluster sensitivity intervals over the constructed families; not a population confidence interval
01-math-b1,EXACT_LRU,11748,loads_per_token,507.5625,0.34158750292177537,471.328125,730.703125,EXACT_REPLAY,TPS_PROJECTION,True,M2,RMSE values differ by less than 5%; prefer loads_per_token,fa7480ceb1c45449eec2bb4557ffaa0f62ef14a8fdfd0c55e274b9a281a9fd0c,9567f49ef2dab913c7446dc85c7849b6665d978c9921eb83198d0c2a5e31b49b,4731949078aa993195cafb1c351e056c0df6e557570a271949e62702a6ba62e3,"[""18ab89a63b63f6c96a0e0aa4807fcf152aed251b441ab77a8b593bcb35929ba0"",""e1fab368ce78869f1276ce7b0835b3017d4d4c87877bb6ebccb9a9611eb5a023""]",76e0c3d578c4dba56e91d15ad643d8740037788a,0.993535949475491,0.0009278253355740362,"[0.9903916411770711,0.9952167227097748]",0.9926559259504573,0.0014058162266313012,"[0.9910573497774843,0.9934032661379127]",family-cluster sensitivity intervals over the constructed families; not a population confidence interval
01-math-b1,S2_P50_FIXED_ROUTE,3916,loads_per_token,685.40625,0.28459546136060576,471.328125,730.703125,FIXED_ROUTE_COUNTERFACTUAL,TPS_PROJECTION,True,M2,RMSE values differ by less than 5%; prefer loads_per_token,fa7480ceb1c45449eec2bb4557ffaa0f62ef14a8fdfd0c55e274b9a281a9fd0c,9567f49ef2dab913c7446dc85c7849b6665d978c9921eb83198d0c2a5e31b49b,4731949078aa993195cafb1c351e056c0df6e557570a271949e62702a6ba62e3,"[""b87d9461ff503e2d13675b08d0362d5675ab8b6a2481e2d19ee46027d0b0ea9d""]",76e0c3d578c4dba56e91d15ad643d8740037788a,0.993535949475491,0.0009278253355740362,"[0.9903916411770711,0.9952167227097748]",0.9926559259504573,0.0014058162266313012,"[0.9910573497774843,0.9934032661379127]",family-cluster sensitivity intervals over the constructed families; not a population confidence interval
01-math-b1,S2_P50_FIXED_ROUTE,5874,loads_per_token,563.34375,0.3237117703287886,471.328125,730.703125,FIXED_ROUTE_COUNTERFACTUAL,TPS_PROJECTION,True,M2,RMSE values differ by less than 5%; prefer loads_per_token,fa7480ceb1c45449eec2bb4557ffaa0f62ef14a8fdfd0c55e274b9a281a9fd0c,9567f49ef2dab913c7446dc85c7849b6665d978c9921eb83198d0c2a5e31b49b,4731949078aa993195cafb1c351e056c0df6e557570a271949e62702a6ba62e3,"[""b87d9461ff503e2d13675b08d0362d5675ab8b6a2481e2d19ee46027d0b0ea9d""]",76e0c3d578c4dba56e91d15ad643d8740037788a,0.993535949475491,0.0009278253355740362,"[0.9903916411770711,0.9952167227097748]",0.9926559259504573,0.0014058162266313012,"[0.9910573497774843,0.9934032661379127]",family-cluster sensitivity intervals over the constructed families; not a population confidence interval
01-math-b1,S2_P50_FIXED_ROUTE,7832,loads_per_token,494.78125,0.3456833990733337,471.328125,730.703125,FIXED_ROUTE_COUNTERFACTUAL,TPS_PROJECTION,True,M2,RMSE values differ by less than 5%; prefer loads_per_token,fa7480ceb1c45449eec2bb4557ffaa0f62ef14a8fdfd0c55e274b9a281a9fd0c,9567f49ef2dab913c7446dc85c7849b6665d978c9921eb83198d0c2a5e31b49b,4731949078aa993195cafb1c351e056c0df6e557570a271949e62702a6ba62e3,"[""b87d9461ff503e2d13675b08d0362d5675ab8b6a2481e2d19ee46027d0b0ea9d""]",76e0c3d578c4dba56e91d15ad643d8740037788a,0.993535949475491,0.0009278253355740362,"[0.9903916411770711,0.9952167227097748]",0.9926559259504573,0.0014058162266313012,"[0.9910573497774843,0.9934032661379127]",family-cluster sensitivity intervals over the constructed families; not a population confidence interval
01-math-b1,S2_P50_FIXED_ROUTE,7849,loads_per_token,494.359375,0.3458185936895832,471.328125,730.703125,FIXED_ROUTE_COUNTERFACTUAL,TPS_PROJECTION,True,M2,RMSE values differ by less than 5%; prefer loads_per_token,fa7480ceb1c45449eec2bb4557ffaa0f62ef14a8fdfd0c55e274b9a281a9fd0c,9567f49ef2dab913c7446dc85c7849b6665d978c9921eb83198d0c2a5e31b49b,4731949078aa993195cafb1c351e056c0df6e557570a271949e62702a6ba62e3,"[""b87d9461ff503e2d13675b08d0362d5675ab8b6a2481e2d19ee46027d0b0ea9d""]",76e0c3d578c4dba56e91d15ad643d8740037788a,0.993535949475491,0.0009278253355740362,"[0.9903916411770711,0.9952167227097748]",0.9926559259504573,0.0014058162266313012,"[0.9910573497774843,0.9934032661379127]",family-cluster sensitivity intervals over the constructed families; not a population confidence interval
01-math-b8,EXACT_LRU,5874,loads_per_token,680.8125,0.28606758051532233,471.328125,730.703125,EXACT_REPLAY,TPS_PROJECTION,True,M2,RMSE values differ by less than 5%; prefer loads_per_token,fa7480ceb1c45449eec2bb4557ffaa0f62ef14a8fdfd0c55e274b9a281a9fd0c,9567f49ef2dab913c7446dc85c7849b6665d978c9921eb83198d0c2a5e31b49b,4731949078aa993195cafb1c351e056c0df6e557570a271949e62702a6ba62e3,"[""18ab89a63b63f6c96a0e0aa4807fcf152aed251b441ab77a8b593bcb35929ba0"",""5446636d4a2659d92e71f1d319bf7701196a4e31553247857eaa54bb5b4ab064""]",76e0c3d578c4dba56e91d15ad643d8740037788a,0.993535949475491,0.0009278253355740362,"[0.9903916411770711,0.9952167227097748]",0.9926559259504573,0.0014058162266313012,"[0.9910573497774843,0.9934032661379127]",family-cluster sensitivity intervals over the constructed families; not a population confidence interval
01-math-b8,EXACT_LRU,7832,loads_per_token,594.140625,0.31384256334257654,471.328125,730.703125,EXACT_REPLAY,TPS_PROJECTION,True,M2,RMSE values differ by less than 5%; prefer loads_per_token,fa7480ceb1c45449eec2bb4557ffaa0f62ef14a8fdfd0c55e274b9a281a9fd0c,9567f49ef2dab913c7446dc85c7849b6665d978c9921eb83198d0c2a5e31b49b,4731949078aa993195cafb1c351e056c0df6e557570a271949e62702a6ba62e3,"[""18ab89a63b63f6c96a0e0aa4807fcf152aed251b441ab77a8b593bcb35929ba0"",""5446636d4a2659d92e71f1d319bf7701196a4e31553247857eaa54bb5b4ab064""]",76e0c3d578c4dba56e91d15ad643d8740037788a,0.993535949475491,0.0009278253355740362,"[0.9903916411770711,0.9952167227097748]",0.9926559259504573,0.0014058162266313012,"[0.9910573497774843,0.9934032661379127]",family-cluster sensitivity intervals over the constructed families; not a population confidence interval
01-math-b8,EXACT_LRU,7849,loads_per_token,593.765625,0.3139627363347983,471.328125,730.703125,EXACT_REPLAY,TPS_PROJECTION,True,M2,RMSE values differ by less than 5%; prefer loads_per_token,fa7480ceb1c45449eec2bb4557ffaa0f62ef14a8fdfd0c55e274b9a281a9fd0c,9567f49ef2dab913c7446dc85c7849b6665d978c9921eb83198d0c2a5e31b49b,4731949078aa993195cafb1c351e056c0df6e557570a271949e62702a6ba62e3,"[""18ab89a63b63f6c96a0e0aa4807fcf152aed251b441ab77a8b593bcb35929ba0"",""5446636d4a2659d92e71f1d319bf7701196a4e31553247857eaa54bb5b4ab064""]",76e0c3d578c4dba56e91d15ad643d8740037788a,0.993535949475491,0.0009278253355740362,"[0.9903916411770711,0.9952167227097748]",0.9926559259504573,0.0014058162266313012,"[0.9910573497774843,0.9934032661379127]",family-cluster sensitivity intervals over the constructed families; not a population confidence interval
01-math-b8,EXACT_LRU,9790,loads_per_token,545.46875,0.32944001629135916,471.328125,730.703125,EXACT_REPLAY,TPS_PROJECTION,True,M2,RMSE values differ by less than 5%; prefer loads_per_token,fa7480ceb1c45449eec2bb4557ffaa0f62ef14a8fdfd0c55e274b9a281a9fd0c,9567f49ef2dab913c7446dc85c7849b6665d978c9921eb83198d0c2a5e31b49b,4731949078aa993195cafb1c351e056c0df6e557570a271949e62702a6ba62e3,"[""18ab89a63b63f6c96a0e0aa4807fcf152aed251b441ab77a8b593bcb35929ba0"",""5446636d4a2659d92e71f1d319bf7701196a4e31553247857eaa54bb5b4ab064""]",76e0c3d578c4dba56e91d15ad643d8740037788a,0.993535949475491,0.0009278253355740362,"[0.9903916411770711,0.9952167227097748]",0.9926559259504573,0.0014058162266313012,"[0.9910573497774843,0.9934032661379127]",family-cluster sensitivity intervals over the constructed families; not a population confidence interval
01-math-b8,EXACT_LRU,11748,loads_per_token,497.40625,0.34484218812778134,471.328125,730.703125,EXACT_REPLAY,TPS_PROJECTION,True,M2,RMSE values differ by less than 5%; prefer loads_per_token,fa7480ceb1c45449eec2bb4557ffaa0f62ef14a8fdfd0c55e274b9a281a9fd0c,9567f49ef2dab913c7446dc85c7849b6665d978c9921eb83198d0c2a5e31b49b,4731949078aa993195cafb1c351e056c0df6e557570a271949e62702a6ba62e3,"[""18ab89a63b63f6c96a0e0aa4807fcf152aed251b441ab77a8b593bcb35929ba0"",""5446636d4a2659d92e71f1d319bf7701196a4e31553247857eaa54bb5b4ab064""]",76e0c3d578c4dba56e91d15ad643d8740037788a,0.993535949475491,0.0009278253355740362,"[0.9903916411770711,0.9952167227097748]",0.9926559259504573,0.0014058162266313012,"[0.9910573497774843,0.9934032661379127]",family-cluster sensitivity intervals over the constructed families; not a population confidence interval
01-math-b8,S2_P50_FIXED_ROUTE,3916,loads_per_token,706.0,0.2779959612044275,471.328125,730.703125,FIXED_ROUTE_COUNTERFACTUAL,TPS_PROJECTION,True,M2,RMSE values differ by less than 5%; prefer loads_per_token,fa7480ceb1c45449eec2bb4557ffaa0f62ef14a8fdfd0c55e274b9a281a9fd0c,9567f49ef2dab913c7446dc85c7849b6665d978c9921eb83198d0c2a5e31b49b,4731949078aa993195cafb1c351e056c0df6e557570a271949e62702a6ba62e3,"[""b87d9461ff503e2d13675b08d0362d5675ab8b6a2481e2d19ee46027d0b0ea9d""]",76e0c3d578c4dba56e91d15ad643d8740037788a,0.993535949475491,0.0009278253355740362,"[0.9903916411770711,0.9952167227097748]",0.9926559259504573,0.0014058162266313012,"[0.9910573497774843,0.9934032661379127]",family-cluster sensitivity intervals over the constructed families; not a population confidence interval
01-math-b8,S2_P50_FIXED_ROUTE,5874,loads_per_token,570.96875,0.3212682528202795,471.328125,730.703125,FIXED_ROUTE_COUNTERFACTUAL,TPS_PROJECTION,True,M2,RMSE values differ by less than 5%; prefer loads_per_token,fa7480ceb1c45449eec2bb4557ffaa0f62ef14a8fdfd0c55e274b9a281a9fd0c,9567f49ef2dab913c7446dc85c7849b6665d978c9921eb83198d0c2a5e31b49b,4731949078aa993195cafb1c351e056c0df6e557570a271949e62702a6ba62e3,"[""b87d9461ff503e2d13675b08d0362d5675ab8b6a2481e2d19ee46027d0b0ea9d""]",76e0c3d578c4dba56e91d15ad643d8740037788a,0.993535949475491,0.0009278253355740362,"[0.9903916411770711,0.9952167227097748]",0.9926559259504573,0.0014058162266313012,"[0.9910573497774843,0.9934032661379127]",family-cluster sensitivity intervals over the constructed families; not a population confidence interval
01-math-b8,S2_P50_FIXED_ROUTE,7832,loads_per_token,496.421875,0.34515764223236345,471.328125,730.703125,FIXED_ROUTE_COUNTERFACTUAL,TPS_PROJECTION,True,M2,RMSE values differ by less than 5%; prefer loads_per_token,fa7480ceb1c45449eec2bb4557ffaa0f62ef14a8fdfd0c55e274b9a281a9fd0c,9567f49ef2dab913c7446dc85c7849b6665d978c9921eb83198d0c2a5e31b49b,4731949078aa993195cafb1c351e056c0df6e557570a271949e62702a6ba62e3,"[""b87d9461ff503e2d13675b08d0362d5675ab8b6a2481e2d19ee46027d0b0ea9d""]",76e0c3d578c4dba56e91d15ad643d8740037788a,0.993535949475491,0.0009278253355740362,"[0.9903916411770711,0.9952167227097748]",0.9926559259504573,0.0014058162266313012,"[0.9910573497774843,0.9934032661379127]",family-cluster sensitivity intervals over the constructed families; not a population confidence interval
01-math-b8,S2_P50_FIXED_ROUTE,7849,loads_per_token,495.59375,0.34542302425685323,471.328125,730.703125,FIXED_ROUTE_COUNTERFACTUAL,TPS_PROJECTION,True,M2,RMSE values differ by less than 5%; prefer loads_per_token,fa7480ceb1c45449eec2bb4557ffaa0f62ef14a8fdfd0c55e274b9a281a9fd0c,9567f49ef2dab913c7446dc85c7849b6665d978c9921eb83198d0c2a5e31b49b,4731949078aa993195cafb1c351e056c0df6e557570a271949e62702a6ba62e3,"[""b87d9461ff503e2d13675b08d0362d5675ab8b6a2481e2d19ee46027d0b0ea9d""]",76e0c3d578c4dba56e91d15ad643d8740037788a,0.993535949475491,0.0009278253355740362,"[0.9903916411770711,0.9952167227097748]",0.9926559259504573,0.0014058162266313012,"[0.9910573497774843,0.9934032661379127]",family-cluster sensitivity intervals over the constructed families; not a population confidence interval
02-formal-b1,EXACT_LRU,5874,loads_per_token,692.46875,0.2823322033404293,471.328125,730.703125,EXACT_REPLAY,TPS_PROJECTION,True,M2,RMSE values differ by less than 5%; prefer loads_per_token,fa7480ceb1c45449eec2bb4557ffaa0f62ef14a8fdfd0c55e274b9a281a9fd0c,9567f49ef2dab913c7446dc85c7849b6665d978c9921eb83198d0c2a5e31b49b,4731949078aa993195cafb1c351e056c0df6e557570a271949e62702a6ba62e3,"[""18ab89a63b63f6c96a0e0aa4807fcf152aed251b441ab77a8b593bcb35929ba0"",""860bdf5e13fbab90294309b9652b3240b2c40217c72f6a8e84be6fcec61d5261""]",76e0c3d578c4dba56e91d15ad643d8740037788a,0.993535949475491,0.0009278253355740362,"[0.9903916411770711,0.9952167227097748]",0.9926559259504573,0.0014058162266313012,"[0.9910573497774843,0.9934032661379127]",family-cluster sensitivity intervals over the constructed families; not a population confidence interval
02-formal-b1,EXACT_LRU,7832,loads_per_token,618.328125,0.30609140534427304,471.328125,730.703125,EXACT_REPLAY,TPS_PROJECTION,True,M2,RMSE values differ by less than 5%; prefer loads_per_token,fa7480ceb1c45449eec2bb4557ffaa0f62ef14a8fdfd0c55e274b9a281a9fd0c,9567f49ef2dab913c7446dc85c7849b6665d978c9921eb83198d0c2a5e31b49b,4731949078aa993195cafb1c351e056c0df6e557570a271949e62702a6ba62e3,"[""18ab89a63b63f6c96a0e0aa4807fcf152aed251b441ab77a8b593bcb35929ba0"",""860bdf5e13fbab90294309b9652b3240b2c40217c72f6a8e84be6fcec61d5261""]",76e0c3d578c4dba56e91d15ad643d8740037788a,0.993535949475491,0.0009278253355740362,"[0.9903916411770711,0.9952167227097748]",0.9926559259504573,0.0014058162266313012,"[0.9910573497774843,0.9934032661379127]",family-cluster sensitivity intervals over the constructed families; not a population confidence interval
02-formal-b1,EXACT_LRU,7849,loads_per_token,618.03125,0.3061865422964486,471.328125,730.703125,EXACT_REPLAY,TPS_PROJECTION,True,M2,RMSE values differ by less than 5%; prefer loads_per_token,fa7480ceb1c45449eec2bb4557ffaa0f62ef14a8fdfd0c55e274b9a281a9fd0c,9567f49ef2dab913c7446dc85c7849b6665d978c9921eb83198d0c2a5e31b49b,4731949078aa993195cafb1c351e056c0df6e557570a271949e62702a6ba62e3,"[""18ab89a63b63f6c96a0e0aa4807fcf152aed251b441ab77a8b593bcb35929ba0"",""860bdf5e13fbab90294309b9652b3240b2c40217c72f6a8e84be6fcec61d5261""]",76e0c3d578c4dba56e91d15ad643d8740037788a,0.993535949475491,0.0009278253355740362,"[0.9903916411770711,0.9952167227097748]",0.9926559259504573,0.0014058162266313012,"[0.9910573497774843,0.9934032661379127]",family-cluster sensitivity intervals over the constructed families; not a population confidence interval
02-formal-b1,EXACT_LRU,9790,loads_per_token,561.1875,0.32440276503406373,471.328125,730.703125,EXACT_REPLAY,TPS_PROJECTION,True,M2,RMSE values differ by less than 5%; prefer loads_per_token,fa7480ceb1c45449eec2bb4557ffaa0f62ef14a8fdfd0c55e274b9a281a9fd0c,9567f49ef2dab913c7446dc85c7849b6665d978c9921eb83198d0c2a5e31b49b,4731949078aa993195cafb1c351e056c0df6e557570a271949e62702a6ba62e3,"[""18ab89a63b63f6c96a0e0aa4807fcf152aed251b441ab77a8b593bcb35929ba0"",""860bdf5e13fbab90294309b9652b3240b2c40217c72f6a8e84be6fcec61d5261""]",76e0c3d578c4dba56e91d15ad643d8740037788a,0.993535949475491,0.0009278253355740362,"[0.9903916411770711,0.9952167227097748]",0.9926559259504573,0.0014058162266313012,"[0.9910573497774843,0.9934032661379127]",family-cluster sensitivity intervals over the constructed families; not a population confidence interval
02-formal-b1,EXACT_LRU,11748,loads_per_token,490.140625,0.34717053985207796,471.328125,730.703125,EXACT_REPLAY,TPS_PROJECTION,True,M2,RMSE values differ by less than 5%; prefer loads_per_token,fa7480ceb1c45449eec2bb4557ffaa0f62ef14a8fdfd0c55e274b9a281a9fd0c,9567f49ef2dab913c7446dc85c7849b6665d978c9921eb83198d0c2a5e31b49b,4731949078aa993195cafb1c351e056c0df6e557570a271949e62702a6ba62e3,"[""18ab89a63b63f6c96a0e0aa4807fcf152aed251b441ab77a8b593bcb35929ba0"",""860bdf5e13fbab90294309b9652b3240b2c40217c72f6a8e84be6fcec61d5261""]",76e0c3d578c4dba56e91d15ad643d8740037788a,0.993535949475491,0.0009278253355740362,"[0.9903916411770711,0.9952167227097748]",0.9926559259504573,0.0014058162266313012,"[0.9910573497774843,0.9934032661379127]",family-cluster sensitivity intervals over the constructed families; not a population confidence interval
02-formal-b1,S2_P50_FIXED_ROUTE,3916,loads_per_token,698.578125,0.28037438500881645,471.328125,730.703125,FIXED_ROUTE_COUNTERFACTUAL,TPS_PROJECTION,True,M2,RMSE values differ by less than 5%; prefer loads_per_token,fa7480ceb1c45449eec2bb4557ffaa0f62ef14a8fdfd0c55e274b9a281a9fd0c,9567f49ef2dab913c7446dc85c7849b6665d978c9921eb83198d0c2a5e31b49b,4731949078aa993195cafb1c351e056c0df6e557570a271949e62702a6ba62e3,"[""b87d9461ff503e2d13675b08d0362d5675ab8b6a2481e2d19ee46027d0b0ea9d""]",76e0c3d578c4dba56e91d15ad643d8740037788a,0.993535949475491,0.0009278253355740362,"[0.9903916411770711,0.9952167227097748]",0.9926559259504573,0.0014058162266313012,"[0.9910573497774843,0.9934032661379127]",family-cluster sensitivity intervals over the constructed families; not a population confidence interval
02-formal-b1,S2_P50_FIXED_ROUTE,5874,loads_per_token,592.109375,0.31449350038377777,471.328125,730.703125,FIXED_ROUTE_COUNTERFACTUAL,TPS_PROJECTION,True,M2,RMSE values differ by less than 5%; prefer loads_per_token,fa7480ceb1c45449eec2bb4557ffaa0f62ef14a8fdfd0c55e274b9a281a9fd0c,9567f49ef2dab913c7446dc85c7849b6665d978c9921eb83198d0c2a5e31b49b,4731949078aa993195cafb1c351e056c0df6e557570a271949e62702a6ba62e3,"[""b87d9461ff503e2d13675b08d0362d5675ab8b6a2481e2d19ee46027d0b0ea9d""]",76e0c3d578c4dba56e91d15ad643d8740037788a,0.993535949475491,0.0009278253355740362,"[0.9903916411770711,0.9952167227097748]",0.9926559259504573,0.0014058162266313012,"[0.9910573497774843,0.9934032661379127]",family-cluster sensitivity intervals over the constructed families; not a population confidence interval
02-formal-b1,S2_P50_FIXED_ROUTE,7832,loads_per_token,518.875,0.3379622843230856,471.328125,730.703125,FIXED_ROUTE_COUNTERFACTUAL,TPS_PROJECTION,True,M2,RMSE values differ by less than 5%; prefer loads_per_token,fa7480ceb1c45449eec2bb4557ffaa0f62ef14a8fdfd0c55e274b9a281a9fd0c,9567f49ef2dab913c7446dc85c7849b6665d978c9921eb83198d0c2a5e31b49b,4731949078aa993195cafb1c351e056c0df6e557570a271949e62702a6ba62e3,"[""b87d9461ff503e2d13675b08d0362d5675ab8b6a2481e2d19ee46027d0b0ea9d""]",76e0c3d578c4dba56e91d15ad643d8740037788a,0.993535949475491,0.0009278253355740362,"[0.9903916411770711,0.9952167227097748]",0.9926559259504573,0.0014058162266313012,"[0.9910573497774843,0.9934032661379127]",family-cluster sensitivity intervals over the constructed families; not a population confidence interval
02-formal-b1,S2_P50_FIXED_ROUTE,7849,loads_per_token,518.6875,0.3380223708191965,471.328125,730.703125,FIXED_ROUTE_COUNTERFACTUAL,TPS_PROJECTION,True,M2,RMSE values differ by less than 5%; prefer loads_per_token,fa7480ceb1c45449eec2bb4557ffaa0f62ef14a8fdfd0c55e274b9a281a9fd0c,9567f49ef2dab913c7446dc85c7849b6665d978c9921eb83198d0c2a5e31b49b,4731949078aa993195cafb1c351e056c0df6e557570a271949e62702a6ba62e3,"[""b87d9461ff503e2d13675b08d0362d5675ab8b6a2481e2d19ee46027d0b0ea9d""]",76e0c3d578c4dba56e91d15ad643d8740037788a,0.993535949475491,0.0009278253355740362,"[0.9903916411770711,0.9952167227097748]",0.9926559259504573,0.0014058162266313012,"[0.9910573497774843,0.9934032661379127]",family-cluster sensitivity intervals over the constructed families; not a population confidence interval
02-formal-b3,COMMITTEE_PIN_FIXED_ROUTE,23497,loads_per_token,564.921875,0.3232060423198554,471.328125,730.703125,FIXED_ROUTE_COUNTERFACTUAL,TPS_PROJECTION,True,M2,RMSE values differ by less than 5%; prefer loads_per_token,fa7480ceb1c45449eec2bb4557ffaa0f62ef14a8fdfd0c55e274b9a281a9fd0c,9567f49ef2dab913c7446dc85c7849b6665d978c9921eb83198d0c2a5e31b49b,4731949078aa993195cafb1c351e056c0df6e557570a271949e62702a6ba62e3,"[""0927db654db7b106584a5099415733edc65ed505a631836268158dc94d876889""]",76e0c3d578c4dba56e91d15ad643d8740037788a,0.993535949475491,0.0009278253355740362,"[0.9903916411770711,0.9952167227097748]",0.9926559259504573,0.0014058162266313012,"[0.9910573497774843,0.9934032661379127]",family-cluster sensitivity intervals over the constructed families; not a population confidence interval
02-formal-b3,COMMITTEE_PIN_FIXED_ROUTE,9790,loads_per_token,662.671875,0.29188094901404993,471.328125,730.703125,FIXED_ROUTE_COUNTERFACTUAL,TPS_PROJECTION,True,M2,RMSE values differ by less than 5%; prefer loads_per_token,fa7480ceb1c45449eec2bb4557ffaa0f62ef14a8fdfd0c55e274b9a281a9fd0c,9567f49ef2dab913c7446dc85c7849b6665d978c9921eb83198d0c2a5e31b49b,4731949078aa993195cafb1c351e056c0df6e557570a271949e62702a6ba62e3,"[""0927db654db7b106584a5099415733edc65ed505a631836268158dc94d876889""]",76e0c3d578c4dba56e91d15ad643d8740037788a,0.993535949475491,0.0009278253355740362,"[0.9903916411770711,0.9952167227097748]",0.9926559259504573,0.0014058162266313012,"[0.9910573497774843,0.9934032661379127]",family-cluster sensitivity intervals over the constructed families; not a population confidence interval
02-formal-b3,COMMITTEE_PIN_FIXED_ROUTE,11748,loads_per_token,542.9375,0.330251183988856,471.328125,730.703125,FIXED_ROUTE_COUNTERFACTUAL,TPS_PROJECTION,True,M2,RMSE values differ by less than 5%; prefer loads_per_token,fa7480ceb1c45449eec2bb4557ffaa0f62ef14a8fdfd0c55e274b9a281a9fd0c,9567f49ef2dab913c7446dc85c7849b6665d978c9921eb83198d0c2a5e31b49b,4731949078aa993195cafb1c351e056c0df6e557570a271949e62702a6ba62e3,"[""0927db654db7b106584a5099415733edc65ed505a631836268158dc94d876889""]",76e0c3d578c4dba56e91d15ad643d8740037788a,0.993535949475491,0.0009278253355740362,"[0.9903916411770711,0.9952167227097748]",0.9926559259504573,0.0014058162266313012,"[0.9910573497774843,0.9934032661379127]",family-cluster sensitivity intervals over the constructed families; not a population confidence interval
02-formal-b3,COMMITTEE_PIN_FIXED_ROUTE,9790,loads_per_token,662.671875,0.29188094901404993,471.328125,730.703125,FIXED_ROUTE_COUNTERFACTUAL,TPS_PROJECTION,True,M2,RMSE values differ by less than 5%; prefer loads_per_token,fa7480ceb1c45449eec2bb4557ffaa0f62ef14a8fdfd0c55e274b9a281a9fd0c,9567f49ef2dab913c7446dc85c7849b6665d978c9921eb83198d0c2a5e31b49b,4731949078aa993195cafb1c351e056c0df6e557570a271949e62702a6ba62e3,"[""0927db654db7b106584a5099415733edc65ed505a631836268158dc94d876889""]",76e0c3d578c4dba56e91d15ad643d8740037788a,0.993535949475491,0.0009278253355740362,"[0.9903916411770711,0.9952167227097748]",0.9926559259504573,0.0014058162266313012,"[0.9910573497774843,0.9934032661379127]",family-cluster sensitivity intervals over the constructed families; not a population confidence interval
02-formal-b3,COMMITTEE_PIN_FIXED_ROUTE,11748,loads_per_token,542.9375,0.330251183988856,471.328125,730.703125,FIXED_ROUTE_COUNTERFACTUAL,TPS_PROJECTION,True,M2,RMSE values differ by less than 5%; prefer loads_per_token,fa7480ceb1c45449eec2bb4557ffaa0f62ef14a8fdfd0c55e274b9a281a9fd0c,9567f49ef2dab913c7446dc85c7849b6665d978c9921eb83198d0c2a5e31b49b,4731949078aa993195cafb1c351e056c0df6e557570a271949e62702a6ba62e3,"[""0927db654db7b106584a5099415733edc65ed505a631836268158dc94d876889""]",76e0c3d578c4dba56e91d15ad643d8740037788a,0.993535949475491,0.0009278253355740362,"[0.9903916411770711,0.9952167227097748]",0.9926559259504573,0.0014058162266313012,"[0.9910573497774843,0.9934032661379127]",family-cluster sensitivity intervals over the constructed families; not a population confidence interval
02-formal-b3,COMMITTEE_PIN_FIXED_ROUTE,7832,loads_per_token,627.453125,0.3031671958668769,471.328125,730.703125,FIXED_ROUTE_COUNTERFACTUAL,TPS_PROJECTION,True,M2,RMSE values differ by less than 5%; prefer loads_per_token,fa7480ceb1c45449eec2bb4557ffaa0f62ef14a8fdfd0c55e274b9a281a9fd0c,9567f49ef2dab913c7446dc85c7849b6665d978c9921eb83198d0c2a5e31b49b,4731949078aa993195cafb1c351e056c0df6e557570a271949e62702a6ba62e3,"[""0927db654db7b106584a5099415733edc65ed505a631836268158dc94d876889""]",76e0c3d578c4dba56e91d15ad643d8740037788a,0.993535949475491,0.0009278253355740362,"[0.9903916411770711,0.9952167227097748]",0.9926559259504573,0.0014058162266313012,"[0.9910573497774843,0.9934032661379127]",family-cluster sensitivity intervals over the constructed families; not a population confidence interval
02-formal-b3,COMMITTEE_PIN_FIXED_ROUTE,7849,loads_per_token,625.984375,0.30363787341974546,471.328125,730.703125,FIXED_ROUTE_COUNTERFACTUAL,TPS_PROJECTION,True,M2,RMSE values differ by less than 5%; prefer loads_per_token,fa7480ceb1c45449eec2bb4557ffaa0f62ef14a8fdfd0c55e274b9a281a9fd0c,9567f49ef2dab913c7446dc85c7849b6665d978c9921eb83198d0c2a5e31b49b,4731949078aa993195cafb1c351e056c0df6e557570a271949e62702a6ba62e3,"[""0927db654db7b106584a5099415733edc65ed505a631836268158dc94d876889""]",76e0c3d578c4dba56e91d15ad643d8740037788a,0.993535949475491,0.0009278253355740362,"[0.9903916411770711,0.9952167227097748]",0.9926559259504573,0.0014058162266313012,"[0.9910573497774843,0.9934032661379127]",family-cluster sensitivity intervals over the constructed families; not a population confidence interval
02-formal-b3,COMMITTEE_PIN_FIXED_ROUTE,9790,loads_per_token,560.1875,0.32472322634665507,471.328125,730.703125,FIXED_ROUTE_COUNTERFACTUAL,TPS_PROJECTION,True,M2,RMSE values differ by less than 5%; prefer loads_per_token,fa7480ceb1c45449eec2bb4557ffaa0f62ef14a8fdfd0c55e274b9a281a9fd0c,9567f49ef2dab913c7446dc85c7849b6665d978c9921eb83198d0c2a5e31b49b,4731949078aa993195cafb1c351e056c0df6e557570a271949e62702a6ba62e3,"[""0927db654db7b106584a5099415733edc65ed505a631836268158dc94d876889""]",76e0c3d578c4dba56e91d15ad643d8740037788a,0.993535949475491,0.0009278253355740362,"[0.9903916411770711,0.9952167227097748]",0.9926559259504573,0.0014058162266313012,"[0.9910573497774843,0.9934032661379127]",family-cluster sensitivity intervals over the constructed families; not a population confidence interval
02-formal-b3,COMMITTEE_PIN_FIXED_ROUTE,11748,loads_per_token,512.625,0.33996516752678163,471.328125,730.703125,FIXED_ROUTE_COUNTERFACTUAL,TPS_PROJECTION,True,M2,RMSE values differ by less than 5%; prefer loads_per_token,fa7480ceb1c45449eec2bb4557ffaa0f62ef14a8fdfd0c55e274b9a281a9fd0c,9567f49ef2dab913c7446dc85c7849b6665d978c9921eb83198d0c2a5e31b49b,4731949078aa993195cafb1c351e056c0df6e557570a271949e62702a6ba62e3,"[""0927db654db7b106584a5099415733edc65ed505a631836268158dc94d876889""]",76e0c3d578c4dba56e91d15ad643d8740037788a,0.993535949475491,0.0009278253355740362,"[0.9903916411770711,0.9952167227097748]",0.9926559259504573,0.0014058162266313012,"[0.9910573497774843,0.9934032661379127]",family-cluster sensitivity intervals over the constructed families; not a population confidence interval
02-formal-b3,COMMITTEE_PIN_FIXED_ROUTE,5874,loads_per_token,692.390625,0.2823572393804755,471.328125,730.703125,FIXED_ROUTE_COUNTERFACTUAL,TPS_PROJECTION,True,M2,RMSE values differ by less than 5%; prefer loads_per_token,fa7480ceb1c45449eec2bb4557ffaa0f62ef14a8fdfd0c55e274b9a281a9fd0c,9567f49ef2dab913c7446dc85c7849b6665d978c9921eb83198d0c2a5e31b49b,4731949078aa993195cafb1c351e056c0df6e557570a271949e62702a6ba62e3,"[""0927db654db7b106584a5099415733edc65ed505a631836268158dc94d876889""]",76e0c3d578c4dba56e91d15ad643d8740037788a,0.993535949475491,0.0009278253355740362,"[0.9903916411770711,0.9952167227097748]",0.9926559259504573,0.0014058162266313012,"[0.9910573497774843,0.9934032661379127]",family-cluster sensitivity intervals over the constructed families; not a population confidence interval
02-formal-b3,COMMITTEE_PIN_FIXED_ROUTE,7832,loads_per_token,612.921875,0.3078238993154701,471.328125,730.703125,FIXED_ROUTE_COUNTERFACTUAL,TPS_PROJECTION,True,M2,RMSE values differ by less than 5%; prefer loads_per_token,fa7480ceb1c45449eec2bb4557ffaa0f62ef14a8fdfd0c55e274b9a281a9fd0c,9567f49ef2dab913c7446dc85c7849b6665d978c9921eb83198d0c2a5e31b49b,4731949078aa993195cafb1c351e056c0df6e557570a271949e62702a6ba62e3,"[""0927db654db7b106584a5099415733edc65ed505a631836268158dc94d876889""]",76e0c3d578c4dba56e91d15ad643d8740037788a,0.993535949475491,0.0009278253355740362,"[0.9903916411770711,0.9952167227097748]",0.9926559259504573,0.0014058162266313012,"[0.9910573497774843,0.9934032661379127]",family-cluster sensitivity intervals over the constructed families; not a population confidence interval
02-formal-b3,COMMITTEE_PIN_FIXED_ROUTE,7849,loads_per_token,611.8125,0.30817941108412616,471.328125,730.703125,FIXED_ROUTE_COUNTERFACTUAL,TPS_PROJECTION,True,M2,RMSE values differ by less than 5%; prefer loads_per_token,fa7480ceb1c45449eec2bb4557ffaa0f62ef14a8fdfd0c55e274b9a281a9fd0c,9567f49ef2dab913c7446dc85c7849b6665d978c9921eb83198d0c2a5e31b49b,4731949078aa993195cafb1c351e056c0df6e557570a271949e62702a6ba62e3,"[""0927db654db7b106584a5099415733edc65ed505a631836268158dc94d876889""]",76e0c3d578c4dba56e91d15ad643d8740037788a,0.993535949475491,0.0009278253355740362,"[0.9903916411770711,0.9952167227097748]",0.9926559259504573,0.0014058162266313012,"[0.9910573497774843,0.9934032661379127]",family-cluster sensitivity intervals over the constructed families; not a population confidence interval
02-formal-b3,COMMITTEE_PIN_FIXED_ROUTE,9790,loads_per_token,561.578125,0.32427758483383273,471.328125,730.703125,FIXED_ROUTE_COUNTERFACTUAL,TPS_PROJECTION,True,M2,RMSE values differ by less than 5%; prefer loads_per_token,fa7480ceb1c45449eec2bb4557ffaa0f62ef14a8fdfd0c55e274b9a281a9fd0c,9567f49ef2dab913c7446dc85c7849b6665d978c9921eb83198d0c2a5e31b49b,4731949078aa993195cafb1c351e056c0df6e557570a271949e62702a6ba62e3,"[""0927db654db7b106584a5099415733edc65ed505a631836268158dc94d876889""]",76e0c3d578c4dba56e91d15ad643d8740037788a,0.993535949475491,0.0009278253355740362,"[0.9903916411770711,0.9952167227097748]",0.9926559259504573,0.0014058162266313012,"[0.9910573497774843,0.9934032661379127]",family-cluster sensitivity intervals over the constructed families; not a population confidence interval
02-formal-b3,COMMITTEE_PIN_FIXED_ROUTE,11748,loads_per_token,515.609375,0.3390087907970168,471.328125,730.703125,FIXED_ROUTE_COUNTERFACTUAL,TPS_PROJECTION,True,M2,RMSE values differ by less than 5%; prefer loads_per_token,fa7480ceb1c45449eec2bb4557ffaa0f62ef14a8fdfd0c55e274b9a281a9fd0c,9567f49ef2dab913c7446dc85c7849b6665d978c9921eb83198d0c2a5e31b49b,4731949078aa993195cafb1c351e056c0df6e557570a271949e62702a6ba62e3,"[""0927db654db7b106584a5099415733edc65ed505a631836268158dc94d876889""]",76e0c3d578c4dba56e91d15ad643d8740037788a,0.993535949475491,0.0009278253355740362,"[0.9903916411770711,0.9952167227097748]",0.9926559259504573,0.0014058162266313012,"[0.9910573497774843,0.9934032661379127]",family-cluster sensitivity intervals over the constructed families; not a population confidence interval
02-formal-b3,EXACT_LRU,5874,loads_per_token,676.765625,0.28736444738971545,471.328125,730.703125,EXACT_REPLAY,TPS_PROJECTION,True,M2,RMSE values differ by less than 5%; prefer loads_per_token,fa7480ceb1c45449eec2bb4557ffaa0f62ef14a8fdfd0c55e274b9a281a9fd0c,9567f49ef2dab913c7446dc85c7849b6665d978c9921eb83198d0c2a5e31b49b,4731949078aa993195cafb1c351e056c0df6e557570a271949e62702a6ba62e3,"[""18ab89a63b63f6c96a0e0aa4807fcf152aed251b441ab77a8b593bcb35929ba0"",""48e746b49a9d1ccda8fd60a91872eeaf03ac38d83ff900ea16a3c5f5a3811e54""]",76e0c3d578c4dba56e91d15ad643d8740037788a,0.993535949475491,0.0009278253355740362,"[0.9903916411770711,0.9952167227097748]",0.9926559259504573,0.0014058162266313012,"[0.9910573497774843,0.9934032661379127]",family-cluster sensitivity intervals over the constructed families; not a population confidence interval
02-formal-b3,EXACT_LRU,7832,loads_per_token,613.078125,0.3077738272353777,471.328125,730.703125,EXACT_REPLAY,TPS_PROJECTION,True,M2,RMSE values differ by less than 5%; prefer loads_per_token,fa7480ceb1c45449eec2bb4557ffaa0f62ef14a8fdfd0c55e274b9a281a9fd0c,9567f49ef2dab913c7446dc85c7849b6665d978c9921eb83198d0c2a5e31b49b,4731949078aa993195cafb1c351e056c0df6e557570a271949e62702a6ba62e3,"[""18ab89a63b63f6c96a0e0aa4807fcf152aed251b441ab77a8b593bcb35929ba0"",""48e746b49a9d1ccda8fd60a91872eeaf03ac38d83ff900ea16a3c5f5a3811e54""]",76e0c3d578c4dba56e91d15ad643d8740037788a,0.993535949475491,0.0009278253355740362,"[0.9903916411770711,0.9952167227097748]",0.9926559259504573,0.0014058162266313012,"[0.9910573497774843,0.9934032661379127]",family-cluster sensitivity intervals over the constructed families; not a population confidence interval
02-formal-b3,EXACT_LRU,7849,loads_per_token,612.875,0.30783892093949783,471.328125,730.703125,EXACT_REPLAY,TPS_PROJECTION,True,M2,RMSE values differ by less than 5%; prefer loads_per_token,fa7480ceb1c45449eec2bb4557ffaa0f62ef14a8fdfd0c55e274b9a281a9fd0c,9567f49ef2dab913c7446dc85c7849b6665d978c9921eb83198d0c2a5e31b49b,4731949078aa993195cafb1c351e056c0df6e557570a271949e62702a6ba62e3,"[""18ab89a63b63f6c96a0e0aa4807fcf152aed251b441ab77a8b593bcb35929ba0"",""48e746b49a9d1ccda8fd60a91872eeaf03ac38d83ff900ea16a3c5f5a3811e54""]",76e0c3d578c4dba56e91d15ad643d8740037788a,0.993535949475491,0.0009278253355740362,"[0.9903916411770711,0.9952167227097748]",0.9926559259504573,0.0014058162266313012,"[0.9910573497774843,0.9934032661379127]",family-cluster sensitivity intervals over the constructed families; not a population confidence interval
02-formal-b3,EXACT_LRU,9790,loads_per_token,564.96875,0.3231910206958276,471.328125,730.703125,EXACT_REPLAY,TPS_PROJECTION,True,M2,RMSE values differ by less than 5%; prefer loads_per_token,fa7480ceb1c45449eec2bb4557ffaa0f62ef14a8fdfd0c55e274b9a281a9fd0c,9567f49ef2dab913c7446dc85c7849b6665d978c9921eb83198d0c2a5e31b49b,4731949078aa993195cafb1c351e056c0df6e557570a271949e62702a6ba62e3,"[""18ab89a63b63f6c96a0e0aa4807fcf152aed251b441ab77a8b593bcb35929ba0"",""48e746b49a9d1ccda8fd60a91872eeaf03ac38d83ff900ea16a3c5f5a3811e54""]",76e0c3d578c4dba56e91d15ad643d8740037788a,0.993535949475491,0.0009278253355740362,"[0.9903916411770711,0.9952167227097748]",0.9926559259504573,0.0014058162266313012,"[0.9910573497774843,0.9934032661379127]",family-cluster sensitivity intervals over the constructed families; not a population confidence interval
02-formal-b3,EXACT_LRU,11748,loads_per_token,520.546875,0.33742651306609694,471.328125,730.703125,EXACT_REPLAY,TPS_PROJECTION,True,M2,RMSE values differ by less than 5%; prefer loads_per_token,fa7480ceb1c45449eec2bb4557ffaa0f62ef14a8fdfd0c55e274b9a281a9fd0c,9567f49ef2dab913c7446dc85c7849b6665d978c9921eb83198d0c2a5e31b49b,4731949078aa993195cafb1c351e056c0df6e557570a271949e62702a6ba62e3,"[""18ab89a63b63f6c96a0e0aa4807fcf152aed251b441ab77a8b593bcb35929ba0"",""48e746b49a9d1ccda8fd60a91872eeaf03ac38d83ff900ea16a3c5f5a3811e54""]",76e0c3d578c4dba56e91d15ad643d8740037788a,0.993535949475491,0.0009278253355740362,"[0.9903916411770711,0.9952167227097748]",0.9926559259504573,0.0014058162266313012,"[0.9910573497774843,0.9934032661379127]",family-cluster sensitivity intervals over the constructed families; not a population confidence interval
02-formal-b3,S2_P50_FIXED_ROUTE,3916,loads_per_token,685.859375,0.2844502523283378,471.328125,730.703125,FIXED_ROUTE_COUNTERFACTUAL,TPS_PROJECTION,True,M2,RMSE values differ by less than 5%; prefer loads_per_token,fa7480ceb1c45449eec2bb4557ffaa0f62ef14a8fdfd0c55e274b9a281a9fd0c,9567f49ef2dab913c7446dc85c7849b6665d978c9921eb83198d0c2a5e31b49b,4731949078aa993195cafb1c351e056c0df6e557570a271949e62702a6ba62e3,"[""b87d9461ff503e2d13675b08d0362d5675ab8b6a2481e2d19ee46027d0b0ea9d""]",76e0c3d578c4dba56e91d15ad643d8740037788a,0.993535949475491,0.0009278253355740362,"[0.9903916411770711,0.9952167227097748]",0.9926559259504573,0.0014058162266313012,"[0.9910573497774843,0.9934032661379127]",family-cluster sensitivity intervals over the constructed families; not a population confidence interval
02-formal-b3,S2_P50_FIXED_ROUTE,5874,loads_per_token,578.015625,0.31901000200811225,471.328125,730.703125,FIXED_ROUTE_COUNTERFACTUAL,TPS_PROJECTION,True,M2,RMSE values differ by less than 5%; prefer loads_per_token,fa7480ceb1c45449eec2bb4557ffaa0f62ef14a8fdfd0c55e274b9a281a9fd0c,9567f49ef2dab913c7446dc85c7849b6665d978c9921eb83198d0c2a5e31b49b,4731949078aa993195cafb1c351e056c0df6e557570a271949e62702a6ba62e3,"[""b87d9461ff503e2d13675b08d0362d5675ab8b6a2481e2d19ee46027d0b0ea9d""]",76e0c3d578c4dba56e91d15ad643d8740037788a,0.993535949475491,0.0009278253355740362,"[0.9903916411770711,0.9952167227097748]",0.9926559259504573,0.0014058162266313012,"[0.9910573497774843,0.9934032661379127]",family-cluster sensitivity intervals over the constructed families; not a population confidence interval
02-formal-b3,S2_P50_FIXED_ROUTE,7832,loads_per_token,515.765625,0.3389587187169244,471.328125,730.703125,FIXED_ROUTE_COUNTERFACTUAL,TPS_PROJECTION,True,M2,RMSE values differ by less than 5%; prefer loads_per_token,fa7480ceb1c45449eec2bb4557ffaa0f62ef14a8fdfd0c55e274b9a281a9fd0c,9567f49ef2dab913c7446dc85c7849b6665d978c9921eb83198d0c2a5e31b49b,4731949078aa993195cafb1c351e056c0df6e557570a271949e62702a6ba62e3,"[""b87d9461ff503e2d13675b08d0362d5675ab8b6a2481e2d19ee46027d0b0ea9d""]",76e0c3d578c4dba56e91d15ad643d8740037788a,0.993535949475491,0.0009278253355740362,"[0.9903916411770711,0.9952167227097748]",0.9926559259504573,0.0014058162266313012,"[0.9910573497774843,0.9934032661379127]",family-cluster sensitivity intervals over the constructed families; not a population confidence interval
02-formal-b3,S2_P50_FIXED_ROUTE,7849,loads_per_token,515.34375,0.33909391333317385,471.328125,730.703125,FIXED_ROUTE_COUNTERFACTUAL,TPS_PROJECTION,True,M2,RMSE values differ by less than 5%; prefer loads_per_token,fa7480ceb1c45449eec2bb4557ffaa0f62ef14a8fdfd0c55e274b9a281a9fd0c,9567f49ef2dab913c7446dc85c7849b6665d978c9921eb83198d0c2a5e31b49b,4731949078aa993195cafb1c351e056c0df6e557570a271949e62702a6ba62e3,"[""b87d9461ff503e2d13675b08d0362d5675ab8b6a2481e2d19ee46027d0b0ea9d""]",76e0c3d578c4dba56e91d15ad643d8740037788a,0.993535949475491,0.0009278253355740362,"[0.9903916411770711,0.9952167227097748]",0.9926559259504573,0.0014058162266313012,"[0.9910573497774843,0.9934032661379127]",family-cluster sensitivity intervals over the constructed families; not a population confidence interval
02-formal-b8,EXACT_LRU,5874,loads_per_token,697.046875,0.28086509139372196,471.328125,730.703125,EXACT_REPLAY,TPS_PROJECTION,True,M2,RMSE values differ by less than 5%; prefer loads_per_token,fa7480ceb1c45449eec2bb4557ffaa0f62ef14a8fdfd0c55e274b9a281a9fd0c,9567f49ef2dab913c7446dc85c7849b6665d978c9921eb83198d0c2a5e31b49b,4731949078aa993195cafb1c351e056c0df6e557570a271949e62702a6ba62e3,"[""18ab89a63b63f6c96a0e0aa4807fcf152aed251b441ab77a8b593bcb35929ba0"",""9b7bdd806e6013ffa2ce2a19cb29145226c29953a545d110cab39be50de1eafc""]",76e0c3d578c4dba56e91d15ad643d8740037788a,0.993535949475491,0.0009278253355740362,"[0.9903916411770711,0.9952167227097748]",0.9926559259504573,0.0014058162266313012,"[0.9910573497774843,0.9934032661379127]",family-cluster sensitivity intervals over the constructed families; not a population confidence interval
02-formal-b8,EXACT_LRU,7832,loads_per_token,616.09375,0.3068074360895944,471.328125,730.703125,EXACT_REPLAY,TPS_PROJECTION,True,M2,RMSE values differ by less than 5%; prefer loads_per_token,fa7480ceb1c45449eec2bb4557ffaa0f62ef14a8fdfd0c55e274b9a281a9fd0c,9567f49ef2dab913c7446dc85c7849b6665d978c9921eb83198d0c2a5e31b49b,4731949078aa993195cafb1c351e056c0df6e557570a271949e62702a6ba62e3,"[""18ab89a63b63f6c96a0e0aa4807fcf152aed251b441ab77a8b593bcb35929ba0"",""9b7bdd806e6013ffa2ce2a19cb29145226c29953a545d110cab39be50de1eafc""]",76e0c3d578c4dba56e91d15ad643d8740037788a,0.993535949475491,0.0009278253355740362,"[0.9903916411770711,0.9952167227097748]",0.9926559259504573,0.0014058162266313012,"[0.9910573497774843,0.9934032661379127]",family-cluster sensitivity intervals over the constructed families; not a population confidence interval
02-formal-b8,EXACT_LRU,7849,loads_per_token,615.5625,0.30697768116190854,471.328125,730.703125,EXACT_REPLAY,TPS_PROJECTION,True,M2,RMSE values differ by less than 5%; prefer loads_per_token,fa7480ceb1c45449eec2bb4557ffaa0f62ef14a8fdfd0c55e274b9a281a9fd0c,9567f49ef2dab913c7446dc85c7849b6665d978c9921eb83198d0c2a5e31b49b,4731949078aa993195cafb1c351e056c0df6e557570a271949e62702a6ba62e3,"[""18ab89a63b63f6c96a0e0aa4807fcf152aed251b441ab77a8b593bcb35929ba0"",""9b7bdd806e6013ffa2ce2a19cb29145226c29953a545d110cab39be50de1eafc""]",76e0c3d578c4dba56e91d15ad643d8740037788a,0.993535949475491,0.0009278253355740362,"[0.9903916411770711,0.9952167227097748]",0.9926559259504573,0.0014058162266313012,"[0.9910573497774843,0.9934032661379127]",family-cluster sensitivity intervals over the constructed families; not a population confidence interval
02-formal-b8,EXACT_LRU,9790,loads_per_token,545.15625,0.32954016045154394,471.328125,730.703125,EXACT_REPLAY,TPS_PROJECTION,True,M2,RMSE values differ by less than 5%; prefer loads_per_token,fa7480ceb1c45449eec2bb4557ffaa0f62ef14a8fdfd0c55e274b9a281a9fd0c,9567f49ef2dab913c7446dc85c7849b6665d978c9921eb83198d0c2a5e31b49b,4731949078aa993195cafb1c351e056c0df6e557570a271949e62702a6ba62e3,"[""18ab89a63b63f6c96a0e0aa4807fcf152aed251b441ab77a8b593bcb35929ba0"",""9b7bdd806e6013ffa2ce2a19cb29145226c29953a545d110cab39be50de1eafc""]",76e0c3d578c4dba56e91d15ad643d8740037788a,0.993535949475491,0.0009278253355740362,"[0.9903916411770711,0.9952167227097748]",0.9926559259504573,0.0014058162266313012,"[0.9910573497774843,0.9934032661379127]",family-cluster sensitivity intervals over the constructed families; not a population confidence interval
02-formal-b8,EXACT_LRU,11748,loads_per_token,491.84375,0.3466247541790708,471.328125,730.703125,EXACT_REPLAY,TPS_PROJECTION,True,M2,RMSE values differ by less than 5%; prefer loads_per_token,fa7480ceb1c45449eec2bb4557ffaa0f62ef14a8fdfd0c55e274b9a281a9fd0c,9567f49ef2dab913c7446dc85c7849b6665d978c9921eb83198d0c2a5e31b49b,4731949078aa993195cafb1c351e056c0df6e557570a271949e62702a6ba62e3,"[""18ab89a63b63f6c96a0e0aa4807fcf152aed251b441ab77a8b593bcb35929ba0"",""9b7bdd806e6013ffa2ce2a19cb29145226c29953a545d110cab39be50de1eafc""]",76e0c3d578c4dba56e91d15ad643d8740037788a,0.993535949475491,0.0009278253355740362,"[0.9903916411770711,0.9952167227097748]",0.9926559259504573,0.0014058162266313012,"[0.9910573497774843,0.9934032661379127]",family-cluster sensitivity intervals over the constructed families; not a population confidence interval
02-formal-b8,S2_P50_FIXED_ROUTE,3916,loads_per_token,710.140625,0.2766690510819788,471.328125,730.703125,FIXED_ROUTE_COUNTERFACTUAL,TPS_PROJECTION,True,M2,RMSE values differ by less than 5%; prefer loads_per_token,fa7480ceb1c45449eec2bb4557ffaa0f62ef14a8fdfd0c55e274b9a281a9fd0c,9567f49ef2dab913c7446dc85c7849b6665d978c9921eb83198d0c2a5e31b49b,4731949078aa993195cafb1c351e056c0df6e557570a271949e62702a6ba62e3,"[""b87d9461ff503e2d13675b08d0362d5675ab8b6a2481e2d19ee46027d0b0ea9d""]",76e0c3d578c4dba56e91d15ad643d8740037788a,0.993535949475491,0.0009278253355740362,"[0.9903916411770711,0.9952167227097748]",0.9926559259504573,0.0014058162266313012,"[0.9910573497774843,0.9934032661379127]",family-cluster sensitivity intervals over the constructed families; not a population confidence interval
02-formal-b8,S2_P50_FIXED_ROUTE,5874,loads_per_token,593.8125,0.3139477147107706,471.328125,730.703125,FIXED_ROUTE_COUNTERFACTUAL,TPS_PROJECTION,True,M2,RMSE values differ by less than 5%; prefer loads_per_token,fa7480ceb1c45449eec2bb4557ffaa0f62ef14a8fdfd0c55e274b9a281a9fd0c,9567f49ef2dab913c7446dc85c7849b6665d978c9921eb83198d0c2a5e31b49b,4731949078aa993195cafb1c351e056c0df6e557570a271949e62702a6ba62e3,"[""b87d9461ff503e2d13675b08d0362d5675ab8b6a2481e2d19ee46027d0b0ea9d""]",76e0c3d578c4dba56e91d15ad643d8740037788a,0.993535949475491,0.0009278253355740362,"[0.9903916411770711,0.9952167227097748]",0.9926559259504573,0.0014058162266313012,"[0.9910573497774843,0.9934032661379127]",family-cluster sensitivity intervals over the constructed families; not a population confidence interval
02-formal-b8,S2_P50_FIXED_ROUTE,7832,loads_per_token,509.96875,0.3408163928883524,471.328125,730.703125,FIXED_ROUTE_COUNTERFACTUAL,TPS_PROJECTION,True,M2,RMSE values differ by less than 5%; prefer loads_per_token,fa7480ceb1c45449eec2bb4557ffaa0f62ef14a8fdfd0c55e274b9a281a9fd0c,9567f49ef2dab913c7446dc85c7849b6665d978c9921eb83198d0c2a5e31b49b,4731949078aa993195cafb1c351e056c0df6e557570a271949e62702a6ba62e3,"[""b87d9461ff503e2d13675b08d0362d5675ab8b6a2481e2d19ee46027d0b0ea9d""]",76e0c3d578c4dba56e91d15ad643d8740037788a,0.993535949475491,0.0009278253355740362,"[0.9903916411770711,0.9952167227097748]",0.9926559259504573,0.0014058162266313012,"[0.9910573497774843,0.9934032661379127]",family-cluster sensitivity intervals over the constructed families; not a population confidence interval
02-formal-b8,S2_P50_FIXED_ROUTE,7849,loads_per_token,509.546875,0.34095158750460186,471.328125,730.703125,FIXED_ROUTE_COUNTERFACTUAL,TPS_PROJECTION,True,M2,RMSE values differ by less than 5%; prefer loads_per_token,fa7480ceb1c45449eec2bb4557ffaa0f62ef14a8fdfd0c55e274b9a281a9fd0c,9567f49ef2dab913c7446dc85c7849b6665d978c9921eb83198d0c2a5e31b49b,4731949078aa993195cafb1c351e056c0df6e557570a271949e62702a6ba62e3,"[""b87d9461ff503e2d13675b08d0362d5675ab8b6a2481e2d19ee46027d0b0ea9d""]",76e0c3d578c4dba56e91d15ad643d8740037788a,0.993535949475491,0.0009278253355740362,"[0.9903916411770711,0.9952167227097748]",0.9926559259504573,0.0014058162266313012,"[0.9910573497774843,0.9934032661379127]",family-cluster sensitivity intervals over the constructed families; not a population confidence interval
03-science-b1,EXACT_LRU,5874,loads_per_token,655.109375,0.2943044376905221,471.328125,730.703125,EXACT_REPLAY,TPS_PROJECTION,True,M2,RMSE values differ by less than 5%; prefer loads_per_token,fa7480ceb1c45449eec2bb4557ffaa0f62ef14a8fdfd0c55e274b9a281a9fd0c,9567f49ef2dab913c7446dc85c7849b6665d978c9921eb83198d0c2a5e31b49b,4731949078aa993195cafb1c351e056c0df6e557570a271949e62702a6ba62e3,"[""18ab89a63b63f6c96a0e0aa4807fcf152aed251b441ab77a8b593bcb35929ba0"",""90964851b35daac6a17715d0c0c6e742ddd80cd020165d78f24ed0499b070fd9""]",76e0c3d578c4dba56e91d15ad643d8740037788a,0.993535949475491,0.0009278253355740362,"[0.9903916411770711,0.9952167227097748]",0.9926559259504573,0.0014058162266313012,"[0.9910573497774843,0.9934032661379127]",family-cluster sensitivity intervals over the constructed families; not a population confidence interval
03-science-b1,EXACT_LRU,7832,loads_per_token,587.90625,0.31584043933826333,471.328125,730.703125,EXACT_REPLAY,TPS_PROJECTION,True,M2,RMSE values differ by less than 5%; prefer loads_per_token,fa7480ceb1c45449eec2bb4557ffaa0f62ef14a8fdfd0c55e274b9a281a9fd0c,9567f49ef2dab913c7446dc85c7849b6665d978c9921eb83198d0c2a5e31b49b,4731949078aa993195cafb1c351e056c0df6e557570a271949e62702a6ba62e3,"[""18ab89a63b63f6c96a0e0aa4807fcf152aed251b441ab77a8b593bcb35929ba0"",""90964851b35daac6a17715d0c0c6e742ddd80cd020165d78f24ed0499b070fd9""]",76e0c3d578c4dba56e91d15ad643d8740037788a,0.993535949475491,0.0009278253355740362,"[0.9903916411770711,0.9952167227097748]",0.9926559259504573,0.0014058162266313012,"[0.9910573497774843,0.9934032661379127]",family-cluster sensitivity intervals over the constructed families; not a population confidence interval
03-science-b1,EXACT_LRU,7849,loads_per_token,587.390625,0.3160056772025682,471.328125,730.703125,EXACT_REPLAY,TPS_PROJECTION,True,M2,RMSE values differ by less than 5%; prefer loads_per_token,fa7480ceb1c45449eec2bb4557ffaa0f62ef14a8fdfd0c55e274b9a281a9fd0c,9567f49ef2dab913c7446dc85c7849b6665d978c9921eb83198d0c2a5e31b49b,4731949078aa993195cafb1c351e056c0df6e557570a271949e62702a6ba62e3,"[""18ab89a63b63f6c96a0e0aa4807fcf152aed251b441ab77a8b593bcb35929ba0"",""90964851b35daac6a17715d0c0c6e742ddd80cd020165d78f24ed0499b070fd9""]",76e0c3d578c4dba56e91d15ad643d8740037788a,0.993535949475491,0.0009278253355740362,"[0.9903916411770711,0.9952167227097748]",0.9926559259504573,0.0014058162266313012,"[0.9910573497774843,0.9934032661379127]",family-cluster sensitivity intervals over the constructed families; not a population confidence interval
03-science-b1,EXACT_LRU,9790,loads_per_token,548.15625,0.3285787765137699,471.328125,730.703125,EXACT_REPLAY,TPS_PROJECTION,True,M2,RMSE values differ by less than 5%; prefer loads_per_token,fa7480ceb1c45449eec2bb4557ffaa0f62ef14a8fdfd0c55e274b9a281a9fd0c,9567f49ef2dab913c7446dc85c7849b6665d978c9921eb83198d0c2a5e31b49b,4731949078aa993195cafb1c351e056c0df6e557570a271949e62702a6ba62e3,"[""18ab89a63b63f6c96a0e0aa4807fcf152aed251b441ab77a8b593bcb35929ba0"",""90964851b35daac6a17715d0c0c6e742ddd80cd020165d78f24ed0499b070fd9""]",76e0c3d578c4dba56e91d15ad643d8740037788a,0.993535949475491,0.0009278253355740362,"[0.9903916411770711,0.9952167227097748]",0.9926559259504573,0.0014058162266313012,"[0.9910573497774843,0.9934032661379127]",family-cluster sensitivity intervals over the constructed families; not a population confidence interval
03-science-b1,EXACT_LRU,11748,loads_per_token,510.578125,0.3406211117759921,471.328125,730.703125,EXACT_REPLAY,TPS_PROJECTION,True,M2,RMSE values differ by less than 5%; prefer loads_per_token,fa7480ceb1c45449eec2bb4557ffaa0f62ef14a8fdfd0c55e274b9a281a9fd0c,9567f49ef2dab913c7446dc85c7849b6665d978c9921eb83198d0c2a5e31b49b,4731949078aa993195cafb1c351e056c0df6e557570a271949e62702a6ba62e3,"[""18ab89a63b63f6c96a0e0aa4807fcf152aed251b441ab77a8b593bcb35929ba0"",""90964851b35daac6a17715d0c0c6e742ddd80cd020165d78f24ed0499b070fd9""]",76e0c3d578c4dba56e91d15ad643d8740037788a,0.993535949475491,0.0009278253355740362,"[0.9903916411770711,0.9952167227097748]",0.9926559259504573,0.0014058162266313012,"[0.9910573497774843,0.9934032661379127]",family-cluster sensitivity intervals over the constructed families; not a population confidence interval
03-science-b1,S2_P50_FIXED_ROUTE,3916,loads_per_token,654.265625,0.29457482692302106,471.328125,730.703125,FIXED_ROUTE_COUNTERFACTUAL,TPS_PROJECTION,True,M2,RMSE values differ by less than 5%; prefer loads_per_token,fa7480ceb1c45449eec2bb4557ffaa0f62ef14a8fdfd0c55e274b9a281a9fd0c,9567f49ef2dab913c7446dc85c7849b6665d978c9921eb83198d0c2a5e31b49b,4731949078aa993195cafb1c351e056c0df6e557570a271949e62702a6ba62e3,"[""b87d9461ff503e2d13675b08d0362d5675ab8b6a2481e2d19ee46027d0b0ea9d""]",76e0c3d578c4dba56e91d15ad643d8740037788a,0.993535949475491,0.0009278253355740362,"[0.9903916411770711,0.9952167227097748]",0.9926559259504573,0.0014058162266313012,"[0.9910573497774843,0.9934032661379127]",family-cluster sensitivity intervals over the constructed families; not a population confidence interval
03-science-b1,S2_P50_FIXED_ROUTE,5874,loads_per_token,551.40625,0.327537277247848,471.328125,730.703125,FIXED_ROUTE_COUNTERFACTUAL,TPS_PROJECTION,True,M2,RMSE values differ by less than 5%; prefer loads_per_token,fa7480ceb1c45449eec2bb4557ffaa0f62ef14a8fdfd0c55e274b9a281a9fd0c,9567f49ef2dab913c7446dc85c7849b6665d978c9921eb83198d0c2a5e31b49b,4731949078aa993195cafb1c351e056c0df6e557570a271949e62702a6ba62e3,"[""b87d9461ff503e2d13675b08d0362d5675ab8b6a2481e2d19ee46027d0b0ea9d""]",76e0c3d578c4dba56e91d15ad643d8740037788a,0.993535949475491,0.0009278253355740362,"[0.9903916411770711,0.9952167227097748]",0.9926559259504573,0.0014058162266313012,"[0.9910573497774843,0.9934032661379127]",family-cluster sensitivity intervals over the constructed families; not a population confidence interval
03-science-b1,S2_P50_FIXED_ROUTE,7832,loads_per_token,497.75,0.3447320295515781,471.328125,730.703125,FIXED_ROUTE_COUNTERFACTUAL,TPS_PROJECTION,True,M2,RMSE values differ by less than 5%; prefer loads_per_token,fa7480ceb1c45449eec2bb4557ffaa0f62ef14a8fdfd0c55e274b9a281a9fd0c,9567f49ef2dab913c7446dc85c7849b6665d978c9921eb83198d0c2a5e31b49b,4731949078aa993195cafb1c351e056c0df6e557570a271949e62702a6ba62e3,"[""b87d9461ff503e2d13675b08d0362d5675ab8b6a2481e2d19ee46027d0b0ea9d""]",76e0c3d578c4dba56e91d15ad643d8740037788a,0.993535949475491,0.0009278253355740362,"[0.9903916411770711,0.9952167227097748]",0.9926559259504573,0.0014058162266313012,"[0.9910573497774843,0.9934032661379127]",family-cluster sensitivity intervals over the constructed families; not a population confidence interval
03-science-b1,S2_P50_FIXED_ROUTE,7849,loads_per_token,497.390625,0.3448471953357906,471.328125,730.703125,FIXED_ROUTE_COUNTERFACTUAL,TPS_PROJECTION,True,M2,RMSE values differ by less than 5%; prefer loads_per_token,fa7480ceb1c45449eec2bb4557ffaa0f62ef14a8fdfd0c55e274b9a281a9fd0c,9567f49ef2dab913c7446dc85c7849b6665d978c9921eb83198d0c2a5e31b49b,4731949078aa993195cafb1c351e056c0df6e557570a271949e62702a6ba62e3,"[""b87d9461ff503e2d13675b08d0362d5675ab8b6a2481e2d19ee46027d0b0ea9d""]",76e0c3d578c4dba56e91d15ad643d8740037788a,0.993535949475491,0.0009278253355740362,"[0.9903916411770711,0.9952167227097748]",0.9926559259504573,0.0014058162266313012,"[0.9910573497774843,0.9934032661379127]",family-cluster sensitivity intervals over the constructed families; not a population confidence interval
03-science-b3,COMMITTEE_PIN_FIXED_ROUTE,23497,loads_per_token,497.578125,0.3447871088396797,471.328125,730.703125,FIXED_ROUTE_COUNTERFACTUAL,TPS_PROJECTION,True,M2,RMSE values differ by less than 5%; prefer loads_per_token,fa7480ceb1c45449eec2bb4557ffaa0f62ef14a8fdfd0c55e274b9a281a9fd0c,9567f49ef2dab913c7446dc85c7849b6665d978c9921eb83198d0c2a5e31b49b,4731949078aa993195cafb1c351e056c0df6e557570a271949e62702a6ba62e3,"[""0927db654db7b106584a5099415733edc65ed505a631836268158dc94d876889""]",76e0c3d578c4dba56e91d15ad643d8740037788a,0.993535949475491,0.0009278253355740362,"[0.9903916411770711,0.9952167227097748]",0.9926559259504573,0.0014058162266313012,"[0.9910573497774843,0.9934032661379127]",family-cluster sensitivity intervals over the constructed families; not a population confidence interval
03-science-b3,COMMITTEE_PIN_FIXED_ROUTE,9790,loads_per_token,650.953125,0.29563635502097996,471.328125,730.703125,FIXED_ROUTE_COUNTERFACTUAL,TPS_PROJECTION,True,M2,RMSE values differ by less than 5%; prefer loads_per_token,fa7480ceb1c45449eec2bb4557ffaa0f62ef14a8fdfd0c55e274b9a281a9fd0c,9567f49ef2dab913c7446dc85c7849b6665d978c9921eb83198d0c2a5e31b49b,4731949078aa993195cafb1c351e056c0df6e557570a271949e62702a6ba62e3,"[""0927db654db7b106584a5099415733edc65ed505a631836268158dc94d876889""]",76e0c3d578c4dba56e91d15ad643d8740037788a,0.993535949475491,0.0009278253355740362,"[0.9903916411770711,0.9952167227097748]",0.9926559259504573,0.0014058162266313012,"[0.9910573497774843,0.9934032661379127]",family-cluster sensitivity intervals over the constructed families; not a population confidence interval
03-science-b3,COMMITTEE_PIN_FIXED_ROUTE,11748,loads_per_token,548.96875,0.32831840169728943,471.328125,730.703125,FIXED_ROUTE_COUNTERFACTUAL,TPS_PROJECTION,True,M2,RMSE values differ by less than 5%; prefer loads_per_token,fa7480ceb1c45449eec2bb4557ffaa0f62ef14a8fdfd0c55e274b9a281a9fd0c,9567f49ef2dab913c7446dc85c7849b6665d978c9921eb83198d0c2a5e31b49b,4731949078aa993195cafb1c351e056c0df6e557570a271949e62702a6ba62e3,"[""0927db654db7b106584a5099415733edc65ed505a631836268158dc94d876889""]",76e0c3d578c4dba56e91d15ad643d8740037788a,0.993535949475491,0.0009278253355740362,"[0.9903916411770711,0.9952167227097748]",0.9926559259504573,0.0014058162266313012,"[0.9910573497774843,0.9934032661379127]",family-cluster sensitivity intervals over the constructed families; not a population confidence interval
03-science-b3,COMMITTEE_PIN_FIXED_ROUTE,9790,loads_per_token,650.953125,0.29563635502097996,471.328125,730.703125,FIXED_ROUTE_COUNTERFACTUAL,TPS_PROJECTION,True,M2,RMSE values differ by less than 5%; prefer loads_per_token,fa7480ceb1c45449eec2bb4557ffaa0f62ef14a8fdfd0c55e274b9a281a9fd0c,9567f49ef2dab913c7446dc85c7849b6665d978c9921eb83198d0c2a5e31b49b,4731949078aa993195cafb1c351e056c0df6e557570a271949e62702a6ba62e3,"[""0927db654db7b106584a5099415733edc65ed505a631836268158dc94d876889""]",76e0c3d578c4dba56e91d15ad643d8740037788a,0.993535949475491,0.0009278253355740362,"[0.9903916411770711,0.9952167227097748]",0.9926559259504573,0.0014058162266313012,"[0.9910573497774843,0.9934032661379127]",family-cluster sensitivity intervals over the constructed families; not a population confidence interval
03-science-b3,COMMITTEE_PIN_FIXED_ROUTE,11748,loads_per_token,548.96875,0.32831840169728943,471.328125,730.703125,FIXED_ROUTE_COUNTERFACTUAL,TPS_PROJECTION,True,M2,RMSE values differ by less than 5%; prefer loads_per_token,fa7480ceb1c45449eec2bb4557ffaa0f62ef14a8fdfd0c55e274b9a281a9fd0c,9567f49ef2dab913c7446dc85c7849b6665d978c9921eb83198d0c2a5e31b49b,4731949078aa993195cafb1c351e056c0df6e557570a271949e62702a6ba62e3,"[""0927db654db7b106584a5099415733edc65ed505a631836268158dc94d876889""]",76e0c3d578c4dba56e91d15ad643d8740037788a,0.993535949475491,0.0009278253355740362,"[0.9903916411770711,0.9952167227097748]",0.9926559259504573,0.0014058162266313012,"[0.9910573497774843,0.9934032661379127]",family-cluster sensitivity intervals over the constructed families; not a population confidence interval
03-science-b3,COMMITTEE_PIN_FIXED_ROUTE,7832,loads_per_token,648.828125,0.29631733531023663,471.328125,730.703125,FIXED_ROUTE_COUNTERFACTUAL,TPS_PROJECTION,True,M2,RMSE values differ by less than 5%; prefer loads_per_token,fa7480ceb1c45449eec2bb4557ffaa0f62ef14a8fdfd0c55e274b9a281a9fd0c,9567f49ef2dab913c7446dc85c7849b6665d978c9921eb83198d0c2a5e31b49b,4731949078aa993195cafb1c351e056c0df6e557570a271949e62702a6ba62e3,"[""0927db654db7b106584a5099415733edc65ed505a631836268158dc94d876889""]",76e0c3d578c4dba56e91d15ad643d8740037788a,0.993535949475491,0.0009278253355740362,"[0.9903916411770711,0.9952167227097748]",0.9926559259504573,0.0014058162266313012,"[0.9910573497774843,0.9934032661379127]",family-cluster sensitivity intervals over the constructed families; not a population confidence interval
03-science-b3,COMMITTEE_PIN_FIXED_ROUTE,7849,loads_per_token,648.484375,0.29642749388643985,471.328125,730.703125,FIXED_ROUTE_COUNTERFACTUAL,TPS_PROJECTION,True,M2,RMSE values differ by less than 5%; prefer loads_per_token,fa7480ceb1c45449eec2bb4557ffaa0f62ef14a8fdfd0c55e274b9a281a9fd0c,9567f49ef2dab913c7446dc85c7849b6665d978c9921eb83198d0c2a5e31b49b,4731949078aa993195cafb1c351e056c0df6e557570a271949e62702a6ba62e3,"[""0927db654db7b106584a5099415733edc65ed505a631836268158dc94d876889""]",76e0c3d578c4dba56e91d15ad643d8740037788a,0.993535949475491,0.0009278253355740362,"[0.9903916411770711,0.9952167227097748]",0.9926559259504573,0.0014058162266313012,"[0.9910573497774843,0.9934032661379127]",family-cluster sensitivity intervals over the constructed families; not a population confidence interval
03-science-b3,COMMITTEE_PIN_FIXED_ROUTE,9790,loads_per_token,584.203125,0.31702714763645323,471.328125,730.703125,FIXED_ROUTE_COUNTERFACTUAL,TPS_PROJECTION,True,M2,RMSE values differ by less than 5%; prefer loads_per_token,fa7480ceb1c45449eec2bb4557ffaa0f62ef14a8fdfd0c55e274b9a281a9fd0c,9567f49ef2dab913c7446dc85c7849b6665d978c9921eb83198d0c2a5e31b49b,4731949078aa993195cafb1c351e056c0df6e557570a271949e62702a6ba62e3,"[""0927db654db7b106584a5099415733edc65ed505a631836268158dc94d876889""]",76e0c3d578c4dba56e91d15ad643d8740037788a,0.993535949475491,0.0009278253355740362,"[0.9903916411770711,0.9952167227097748]",0.9926559259504573,0.0014058162266313012,"[0.9910573497774843,0.9934032661379127]",family-cluster sensitivity intervals over the constructed families; not a population confidence interval
03-science-b3,COMMITTEE_PIN_FIXED_ROUTE,11748,loads_per_token,518.0625,0.33822265913956606,471.328125,730.703125,FIXED_ROUTE_COUNTERFACTUAL,TPS_PROJECTION,True,M2,RMSE values differ by less than 5%; prefer loads_per_token,fa7480ceb1c45449eec2bb4557ffaa0f62ef14a8fdfd0c55e274b9a281a9fd0c,9567f49ef2dab913c7446dc85c7849b6665d978c9921eb83198d0c2a5e31b49b,4731949078aa993195cafb1c351e056c0df6e557570a271949e62702a6ba62e3,"[""0927db654db7b106584a5099415733edc65ed505a631836268158dc94d876889""]",76e0c3d578c4dba56e91d15ad643d8740037788a,0.993535949475491,0.0009278253355740362,"[0.9903916411770711,0.9952167227097748]",0.9926559259504573,0.0014058162266313012,"[0.9910573497774843,0.9934032661379127]",family-cluster sensitivity intervals over the constructed families; not a population confidence interval
03-science-b3,COMMITTEE_PIN_FIXED_ROUTE,5874,loads_per_token,722.921875,0.27257315493042056,471.328125,730.703125,FIXED_ROUTE_COUNTERFACTUAL,TPS_PROJECTION,True,M2,RMSE values differ by less than 5%; prefer loads_per_token,fa7480ceb1c45449eec2bb4557ffaa0f62ef14a8fdfd0c55e274b9a281a9fd0c,9567f49ef2dab913c7446dc85c7849b6665d978c9921eb83198d0c2a5e31b49b,4731949078aa993195cafb1c351e056c0df6e557570a271949e62702a6ba62e3,"[""0927db654db7b106584a5099415733edc65ed505a631836268158dc94d876889""]",76e0c3d578c4dba56e91d15ad643d8740037788a,0.993535949475491,0.0009278253355740362,"[0.9903916411770711,0.9952167227097748]",0.9926559259504573,0.0014058162266313012,"[0.9910573497774843,0.9934032661379127]",family-cluster sensitivity intervals over the constructed families; not a population confidence interval
03-science-b3,COMMITTEE_PIN_FIXED_ROUTE,7832,loads_per_token,647.75,0.2966628326628742,471.328125,730.703125,FIXED_ROUTE_COUNTERFACTUAL,TPS_PROJECTION,True,M2,RMSE values differ by less than 5%; prefer loads_per_token,fa7480ceb1c45449eec2bb4557ffaa0f62ef14a8fdfd0c55e274b9a281a9fd0c,9567f49ef2dab913c7446dc85c7849b6665d978c9921eb83198d0c2a5e31b49b,4731949078aa993195cafb1c351e056c0df6e557570a271949e62702a6ba62e3,"[""0927db654db7b106584a5099415733edc65ed505a631836268158dc94d876889""]",76e0c3d578c4dba56e91d15ad643d8740037788a,0.993535949475491,0.0009278253355740362,"[0.9903916411770711,0.9952167227097748]",0.9926559259504573,0.0014058162266313012,"[0.9910573497774843,0.9934032661379127]",family-cluster sensitivity intervals over the constructed families; not a population confidence interval
03-science-b3,COMMITTEE_PIN_FIXED_ROUTE,7849,loads_per_token,646.984375,0.2969081858553269,471.328125,730.703125,FIXED_ROUTE_COUNTERFACTUAL,TPS_PROJECTION,True,M2,RMSE values differ by less than 5%; prefer loads_per_token,fa7480ceb1c45449eec2bb4557ffaa0f62ef14a8fdfd0c55e274b9a281a9fd0c,9567f49ef2dab913c7446dc85c7849b6665d978c9921eb83198d0c2a5e31b49b,4731949078aa993195cafb1c351e056c0df6e557570a271949e62702a6ba62e3,"[""0927db654db7b106584a5099415733edc65ed505a631836268158dc94d876889""]",76e0c3d578c4dba56e91d15ad643d8740037788a,0.993535949475491,0.0009278253355740362,"[0.9903916411770711,0.9952167227097748]",0.9926559259504573,0.0014058162266313012,"[0.9910573497774843,0.9934032661379127]",family-cluster sensitivity intervals over the constructed families; not a population confidence interval
03-science-b3,COMMITTEE_PIN_FIXED_ROUTE,9790,loads_per_token,576.234375,0.3195808237211656,471.328125,730.703125,FIXED_ROUTE_COUNTERFACTUAL,TPS_PROJECTION,True,M2,RMSE values differ by less than 5%; prefer loads_per_token,fa7480ceb1c45449eec2bb4557ffaa0f62ef14a8fdfd0c55e274b9a281a9fd0c,9567f49ef2dab913c7446dc85c7849b6665d978c9921eb83198d0c2a5e31b49b,4731949078aa993195cafb1c351e056c0df6e557570a271949e62702a6ba62e3,"[""0927db654db7b106584a5099415733edc65ed505a631836268158dc94d876889""]",76e0c3d578c4dba56e91d15ad643d8740037788a,0.993535949475491,0.0009278253355740362,"[0.9903916411770711,0.9952167227097748]",0.9926559259504573,0.0014058162266313012,"[0.9910573497774843,0.9934032661379127]",family-cluster sensitivity intervals over the constructed families; not a population confidence interval
03-science-b3,COMMITTEE_PIN_FIXED_ROUTE,11748,loads_per_token,521.953125,0.33697586434526533,471.328125,730.703125,FIXED_ROUTE_COUNTERFACTUAL,TPS_PROJECTION,True,M2,RMSE values differ by less than 5%; prefer loads_per_token,fa7480ceb1c45449eec2bb4557ffaa0f62ef14a8fdfd0c55e274b9a281a9fd0c,9567f49ef2dab913c7446dc85c7849b6665d978c9921eb83198d0c2a5e31b49b,4731949078aa993195cafb1c351e056c0df6e557570a271949e62702a6ba62e3,"[""0927db654db7b106584a5099415733edc65ed505a631836268158dc94d876889""]",76e0c3d578c4dba56e91d15ad643d8740037788a,0.993535949475491,0.0009278253355740362,"[0.9903916411770711,0.9952167227097748]",0.9926559259504573,0.0014058162266313012,"[0.9910573497774843,0.9934032661379127]",family-cluster sensitivity intervals over the constructed families; not a population confidence interval
03-science-b3,EXACT_LRU,5874,loads_per_token,723.515625,0.27238288102606945,471.328125,730.703125,EXACT_REPLAY,TPS_PROJECTION,True,M2,RMSE values differ by less than 5%; prefer loads_per_token,fa7480ceb1c45449eec2bb4557ffaa0f62ef14a8fdfd0c55e274b9a281a9fd0c,9567f49ef2dab913c7446dc85c7849b6665d978c9921eb83198d0c2a5e31b49b,4731949078aa993195cafb1c351e056c0df6e557570a271949e62702a6ba62e3,"[""18ab89a63b63f6c96a0e0aa4807fcf152aed251b441ab77a8b593bcb35929ba0"",""c408fe912169f7284b08671bd5abb720203542c1404a2437a37d598c0b42efc5""]",76e0c3d578c4dba56e91d15ad643d8740037788a,0.993535949475491,0.0009278253355740362,"[0.9903916411770711,0.9952167227097748]",0.9926559259504573,0.0014058162266313012,"[0.9910573497774843,0.9934032661379127]",family-cluster sensitivity intervals over the constructed families; not a population confidence interval
03-science-b3,EXACT_LRU,7832,loads_per_token,645.953125,0.29723866158393675,471.328125,730.703125,EXACT_REPLAY,TPS_PROJECTION,True,M2,RMSE values differ by less than 5%; prefer loads_per_token,fa7480ceb1c45449eec2bb4557ffaa0f62ef14a8fdfd0c55e274b9a281a9fd0c,9567f49ef2dab913c7446dc85c7849b6665d978c9921eb83198d0c2a5e31b49b,4731949078aa993195cafb1c351e056c0df6e557570a271949e62702a6ba62e3,"[""18ab89a63b63f6c96a0e0aa4807fcf152aed251b441ab77a8b593bcb35929ba0"",""c408fe912169f7284b08671bd5abb720203542c1404a2437a37d598c0b42efc5""]",76e0c3d578c4dba56e91d15ad643d8740037788a,0.993535949475491,0.0009278253355740362,"[0.9903916411770711,0.9952167227097748]",0.9926559259504573,0.0014058162266313012,"[0.9910573497774843,0.9934032661379127]",family-cluster sensitivity intervals over the constructed families; not a population confidence interval
03-science-b3,EXACT_LRU,7849,loads_per_token,645.234375,0.29746899315236175,471.328125,730.703125,EXACT_REPLAY,TPS_PROJECTION,True,M2,RMSE values differ by less than 5%; prefer loads_per_token,fa7480ceb1c45449eec2bb4557ffaa0f62ef14a8fdfd0c55e274b9a281a9fd0c,9567f49ef2dab913c7446dc85c7849b6665d978c9921eb83198d0c2a5e31b49b,4731949078aa993195cafb1c351e056c0df6e557570a271949e62702a6ba62e3,"[""18ab89a63b63f6c96a0e0aa4807fcf152aed251b441ab77a8b593bcb35929ba0"",""c408fe912169f7284b08671bd5abb720203542c1404a2437a37d598c0b42efc5""]",76e0c3d578c4dba56e91d15ad643d8740037788a,0.993535949475491,0.0009278253355740362,"[0.9903916411770711,0.9952167227097748]",0.9926559259504573,0.0014058162266313012,"[0.9910573497774843,0.9934032661379127]",family-cluster sensitivity intervals over the constructed families; not a population confidence interval
03-science-b3,EXACT_LRU,9790,loads_per_token,574.890625,0.32001144360996026,471.328125,730.703125,EXACT_REPLAY,TPS_PROJECTION,True,M2,RMSE values differ by less than 5%; prefer loads_per_token,fa7480ceb1c45449eec2bb4557ffaa0f62ef14a8fdfd0c55e274b9a281a9fd0c,9567f49ef2dab913c7446dc85c7849b6665d978c9921eb83198d0c2a5e31b49b,4731949078aa993195cafb1c351e056c0df6e557570a271949e62702a6ba62e3,"[""18ab89a63b63f6c96a0e0aa4807fcf152aed251b441ab77a8b593bcb35929ba0"",""c408fe912169f7284b08671bd5abb720203542c1404a2437a37d598c0b42efc5""]",76e0c3d578c4dba56e91d15ad643d8740037788a,0.993535949475491,0.0009278253355740362,"[0.9903916411770711,0.9952167227097748]",0.9926559259504573,0.0014058162266313012,"[0.9910573497774843,0.9934032661379127]",family-cluster sensitivity intervals over the constructed families; not a population confidence interval
03-science-b3,EXACT_LRU,11748,loads_per_token,528.203125,0.33497298114156937,471.328125,730.703125,EXACT_REPLAY,TPS_PROJECTION,True,M2,RMSE values differ by less than 5%; prefer loads_per_token,fa7480ceb1c45449eec2bb4557ffaa0f62ef14a8fdfd0c55e274b9a281a9fd0c,9567f49ef2dab913c7446dc85c7849b6665d978c9921eb83198d0c2a5e31b49b,4731949078aa993195cafb1c351e056c0df6e557570a271949e62702a6ba62e3,"[""18ab89a63b63f6c96a0e0aa4807fcf152aed251b441ab77a8b593bcb35929ba0"",""c408fe912169f7284b08671bd5abb720203542c1404a2437a37d598c0b42efc5""]",76e0c3d578c4dba56e91d15ad643d8740037788a,0.993535949475491,0.0009278253355740362,"[0.9903916411770711,0.9952167227097748]",0.9926559259504573,0.0014058162266313012,"[0.9910573497774843,0.9934032661379127]",family-cluster sensitivity intervals over the constructed families; not a population confidence interval
03-science-b3,S2_P50_FIXED_ROUTE,5874,loads_per_token,624.09375,0.30424374558886347,471.328125,730.703125,FIXED_ROUTE_COUNTERFACTUAL,TPS_PROJECTION,True,M2,RMSE values differ by less than 5%; prefer loads_per_token,fa7480ceb1c45449eec2bb4557ffaa0f62ef14a8fdfd0c55e274b9a281a9fd0c,9567f49ef2dab913c7446dc85c7849b6665d978c9921eb83198d0c2a5e31b49b,4731949078aa993195cafb1c351e056c0df6e557570a271949e62702a6ba62e3,"[""b87d9461ff503e2d13675b08d0362d5675ab8b6a2481e2d19ee46027d0b0ea9d""]",76e0c3d578c4dba56e91d15ad643d8740037788a,0.993535949475491,0.0009278253355740362,"[0.9903916411770711,0.9952167227097748]",0.9926559259504573,0.0014058162266313012,"[0.9910573497774843,0.9934032661379127]",family-cluster sensitivity intervals over the constructed families; not a population confidence interval
03-science-b3,S2_P50_FIXED_ROUTE,7832,loads_per_token,538.65625,0.3316231589833878,471.328125,730.703125,FIXED_ROUTE_COUNTERFACTUAL,TPS_PROJECTION,True,M2,RMSE values differ by less than 5%; prefer loads_per_token,fa7480ceb1c45449eec2bb4557ffaa0f62ef14a8fdfd0c55e274b9a281a9fd0c,9567f49ef2dab913c7446dc85c7849b6665d978c9921eb83198d0c2a5e31b49b,4731949078aa993195cafb1c351e056c0df6e557570a271949e62702a6ba62e3,"[""b87d9461ff503e2d13675b08d0362d5675ab8b6a2481e2d19ee46027d0b0ea9d""]",76e0c3d578c4dba56e91d15ad643d8740037788a,0.993535949475491,0.0009278253355740362,"[0.9903916411770711,0.9952167227097748]",0.9926559259504573,0.0014058162266313012,"[0.9910573497774843,0.9934032661379127]",family-cluster sensitivity intervals over the constructed families; not a population confidence interval
03-science-b3,S2_P50_FIXED_ROUTE,7849,loads_per_token,537.671875,0.3319386130879699,471.328125,730.703125,FIXED_ROUTE_COUNTERFACTUAL,TPS_PROJECTION,True,M2,RMSE values differ by less than 5%; prefer loads_per_token,fa7480ceb1c45449eec2bb4557ffaa0f62ef14a8fdfd0c55e274b9a281a9fd0c,9567f49ef2dab913c7446dc85c7849b6665d978c9921eb83198d0c2a5e31b49b,4731949078aa993195cafb1c351e056c0df6e557570a271949e62702a6ba62e3,"[""b87d9461ff503e2d13675b08d0362d5675ab8b6a2481e2d19ee46027d0b0ea9d""]",76e0c3d578c4dba56e91d15ad643d8740037788a,0.993535949475491,0.0009278253355740362,"[0.9903916411770711,0.9952167227097748]",0.9926559259504573,0.0014058162266313012,"[0.9910573497774843,0.9934032661379127]",family-cluster sensitivity intervals over the constructed families; not a population confidence interval
03-science-b3,S2_P50_FIXED_ROUTE,9790,loads_per_token,473.625,0.3524631587178446,471.328125,730.703125,FIXED_ROUTE_COUNTERFACTUAL,TPS_PROJECTION,True,M2,RMSE values differ by less than 5%; prefer loads_per_token,fa7480ceb1c45449eec2bb4557ffaa0f62ef14a8fdfd0c55e274b9a281a9fd0c,9567f49ef2dab913c7446dc85c7849b6665d978c9921eb83198d0c2a5e31b49b,4731949078aa993195cafb1c351e056c0df6e557570a271949e62702a6ba62e3,"[""b87d9461ff503e2d13675b08d0362d5675ab8b6a2481e2d19ee46027d0b0ea9d""]",76e0c3d578c4dba56e91d15ad643d8740037788a,0.993535949475491,0.0009278253355740362,"[0.9903916411770711,0.9952167227097748]",0.9926559259504573,0.0014058162266313012,"[0.9910573497774843,0.9934032661379127]",family-cluster sensitivity intervals over the constructed families; not a population confidence interval
03-science-b8,EXACT_LRU,5874,loads_per_token,686.828125,0.2841398054317649,471.328125,730.703125,EXACT_REPLAY,TPS_PROJECTION,True,M2,RMSE values differ by less than 5%; prefer loads_per_token,fa7480ceb1c45449eec2bb4557ffaa0f62ef14a8fdfd0c55e274b9a281a9fd0c,9567f49ef2dab913c7446dc85c7849b6665d978c9921eb83198d0c2a5e31b49b,4731949078aa993195cafb1c351e056c0df6e557570a271949e62702a6ba62e3,"[""11a7b36b929b39cb303584442b28124566d18ee5d02144c1df527db330b9d4ed"",""18ab89a63b63f6c96a0e0aa4807fcf152aed251b441ab77a8b593bcb35929ba0""]",76e0c3d578c4dba56e91d15ad643d8740037788a,0.993535949475491,0.0009278253355740362,"[0.9903916411770711,0.9952167227097748]",0.9926559259504573,0.0014058162266313012,"[0.9910573497774843,0.9934032661379127]",family-cluster sensitivity intervals over the constructed families; not a population confidence interval
03-science-b8,EXACT_LRU,7832,loads_per_token,620.5625,0.3053753745989517,471.328125,730.703125,EXACT_REPLAY,TPS_PROJECTION,True,M2,RMSE values differ by less than 5%; prefer loads_per_token,fa7480ceb1c45449eec2bb4557ffaa0f62ef14a8fdfd0c55e274b9a281a9fd0c,9567f49ef2dab913c7446dc85c7849b6665d978c9921eb83198d0c2a5e31b49b,4731949078aa993195cafb1c351e056c0df6e557570a271949e62702a6ba62e3,"[""11a7b36b929b39cb303584442b28124566d18ee5d02144c1df527db330b9d4ed"",""18ab89a63b63f6c96a0e0aa4807fcf152aed251b441ab77a8b593bcb35929ba0""]",76e0c3d578c4dba56e91d15ad643d8740037788a,0.993535949475491,0.0009278253355740362,"[0.9903916411770711,0.9952167227097748]",0.9926559259504573,0.0014058162266313012,"[0.9910573497774843,0.9934032661379127]",family-cluster sensitivity intervals over the constructed families; not a population confidence interval
03-science-b8,EXACT_LRU,7849,loads_per_token,620.28125,0.30546550434311803,471.328125,730.703125,EXACT_REPLAY,TPS_PROJECTION,True,M2,RMSE values differ by less than 5%; prefer loads_per_token,fa7480ceb1c45449eec2bb4557ffaa0f62ef14a8fdfd0c55e274b9a281a9fd0c,9567f49ef2dab913c7446dc85c7849b6665d978c9921eb83198d0c2a5e31b49b,4731949078aa993195cafb1c351e056c0df6e557570a271949e62702a6ba62e3,"[""11a7b36b929b39cb303584442b28124566d18ee5d02144c1df527db330b9d4ed"",""18ab89a63b63f6c96a0e0aa4807fcf152aed251b441ab77a8b593bcb35929ba0""]",76e0c3d578c4dba56e91d15ad643d8740037788a,0.993535949475491,0.0009278253355740362,"[0.9903916411770711,0.9952167227097748]",0.9926559259504573,0.0014058162266313012,"[0.9910573497774843,0.9934032661379127]",family-cluster sensitivity intervals over the constructed families; not a population confidence interval
03-science-b8,EXACT_LRU,9790,loads_per_token,574.875,0.3200164508179695,471.328125,730.703125,EXACT_REPLAY,TPS_PROJECTION,True,M2,RMSE values differ by less than 5%; prefer loads_per_token,fa7480ceb1c45449eec2bb4557ffaa0f62ef14a8fdfd0c55e274b9a281a9fd0c,9567f49ef2dab913c7446dc85c7849b6665d978c9921eb83198d0c2a5e31b49b,4731949078aa993195cafb1c351e056c0df6e557570a271949e62702a6ba62e3,"[""11a7b36b929b39cb303584442b28124566d18ee5d02144c1df527db330b9d4ed"",""18ab89a63b63f6c96a0e0aa4807fcf152aed251b441ab77a8b593bcb35929ba0""]",76e0c3d578c4dba56e91d15ad643d8740037788a,0.993535949475491,0.0009278253355740362,"[0.9903916411770711,0.9952167227097748]",0.9926559259504573,0.0014058162266313012,"[0.9910573497774843,0.9934032661379127]",family-cluster sensitivity intervals over the constructed families; not a population confidence interval
03-science-b8,EXACT_LRU,11748,loads_per_token,531.65625,0.3338663881715273,471.328125,730.703125,EXACT_REPLAY,TPS_PROJECTION,True,M2,RMSE values differ by less than 5%; prefer loads_per_token,fa7480ceb1c45449eec2bb4557ffaa0f62ef14a8fdfd0c55e274b9a281a9fd0c,9567f49ef2dab913c7446dc85c7849b6665d978c9921eb83198d0c2a5e31b49b,4731949078aa993195cafb1c351e056c0df6e557570a271949e62702a6ba62e3,"[""11a7b36b929b39cb303584442b28124566d18ee5d02144c1df527db330b9d4ed"",""18ab89a63b63f6c96a0e0aa4807fcf152aed251b441ab77a8b593bcb35929ba0""]",76e0c3d578c4dba56e91d15ad643d8740037788a,0.993535949475491,0.0009278253355740362,"[0.9903916411770711,0.9952167227097748]",0.9926559259504573,0.0014058162266313012,"[0.9910573497774843,0.9934032661379127]",family-cluster sensitivity intervals over the constructed families; not a population confidence interval
03-science-b8,S2_P50_FIXED_ROUTE,3916,loads_per_token,718.703125,0.27392510109291535,471.328125,730.703125,FIXED_ROUTE_COUNTERFACTUAL,TPS_PROJECTION,True,M2,RMSE values differ by less than 5%; prefer loads_per_token,fa7480ceb1c45449eec2bb4557ffaa0f62ef14a8fdfd0c55e274b9a281a9fd0c,9567f49ef2dab913c7446dc85c7849b6665d978c9921eb83198d0c2a5e31b49b,4731949078aa993195cafb1c351e056c0df6e557570a271949e62702a6ba62e3,"[""b87d9461ff503e2d13675b08d0362d5675ab8b6a2481e2d19ee46027d0b0ea9d""]",76e0c3d578c4dba56e91d15ad643d8740037788a,0.993535949475491,0.0009278253355740362,"[0.9903916411770711,0.9952167227097748]",0.9926559259504573,0.0014058162266313012,"[0.9910573497774843,0.9934032661379127]",family-cluster sensitivity intervals over the constructed families; not a population confidence interval
03-science-b8,S2_P50_FIXED_ROUTE,5874,loads_per_token,588.078125,0.31578536005016167,471.328125,730.703125,FIXED_ROUTE_COUNTERFACTUAL,TPS_PROJECTION,True,M2,RMSE values differ by less than 5%; prefer loads_per_token,fa7480ceb1c45449eec2bb4557ffaa0f62ef14a8fdfd0c55e274b9a281a9fd0c,9567f49ef2dab913c7446dc85c7849b6665d978c9921eb83198d0c2a5e31b49b,4731949078aa993195cafb1c351e056c0df6e557570a271949e62702a6ba62e3,"[""b87d9461ff503e2d13675b08d0362d5675ab8b6a2481e2d19ee46027d0b0ea9d""]",76e0c3d578c4dba56e91d15ad643d8740037788a,0.993535949475491,0.0009278253355740362,"[0.9903916411770711,0.9952167227097748]",0.9926559259504573,0.0014058162266313012,"[0.9910573497774843,0.9934032661379127]",family-cluster sensitivity intervals over the constructed families; not a population confidence interval
03-science-b8,S2_P50_FIXED_ROUTE,7832,loads_per_token,527.796875,0.3351031685498096,471.328125,730.703125,FIXED_ROUTE_COUNTERFACTUAL,TPS_PROJECTION,True,M2,RMSE values differ by less than 5%; prefer loads_per_token,fa7480ceb1c45449eec2bb4557ffaa0f62ef14a8fdfd0c55e274b9a281a9fd0c,9567f49ef2dab913c7446dc85c7849b6665d978c9921eb83198d0c2a5e31b49b,4731949078aa993195cafb1c351e056c0df6e557570a271949e62702a6ba62e3,"[""b87d9461ff503e2d13675b08d0362d5675ab8b6a2481e2d19ee46027d0b0ea9d""]",76e0c3d578c4dba56e91d15ad643d8740037788a,0.993535949475491,0.0009278253355740362,"[0.9903916411770711,0.9952167227097748]",0.9926559259504573,0.0014058162266313012,"[0.9910573497774843,0.9934032661379127]",family-cluster sensitivity intervals over the constructed families; not a population confidence interval
03-science-b8,S2_P50_FIXED_ROUTE,7849,loads_per_token,527.453125,0.33521332712601287,471.328125,730.703125,FIXED_ROUTE_COUNTERFACTUAL,TPS_PROJECTION,True,M2,RMSE values differ by less than 5%; prefer loads_per_token,fa7480ceb1c45449eec2bb4557ffaa0f62ef14a8fdfd0c55e274b9a281a9fd0c,9567f49ef2dab913c7446dc85c7849b6665d978c9921eb83198d0c2a5e31b49b,4731949078aa993195cafb1c351e056c0df6e557570a271949e62702a6ba62e3,"[""b87d9461ff503e2d13675b08d0362d5675ab8b6a2481e2d19ee46027d0b0ea9d""]",76e0c3d578c4dba56e91d15ad643d8740037788a,0.993535949475491,0.0009278253355740362,"[0.9903916411770711,0.9952167227097748]",0.9926559259504573,0.0014058162266313012,"[0.9910573497774843,0.9934032661379127]",family-cluster sensitivity intervals over the constructed families; not a population confidence interval
03-science-b8,S2_P50_FIXED_ROUTE,9790,loads_per_token,475.15625,0.3519724523329391,471.328125,730.703125,FIXED_ROUTE_COUNTERFACTUAL,TPS_PROJECTION,True,M2,RMSE values differ by less than 5%; prefer loads_per_token,fa7480ceb1c45449eec2bb4557ffaa0f62ef14a8fdfd0c55e274b9a281a9fd0c,9567f49ef2dab913c7446dc85c7849b6665d978c9921eb83198d0c2a5e31b49b,4731949078aa993195cafb1c351e056c0df6e557570a271949e62702a6ba62e3,"[""b87d9461ff503e2d13675b08d0362d5675ab8b6a2481e2d19ee46027d0b0ea9d""]",76e0c3d578c4dba56e91d15ad643d8740037788a,0.993535949475491,0.0009278253355740362,"[0.9903916411770711,0.9952167227097748]",0.9926559259504573,0.0014058162266313012,"[0.9910573497774843,0.9934032661379127]",family-cluster sensitivity intervals over the constructed families; not a population confidence interval
04-factual-b1,EXACT_LRU,7832,loads_per_token,659.21875,0.292987541984092,471.328125,730.703125,EXACT_REPLAY,TPS_PROJECTION,True,M2,RMSE values differ by less than 5%; prefer loads_per_token,fa7480ceb1c45449eec2bb4557ffaa0f62ef14a8fdfd0c55e274b9a281a9fd0c,9567f49ef2dab913c7446dc85c7849b6665d978c9921eb83198d0c2a5e31b49b,4731949078aa993195cafb1c351e056c0df6e557570a271949e62702a6ba62e3,"[""0e04919aec7143dac60c510951e8211b6d8bc7f18e0f516439a7b3094bfa5dd5"",""18ab89a63b63f6c96a0e0aa4807fcf152aed251b441ab77a8b593bcb35929ba0""]",76e0c3d578c4dba56e91d15ad643d8740037788a,0.993535949475491,0.0009278253355740362,"[0.9903916411770711,0.9952167227097748]",0.9926559259504573,0.0014058162266313012,"[0.9910573497774843,0.9934032661379127]",family-cluster sensitivity intervals over the constructed families; not a population confidence interval
04-factual-b1,EXACT_LRU,7849,loads_per_token,658.625,0.2931778158884431,471.328125,730.703125,EXACT_REPLAY,TPS_PROJECTION,True,M2,RMSE values differ by less than 5%; prefer loads_per_token,fa7480ceb1c45449eec2bb4557ffaa0f62ef14a8fdfd0c55e274b9a281a9fd0c,9567f49ef2dab913c7446dc85c7849b6665d978c9921eb83198d0c2a5e31b49b,4731949078aa993195cafb1c351e056c0df6e557570a271949e62702a6ba62e3,"[""0e04919aec7143dac60c510951e8211b6d8bc7f18e0f516439a7b3094bfa5dd5"",""18ab89a63b63f6c96a0e0aa4807fcf152aed251b441ab77a8b593bcb35929ba0""]",76e0c3d578c4dba56e91d15ad643d8740037788a,0.993535949475491,0.0009278253355740362,"[0.9903916411770711,0.9952167227097748]",0.9926559259504573,0.0014058162266313012,"[0.9910573497774843,0.9934032661379127]",family-cluster sensitivity intervals over the constructed families; not a population confidence interval
04-factual-b1,EXACT_LRU,9790,loads_per_token,602.125,0.31128388004985497,471.328125,730.703125,EXACT_REPLAY,TPS_PROJECTION,True,M2,RMSE values differ by less than 5%; prefer loads_per_token,fa7480ceb1c45449eec2bb4557ffaa0f62ef14a8fdfd0c55e274b9a281a9fd0c,9567f49ef2dab913c7446dc85c7849b6665d978c9921eb83198d0c2a5e31b49b,4731949078aa993195cafb1c351e056c0df6e557570a271949e62702a6ba62e3,"[""0e04919aec7143dac60c510951e8211b6d8bc7f18e0f516439a7b3094bfa5dd5"",""18ab89a63b63f6c96a0e0aa4807fcf152aed251b441ab77a8b593bcb35929ba0""]",76e0c3d578c4dba56e91d15ad643d8740037788a,0.993535949475491,0.0009278253355740362,"[0.9903916411770711,0.9952167227097748]",0.9926559259504573,0.0014058162266313012,"[0.9910573497774843,0.9934032661379127]",family-cluster sensitivity intervals over the constructed families; not a population confidence interval
04-factual-b1,EXACT_LRU,11748,loads_per_token,545.328125,0.32948508116344233,471.328125,730.703125,EXACT_REPLAY,TPS_PROJECTION,True,M2,RMSE values differ by less than 5%; prefer loads_per_token,fa7480ceb1c45449eec2bb4557ffaa0f62ef14a8fdfd0c55e274b9a281a9fd0c,9567f49ef2dab913c7446dc85c7849b6665d978c9921eb83198d0c2a5e31b49b,4731949078aa993195cafb1c351e056c0df6e557570a271949e62702a6ba62e3,"[""0e04919aec7143dac60c510951e8211b6d8bc7f18e0f516439a7b3094bfa5dd5"",""18ab89a63b63f6c96a0e0aa4807fcf152aed251b441ab77a8b593bcb35929ba0""]",76e0c3d578c4dba56e91d15ad643d8740037788a,0.993535949475491,0.0009278253355740362,"[0.9903916411770711,0.9952167227097748]",0.9926559259504573,0.0014058162266313012,"[0.9910573497774843,0.9934032661379127]",family-cluster sensitivity intervals over the constructed families; not a population confidence interval
04-factual-b1,S2_P50_FIXED_ROUTE,5874,loads_per_token,637.203125,0.30004269806911116,471.328125,730.703125,FIXED_ROUTE_COUNTERFACTUAL,TPS_PROJECTION,True,M2,RMSE values differ by less than 5%; prefer loads_per_token,fa7480ceb1c45449eec2bb4557ffaa0f62ef14a8fdfd0c55e274b9a281a9fd0c,9567f49ef2dab913c7446dc85c7849b6665d978c9921eb83198d0c2a5e31b49b,4731949078aa993195cafb1c351e056c0df6e557570a271949e62702a6ba62e3,"[""b87d9461ff503e2d13675b08d0362d5675ab8b6a2481e2d19ee46027d0b0ea9d""]",76e0c3d578c4dba56e91d15ad643d8740037788a,0.993535949475491,0.0009278253355740362,"[0.9903916411770711,0.9952167227097748]",0.9926559259504573,0.0014058162266313012,"[0.9910573497774843,0.9934032661379127]",family-cluster sensitivity intervals over the constructed families; not a population confidence interval
04-factual-b1,S2_P50_FIXED_ROUTE,7832,loads_per_token,567.140625,0.3224950187825433,471.328125,730.703125,FIXED_ROUTE_COUNTERFACTUAL,TPS_PROJECTION,True,M2,RMSE values differ by less than 5%; prefer loads_per_token,fa7480ceb1c45449eec2bb4557ffaa0f62ef14a8fdfd0c55e274b9a281a9fd0c,9567f49ef2dab913c7446dc85c7849b6665d978c9921eb83198d0c2a5e31b49b,4731949078aa993195cafb1c351e056c0df6e557570a271949e62702a6ba62e3,"[""b87d9461ff503e2d13675b08d0362d5675ab8b6a2481e2d19ee46027d0b0ea9d""]",76e0c3d578c4dba56e91d15ad643d8740037788a,0.993535949475491,0.0009278253355740362,"[0.9903916411770711,0.9952167227097748]",0.9926559259504573,0.0014058162266313012,"[0.9910573497774843,0.9934032661379127]",family-cluster sensitivity intervals over the constructed families; not a population confidence interval
04-factual-b1,S2_P50_FIXED_ROUTE,7849,loads_per_token,566.953125,0.32255510527865416,471.328125,730.703125,FIXED_ROUTE_COUNTERFACTUAL,TPS_PROJECTION,True,M2,RMSE values differ by less than 5%; prefer loads_per_token,fa7480ceb1c45449eec2bb4557ffaa0f62ef14a8fdfd0c55e274b9a281a9fd0c,9567f49ef2dab913c7446dc85c7849b6665d978c9921eb83198d0c2a5e31b49b,4731949078aa993195cafb1c351e056c0df6e557570a271949e62702a6ba62e3,"[""b87d9461ff503e2d13675b08d0362d5675ab8b6a2481e2d19ee46027d0b0ea9d""]",76e0c3d578c4dba56e91d15ad643d8740037788a,0.993535949475491,0.0009278253355740362,"[0.9903916411770711,0.9952167227097748]",0.9926559259504573,0.0014058162266313012,"[0.9910573497774843,0.9934032661379127]",family-cluster sensitivity intervals over the constructed families; not a population confidence interval
04-factual-b1,S2_P50_FIXED_ROUTE,9790,loads_per_token,505.0,0.34240868503529076,471.328125,730.703125,FIXED_ROUTE_COUNTERFACTUAL,TPS_PROJECTION,True,M2,RMSE values differ by less than 5%; prefer loads_per_token,fa7480ceb1c45449eec2bb4557ffaa0f62ef14a8fdfd0c55e274b9a281a9fd0c,9567f49ef2dab913c7446dc85c7849b6665d978c9921eb83198d0c2a5e31b49b,4731949078aa993195cafb1c351e056c0df6e557570a271949e62702a6ba62e3,"[""b87d9461ff503e2d13675b08d0362d5675ab8b6a2481e2d19ee46027d0b0ea9d""]",76e0c3d578c4dba56e91d15ad643d8740037788a,0.993535949475491,0.0009278253355740362,"[0.9903916411770711,0.9952167227097748]",0.9926559259504573,0.0014058162266313012,"[0.9910573497774843,0.9934032661379127]",family-cluster sensitivity intervals over the constructed families; not a population confidence interval
04-factual-b2,COMMITTEE_PIN_FIXED_ROUTE,9790,loads_per_token,593.109375,0.31417303907118643,471.328125,730.703125,FIXED_ROUTE_COUNTERFACTUAL,TPS_PROJECTION,True,M2,RMSE values differ by less than 5%; prefer loads_per_token,fa7480ceb1c45449eec2bb4557ffaa0f62ef14a8fdfd0c55e274b9a281a9fd0c,9567f49ef2dab913c7446dc85c7849b6665d978c9921eb83198d0c2a5e31b49b,4731949078aa993195cafb1c351e056c0df6e557570a271949e62702a6ba62e3,"[""0927db654db7b106584a5099415733edc65ed505a631836268158dc94d876889""]",76e0c3d578c4dba56e91d15ad643d8740037788a,0.993535949475491,0.0009278253355740362,"[0.9903916411770711,0.9952167227097748]",0.9926559259504573,0.0014058162266313012,"[0.9910573497774843,0.9934032661379127]",family-cluster sensitivity intervals over the constructed families; not a population confidence interval
04-factual-b2,COMMITTEE_PIN_FIXED_ROUTE,11748,loads_per_token,505.984375,0.34209323093070865,471.328125,730.703125,FIXED_ROUTE_COUNTERFACTUAL,TPS_PROJECTION,True,M2,RMSE values differ by less than 5%; prefer loads_per_token,fa7480ceb1c45449eec2bb4557ffaa0f62ef14a8fdfd0c55e274b9a281a9fd0c,9567f49ef2dab913c7446dc85c7849b6665d978c9921eb83198d0c2a5e31b49b,4731949078aa993195cafb1c351e056c0df6e557570a271949e62702a6ba62e3,"[""0927db654db7b106584a5099415733edc65ed505a631836268158dc94d876889""]",76e0c3d578c4dba56e91d15ad643d8740037788a,0.993535949475491,0.0009278253355740362,"[0.9903916411770711,0.9952167227097748]",0.9926559259504573,0.0014058162266313012,"[0.9910573497774843,0.9934032661379127]",family-cluster sensitivity intervals over the constructed families; not a population confidence interval
04-factual-b2,COMMITTEE_PIN_FIXED_ROUTE,9790,loads_per_token,593.109375,0.31417303907118643,471.328125,730.703125,FIXED_ROUTE_COUNTERFACTUAL,TPS_PROJECTION,True,M2,RMSE values differ by less than 5%; prefer loads_per_token,fa7480ceb1c45449eec2bb4557ffaa0f62ef14a8fdfd0c55e274b9a281a9fd0c,9567f49ef2dab913c7446dc85c7849b6665d978c9921eb83198d0c2a5e31b49b,4731949078aa993195cafb1c351e056c0df6e557570a271949e62702a6ba62e3,"[""0927db654db7b106584a5099415733edc65ed505a631836268158dc94d876889""]",76e0c3d578c4dba56e91d15ad643d8740037788a,0.993535949475491,0.0009278253355740362,"[0.9903916411770711,0.9952167227097748]",0.9926559259504573,0.0014058162266313012,"[0.9910573497774843,0.9934032661379127]",family-cluster sensitivity intervals over the constructed families; not a population confidence interval
04-factual-b2,COMMITTEE_PIN_FIXED_ROUTE,11748,loads_per_token,505.984375,0.34209323093070865,471.328125,730.703125,FIXED_ROUTE_COUNTERFACTUAL,TPS_PROJECTION,True,M2,RMSE values differ by less than 5%; prefer loads_per_token,fa7480ceb1c45449eec2bb4557ffaa0f62ef14a8fdfd0c55e274b9a281a9fd0c,9567f49ef2dab913c7446dc85c7849b6665d978c9921eb83198d0c2a5e31b49b,4731949078aa993195cafb1c351e056c0df6e557570a271949e62702a6ba62e3,"[""0927db654db7b106584a5099415733edc65ed505a631836268158dc94d876889""]",76e0c3d578c4dba56e91d15ad643d8740037788a,0.993535949475491,0.0009278253355740362,"[0.9903916411770711,0.9952167227097748]",0.9926559259504573,0.0014058162266313012,"[0.9910573497774843,0.9934032661379127]",family-cluster sensitivity intervals over the constructed families; not a population confidence interval
04-factual-b2,COMMITTEE_PIN_FIXED_ROUTE,7832,loads_per_token,627.78125,0.30306204449868285,471.328125,730.703125,FIXED_ROUTE_COUNTERFACTUAL,TPS_PROJECTION,True,M2,RMSE values differ by less than 5%; prefer loads_per_token,fa7480ceb1c45449eec2bb4557ffaa0f62ef14a8fdfd0c55e274b9a281a9fd0c,9567f49ef2dab913c7446dc85c7849b6665d978c9921eb83198d0c2a5e31b49b,4731949078aa993195cafb1c351e056c0df6e557570a271949e62702a6ba62e3,"[""0927db654db7b106584a5099415733edc65ed505a631836268158dc94d876889""]",76e0c3d578c4dba56e91d15ad643d8740037788a,0.993535949475491,0.0009278253355740362,"[0.9903916411770711,0.9952167227097748]",0.9926559259504573,0.0014058162266313012,"[0.9910573497774843,0.9934032661379127]",family-cluster sensitivity intervals over the constructed families; not a population confidence interval
04-factual-b2,COMMITTEE_PIN_FIXED_ROUTE,7849,loads_per_token,627.515625,0.3031471670348399,471.328125,730.703125,FIXED_ROUTE_COUNTERFACTUAL,TPS_PROJECTION,True,M2,RMSE values differ by less than 5%; prefer loads_per_token,fa7480ceb1c45449eec2bb4557ffaa0f62ef14a8fdfd0c55e274b9a281a9fd0c,9567f49ef2dab913c7446dc85c7849b6665d978c9921eb83198d0c2a5e31b49b,4731949078aa993195cafb1c351e056c0df6e557570a271949e62702a6ba62e3,"[""0927db654db7b106584a5099415733edc65ed505a631836268158dc94d876889""]",76e0c3d578c4dba56e91d15ad643d8740037788a,0.993535949475491,0.0009278253355740362,"[0.9903916411770711,0.9952167227097748]",0.9926559259504573,0.0014058162266313012,"[0.9910573497774843,0.9934032661379127]",family-cluster sensitivity intervals over the constructed families; not a population confidence interval
04-factual-b2,COMMITTEE_PIN_FIXED_ROUTE,9790,loads_per_token,569.03125,0.32188914661342527,471.328125,730.703125,FIXED_ROUTE_COUNTERFACTUAL,TPS_PROJECTION,True,M2,RMSE values differ by less than 5%; prefer loads_per_token,fa7480ceb1c45449eec2bb4557ffaa0f62ef14a8fdfd0c55e274b9a281a9fd0c,9567f49ef2dab913c7446dc85c7849b6665d978c9921eb83198d0c2a5e31b49b,4731949078aa993195cafb1c351e056c0df6e557570a271949e62702a6ba62e3,"[""0927db654db7b106584a5099415733edc65ed505a631836268158dc94d876889""]",76e0c3d578c4dba56e91d15ad643d8740037788a,0.993535949475491,0.0009278253355740362,"[0.9903916411770711,0.9952167227097748]",0.9926559259504573,0.0014058162266313012,"[0.9910573497774843,0.9934032661379127]",family-cluster sensitivity intervals over the constructed families; not a population confidence interval
04-factual-b2,COMMITTEE_PIN_FIXED_ROUTE,11748,loads_per_token,530.046875,0.33438213059647903,471.328125,730.703125,FIXED_ROUTE_COUNTERFACTUAL,TPS_PROJECTION,True,M2,RMSE values differ by less than 5%; prefer loads_per_token,fa7480ceb1c45449eec2bb4557ffaa0f62ef14a8fdfd0c55e274b9a281a9fd0c,9567f49ef2dab913c7446dc85c7849b6665d978c9921eb83198d0c2a5e31b49b,4731949078aa993195cafb1c351e056c0df6e557570a271949e62702a6ba62e3,"[""0927db654db7b106584a5099415733edc65ed505a631836268158dc94d876889""]",76e0c3d578c4dba56e91d15ad643d8740037788a,0.993535949475491,0.0009278253355740362,"[0.9903916411770711,0.9952167227097748]",0.9926559259504573,0.0014058162266313012,"[0.9910573497774843,0.9934032661379127]",family-cluster sensitivity intervals over the constructed families; not a population confidence interval
04-factual-b2,COMMITTEE_PIN_FIXED_ROUTE,5874,loads_per_token,706.984375,0.2776805070998453,471.328125,730.703125,FIXED_ROUTE_COUNTERFACTUAL,TPS_PROJECTION,True,M2,RMSE values differ by less than 5%; prefer loads_per_token,fa7480ceb1c45449eec2bb4557ffaa0f62ef14a8fdfd0c55e274b9a281a9fd0c,9567f49ef2dab913c7446dc85c7849b6665d978c9921eb83198d0c2a5e31b49b,4731949078aa993195cafb1c351e056c0df6e557570a271949e62702a6ba62e3,"[""0927db654db7b106584a5099415733edc65ed505a631836268158dc94d876889""]",76e0c3d578c4dba56e91d15ad643d8740037788a,0.993535949475491,0.0009278253355740362,"[0.9903916411770711,0.9952167227097748]",0.9926559259504573,0.0014058162266313012,"[0.9910573497774843,0.9934032661379127]",family-cluster sensitivity intervals over the constructed families; not a population confidence interval
04-factual-b2,COMMITTEE_PIN_FIXED_ROUTE,7832,loads_per_token,636.390625,0.30030307288559166,471.328125,730.703125,FIXED_ROUTE_COUNTERFACTUAL,TPS_PROJECTION,True,M2,RMSE values differ by less than 5%; prefer loads_per_token,fa7480ceb1c45449eec2bb4557ffaa0f62ef14a8fdfd0c55e274b9a281a9fd0c,9567f49ef2dab913c7446dc85c7849b6665d978c9921eb83198d0c2a5e31b49b,4731949078aa993195cafb1c351e056c0df6e557570a271949e62702a6ba62e3,"[""0927db654db7b106584a5099415733edc65ed505a631836268158dc94d876889""]",76e0c3d578c4dba56e91d15ad643d8740037788a,0.993535949475491,0.0009278253355740362,"[0.9903916411770711,0.9952167227097748]",0.9926559259504573,0.0014058162266313012,"[0.9910573497774843,0.9934032661379127]",family-cluster sensitivity intervals over the constructed families; not a population confidence interval
04-factual-b2,COMMITTEE_PIN_FIXED_ROUTE,7849,loads_per_token,635.546875,0.30057346211809055,471.328125,730.703125,FIXED_ROUTE_COUNTERFACTUAL,TPS_PROJECTION,True,M2,RMSE values differ by less than 5%; prefer loads_per_token,fa7480ceb1c45449eec2bb4557ffaa0f62ef14a8fdfd0c55e274b9a281a9fd0c,9567f49ef2dab913c7446dc85c7849b6665d978c9921eb83198d0c2a5e31b49b,4731949078aa993195cafb1c351e056c0df6e557570a271949e62702a6ba62e3,"[""0927db654db7b106584a5099415733edc65ed505a631836268158dc94d876889""]",76e0c3d578c4dba56e91d15ad643d8740037788a,0.993535949475491,0.0009278253355740362,"[0.9903916411770711,0.9952167227097748]",0.9926559259504573,0.0014058162266313012,"[0.9910573497774843,0.9934032661379127]",family-cluster sensitivity intervals over the constructed families; not a population confidence interval
04-factual-b2,COMMITTEE_PIN_FIXED_ROUTE,9790,loads_per_token,586.5,0.3162910880590949,471.328125,730.703125,FIXED_ROUTE_COUNTERFACTUAL,TPS_PROJECTION,True,M2,RMSE values differ by less than 5%; prefer loads_per_token,fa7480ceb1c45449eec2bb4557ffaa0f62ef14a8fdfd0c55e274b9a281a9fd0c,9567f49ef2dab913c7446dc85c7849b6665d978c9921eb83198d0c2a5e31b49b,4731949078aa993195cafb1c351e056c0df6e557570a271949e62702a6ba62e3,"[""0927db654db7b106584a5099415733edc65ed505a631836268158dc94d876889""]",76e0c3d578c4dba56e91d15ad643d8740037788a,0.993535949475491,0.0009278253355740362,"[0.9903916411770711,0.9952167227097748]",0.9926559259504573,0.0014058162266313012,"[0.9910573497774843,0.9934032661379127]",family-cluster sensitivity intervals over the constructed families; not a population confidence interval
04-factual-b2,COMMITTEE_PIN_FIXED_ROUTE,11748,loads_per_token,541.984375,0.33055662367741967,471.328125,730.703125,FIXED_ROUTE_COUNTERFACTUAL,TPS_PROJECTION,True,M2,RMSE values differ by less than 5%; prefer loads_per_token,fa7480ceb1c45449eec2bb4557ffaa0f62ef14a8fdfd0c55e274b9a281a9fd0c,9567f49ef2dab913c7446dc85c7849b6665d978c9921eb83198d0c2a5e31b49b,4731949078aa993195cafb1c351e056c0df6e557570a271949e62702a6ba62e3,"[""0927db654db7b106584a5099415733edc65ed505a631836268158dc94d876889""]",76e0c3d578c4dba56e91d15ad643d8740037788a,0.993535949475491,0.0009278253355740362,"[0.9903916411770711,0.9952167227097748]",0.9926559259504573,0.0014058162266313012,"[0.9910573497774843,0.9934032661379127]",family-cluster sensitivity intervals over the constructed families; not a population confidence interval
04-factual-b2,EXACT_LRU,5874,loads_per_token,722.078125,0.2728435441629195,471.328125,730.703125,EXACT_REPLAY,TPS_PROJECTION,True,M2,RMSE values differ by less than 5%; prefer loads_per_token,fa7480ceb1c45449eec2bb4557ffaa0f62ef14a8fdfd0c55e274b9a281a9fd0c,9567f49ef2dab913c7446dc85c7849b6665d978c9921eb83198d0c2a5e31b49b,4731949078aa993195cafb1c351e056c0df6e557570a271949e62702a6ba62e3,"[""18ab89a63b63f6c96a0e0aa4807fcf152aed251b441ab77a8b593bcb35929ba0"",""f0a795961cea21bb1a575c664ec21cbf1607f98f3e8f8bcc689da9440d59ae81""]",76e0c3d578c4dba56e91d15ad643d8740037788a,0.993535949475491,0.0009278253355740362,"[0.9903916411770711,0.9952167227097748]",0.9926559259504573,0.0014058162266313012,"[0.9910573497774843,0.9934032661379127]",family-cluster sensitivity intervals over the constructed families; not a population confidence interval
04-factual-b2,EXACT_LRU,7832,loads_per_token,649.171875,0.2962071767340333,471.328125,730.703125,EXACT_REPLAY,TPS_PROJECTION,True,M2,RMSE values differ by less than 5%; prefer loads_per_token,fa7480ceb1c45449eec2bb4557ffaa0f62ef14a8fdfd0c55e274b9a281a9fd0c,9567f49ef2dab913c7446dc85c7849b6665d978c9921eb83198d0c2a5e31b49b,4731949078aa993195cafb1c351e056c0df6e557570a271949e62702a6ba62e3,"[""18ab89a63b63f6c96a0e0aa4807fcf152aed251b441ab77a8b593bcb35929ba0"",""f0a795961cea21bb1a575c664ec21cbf1607f98f3e8f8bcc689da9440d59ae81""]",76e0c3d578c4dba56e91d15ad643d8740037788a,0.993535949475491,0.0009278253355740362,"[0.9903916411770711,0.9952167227097748]",0.9926559259504573,0.0014058162266313012,"[0.9910573497774843,0.9934032661379127]",family-cluster sensitivity intervals over the constructed families; not a population confidence interval
04-factual-b2,EXACT_LRU,7849,loads_per_token,648.546875,0.2964074650544029,471.328125,730.703125,EXACT_REPLAY,TPS_PROJECTION,True,M2,RMSE values differ by less than 5%; prefer loads_per_token,fa7480ceb1c45449eec2bb4557ffaa0f62ef14a8fdfd0c55e274b9a281a9fd0c,9567f49ef2dab913c7446dc85c7849b6665d978c9921eb83198d0c2a5e31b49b,4731949078aa993195cafb1c351e056c0df6e557570a271949e62702a6ba62e3,"[""18ab89a63b63f6c96a0e0aa4807fcf152aed251b441ab77a8b593bcb35929ba0"",""f0a795961cea21bb1a575c664ec21cbf1607f98f3e8f8bcc689da9440d59ae81""]",76e0c3d578c4dba56e91d15ad643d8740037788a,0.993535949475491,0.0009278253355740362,"[0.9903916411770711,0.9952167227097748]",0.9926559259504573,0.0014058162266313012,"[0.9910573497774843,0.9934032661379127]",family-cluster sensitivity intervals over the constructed families; not a population confidence interval
04-factual-b2,EXACT_LRU,9790,loads_per_token,602.421875,0.3111887430976794,471.328125,730.703125,EXACT_REPLAY,TPS_PROJECTION,True,M2,RMSE values differ by less than 5%; prefer loads_per_token,fa7480ceb1c45449eec2bb4557ffaa0f62ef14a8fdfd0c55e274b9a281a9fd0c,9567f49ef2dab913c7446dc85c7849b6665d978c9921eb83198d0c2a5e31b49b,4731949078aa993195cafb1c351e056c0df6e557570a271949e62702a6ba62e3,"[""18ab89a63b63f6c96a0e0aa4807fcf152aed251b441ab77a8b593bcb35929ba0"",""f0a795961cea21bb1a575c664ec21cbf1607f98f3e8f8bcc689da9440d59ae81""]",76e0c3d578c4dba56e91d15ad643d8740037788a,0.993535949475491,0.0009278253355740362,"[0.9903916411770711,0.9952167227097748]",0.9926559259504573,0.0014058162266313012,"[0.9910573497774843,0.9934032661379127]",family-cluster sensitivity intervals over the constructed families; not a population confidence interval
04-factual-b2,EXACT_LRU,11748,loads_per_token,551.140625,0.32762239978400504,471.328125,730.703125,EXACT_REPLAY,TPS_PROJECTION,True,M2,RMSE values differ by less than 5%; prefer loads_per_token,fa7480ceb1c45449eec2bb4557ffaa0f62ef14a8fdfd0c55e274b9a281a9fd0c,9567f49ef2dab913c7446dc85c7849b6665d978c9921eb83198d0c2a5e31b49b,4731949078aa993195cafb1c351e056c0df6e557570a271949e62702a6ba62e3,"[""18ab89a63b63f6c96a0e0aa4807fcf152aed251b441ab77a8b593bcb35929ba0"",""f0a795961cea21bb1a575c664ec21cbf1607f98f3e8f8bcc689da9440d59ae81""]",76e0c3d578c4dba56e91d15ad643d8740037788a,0.993535949475491,0.0009278253355740362,"[0.9903916411770711,0.9952167227097748]",0.9926559259504573,0.0014058162266313012,"[0.9910573497774843,0.9934032661379127]",family-cluster sensitivity intervals over the constructed families; not a population confidence interval
04-factual-b2,S2_P50_FIXED_ROUTE,5874,loads_per_token,627.765625,0.3030670517066921,471.328125,730.703125,FIXED_ROUTE_COUNTERFACTUAL,TPS_PROJECTION,True,M2,RMSE values differ by less than 5%; prefer loads_per_token,fa7480ceb1c45449eec2bb4557ffaa0f62ef14a8fdfd0c55e274b9a281a9fd0c,9567f49ef2dab913c7446dc85c7849b6665d978c9921eb83198d0c2a5e31b49b,4731949078aa993195cafb1c351e056c0df6e557570a271949e62702a6ba62e3,"[""b87d9461ff503e2d13675b08d0362d5675ab8b6a2481e2d19ee46027d0b0ea9d""]",76e0c3d578c4dba56e91d15ad643d8740037788a,0.993535949475491,0.0009278253355740362,"[0.9903916411770711,0.9952167227097748]",0.9926559259504573,0.0014058162266313012,"[0.9910573497774843,0.9934032661379127]",family-cluster sensitivity intervals over the constructed families; not a population confidence interval
04-factual-b2,S2_P50_FIXED_ROUTE,7832,loads_per_token,556.0,0.3260651580931314,471.328125,730.703125,FIXED_ROUTE_COUNTERFACTUAL,TPS_PROJECTION,True,M2,RMSE values differ by less than 5%; prefer loads_per_token,fa7480ceb1c45449eec2bb4557ffaa0f62ef14a8fdfd0c55e274b9a281a9fd0c,9567f49ef2dab913c7446dc85c7849b6665d978c9921eb83198d0c2a5e31b49b,4731949078aa993195cafb1c351e056c0df6e557570a271949e62702a6ba62e3,"[""b87d9461ff503e2d13675b08d0362d5675ab8b6a2481e2d19ee46027d0b0ea9d""]",76e0c3d578c4dba56e91d15ad643d8740037788a,0.993535949475491,0.0009278253355740362,"[0.9903916411770711,0.9952167227097748]",0.9926559259504573,0.0014058162266313012,"[0.9910573497774843,0.9934032661379127]",family-cluster sensitivity intervals over the constructed families; not a population confidence interval
04-factual-b2,S2_P50_FIXED_ROUTE,7849,loads_per_token,555.546875,0.32621036712539936,471.328125,730.703125,FIXED_ROUTE_COUNTERFACTUAL,TPS_PROJECTION,True,M2,RMSE values differ by less than 5%; prefer loads_per_token,fa7480ceb1c45449eec2bb4557ffaa0f62ef14a8fdfd0c55e274b9a281a9fd0c,9567f49ef2dab913c7446dc85c7849b6665d978c9921eb83198d0c2a5e31b49b,4731949078aa993195cafb1c351e056c0df6e557570a271949e62702a6ba62e3,"[""b87d9461ff503e2d13675b08d0362d5675ab8b6a2481e2d19ee46027d0b0ea9d""]",76e0c3d578c4dba56e91d15ad643d8740037788a,0.993535949475491,0.0009278253355740362,"[0.9903916411770711,0.9952167227097748]",0.9926559259504573,0.0014058162266313012,"[0.9910573497774843,0.9934032661379127]",family-cluster sensitivity intervals over the constructed families; not a population confidence interval
04-factual-b2,S2_P50_FIXED_ROUTE,9790,loads_per_token,504.875,0.34244874269936465,471.328125,730.703125,FIXED_ROUTE_COUNTERFACTUAL,TPS_PROJECTION,True,M2,RMSE values differ by less than 5%; prefer loads_per_token,fa7480ceb1c45449eec2bb4557ffaa0f62ef14a8fdfd0c55e274b9a281a9fd0c,9567f49ef2dab913c7446dc85c7849b6665d978c9921eb83198d0c2a5e31b49b,4731949078aa993195cafb1c351e056c0df6e557570a271949e62702a6ba62e3,"[""b87d9461ff503e2d13675b08d0362d5675ab8b6a2481e2d19ee46027d0b0ea9d""]",76e0c3d578c4dba56e91d15ad643d8740037788a,0.993535949475491,0.0009278253355740362,"[0.9903916411770711,0.9952167227097748]",0.9926559259504573,0.0014058162266313012,"[0.9910573497774843,0.9934032661379127]",family-cluster sensitivity intervals over the constructed families; not a population confidence interval
04-factual-b8,EXACT_LRU,7832,loads_per_token,673.46875,0.2884209682796651,471.328125,730.703125,EXACT_REPLAY,TPS_PROJECTION,True,M2,RMSE values differ by less than 5%; prefer loads_per_token,fa7480ceb1c45449eec2bb4557ffaa0f62ef14a8fdfd0c55e274b9a281a9fd0c,9567f49ef2dab913c7446dc85c7849b6665d978c9921eb83198d0c2a5e31b49b,4731949078aa993195cafb1c351e056c0df6e557570a271949e62702a6ba62e3,"[""18ab89a63b63f6c96a0e0aa4807fcf152aed251b441ab77a8b593bcb35929ba0"",""8da137779e43af3b0c45d708b602a46242f00272d8783ef7d1458dd028a2eb73""]",76e0c3d578c4dba56e91d15ad643d8740037788a,0.993535949475491,0.0009278253355740362,"[0.9903916411770711,0.9952167227097748]",0.9926559259504573,0.0014058162266313012,"[0.9910573497774843,0.9934032661379127]",family-cluster sensitivity intervals over the constructed families; not a population confidence interval
04-factual-b8,EXACT_LRU,7849,loads_per_token,673.21875,0.28850108360781296,471.328125,730.703125,EXACT_REPLAY,TPS_PROJECTION,True,M2,RMSE values differ by less than 5%; prefer loads_per_token,fa7480ceb1c45449eec2bb4557ffaa0f62ef14a8fdfd0c55e274b9a281a9fd0c,9567f49ef2dab913c7446dc85c7849b6665d978c9921eb83198d0c2a5e31b49b,4731949078aa993195cafb1c351e056c0df6e557570a271949e62702a6ba62e3,"[""18ab89a63b63f6c96a0e0aa4807fcf152aed251b441ab77a8b593bcb35929ba0"",""8da137779e43af3b0c45d708b602a46242f00272d8783ef7d1458dd028a2eb73""]",76e0c3d578c4dba56e91d15ad643d8740037788a,0.993535949475491,0.0009278253355740362,"[0.9903916411770711,0.9952167227097748]",0.9926559259504573,0.0014058162266313012,"[0.9910573497774843,0.9934032661379127]",family-cluster sensitivity intervals over the constructed families; not a population confidence interval
04-factual-b8,EXACT_LRU,9790,loads_per_token,623.359375,0.3044790843652978,471.328125,730.703125,EXACT_REPLAY,TPS_PROJECTION,True,M2,RMSE values differ by less than 5%; prefer loads_per_token,fa7480ceb1c45449eec2bb4557ffaa0f62ef14a8fdfd0c55e274b9a281a9fd0c,9567f49ef2dab913c7446dc85c7849b6665d978c9921eb83198d0c2a5e31b49b,4731949078aa993195cafb1c351e056c0df6e557570a271949e62702a6ba62e3,"[""18ab89a63b63f6c96a0e0aa4807fcf152aed251b441ab77a8b593bcb35929ba0"",""8da137779e43af3b0c45d708b602a46242f00272d8783ef7d1458dd028a2eb73""]",76e0c3d578c4dba56e91d15ad643d8740037788a,0.993535949475491,0.0009278253355740362,"[0.9903916411770711,0.9952167227097748]",0.9926559259504573,0.0014058162266313012,"[0.9910573497774843,0.9934032661379127]",family-cluster sensitivity intervals over the constructed families; not a population confidence interval
04-factual-b8,EXACT_LRU,11748,loads_per_token,576.34375,0.3195457732651009,471.328125,730.703125,EXACT_REPLAY,TPS_PROJECTION,True,M2,RMSE values differ by less than 5%; prefer loads_per_token,fa7480ceb1c45449eec2bb4557ffaa0f62ef14a8fdfd0c55e274b9a281a9fd0c,9567f49ef2dab913c7446dc85c7849b6665d978c9921eb83198d0c2a5e31b49b,4731949078aa993195cafb1c351e056c0df6e557570a271949e62702a6ba62e3,"[""18ab89a63b63f6c96a0e0aa4807fcf152aed251b441ab77a8b593bcb35929ba0"",""8da137779e43af3b0c45d708b602a46242f00272d8783ef7d1458dd028a2eb73""]",76e0c3d578c4dba56e91d15ad643d8740037788a,0.993535949475491,0.0009278253355740362,"[0.9903916411770711,0.9952167227097748]",0.9926559259504573,0.0014058162266313012,"[0.9910573497774843,0.9934032661379127]",family-cluster sensitivity intervals over the constructed families; not a population confidence interval
04-factual-b8,EXACT_LRU,15665,loads_per_token,480.796875,0.3501648502416035,471.328125,730.703125,EXACT_REPLAY,TPS_PROJECTION,True,M2,RMSE values differ by less than 5%; prefer loads_per_token,fa7480ceb1c45449eec2bb4557ffaa0f62ef14a8fdfd0c55e274b9a281a9fd0c,9567f49ef2dab913c7446dc85c7849b6665d978c9921eb83198d0c2a5e31b49b,4731949078aa993195cafb1c351e056c0df6e557570a271949e62702a6ba62e3,"[""18ab89a63b63f6c96a0e0aa4807fcf152aed251b441ab77a8b593bcb35929ba0"",""8da137779e43af3b0c45d708b602a46242f00272d8783ef7d1458dd028a2eb73""]",76e0c3d578c4dba56e91d15ad643d8740037788a,0.993535949475491,0.0009278253355740362,"[0.9903916411770711,0.9952167227097748]",0.9926559259504573,0.0014058162266313012,"[0.9910573497774843,0.9934032661379127]",family-cluster sensitivity intervals over the constructed families; not a population confidence interval
04-factual-b8,S2_P50_FIXED_ROUTE,5874,loads_per_token,643.9375,0.2978845914171287,471.328125,730.703125,FIXED_ROUTE_COUNTERFACTUAL,TPS_PROJECTION,True,M2,RMSE values differ by less than 5%; prefer loads_per_token,fa7480ceb1c45449eec2bb4557ffaa0f62ef14a8fdfd0c55e274b9a281a9fd0c,9567f49ef2dab913c7446dc85c7849b6665d978c9921eb83198d0c2a5e31b49b,4731949078aa993195cafb1c351e056c0df6e557570a271949e62702a6ba62e3,"[""b87d9461ff503e2d13675b08d0362d5675ab8b6a2481e2d19ee46027d0b0ea9d""]",76e0c3d578c4dba56e91d15ad643d8740037788a,0.993535949475491,0.0009278253355740362,"[0.9903916411770711,0.9952167227097748]",0.9926559259504573,0.0014058162266313012,"[0.9910573497774843,0.9934032661379127]",family-cluster sensitivity intervals over the constructed families; not a population confidence interval
04-factual-b8,S2_P50_FIXED_ROUTE,7832,loads_per_token,579.609375,0.3184992667911698,471.328125,730.703125,FIXED_ROUTE_COUNTERFACTUAL,TPS_PROJECTION,True,M2,RMSE values differ by less than 5%; prefer loads_per_token,fa7480ceb1c45449eec2bb4557ffaa0f62ef14a8fdfd0c55e274b9a281a9fd0c,9567f49ef2dab913c7446dc85c7849b6665d978c9921eb83198d0c2a5e31b49b,4731949078aa993195cafb1c351e056c0df6e557570a271949e62702a6ba62e3,"[""b87d9461ff503e2d13675b08d0362d5675ab8b6a2481e2d19ee46027d0b0ea9d""]",76e0c3d578c4dba56e91d15ad643d8740037788a,0.993535949475491,0.0009278253355740362,"[0.9903916411770711,0.9952167227097748]",0.9926559259504573,0.0014058162266313012,"[0.9910573497774843,0.9934032661379127]",family-cluster sensitivity intervals over the constructed families; not a population confidence interval
04-factual-b8,S2_P50_FIXED_ROUTE,7849,loads_per_token,579.109375,0.31865949744746547,471.328125,730.703125,FIXED_ROUTE_COUNTERFACTUAL,TPS_PROJECTION,True,M2,RMSE values differ by less than 5%; prefer loads_per_token,fa7480ceb1c45449eec2bb4557ffaa0f62ef14a8fdfd0c55e274b9a281a9fd0c,9567f49ef2dab913c7446dc85c7849b6665d978c9921eb83198d0c2a5e31b49b,4731949078aa993195cafb1c351e056c0df6e557570a271949e62702a6ba62e3,"[""b87d9461ff503e2d13675b08d0362d5675ab8b6a2481e2d19ee46027d0b0ea9d""]",76e0c3d578c4dba56e91d15ad643d8740037788a,0.993535949475491,0.0009278253355740362,"[0.9903916411770711,0.9952167227097748]",0.9926559259504573,0.0014058162266313012,"[0.9910573497774843,0.9934032661379127]",family-cluster sensitivity intervals over the constructed families; not a population confidence interval
04-factual-b8,S2_P50_FIXED_ROUTE,9790,loads_per_token,526.3125,0.3355788533106874,471.328125,730.703125,FIXED_ROUTE_COUNTERFACTUAL,TPS_PROJECTION,True,M2,RMSE values differ by less than 5%; prefer loads_per_token,fa7480ceb1c45449eec2bb4557ffaa0f62ef14a8fdfd0c55e274b9a281a9fd0c,9567f49ef2dab913c7446dc85c7849b6665d978c9921eb83198d0c2a5e31b49b,4731949078aa993195cafb1c351e056c0df6e557570a271949e62702a6ba62e3,"[""b87d9461ff503e2d13675b08d0362d5675ab8b6a2481e2d19ee46027d0b0ea9d""]",76e0c3d578c4dba56e91d15ad643d8740037788a,0.993535949475491,0.0009278253355740362,"[0.9903916411770711,0.9952167227097748]",0.9926559259504573,0.0014058162266313012,"[0.9910573497774843,0.9934032661379127]",family-cluster sensitivity intervals over the constructed families; not a population confidence interval
05-codegen-b1,EXACT_LRU,7832,loads_per_token,655.15625,0.2942894160664944,471.328125,730.703125,EXACT_REPLAY,TPS_PROJECTION,True,M2,RMSE values differ by less than 5%; prefer loads_per_token,fa7480ceb1c45449eec2bb4557ffaa0f62ef14a8fdfd0c55e274b9a281a9fd0c,9567f49ef2dab913c7446dc85c7849b6665d978c9921eb83198d0c2a5e31b49b,4731949078aa993195cafb1c351e056c0df6e557570a271949e62702a6ba62e3,"[""18ab89a63b63f6c96a0e0aa4807fcf152aed251b441ab77a8b593bcb35929ba0"",""6c6f55624e99334f228a2934fbc75ff9fd5f892579f10295a373f073e0273d2c""]",76e0c3d578c4dba56e91d15ad643d8740037788a,0.993535949475491,0.0009278253355740362,"[0.9903916411770711,0.9952167227097748]",0.9926559259504573,0.0014058162266313012,"[0.9910573497774843,0.9934032661379127]",family-cluster sensitivity intervals over the constructed families; not a population confidence interval
05-codegen-b1,EXACT_LRU,7849,loads_per_token,654.265625,0.29457482692302106,471.328125,730.703125,EXACT_REPLAY,TPS_PROJECTION,True,M2,RMSE values differ by less than 5%; prefer loads_per_token,fa7480ceb1c45449eec2bb4557ffaa0f62ef14a8fdfd0c55e274b9a281a9fd0c,9567f49ef2dab913c7446dc85c7849b6665d978c9921eb83198d0c2a5e31b49b,4731949078aa993195cafb1c351e056c0df6e557570a271949e62702a6ba62e3,"[""18ab89a63b63f6c96a0e0aa4807fcf152aed251b441ab77a8b593bcb35929ba0"",""6c6f55624e99334f228a2934fbc75ff9fd5f892579f10295a373f073e0273d2c""]",76e0c3d578c4dba56e91d15ad643d8740037788a,0.993535949475491,0.0009278253355740362,"[0.9903916411770711,0.9952167227097748]",0.9926559259504573,0.0014058162266313012,"[0.9910573497774843,0.9934032661379127]",family-cluster sensitivity intervals over the constructed families; not a population confidence interval
05-codegen-b1,EXACT_LRU,9790,loads_per_token,597.9375,0.31262581179633125,471.328125,730.703125,EXACT_REPLAY,TPS_PROJECTION,True,M2,RMSE values differ by less than 5%; prefer loads_per_token,fa7480ceb1c45449eec2bb4557ffaa0f62ef14a8fdfd0c55e274b9a281a9fd0c,9567f49ef2dab913c7446dc85c7849b6665d978c9921eb83198d0c2a5e31b49b,4731949078aa993195cafb1c351e056c0df6e557570a271949e62702a6ba62e3,"[""18ab89a63b63f6c96a0e0aa4807fcf152aed251b441ab77a8b593bcb35929ba0"",""6c6f55624e99334f228a2934fbc75ff9fd5f892579f10295a373f073e0273d2c""]",76e0c3d578c4dba56e91d15ad643d8740037788a,0.993535949475491,0.0009278253355740362,"[0.9903916411770711,0.9952167227097748]",0.9926559259504573,0.0014058162266313012,"[0.9910573497774843,0.9934032661379127]",family-cluster sensitivity intervals over the constructed families; not a population confidence interval
05-codegen-b1,EXACT_LRU,11748,loads_per_token,519.90625,0.3376318085944758,471.328125,730.703125,EXACT_REPLAY,TPS_PROJECTION,True,M2,RMSE values differ by less than 5%; prefer loads_per_token,fa7480ceb1c45449eec2bb4557ffaa0f62ef14a8fdfd0c55e274b9a281a9fd0c,9567f49ef2dab913c7446dc85c7849b6665d978c9921eb83198d0c2a5e31b49b,4731949078aa993195cafb1c351e056c0df6e557570a271949e62702a6ba62e3,"[""18ab89a63b63f6c96a0e0aa4807fcf152aed251b441ab77a8b593bcb35929ba0"",""6c6f55624e99334f228a2934fbc75ff9fd5f892579f10295a373f073e0273d2c""]",76e0c3d578c4dba56e91d15ad643d8740037788a,0.993535949475491,0.0009278253355740362,"[0.9903916411770711,0.9952167227097748]",0.9926559259504573,0.0014058162266313012,"[0.9910573497774843,0.9934032661379127]",family-cluster sensitivity intervals over the constructed families; not a population confidence interval
05-codegen-b1,S2_P50_FIXED_ROUTE,5874,loads_per_token,652.453125,0.2951556630520929,471.328125,730.703125,FIXED_ROUTE_COUNTERFACTUAL,TPS_PROJECTION,True,M2,RMSE values differ by less than 5%; prefer loads_per_token,fa7480ceb1c45449eec2bb4557ffaa0f62ef14a8fdfd0c55e274b9a281a9fd0c,9567f49ef2dab913c7446dc85c7849b6665d978c9921eb83198d0c2a5e31b49b,4731949078aa993195cafb1c351e056c0df6e557570a271949e62702a6ba62e3,"[""b87d9461ff503e2d13675b08d0362d5675ab8b6a2481e2d19ee46027d0b0ea9d""]",76e0c3d578c4dba56e91d15ad643d8740037788a,0.993535949475491,0.0009278253355740362,"[0.9903916411770711,0.9952167227097748]",0.9926559259504573,0.0014058162266313012,"[0.9910573497774843,0.9934032661379127]",family-cluster sensitivity intervals over the constructed families; not a population confidence interval
05-codegen-b1,S2_P50_FIXED_ROUTE,7832,loads_per_token,556.03125,0.3260551436771129,471.328125,730.703125,FIXED_ROUTE_COUNTERFACTUAL,TPS_PROJECTION,True,M2,RMSE values differ by less than 5%; prefer loads_per_token,fa7480ceb1c45449eec2bb4557ffaa0f62ef14a8fdfd0c55e274b9a281a9fd0c,9567f49ef2dab913c7446dc85c7849b6665d978c9921eb83198d0c2a5e31b49b,4731949078aa993195cafb1c351e056c0df6e557570a271949e62702a6ba62e3,"[""b87d9461ff503e2d13675b08d0362d5675ab8b6a2481e2d19ee46027d0b0ea9d""]",76e0c3d578c4dba56e91d15ad643d8740037788a,0.993535949475491,0.0009278253355740362,"[0.9903916411770711,0.9952167227097748]",0.9926559259504573,0.0014058162266313012,"[0.9910573497774843,0.9934032661379127]",family-cluster sensitivity intervals over the constructed families; not a population confidence interval
05-codegen-b1,S2_P50_FIXED_ROUTE,7849,loads_per_token,555.484375,0.3262303959574363,471.328125,730.703125,FIXED_ROUTE_COUNTERFACTUAL,TPS_PROJECTION,True,M2,RMSE values differ by less than 5%; prefer loads_per_token,fa7480ceb1c45449eec2bb4557ffaa0f62ef14a8fdfd0c55e274b9a281a9fd0c,9567f49ef2dab913c7446dc85c7849b6665d978c9921eb83198d0c2a5e31b49b,4731949078aa993195cafb1c351e056c0df6e557570a271949e62702a6ba62e3,"[""b87d9461ff503e2d13675b08d0362d5675ab8b6a2481e2d19ee46027d0b0ea9d""]",76e0c3d578c4dba56e91d15ad643d8740037788a,0.993535949475491,0.0009278253355740362,"[0.9903916411770711,0.9952167227097748]",0.9926559259504573,0.0014058162266313012,"[0.9910573497774843,0.9934032661379127]",family-cluster sensitivity intervals over the constructed families; not a population confidence interval
05-codegen-b1,S2_P50_FIXED_ROUTE,9790,loads_per_token,481.390625,0.3499745763372524,471.328125,730.703125,FIXED_ROUTE_COUNTERFACTUAL,TPS_PROJECTION,True,M2,RMSE values differ by less than 5%; prefer loads_per_token,fa7480ceb1c45449eec2bb4557ffaa0f62ef14a8fdfd0c55e274b9a281a9fd0c,9567f49ef2dab913c7446dc85c7849b6665d978c9921eb83198d0c2a5e31b49b,4731949078aa993195cafb1c351e056c0df6e557570a271949e62702a6ba62e3,"[""b87d9461ff503e2d13675b08d0362d5675ab8b6a2481e2d19ee46027d0b0ea9d""]",76e0c3d578c4dba56e91d15ad643d8740037788a,0.993535949475491,0.0009278253355740362,"[0.9903916411770711,0.9952167227097748]",0.9926559259504573,0.0014058162266313012,"[0.9910573497774843,0.9934032661379127]",family-cluster sensitivity intervals over the constructed families; not a population confidence interval
05-codegen-b5,COMMITTEE_PIN_FIXED_ROUTE,9790,loads_per_token,647.234375,0.2968280705271791,471.328125,730.703125,FIXED_ROUTE_COUNTERFACTUAL,TPS_PROJECTION,True,M2,RMSE values differ by less than 5%; prefer loads_per_token,fa7480ceb1c45449eec2bb4557ffaa0f62ef14a8fdfd0c55e274b9a281a9fd0c,9567f49ef2dab913c7446dc85c7849b6665d978c9921eb83198d0c2a5e31b49b,4731949078aa993195cafb1c351e056c0df6e557570a271949e62702a6ba62e3,"[""0927db654db7b106584a5099415733edc65ed505a631836268158dc94d876889""]",76e0c3d578c4dba56e91d15ad643d8740037788a,0.993535949475491,0.0009278253355740362,"[0.9903916411770711,0.9952167227097748]",0.9926559259504573,0.0014058162266313012,"[0.9910573497774843,0.9934032661379127]",family-cluster sensitivity intervals over the constructed families; not a population confidence interval
05-codegen-b5,COMMITTEE_PIN_FIXED_ROUTE,11748,loads_per_token,551.6875,0.32744714750368165,471.328125,730.703125,FIXED_ROUTE_COUNTERFACTUAL,TPS_PROJECTION,True,M2,RMSE values differ by less than 5%; prefer loads_per_token,fa7480ceb1c45449eec2bb4557ffaa0f62ef14a8fdfd0c55e274b9a281a9fd0c,9567f49ef2dab913c7446dc85c7849b6665d978c9921eb83198d0c2a5e31b49b,4731949078aa993195cafb1c351e056c0df6e557570a271949e62702a6ba62e3,"[""0927db654db7b106584a5099415733edc65ed505a631836268158dc94d876889""]",76e0c3d578c4dba56e91d15ad643d8740037788a,0.993535949475491,0.0009278253355740362,"[0.9903916411770711,0.9952167227097748]",0.9926559259504573,0.0014058162266313012,"[0.9910573497774843,0.9934032661379127]",family-cluster sensitivity intervals over the constructed families; not a population confidence interval
05-codegen-b5,COMMITTEE_PIN_FIXED_ROUTE,9790,loads_per_token,647.234375,0.2968280705271791,471.328125,730.703125,FIXED_ROUTE_COUNTERFACTUAL,TPS_PROJECTION,True,M2,RMSE values differ by less than 5%; prefer loads_per_token,fa7480ceb1c45449eec2bb4557ffaa0f62ef14a8fdfd0c55e274b9a281a9fd0c,9567f49ef2dab913c7446dc85c7849b6665d978c9921eb83198d0c2a5e31b49b,4731949078aa993195cafb1c351e056c0df6e557570a271949e62702a6ba62e3,"[""0927db654db7b106584a5099415733edc65ed505a631836268158dc94d876889""]",76e0c3d578c4dba56e91d15ad643d8740037788a,0.993535949475491,0.0009278253355740362,"[0.9903916411770711,0.9952167227097748]",0.9926559259504573,0.0014058162266313012,"[0.9910573497774843,0.9934032661379127]",family-cluster sensitivity intervals over the constructed families; not a population confidence interval
05-codegen-b5,COMMITTEE_PIN_FIXED_ROUTE,11748,loads_per_token,551.6875,0.32744714750368165,471.328125,730.703125,FIXED_ROUTE_COUNTERFACTUAL,TPS_PROJECTION,True,M2,RMSE values differ by less than 5%; prefer loads_per_token,fa7480ceb1c45449eec2bb4557ffaa0f62ef14a8fdfd0c55e274b9a281a9fd0c,9567f49ef2dab913c7446dc85c7849b6665d978c9921eb83198d0c2a5e31b49b,4731949078aa993195cafb1c351e056c0df6e557570a271949e62702a6ba62e3,"[""0927db654db7b106584a5099415733edc65ed505a631836268158dc94d876889""]",76e0c3d578c4dba56e91d15ad643d8740037788a,0.993535949475491,0.0009278253355740362,"[0.9903916411770711,0.9952167227097748]",0.9926559259504573,0.0014058162266313012,"[0.9910573497774843,0.9934032661379127]",family-cluster sensitivity intervals over the constructed families; not a population confidence interval
05-codegen-b5,COMMITTEE_PIN_FIXED_ROUTE,7832,loads_per_token,665.34375,0.2910247164444699,471.328125,730.703125,FIXED_ROUTE_COUNTERFACTUAL,TPS_PROJECTION,True,M2,RMSE values differ by less than 5%; prefer loads_per_token,fa7480ceb1c45449eec2bb4557ffaa0f62ef14a8fdfd0c55e274b9a281a9fd0c,9567f49ef2dab913c7446dc85c7849b6665d978c9921eb83198d0c2a5e31b49b,4731949078aa993195cafb1c351e056c0df6e557570a271949e62702a6ba62e3,"[""0927db654db7b106584a5099415733edc65ed505a631836268158dc94d876889""]",76e0c3d578c4dba56e91d15ad643d8740037788a,0.993535949475491,0.0009278253355740362,"[0.9903916411770711,0.9952167227097748]",0.9926559259504573,0.0014058162266313012,"[0.9910573497774843,0.9934032661379127]",family-cluster sensitivity intervals over the constructed families; not a population confidence interval
05-codegen-b5,COMMITTEE_PIN_FIXED_ROUTE,7849,loads_per_token,664.671875,0.29124002638886726,471.328125,730.703125,FIXED_ROUTE_COUNTERFACTUAL,TPS_PROJECTION,True,M2,RMSE values differ by less than 5%; prefer loads_per_token,fa7480ceb1c45449eec2bb4557ffaa0f62ef14a8fdfd0c55e274b9a281a9fd0c,9567f49ef2dab913c7446dc85c7849b6665d978c9921eb83198d0c2a5e31b49b,4731949078aa993195cafb1c351e056c0df6e557570a271949e62702a6ba62e3,"[""0927db654db7b106584a5099415733edc65ed505a631836268158dc94d876889""]",76e0c3d578c4dba56e91d15ad643d8740037788a,0.993535949475491,0.0009278253355740362,"[0.9903916411770711,0.9952167227097748]",0.9926559259504573,0.0014058162266313012,"[0.9910573497774843,0.9934032661379127]",family-cluster sensitivity intervals over the constructed families; not a population confidence interval
05-codegen-b5,COMMITTEE_PIN_FIXED_ROUTE,9790,loads_per_token,572.453125,0.3207925680594017,471.328125,730.703125,FIXED_ROUTE_COUNTERFACTUAL,TPS_PROJECTION,True,M2,RMSE values differ by less than 5%; prefer loads_per_token,fa7480ceb1c45449eec2bb4557ffaa0f62ef14a8fdfd0c55e274b9a281a9fd0c,9567f49ef2dab913c7446dc85c7849b6665d978c9921eb83198d0c2a5e31b49b,4731949078aa993195cafb1c351e056c0df6e557570a271949e62702a6ba62e3,"[""0927db654db7b106584a5099415733edc65ed505a631836268158dc94d876889""]",76e0c3d578c4dba56e91d15ad643d8740037788a,0.993535949475491,0.0009278253355740362,"[0.9903916411770711,0.9952167227097748]",0.9926559259504573,0.0014058162266313012,"[0.9910573497774843,0.9934032661379127]",family-cluster sensitivity intervals over the constructed families; not a population confidence interval
05-codegen-b5,COMMITTEE_PIN_FIXED_ROUTE,11748,loads_per_token,503.40625,0.3429194202522332,471.328125,730.703125,FIXED_ROUTE_COUNTERFACTUAL,TPS_PROJECTION,True,M2,RMSE values differ by less than 5%; prefer loads_per_token,fa7480ceb1c45449eec2bb4557ffaa0f62ef14a8fdfd0c55e274b9a281a9fd0c,9567f49ef2dab913c7446dc85c7849b6665d978c9921eb83198d0c2a5e31b49b,4731949078aa993195cafb1c351e056c0df6e557570a271949e62702a6ba62e3,"[""0927db654db7b106584a5099415733edc65ed505a631836268158dc94d876889""]",76e0c3d578c4dba56e91d15ad643d8740037788a,0.993535949475491,0.0009278253355740362,"[0.9903916411770711,0.9952167227097748]",0.9926559259504573,0.0014058162266313012,"[0.9910573497774843,0.9934032661379127]",family-cluster sensitivity intervals over the constructed families; not a population confidence interval
05-codegen-b5,COMMITTEE_PIN_FIXED_ROUTE,7832,loads_per_token,639.828125,0.2992014871235588,471.328125,730.703125,FIXED_ROUTE_COUNTERFACTUAL,TPS_PROJECTION,True,M2,RMSE values differ by less than 5%; prefer loads_per_token,fa7480ceb1c45449eec2bb4557ffaa0f62ef14a8fdfd0c55e274b9a281a9fd0c,9567f49ef2dab913c7446dc85c7849b6665d978c9921eb83198d0c2a5e31b49b,4731949078aa993195cafb1c351e056c0df6e557570a271949e62702a6ba62e3,"[""0927db654db7b106584a5099415733edc65ed505a631836268158dc94d876889""]",76e0c3d578c4dba56e91d15ad643d8740037788a,0.993535949475491,0.0009278253355740362,"[0.9903916411770711,0.9952167227097748]",0.9926559259504573,0.0014058162266313012,"[0.9910573497774843,0.9934032661379127]",family-cluster sensitivity intervals over the constructed families; not a population confidence interval
05-codegen-b5,COMMITTEE_PIN_FIXED_ROUTE,7849,loads_per_token,639.21875,0.2993967682359192,471.328125,730.703125,FIXED_ROUTE_COUNTERFACTUAL,TPS_PROJECTION,True,M2,RMSE values differ by less than 5%; prefer loads_per_token,fa7480ceb1c45449eec2bb4557ffaa0f62ef14a8fdfd0c55e274b9a281a9fd0c,9567f49ef2dab913c7446dc85c7849b6665d978c9921eb83198d0c2a5e31b49b,4731949078aa993195cafb1c351e056c0df6e557570a271949e62702a6ba62e3,"[""0927db654db7b106584a5099415733edc65ed505a631836268158dc94d876889""]",76e0c3d578c4dba56e91d15ad643d8740037788a,0.993535949475491,0.0009278253355740362,"[0.9903916411770711,0.9952167227097748]",0.9926559259504573,0.0014058162266313012,"[0.9910573497774843,0.9934032661379127]",family-cluster sensitivity intervals over the constructed families; not a population confidence interval
05-codegen-b5,COMMITTEE_PIN_FIXED_ROUTE,9790,loads_per_token,573.0,0.32061731577907826,471.328125,730.703125,FIXED_ROUTE_COUNTERFACTUAL,TPS_PROJECTION,True,M2,RMSE values differ by less than 5%; prefer loads_per_token,fa7480ceb1c45449eec2bb4557ffaa0f62ef14a8fdfd0c55e274b9a281a9fd0c,9567f49ef2dab913c7446dc85c7849b6665d978c9921eb83198d0c2a5e31b49b,4731949078aa993195cafb1c351e056c0df6e557570a271949e62702a6ba62e3,"[""0927db654db7b106584a5099415733edc65ed505a631836268158dc94d876889""]",76e0c3d578c4dba56e91d15ad643d8740037788a,0.993535949475491,0.0009278253355740362,"[0.9903916411770711,0.9952167227097748]",0.9926559259504573,0.0014058162266313012,"[0.9910573497774843,0.9934032661379127]",family-cluster sensitivity intervals over the constructed families; not a population confidence interval
05-codegen-b5,COMMITTEE_PIN_FIXED_ROUTE,11748,loads_per_token,506.890625,0.3418028128661727,471.328125,730.703125,FIXED_ROUTE_COUNTERFACTUAL,TPS_PROJECTION,True,M2,RMSE values differ by less than 5%; prefer loads_per_token,fa7480ceb1c45449eec2bb4557ffaa0f62ef14a8fdfd0c55e274b9a281a9fd0c,9567f49ef2dab913c7446dc85c7849b6665d978c9921eb83198d0c2a5e31b49b,4731949078aa993195cafb1c351e056c0df6e557570a271949e62702a6ba62e3,"[""0927db654db7b106584a5099415733edc65ed505a631836268158dc94d876889""]",76e0c3d578c4dba56e91d15ad643d8740037788a,0.993535949475491,0.0009278253355740362,"[0.9903916411770711,0.9952167227097748]",0.9926559259504573,0.0014058162266313012,"[0.9910573497774843,0.9934032661379127]",family-cluster sensitivity intervals over the constructed families; not a population confidence interval
05-codegen-b5,EXACT_LRU,7832,loads_per_token,647.390625,0.29677799844708663,471.328125,730.703125,EXACT_REPLAY,TPS_PROJECTION,True,M2,RMSE values differ by less than 5%; prefer loads_per_token,fa7480ceb1c45449eec2bb4557ffaa0f62ef14a8fdfd0c55e274b9a281a9fd0c,9567f49ef2dab913c7446dc85c7849b6665d978c9921eb83198d0c2a5e31b49b,4731949078aa993195cafb1c351e056c0df6e557570a271949e62702a6ba62e3,"[""18ab89a63b63f6c96a0e0aa4807fcf152aed251b441ab77a8b593bcb35929ba0"",""76eac0bc80147e7a7bec21b268fa0882ea0c1fb64bf19a88a92d49cd407d3fed""]",76e0c3d578c4dba56e91d15ad643d8740037788a,0.993535949475491,0.0009278253355740362,"[0.9903916411770711,0.9952167227097748]",0.9926559259504573,0.0014058162266313012,"[0.9910573497774843,0.9934032661379127]",family-cluster sensitivity intervals over the constructed families; not a population confidence interval
05-codegen-b5,EXACT_LRU,7849,loads_per_token,647.15625,0.2968531065672253,471.328125,730.703125,EXACT_REPLAY,TPS_PROJECTION,True,M2,RMSE values differ by less than 5%; prefer loads_per_token,fa7480ceb1c45449eec2bb4557ffaa0f62ef14a8fdfd0c55e274b9a281a9fd0c,9567f49ef2dab913c7446dc85c7849b6665d978c9921eb83198d0c2a5e31b49b,4731949078aa993195cafb1c351e056c0df6e557570a271949e62702a6ba62e3,"[""18ab89a63b63f6c96a0e0aa4807fcf152aed251b441ab77a8b593bcb35929ba0"",""76eac0bc80147e7a7bec21b268fa0882ea0c1fb64bf19a88a92d49cd407d3fed""]",76e0c3d578c4dba56e91d15ad643d8740037788a,0.993535949475491,0.0009278253355740362,"[0.9903916411770711,0.9952167227097748]",0.9926559259504573,0.0014058162266313012,"[0.9910573497774843,0.9934032661379127]",family-cluster sensitivity intervals over the constructed families; not a population confidence interval
05-codegen-b5,EXACT_LRU,9790,loads_per_token,570.96875,0.3212682528202795,471.328125,730.703125,EXACT_REPLAY,TPS_PROJECTION,True,M2,RMSE values differ by less than 5%; prefer loads_per_token,fa7480ceb1c45449eec2bb4557ffaa0f62ef14a8fdfd0c55e274b9a281a9fd0c,9567f49ef2dab913c7446dc85c7849b6665d978c9921eb83198d0c2a5e31b49b,4731949078aa993195cafb1c351e056c0df6e557570a271949e62702a6ba62e3,"[""18ab89a63b63f6c96a0e0aa4807fcf152aed251b441ab77a8b593bcb35929ba0"",""76eac0bc80147e7a7bec21b268fa0882ea0c1fb64bf19a88a92d49cd407d3fed""]",76e0c3d578c4dba56e91d15ad643d8740037788a,0.993535949475491,0.0009278253355740362,"[0.9903916411770711,0.9952167227097748]",0.9926559259504573,0.0014058162266313012,"[0.9910573497774843,0.9934032661379127]",family-cluster sensitivity intervals over the constructed families; not a population confidence interval
05-codegen-b5,EXACT_LRU,11748,loads_per_token,514.65625,0.3393142304855804,471.328125,730.703125,EXACT_REPLAY,TPS_PROJECTION,True,M2,RMSE values differ by less than 5%; prefer loads_per_token,fa7480ceb1c45449eec2bb4557ffaa0f62ef14a8fdfd0c55e274b9a281a9fd0c,9567f49ef2dab913c7446dc85c7849b6665d978c9921eb83198d0c2a5e31b49b,4731949078aa993195cafb1c351e056c0df6e557570a271949e62702a6ba62e3,"[""18ab89a63b63f6c96a0e0aa4807fcf152aed251b441ab77a8b593bcb35929ba0"",""76eac0bc80147e7a7bec21b268fa0882ea0c1fb64bf19a88a92d49cd407d3fed""]",76e0c3d578c4dba56e91d15ad643d8740037788a,0.993535949475491,0.0009278253355740362,"[0.9903916411770711,0.9952167227097748]",0.9926559259504573,0.0014058162266313012,"[0.9910573497774843,0.9934032661379127]",family-cluster sensitivity intervals over the constructed families; not a population confidence interval
05-codegen-b5,S2_P50_FIXED_ROUTE,5874,loads_per_token,643.265625,0.29809990136152603,471.328125,730.703125,FIXED_ROUTE_COUNTERFACTUAL,TPS_PROJECTION,True,M2,RMSE values differ by less than 5%; prefer loads_per_token,fa7480ceb1c45449eec2bb4557ffaa0f62ef14a8fdfd0c55e274b9a281a9fd0c,9567f49ef2dab913c7446dc85c7849b6665d978c9921eb83198d0c2a5e31b49b,4731949078aa993195cafb1c351e056c0df6e557570a271949e62702a6ba62e3,"[""b87d9461ff503e2d13675b08d0362d5675ab8b6a2481e2d19ee46027d0b0ea9d""]",76e0c3d578c4dba56e91d15ad643d8740037788a,0.993535949475491,0.0009278253355740362,"[0.9903916411770711,0.9952167227097748]",0.9926559259504573,0.0014058162266313012,"[0.9910573497774843,0.9934032661379127]",family-cluster sensitivity intervals over the constructed families; not a population confidence interval
05-codegen-b5,S2_P50_FIXED_ROUTE,7832,loads_per_token,547.109375,0.328914259450389,471.328125,730.703125,FIXED_ROUTE_COUNTERFACTUAL,TPS_PROJECTION,True,M2,RMSE values differ by less than 5%; prefer loads_per_token,fa7480ceb1c45449eec2bb4557ffaa0f62ef14a8fdfd0c55e274b9a281a9fd0c,9567f49ef2dab913c7446dc85c7849b6665d978c9921eb83198d0c2a5e31b49b,4731949078aa993195cafb1c351e056c0df6e557570a271949e62702a6ba62e3,"[""b87d9461ff503e2d13675b08d0362d5675ab8b6a2481e2d19ee46027d0b0ea9d""]",76e0c3d578c4dba56e91d15ad643d8740037788a,0.993535949475491,0.0009278253355740362,"[0.9903916411770711,0.9952167227097748]",0.9926559259504573,0.0014058162266313012,"[0.9910573497774843,0.9934032661379127]",family-cluster sensitivity intervals over the constructed families; not a population confidence interval
05-codegen-b5,S2_P50_FIXED_ROUTE,7849,loads_per_token,543.4375,0.33009095333256033,471.328125,730.703125,FIXED_ROUTE_COUNTERFACTUAL,TPS_PROJECTION,True,M2,RMSE values differ by less than 5%; prefer loads_per_token,fa7480ceb1c45449eec2bb4557ffaa0f62ef14a8fdfd0c55e274b9a281a9fd0c,9567f49ef2dab913c7446dc85c7849b6665d978c9921eb83198d0c2a5e31b49b,4731949078aa993195cafb1c351e056c0df6e557570a271949e62702a6ba62e3,"[""b87d9461ff503e2d13675b08d0362d5675ab8b6a2481e2d19ee46027d0b0ea9d""]",76e0c3d578c4dba56e91d15ad643d8740037788a,0.993535949475491,0.0009278253355740362,"[0.9903916411770711,0.9952167227097748]",0.9926559259504573,0.0014058162266313012,"[0.9910573497774843,0.9934032661379127]",family-cluster sensitivity intervals over the constructed families; not a population confidence interval
05-codegen-b8,EXACT_LRU,7832,loads_per_token,643.21875,0.29811492298555375,471.328125,730.703125,EXACT_REPLAY,TPS_PROJECTION,True,M2,RMSE values differ by less than 5%; prefer loads_per_token,fa7480ceb1c45449eec2bb4557ffaa0f62ef14a8fdfd0c55e274b9a281a9fd0c,9567f49ef2dab913c7446dc85c7849b6665d978c9921eb83198d0c2a5e31b49b,4731949078aa993195cafb1c351e056c0df6e557570a271949e62702a6ba62e3,"[""18ab89a63b63f6c96a0e0aa4807fcf152aed251b441ab77a8b593bcb35929ba0"",""6d340743af8075222c0e12684b4403723d5bbb494cf56450da83f62b1ae1854c""]",76e0c3d578c4dba56e91d15ad643d8740037788a,0.993535949475491,0.0009278253355740362,"[0.9903916411770711,0.9952167227097748]",0.9926559259504573,0.0014058162266313012,"[0.9910573497774843,0.9934032661379127]",family-cluster sensitivity intervals over the constructed families; not a population confidence interval
05-codegen-b8,EXACT_LRU,7849,loads_per_token,642.921875,0.2982100599377293,471.328125,730.703125,EXACT_REPLAY,TPS_PROJECTION,True,M2,RMSE values differ by less than 5%; prefer loads_per_token,fa7480ceb1c45449eec2bb4557ffaa0f62ef14a8fdfd0c55e274b9a281a9fd0c,9567f49ef2dab913c7446dc85c7849b6665d978c9921eb83198d0c2a5e31b49b,4731949078aa993195cafb1c351e056c0df6e557570a271949e62702a6ba62e3,"[""18ab89a63b63f6c96a0e0aa4807fcf152aed251b441ab77a8b593bcb35929ba0"",""6d340743af8075222c0e12684b4403723d5bbb494cf56450da83f62b1ae1854c""]",76e0c3d578c4dba56e91d15ad643d8740037788a,0.993535949475491,0.0009278253355740362,"[0.9903916411770711,0.9952167227097748]",0.9926559259504573,0.0014058162266313012,"[0.9910573497774843,0.9934032661379127]",family-cluster sensitivity intervals over the constructed families; not a population confidence interval
05-codegen-b8,EXACT_LRU,9790,loads_per_token,578.703125,0.3187896848557057,471.328125,730.703125,EXACT_REPLAY,TPS_PROJECTION,True,M2,RMSE values differ by less than 5%; prefer loads_per_token,fa7480ceb1c45449eec2bb4557ffaa0f62ef14a8fdfd0c55e274b9a281a9fd0c,9567f49ef2dab913c7446dc85c7849b6665d978c9921eb83198d0c2a5e31b49b,4731949078aa993195cafb1c351e056c0df6e557570a271949e62702a6ba62e3,"[""18ab89a63b63f6c96a0e0aa4807fcf152aed251b441ab77a8b593bcb35929ba0"",""6d340743af8075222c0e12684b4403723d5bbb494cf56450da83f62b1ae1854c""]",76e0c3d578c4dba56e91d15ad643d8740037788a,0.993535949475491,0.0009278253355740362,"[0.9903916411770711,0.9952167227097748]",0.9926559259504573,0.0014058162266313012,"[0.9910573497774843,0.9934032661379127]",family-cluster sensitivity intervals over the constructed families; not a population confidence interval
05-codegen-b8,EXACT_LRU,11748,loads_per_token,507.5,0.3416075317538123,471.328125,730.703125,EXACT_REPLAY,TPS_PROJECTION,True,M2,RMSE values differ by less than 5%; prefer loads_per_token,fa7480ceb1c45449eec2bb4557ffaa0f62ef14a8fdfd0c55e274b9a281a9fd0c,9567f49ef2dab913c7446dc85c7849b6665d978c9921eb83198d0c2a5e31b49b,4731949078aa993195cafb1c351e056c0df6e557570a271949e62702a6ba62e3,"[""18ab89a63b63f6c96a0e0aa4807fcf152aed251b441ab77a8b593bcb35929ba0"",""6d340743af8075222c0e12684b4403723d5bbb494cf56450da83f62b1ae1854c""]",76e0c3d578c4dba56e91d15ad643d8740037788a,0.993535949475491,0.0009278253355740362,"[0.9903916411770711,0.9952167227097748]",0.9926559259504573,0.0014058162266313012,"[0.9910573497774843,0.9934032661379127]",family-cluster sensitivity intervals over the constructed families; not a population confidence interval
05-codegen-b8,S2_P50_FIXED_ROUTE,5874,loads_per_token,617.65625,0.3063067152886704,471.328125,730.703125,FIXED_ROUTE_COUNTERFACTUAL,TPS_PROJECTION,True,M2,RMSE values differ by less than 5%; prefer loads_per_token,fa7480ceb1c45449eec2bb4557ffaa0f62ef14a8fdfd0c55e274b9a281a9fd0c,9567f49ef2dab913c7446dc85c7849b6665d978c9921eb83198d0c2a5e31b49b,4731949078aa993195cafb1c351e056c0df6e557570a271949e62702a6ba62e3,"[""b87d9461ff503e2d13675b08d0362d5675ab8b6a2481e2d19ee46027d0b0ea9d""]",76e0c3d578c4dba56e91d15ad643d8740037788a,0.993535949475491,0.0009278253355740362,"[0.9903916411770711,0.9952167227097748]",0.9926559259504573,0.0014058162266313012,"[0.9910573497774843,0.9934032661379127]",family-cluster sensitivity intervals over the constructed families; not a population confidence interval
05-codegen-b8,S2_P50_FIXED_ROUTE,7832,loads_per_token,541.15625,0.3308220057019094,471.328125,730.703125,FIXED_ROUTE_COUNTERFACTUAL,TPS_PROJECTION,True,M2,RMSE values differ by less than 5%; prefer loads_per_token,fa7480ceb1c45449eec2bb4557ffaa0f62ef14a8fdfd0c55e274b9a281a9fd0c,9567f49ef2dab913c7446dc85c7849b6665d978c9921eb83198d0c2a5e31b49b,4731949078aa993195cafb1c351e056c0df6e557570a271949e62702a6ba62e3,"[""b87d9461ff503e2d13675b08d0362d5675ab8b6a2481e2d19ee46027d0b0ea9d""]",76e0c3d578c4dba56e91d15ad643d8740037788a,0.993535949475491,0.0009278253355740362,"[0.9903916411770711,0.9952167227097748]",0.9926559259504573,0.0014058162266313012,"[0.9910573497774843,0.9934032661379127]",family-cluster sensitivity intervals over the constructed families; not a population confidence interval
05-codegen-b8,S2_P50_FIXED_ROUTE,7849,loads_per_token,540.75,0.3309521931101496,471.328125,730.703125,FIXED_ROUTE_COUNTERFACTUAL,TPS_PROJECTION,True,M2,RMSE values differ by less than 5%; prefer loads_per_token,fa7480ceb1c45449eec2bb4557ffaa0f62ef14a8fdfd0c55e274b9a281a9fd0c,9567f49ef2dab913c7446dc85c7849b6665d978c9921eb83198d0c2a5e31b49b,4731949078aa993195cafb1c351e056c0df6e557570a271949e62702a6ba62e3,"[""b87d9461ff503e2d13675b08d0362d5675ab8b6a2481e2d19ee46027d0b0ea9d""]",76e0c3d578c4dba56e91d15ad643d8740037788a,0.993535949475491,0.0009278253355740362,"[0.9903916411770711,0.9952167227097748]",0.9926559259504573,0.0014058162266313012,"[0.9910573497774843,0.9934032661379127]",family-cluster sensitivity intervals over the constructed families; not a population confidence interval
06-debug-b1,EXACT_LRU,5874,loads_per_token,686.1875,0.28434510096014376,471.328125,730.703125,EXACT_REPLAY,TPS_PROJECTION,True,M2,RMSE values differ by less than 5%; prefer loads_per_token,fa7480ceb1c45449eec2bb4557ffaa0f62ef14a8fdfd0c55e274b9a281a9fd0c,9567f49ef2dab913c7446dc85c7849b6665d978c9921eb83198d0c2a5e31b49b,4731949078aa993195cafb1c351e056c0df6e557570a271949e62702a6ba62e3,"[""18ab89a63b63f6c96a0e0aa4807fcf152aed251b441ab77a8b593bcb35929ba0"",""91d086139252d7555304b75faf04e624b1d873be0d379679bde30fceccc3b521""]",76e0c3d578c4dba56e91d15ad643d8740037788a,0.993535949475491,0.0009278253355740362,"[0.9903916411770711,0.9952167227097748]",0.9926559259504573,0.0014058162266313012,"[0.9910573497774843,0.9934032661379127]",family-cluster sensitivity intervals over the constructed families; not a population confidence interval
06-debug-b1,EXACT_LRU,7832,loads_per_token,625.53125,0.3037830824520134,471.328125,730.703125,EXACT_REPLAY,TPS_PROJECTION,True,M2,RMSE values differ by less than 5%; prefer loads_per_token,fa7480ceb1c45449eec2bb4557ffaa0f62ef14a8fdfd0c55e274b9a281a9fd0c,9567f49ef2dab913c7446dc85c7849b6665d978c9921eb83198d0c2a5e31b49b,4731949078aa993195cafb1c351e056c0df6e557570a271949e62702a6ba62e3,"[""18ab89a63b63f6c96a0e0aa4807fcf152aed251b441ab77a8b593bcb35929ba0"",""91d086139252d7555304b75faf04e624b1d873be0d379679bde30fceccc3b521""]",76e0c3d578c4dba56e91d15ad643d8740037788a,0.993535949475491,0.0009278253355740362,"[0.9903916411770711,0.9952167227097748]",0.9926559259504573,0.0014058162266313012,"[0.9910573497774843,0.9934032661379127]",family-cluster sensitivity intervals over the constructed families; not a population confidence interval
06-debug-b1,EXACT_LRU,7849,loads_per_token,624.90625,0.303983370772383,471.328125,730.703125,EXACT_REPLAY,TPS_PROJECTION,True,M2,RMSE values differ by less than 5%; prefer loads_per_token,fa7480ceb1c45449eec2bb4557ffaa0f62ef14a8fdfd0c55e274b9a281a9fd0c,9567f49ef2dab913c7446dc85c7849b6665d978c9921eb83198d0c2a5e31b49b,4731949078aa993195cafb1c351e056c0df6e557570a271949e62702a6ba62e3,"[""18ab89a63b63f6c96a0e0aa4807fcf152aed251b441ab77a8b593bcb35929ba0"",""91d086139252d7555304b75faf04e624b1d873be0d379679bde30fceccc3b521""]",76e0c3d578c4dba56e91d15ad643d8740037788a,0.993535949475491,0.0009278253355740362,"[0.9903916411770711,0.9952167227097748]",0.9926559259504573,0.0014058162266313012,"[0.9910573497774843,0.9934032661379127]",family-cluster sensitivity intervals over the constructed families; not a population confidence interval
06-debug-b1,EXACT_LRU,9790,loads_per_token,588.625,0.3156101077698383,471.328125,730.703125,EXACT_REPLAY,TPS_PROJECTION,True,M2,RMSE values differ by less than 5%; prefer loads_per_token,fa7480ceb1c45449eec2bb4557ffaa0f62ef14a8fdfd0c55e274b9a281a9fd0c,9567f49ef2dab913c7446dc85c7849b6665d978c9921eb83198d0c2a5e31b49b,4731949078aa993195cafb1c351e056c0df6e557570a271949e62702a6ba62e3,"[""18ab89a63b63f6c96a0e0aa4807fcf152aed251b441ab77a8b593bcb35929ba0"",""91d086139252d7555304b75faf04e624b1d873be0d379679bde30fceccc3b521""]",76e0c3d578c4dba56e91d15ad643d8740037788a,0.993535949475491,0.0009278253355740362,"[0.9903916411770711,0.9952167227097748]",0.9926559259504573,0.0014058162266313012,"[0.9910573497774843,0.9934032661379127]",family-cluster sensitivity intervals over the constructed families; not a population confidence interval
06-debug-b1,EXACT_LRU,11748,loads_per_token,556.578125,0.3258798913967895,471.328125,730.703125,EXACT_REPLAY,TPS_PROJECTION,True,M2,RMSE values differ by less than 5%; prefer loads_per_token,fa7480ceb1c45449eec2bb4557ffaa0f62ef14a8fdfd0c55e274b9a281a9fd0c,9567f49ef2dab913c7446dc85c7849b6665d978c9921eb83198d0c2a5e31b49b,4731949078aa993195cafb1c351e056c0df6e557570a271949e62702a6ba62e3,"[""18ab89a63b63f6c96a0e0aa4807fcf152aed251b441ab77a8b593bcb35929ba0"",""91d086139252d7555304b75faf04e624b1d873be0d379679bde30fceccc3b521""]",76e0c3d578c4dba56e91d15ad643d8740037788a,0.993535949475491,0.0009278253355740362,"[0.9903916411770711,0.9952167227097748]",0.9926559259504573,0.0014058162266313012,"[0.9910573497774843,0.9934032661379127]",family-cluster sensitivity intervals over the constructed families; not a population confidence interval
06-debug-b1,EXACT_LRU,15665,loads_per_token,495.890625,0.34532788730467767,471.328125,730.703125,EXACT_REPLAY,TPS_PROJECTION,True,M2,RMSE values differ by less than 5%; prefer loads_per_token,fa7480ceb1c45449eec2bb4557ffaa0f62ef14a8fdfd0c55e274b9a281a9fd0c,9567f49ef2dab913c7446dc85c7849b6665d978c9921eb83198d0c2a5e31b49b,4731949078aa993195cafb1c351e056c0df6e557570a271949e62702a6ba62e3,"[""18ab89a63b63f6c96a0e0aa4807fcf152aed251b441ab77a8b593bcb35929ba0"",""91d086139252d7555304b75faf04e624b1d873be0d379679bde30fceccc3b521""]",76e0c3d578c4dba56e91d15ad643d8740037788a,0.993535949475491,0.0009278253355740362,"[0.9903916411770711,0.9952167227097748]",0.9926559259504573,0.0014058162266313012,"[0.9910573497774843,0.9934032661379127]",family-cluster sensitivity intervals over the constructed families; not a population confidence interval
06-debug-b1,S2_P50_FIXED_ROUTE,3916,loads_per_token,682.34375,0.28557687413041677,471.328125,730.703125,FIXED_ROUTE_COUNTERFACTUAL,TPS_PROJECTION,True,M2,RMSE values differ by less than 5%; prefer loads_per_token,fa7480ceb1c45449eec2bb4557ffaa0f62ef14a8fdfd0c55e274b9a281a9fd0c,9567f49ef2dab913c7446dc85c7849b6665d978c9921eb83198d0c2a5e31b49b,4731949078aa993195cafb1c351e056c0df6e557570a271949e62702a6ba62e3,"[""b87d9461ff503e2d13675b08d0362d5675ab8b6a2481e2d19ee46027d0b0ea9d""]",76e0c3d578c4dba56e91d15ad643d8740037788a,0.993535949475491,0.0009278253355740362,"[0.9903916411770711,0.9952167227097748]",0.9926559259504573,0.0014058162266313012,"[0.9910573497774843,0.9934032661379127]",family-cluster sensitivity intervals over the constructed families; not a population confidence interval
06-debug-b1,S2_P50_FIXED_ROUTE,5874,loads_per_token,590.28125,0.3150793437208589,471.328125,730.703125,FIXED_ROUTE_COUNTERFACTUAL,TPS_PROJECTION,True,M2,RMSE values differ by less than 5%; prefer loads_per_token,fa7480ceb1c45449eec2bb4557ffaa0f62ef14a8fdfd0c55e274b9a281a9fd0c,9567f49ef2dab913c7446dc85c7849b6665d978c9921eb83198d0c2a5e31b49b,4731949078aa993195cafb1c351e056c0df6e557570a271949e62702a6ba62e3,"[""b87d9461ff503e2d13675b08d0362d5675ab8b6a2481e2d19ee46027d0b0ea9d""]",76e0c3d578c4dba56e91d15ad643d8740037788a,0.993535949475491,0.0009278253355740362,"[0.9903916411770711,0.9952167227097748]",0.9926559259504573,0.0014058162266313012,"[0.9910573497774843,0.9934032661379127]",family-cluster sensitivity intervals over the constructed families; not a population confidence interval
06-debug-b1,S2_P50_FIXED_ROUTE,7832,loads_per_token,537.890625,0.33186851217584057,471.328125,730.703125,FIXED_ROUTE_COUNTERFACTUAL,TPS_PROJECTION,True,M2,RMSE values differ by less than 5%; prefer loads_per_token,fa7480ceb1c45449eec2bb4557ffaa0f62ef14a8fdfd0c55e274b9a281a9fd0c,9567f49ef2dab913c7446dc85c7849b6665d978c9921eb83198d0c2a5e31b49b,4731949078aa993195cafb1c351e056c0df6e557570a271949e62702a6ba62e3,"[""b87d9461ff503e2d13675b08d0362d5675ab8b6a2481e2d19ee46027d0b0ea9d""]",76e0c3d578c4dba56e91d15ad643d8740037788a,0.993535949475491,0.0009278253355740362,"[0.9903916411770711,0.9952167227097748]",0.9926559259504573,0.0014058162266313012,"[0.9910573497774843,0.9934032661379127]",family-cluster sensitivity intervals over the constructed families; not a population confidence interval
06-debug-b1,S2_P50_FIXED_ROUTE,7849,loads_per_token,537.53125,0.33198367796005307,471.328125,730.703125,FIXED_ROUTE_COUNTERFACTUAL,TPS_PROJECTION,True,M2,RMSE values differ by less than 5%; prefer loads_per_token,fa7480ceb1c45449eec2bb4557ffaa0f62ef14a8fdfd0c55e274b9a281a9fd0c,9567f49ef2dab913c7446dc85c7849b6665d978c9921eb83198d0c2a5e31b49b,4731949078aa993195cafb1c351e056c0df6e557570a271949e62702a6ba62e3,"[""b87d9461ff503e2d13675b08d0362d5675ab8b6a2481e2d19ee46027d0b0ea9d""]",76e0c3d578c4dba56e91d15ad643d8740037788a,0.993535949475491,0.0009278253355740362,"[0.9903916411770711,0.9952167227097748]",0.9926559259504573,0.0014058162266313012,"[0.9910573497774843,0.9934032661379127]",family-cluster sensitivity intervals over the constructed families; not a population confidence interval
06-debug-b1,S2_P50_FIXED_ROUTE,9790,loads_per_token,503.546875,0.34287435538015004,471.328125,730.703125,FIXED_ROUTE_COUNTERFACTUAL,TPS_PROJECTION,True,M2,RMSE values differ by less than 5%; prefer loads_per_token,fa7480ceb1c45449eec2bb4557ffaa0f62ef14a8fdfd0c55e274b9a281a9fd0c,9567f49ef2dab913c7446dc85c7849b6665d978c9921eb83198d0c2a5e31b49b,4731949078aa993195cafb1c351e056c0df6e557570a271949e62702a6ba62e3,"[""b87d9461ff503e2d13675b08d0362d5675ab8b6a2481e2d19ee46027d0b0ea9d""]",76e0c3d578c4dba56e91d15ad643d8740037788a,0.993535949475491,0.0009278253355740362,"[0.9903916411770711,0.9952167227097748]",0.9926559259504573,0.0014058162266313012,"[0.9910573497774843,0.9934032661379127]",family-cluster sensitivity intervals over the constructed families; not a population confidence interval
06-debug-b4,COMMITTEE_PIN_FIXED_ROUTE,23497,loads_per_token,671.484375,0.2890568836968386,471.328125,730.703125,FIXED_ROUTE_COUNTERFACTUAL,TPS_PROJECTION,True,M2,RMSE values differ by less than 5%; prefer loads_per_token,fa7480ceb1c45449eec2bb4557ffaa0f62ef14a8fdfd0c55e274b9a281a9fd0c,9567f49ef2dab913c7446dc85c7849b6665d978c9921eb83198d0c2a5e31b49b,4731949078aa993195cafb1c351e056c0df6e557570a271949e62702a6ba62e3,"[""0927db654db7b106584a5099415733edc65ed505a631836268158dc94d876889""]",76e0c3d578c4dba56e91d15ad643d8740037788a,0.993535949475491,0.0009278253355740362,"[0.9903916411770711,0.9952167227097748]",0.9926559259504573,0.0014058162266313012,"[0.9910573497774843,0.9934032661379127]",family-cluster sensitivity intervals over the constructed families; not a population confidence interval
06-debug-b4,COMMITTEE_PIN_FIXED_ROUTE,9790,loads_per_token,689.421875,0.2833086089022311,471.328125,730.703125,FIXED_ROUTE_COUNTERFACTUAL,TPS_PROJECTION,True,M2,RMSE values differ by less than 5%; prefer loads_per_token,fa7480ceb1c45449eec2bb4557ffaa0f62ef14a8fdfd0c55e274b9a281a9fd0c,9567f49ef2dab913c7446dc85c7849b6665d978c9921eb83198d0c2a5e31b49b,4731949078aa993195cafb1c351e056c0df6e557570a271949e62702a6ba62e3,"[""0927db654db7b106584a5099415733edc65ed505a631836268158dc94d876889""]",76e0c3d578c4dba56e91d15ad643d8740037788a,0.993535949475491,0.0009278253355740362,"[0.9903916411770711,0.9952167227097748]",0.9926559259504573,0.0014058162266313012,"[0.9910573497774843,0.9934032661379127]",family-cluster sensitivity intervals over the constructed families; not a population confidence interval
06-debug-b4,COMMITTEE_PIN_FIXED_ROUTE,11748,loads_per_token,522.109375,0.33692579226517294,471.328125,730.703125,FIXED_ROUTE_COUNTERFACTUAL,TPS_PROJECTION,True,M2,RMSE values differ by less than 5%; prefer loads_per_token,fa7480ceb1c45449eec2bb4557ffaa0f62ef14a8fdfd0c55e274b9a281a9fd0c,9567f49ef2dab913c7446dc85c7849b6665d978c9921eb83198d0c2a5e31b49b,4731949078aa993195cafb1c351e056c0df6e557570a271949e62702a6ba62e3,"[""0927db654db7b106584a5099415733edc65ed505a631836268158dc94d876889""]",76e0c3d578c4dba56e91d15ad643d8740037788a,0.993535949475491,0.0009278253355740362,"[0.9903916411770711,0.9952167227097748]",0.9926559259504573,0.0014058162266313012,"[0.9910573497774843,0.9934032661379127]",family-cluster sensitivity intervals over the constructed families; not a population confidence interval
06-debug-b4,COMMITTEE_PIN_FIXED_ROUTE,9790,loads_per_token,689.421875,0.2833086089022311,471.328125,730.703125,FIXED_ROUTE_COUNTERFACTUAL,TPS_PROJECTION,True,M2,RMSE values differ by less than 5%; prefer loads_per_token,fa7480ceb1c45449eec2bb4557ffaa0f62ef14a8fdfd0c55e274b9a281a9fd0c,9567f49ef2dab913c7446dc85c7849b6665d978c9921eb83198d0c2a5e31b49b,4731949078aa993195cafb1c351e056c0df6e557570a271949e62702a6ba62e3,"[""0927db654db7b106584a5099415733edc65ed505a631836268158dc94d876889""]",76e0c3d578c4dba56e91d15ad643d8740037788a,0.993535949475491,0.0009278253355740362,"[0.9903916411770711,0.9952167227097748]",0.9926559259504573,0.0014058162266313012,"[0.9910573497774843,0.9934032661379127]",family-cluster sensitivity intervals over the constructed families; not a population confidence interval
06-debug-b4,COMMITTEE_PIN_FIXED_ROUTE,11748,loads_per_token,522.109375,0.33692579226517294,471.328125,730.703125,FIXED_ROUTE_COUNTERFACTUAL,TPS_PROJECTION,True,M2,RMSE values differ by less than 5%; prefer loads_per_token,fa7480ceb1c45449eec2bb4557ffaa0f62ef14a8fdfd0c55e274b9a281a9fd0c,9567f49ef2dab913c7446dc85c7849b6665d978c9921eb83198d0c2a5e31b49b,4731949078aa993195cafb1c351e056c0df6e557570a271949e62702a6ba62e3,"[""0927db654db7b106584a5099415733edc65ed505a631836268158dc94d876889""]",76e0c3d578c4dba56e91d15ad643d8740037788a,0.993535949475491,0.0009278253355740362,"[0.9903916411770711,0.9952167227097748]",0.9926559259504573,0.0014058162266313012,"[0.9910573497774843,0.9934032661379127]",family-cluster sensitivity intervals over the constructed families; not a population confidence interval
06-debug-b4,COMMITTEE_PIN_FIXED_ROUTE,5874,loads_per_token,728.109375,0.2709107618713529,471.328125,730.703125,FIXED_ROUTE_COUNTERFACTUAL,TPS_PROJECTION,True,M2,RMSE values differ by less than 5%; prefer loads_per_token,fa7480ceb1c45449eec2bb4557ffaa0f62ef14a8fdfd0c55e274b9a281a9fd0c,9567f49ef2dab913c7446dc85c7849b6665d978c9921eb83198d0c2a5e31b49b,4731949078aa993195cafb1c351e056c0df6e557570a271949e62702a6ba62e3,"[""0927db654db7b106584a5099415733edc65ed505a631836268158dc94d876889""]",76e0c3d578c4dba56e91d15ad643d8740037788a,0.993535949475491,0.0009278253355740362,"[0.9903916411770711,0.9952167227097748]",0.9926559259504573,0.0014058162266313012,"[0.9910573497774843,0.9934032661379127]",family-cluster sensitivity intervals over the constructed families; not a population confidence interval
06-debug-b4,COMMITTEE_PIN_FIXED_ROUTE,7832,loads_per_token,587.5,0.31597062674650356,471.328125,730.703125,FIXED_ROUTE_COUNTERFACTUAL,TPS_PROJECTION,True,M2,RMSE values differ by less than 5%; prefer loads_per_token,fa7480ceb1c45449eec2bb4557ffaa0f62ef14a8fdfd0c55e274b9a281a9fd0c,9567f49ef2dab913c7446dc85c7849b6665d978c9921eb83198d0c2a5e31b49b,4731949078aa993195cafb1c351e056c0df6e557570a271949e62702a6ba62e3,"[""0927db654db7b106584a5099415733edc65ed505a631836268158dc94d876889""]",76e0c3d578c4dba56e91d15ad643d8740037788a,0.993535949475491,0.0009278253355740362,"[0.9903916411770711,0.9952167227097748]",0.9926559259504573,0.0014058162266313012,"[0.9910573497774843,0.9934032661379127]",family-cluster sensitivity intervals over the constructed families; not a population confidence interval
06-debug-b4,COMMITTEE_PIN_FIXED_ROUTE,7849,loads_per_token,585.8125,0.31651140521150145,471.328125,730.703125,FIXED_ROUTE_COUNTERFACTUAL,TPS_PROJECTION,True,M2,RMSE values differ by less than 5%; prefer loads_per_token,fa7480ceb1c45449eec2bb4557ffaa0f62ef14a8fdfd0c55e274b9a281a9fd0c,9567f49ef2dab913c7446dc85c7849b6665d978c9921eb83198d0c2a5e31b49b,4731949078aa993195cafb1c351e056c0df6e557570a271949e62702a6ba62e3,"[""0927db654db7b106584a5099415733edc65ed505a631836268158dc94d876889""]",76e0c3d578c4dba56e91d15ad643d8740037788a,0.993535949475491,0.0009278253355740362,"[0.9903916411770711,0.9952167227097748]",0.9926559259504573,0.0014058162266313012,"[0.9910573497774843,0.9934032661379127]",family-cluster sensitivity intervals over the constructed families; not a population confidence interval
06-debug-b4,COMMITTEE_PIN_FIXED_ROUTE,9790,loads_per_token,514.46875,0.3393743169816913,471.328125,730.703125,FIXED_ROUTE_COUNTERFACTUAL,TPS_PROJECTION,True,M2,RMSE values differ by less than 5%; prefer loads_per_token,fa7480ceb1c45449eec2bb4557ffaa0f62ef14a8fdfd0c55e274b9a281a9fd0c,9567f49ef2dab913c7446dc85c7849b6665d978c9921eb83198d0c2a5e31b49b,4731949078aa993195cafb1c351e056c0df6e557570a271949e62702a6ba62e3,"[""0927db654db7b106584a5099415733edc65ed505a631836268158dc94d876889""]",76e0c3d578c4dba56e91d15ad643d8740037788a,0.993535949475491,0.0009278253355740362,"[0.9903916411770711,0.9952167227097748]",0.9926559259504573,0.0014058162266313012,"[0.9910573497774843,0.9934032661379127]",family-cluster sensitivity intervals over the constructed families; not a population confidence interval
06-debug-b4,COMMITTEE_PIN_FIXED_ROUTE,11748,loads_per_token,472.078125,0.3529588723107594,471.328125,730.703125,FIXED_ROUTE_COUNTERFACTUAL,TPS_PROJECTION,True,M2,RMSE values differ by less than 5%; prefer loads_per_token,fa7480ceb1c45449eec2bb4557ffaa0f62ef14a8fdfd0c55e274b9a281a9fd0c,9567f49ef2dab913c7446dc85c7849b6665d978c9921eb83198d0c2a5e31b49b,4731949078aa993195cafb1c351e056c0df6e557570a271949e62702a6ba62e3,"[""0927db654db7b106584a5099415733edc65ed505a631836268158dc94d876889""]",76e0c3d578c4dba56e91d15ad643d8740037788a,0.993535949475491,0.0009278253355740362,"[0.9903916411770711,0.9952167227097748]",0.9926559259504573,0.0014058162266313012,"[0.9910573497774843,0.9934032661379127]",family-cluster sensitivity intervals over the constructed families; not a population confidence interval
06-debug-b4,COMMITTEE_PIN_FIXED_ROUTE,5874,loads_per_token,644.90625,0.29757414452055586,471.328125,730.703125,FIXED_ROUTE_COUNTERFACTUAL,TPS_PROJECTION,True,M2,RMSE values differ by less than 5%; prefer loads_per_token,fa7480ceb1c45449eec2bb4557ffaa0f62ef14a8fdfd0c55e274b9a281a9fd0c,9567f49ef2dab913c7446dc85c7849b6665d978c9921eb83198d0c2a5e31b49b,4731949078aa993195cafb1c351e056c0df6e557570a271949e62702a6ba62e3,"[""0927db654db7b106584a5099415733edc65ed505a631836268158dc94d876889""]",76e0c3d578c4dba56e91d15ad643d8740037788a,0.993535949475491,0.0009278253355740362,"[0.9903916411770711,0.9952167227097748]",0.9926559259504573,0.0014058162266313012,"[0.9910573497774843,0.9934032661379127]",family-cluster sensitivity intervals over the constructed families; not a population confidence interval
06-debug-b4,COMMITTEE_PIN_FIXED_ROUTE,7832,loads_per_token,560.546875,0.3246080605624425,471.328125,730.703125,FIXED_ROUTE_COUNTERFACTUAL,TPS_PROJECTION,True,M2,RMSE values differ by less than 5%; prefer loads_per_token,fa7480ceb1c45449eec2bb4557ffaa0f62ef14a8fdfd0c55e274b9a281a9fd0c,9567f49ef2dab913c7446dc85c7849b6665d978c9921eb83198d0c2a5e31b49b,4731949078aa993195cafb1c351e056c0df6e557570a271949e62702a6ba62e3,"[""0927db654db7b106584a5099415733edc65ed505a631836268158dc94d876889""]",76e0c3d578c4dba56e91d15ad643d8740037788a,0.993535949475491,0.0009278253355740362,"[0.9903916411770711,0.9952167227097748]",0.9926559259504573,0.0014058162266313012,"[0.9910573497774843,0.9934032661379127]",family-cluster sensitivity intervals over the constructed families; not a population confidence interval
06-debug-b4,COMMITTEE_PIN_FIXED_ROUTE,7849,loads_per_token,559.96875,0.3247933272587844,471.328125,730.703125,FIXED_ROUTE_COUNTERFACTUAL,TPS_PROJECTION,True,M2,RMSE values differ by less than 5%; prefer loads_per_token,fa7480ceb1c45449eec2bb4557ffaa0f62ef14a8fdfd0c55e274b9a281a9fd0c,9567f49ef2dab913c7446dc85c7849b6665d978c9921eb83198d0c2a5e31b49b,4731949078aa993195cafb1c351e056c0df6e557570a271949e62702a6ba62e3,"[""0927db654db7b106584a5099415733edc65ed505a631836268158dc94d876889""]",76e0c3d578c4dba56e91d15ad643d8740037788a,0.993535949475491,0.0009278253355740362,"[0.9903916411770711,0.9952167227097748]",0.9926559259504573,0.0014058162266313012,"[0.9910573497774843,0.9934032661379127]",family-cluster sensitivity intervals over the constructed families; not a population confidence interval
06-debug-b4,COMMITTEE_PIN_FIXED_ROUTE,9790,loads_per_token,509.1875,0.3410667532888144,471.328125,730.703125,FIXED_ROUTE_COUNTERFACTUAL,TPS_PROJECTION,True,M2,RMSE values differ by less than 5%; prefer loads_per_token,fa7480ceb1c45449eec2bb4557ffaa0f62ef14a8fdfd0c55e274b9a281a9fd0c,9567f49ef2dab913c7446dc85c7849b6665d978c9921eb83198d0c2a5e31b49b,4731949078aa993195cafb1c351e056c0df6e557570a271949e62702a6ba62e3,"[""0927db654db7b106584a5099415733edc65ed505a631836268158dc94d876889""]",76e0c3d578c4dba56e91d15ad643d8740037788a,0.993535949475491,0.0009278253355740362,"[0.9903916411770711,0.9952167227097748]",0.9926559259504573,0.0014058162266313012,"[0.9910573497774843,0.9934032661379127]",family-cluster sensitivity intervals over the constructed families; not a population confidence interval
06-debug-b4,EXACT_LRU,5874,loads_per_token,625.703125,0.3037280031639118,471.328125,730.703125,EXACT_REPLAY,TPS_PROJECTION,True,M2,RMSE values differ by less than 5%; prefer loads_per_token,fa7480ceb1c45449eec2bb4557ffaa0f62ef14a8fdfd0c55e274b9a281a9fd0c,9567f49ef2dab913c7446dc85c7849b6665d978c9921eb83198d0c2a5e31b49b,4731949078aa993195cafb1c351e056c0df6e557570a271949e62702a6ba62e3,"[""18ab89a63b63f6c96a0e0aa4807fcf152aed251b441ab77a8b593bcb35929ba0"",""50c542f24657df86cdf1b83385335e40eeb850f676142cbd8b0abb3e7f58fe1e""]",76e0c3d578c4dba56e91d15ad643d8740037788a,0.993535949475491,0.0009278253355740362,"[0.9903916411770711,0.9952167227097748]",0.9926559259504573,0.0014058162266313012,"[0.9910573497774843,0.9934032661379127]",family-cluster sensitivity intervals over the constructed families; not a population confidence interval
06-debug-b4,EXACT_LRU,7832,loads_per_token,554.9375,0.32640564823775975,471.328125,730.703125,EXACT_REPLAY,TPS_PROJECTION,True,M2,RMSE values differ by less than 5%; prefer loads_per_token,fa7480ceb1c45449eec2bb4557ffaa0f62ef14a8fdfd0c55e274b9a281a9fd0c,9567f49ef2dab913c7446dc85c7849b6665d978c9921eb83198d0c2a5e31b49b,4731949078aa993195cafb1c351e056c0df6e557570a271949e62702a6ba62e3,"[""18ab89a63b63f6c96a0e0aa4807fcf152aed251b441ab77a8b593bcb35929ba0"",""50c542f24657df86cdf1b83385335e40eeb850f676142cbd8b0abb3e7f58fe1e""]",76e0c3d578c4dba56e91d15ad643d8740037788a,0.993535949475491,0.0009278253355740362,"[0.9903916411770711,0.9952167227097748]",0.9926559259504573,0.0014058162266313012,"[0.9910573497774843,0.9934032661379127]",family-cluster sensitivity intervals over the constructed families; not a population confidence interval
06-debug-b4,EXACT_LRU,7849,loads_per_token,554.453125,0.32656087168604614,471.328125,730.703125,EXACT_REPLAY,TPS_PROJECTION,True,M2,RMSE values differ by less than 5%; prefer loads_per_token,fa7480ceb1c45449eec2bb4557ffaa0f62ef14a8fdfd0c55e274b9a281a9fd0c,9567f49ef2dab913c7446dc85c7849b6665d978c9921eb83198d0c2a5e31b49b,4731949078aa993195cafb1c351e056c0df6e557570a271949e62702a6ba62e3,"[""18ab89a63b63f6c96a0e0aa4807fcf152aed251b441ab77a8b593bcb35929ba0"",""50c542f24657df86cdf1b83385335e40eeb850f676142cbd8b0abb3e7f58fe1e""]",76e0c3d578c4dba56e91d15ad643d8740037788a,0.993535949475491,0.0009278253355740362,"[0.9903916411770711,0.9952167227097748]",0.9926559259504573,0.0014058162266313012,"[0.9910573497774843,0.9934032661379127]",family-cluster sensitivity intervals over the constructed families; not a population confidence interval
06-debug-b4,EXACT_LRU,9790,loads_per_token,507.828125,0.3415023803856183,471.328125,730.703125,EXACT_REPLAY,TPS_PROJECTION,True,M2,RMSE values differ by less than 5%; prefer loads_per_token,fa7480ceb1c45449eec2bb4557ffaa0f62ef14a8fdfd0c55e274b9a281a9fd0c,9567f49ef2dab913c7446dc85c7849b6665d978c9921eb83198d0c2a5e31b49b,4731949078aa993195cafb1c351e056c0df6e557570a271949e62702a6ba62e3,"[""18ab89a63b63f6c96a0e0aa4807fcf152aed251b441ab77a8b593bcb35929ba0"",""50c542f24657df86cdf1b83385335e40eeb850f676142cbd8b0abb3e7f58fe1e""]",76e0c3d578c4dba56e91d15ad643d8740037788a,0.993535949475491,0.0009278253355740362,"[0.9903916411770711,0.9952167227097748]",0.9926559259504573,0.0014058162266313012,"[0.9910573497774843,0.9934032661379127]",family-cluster sensitivity intervals over the constructed families; not a population confidence interval
06-debug-b4,S2_P50_FIXED_ROUTE,3916,loads_per_token,640.359375,0.29903124205124465,471.328125,730.703125,FIXED_ROUTE_COUNTERFACTUAL,TPS_PROJECTION,True,M2,RMSE values differ by less than 5%; prefer loads_per_token,fa7480ceb1c45449eec2bb4557ffaa0f62ef14a8fdfd0c55e274b9a281a9fd0c,9567f49ef2dab913c7446dc85c7849b6665d978c9921eb83198d0c2a5e31b49b,4731949078aa993195cafb1c351e056c0df6e557570a271949e62702a6ba62e3,"[""b87d9461ff503e2d13675b08d0362d5675ab8b6a2481e2d19ee46027d0b0ea9d""]",76e0c3d578c4dba56e91d15ad643d8740037788a,0.993535949475491,0.0009278253355740362,"[0.9903916411770711,0.9952167227097748]",0.9926559259504573,0.0014058162266313012,"[0.9910573497774843,0.9934032661379127]",family-cluster sensitivity intervals over the constructed families; not a population confidence interval
06-debug-b4,S2_P50_FIXED_ROUTE,5874,loads_per_token,522.859375,0.3366854462807294,471.328125,730.703125,FIXED_ROUTE_COUNTERFACTUAL,TPS_PROJECTION,True,M2,RMSE values differ by less than 5%; prefer loads_per_token,fa7480ceb1c45449eec2bb4557ffaa0f62ef14a8fdfd0c55e274b9a281a9fd0c,9567f49ef2dab913c7446dc85c7849b6665d978c9921eb83198d0c2a5e31b49b,4731949078aa993195cafb1c351e056c0df6e557570a271949e62702a6ba62e3,"[""b87d9461ff503e2d13675b08d0362d5675ab8b6a2481e2d19ee46027d0b0ea9d""]",76e0c3d578c4dba56e91d15ad643d8740037788a,0.993535949475491,0.0009278253355740362,"[0.9903916411770711,0.9952167227097748]",0.9926559259504573,0.0014058162266313012,"[0.9910573497774843,0.9934032661379127]",family-cluster sensitivity intervals over the constructed families; not a population confidence interval
06-debug-b8,EXACT_LRU,5874,loads_per_token,691.484375,0.2826476574450114,471.328125,730.703125,EXACT_REPLAY,TPS_PROJECTION,True,M2,RMSE values differ by less than 5%; prefer loads_per_token,fa7480ceb1c45449eec2bb4557ffaa0f62ef14a8fdfd0c55e274b9a281a9fd0c,9567f49ef2dab913c7446dc85c7849b6665d978c9921eb83198d0c2a5e31b49b,4731949078aa993195cafb1c351e056c0df6e557570a271949e62702a6ba62e3,"[""18ab89a63b63f6c96a0e0aa4807fcf152aed251b441ab77a8b593bcb35929ba0"",""82e9e16c2c76c7ccbe57ef73083b9a0122a506b03289db1c78525afaed3c8d15""]",76e0c3d578c4dba56e91d15ad643d8740037788a,0.993535949475491,0.0009278253355740362,"[0.9903916411770711,0.9952167227097748]",0.9926559259504573,0.0014058162266313012,"[0.9910573497774843,0.9934032661379127]",family-cluster sensitivity intervals over the constructed families; not a population confidence interval
06-debug-b8,EXACT_LRU,7832,loads_per_token,611.59375,0.3082495119962555,471.328125,730.703125,EXACT_REPLAY,TPS_PROJECTION,True,M2,RMSE values differ by less than 5%; prefer loads_per_token,fa7480ceb1c45449eec2bb4557ffaa0f62ef14a8fdfd0c55e274b9a281a9fd0c,9567f49ef2dab913c7446dc85c7849b6665d978c9921eb83198d0c2a5e31b49b,4731949078aa993195cafb1c351e056c0df6e557570a271949e62702a6ba62e3,"[""18ab89a63b63f6c96a0e0aa4807fcf152aed251b441ab77a8b593bcb35929ba0"",""82e9e16c2c76c7ccbe57ef73083b9a0122a506b03289db1c78525afaed3c8d15""]",76e0c3d578c4dba56e91d15ad643d8740037788a,0.993535949475491,0.0009278253355740362,"[0.9903916411770711,0.9952167227097748]",0.9926559259504573,0.0014058162266313012,"[0.9910573497774843,0.9934032661379127]",family-cluster sensitivity intervals over the constructed families; not a population confidence interval
06-debug-b8,EXACT_LRU,7849,loads_per_token,610.796875,0.3085048796047267,471.328125,730.703125,EXACT_REPLAY,TPS_PROJECTION,True,M2,RMSE values differ by less than 5%; prefer loads_per_token,fa7480ceb1c45449eec2bb4557ffaa0f62ef14a8fdfd0c55e274b9a281a9fd0c,9567f49ef2dab913c7446dc85c7849b6665d978c9921eb83198d0c2a5e31b49b,4731949078aa993195cafb1c351e056c0df6e557570a271949e62702a6ba62e3,"[""18ab89a63b63f6c96a0e0aa4807fcf152aed251b441ab77a8b593bcb35929ba0"",""82e9e16c2c76c7ccbe57ef73083b9a0122a506b03289db1c78525afaed3c8d15""]",76e0c3d578c4dba56e91d15ad643d8740037788a,0.993535949475491,0.0009278253355740362,"[0.9903916411770711,0.9952167227097748]",0.9926559259504573,0.0014058162266313012,"[0.9910573497774843,0.9934032661379127]",family-cluster sensitivity intervals over the constructed families; not a population confidence interval
06-debug-b8,EXACT_LRU,9790,loads_per_token,532.140625,0.33371116472324086,471.328125,730.703125,EXACT_REPLAY,TPS_PROJECTION,True,M2,RMSE values differ by less than 5%; prefer loads_per_token,fa7480ceb1c45449eec2bb4557ffaa0f62ef14a8fdfd0c55e274b9a281a9fd0c,9567f49ef2dab913c7446dc85c7849b6665d978c9921eb83198d0c2a5e31b49b,4731949078aa993195cafb1c351e056c0df6e557570a271949e62702a6ba62e3,"[""18ab89a63b63f6c96a0e0aa4807fcf152aed251b441ab77a8b593bcb35929ba0"",""82e9e16c2c76c7ccbe57ef73083b9a0122a506b03289db1c78525afaed3c8d15""]",76e0c3d578c4dba56e91d15ad643d8740037788a,0.993535949475491,0.0009278253355740362,"[0.9903916411770711,0.9952167227097748]",0.9926559259504573,0.0014058162266313012,"[0.9910573497774843,0.9934032661379127]",family-cluster sensitivity intervals over the constructed families; not a population confidence interval
06-debug-b8,EXACT_LRU,11748,loads_per_token,478.203125,0.3509960467711373,471.328125,730.703125,EXACT_REPLAY,TPS_PROJECTION,True,M2,RMSE values differ by less than 5%; prefer loads_per_token,fa7480ceb1c45449eec2bb4557ffaa0f62ef14a8fdfd0c55e274b9a281a9fd0c,9567f49ef2dab913c7446dc85c7849b6665d978c9921eb83198d0c2a5e31b49b,4731949078aa993195cafb1c351e056c0df6e557570a271949e62702a6ba62e3,"[""18ab89a63b63f6c96a0e0aa4807fcf152aed251b441ab77a8b593bcb35929ba0"",""82e9e16c2c76c7ccbe57ef73083b9a0122a506b03289db1c78525afaed3c8d15""]",76e0c3d578c4dba56e91d15ad643d8740037788a,0.993535949475491,0.0009278253355740362,"[0.9903916411770711,0.9952167227097748]",0.9926559259504573,0.0014058162266313012,"[0.9910573497774843,0.9934032661379127]",family-cluster sensitivity intervals over the constructed families; not a population confidence interval
06-debug-b8,S2_P50_FIXED_ROUTE,3916,loads_per_token,712.359375,0.2759580275446668,471.328125,730.703125,FIXED_ROUTE_COUNTERFACTUAL,TPS_PROJECTION,True,M2,RMSE values differ by less than 5%; prefer loads_per_token,fa7480ceb1c45449eec2bb4557ffaa0f62ef14a8fdfd0c55e274b9a281a9fd0c,9567f49ef2dab913c7446dc85c7849b6665d978c9921eb83198d0c2a5e31b49b,4731949078aa993195cafb1c351e056c0df6e557570a271949e62702a6ba62e3,"[""b87d9461ff503e2d13675b08d0362d5675ab8b6a2481e2d19ee46027d0b0ea9d""]",76e0c3d578c4dba56e91d15ad643d8740037788a,0.993535949475491,0.0009278253355740362,"[0.9903916411770711,0.9952167227097748]",0.9926559259504573,0.0014058162266313012,"[0.9910573497774843,0.9934032661379127]",family-cluster sensitivity intervals over the constructed families; not a population confidence interval
06-debug-b8,S2_P50_FIXED_ROUTE,5874,loads_per_token,587.265625,0.31604573486664217,471.328125,730.703125,FIXED_ROUTE_COUNTERFACTUAL,TPS_PROJECTION,True,M2,RMSE values differ by less than 5%; prefer loads_per_token,fa7480ceb1c45449eec2bb4557ffaa0f62ef14a8fdfd0c55e274b9a281a9fd0c,9567f49ef2dab913c7446dc85c7849b6665d978c9921eb83198d0c2a5e31b49b,4731949078aa993195cafb1c351e056c0df6e557570a271949e62702a6ba62e3,"[""b87d9461ff503e2d13675b08d0362d5675ab8b6a2481e2d19ee46027d0b0ea9d""]",76e0c3d578c4dba56e91d15ad643d8740037788a,0.993535949475491,0.0009278253355740362,"[0.9903916411770711,0.9952167227097748]",0.9926559259504573,0.0014058162266313012,"[0.9910573497774843,0.9934032661379127]",family-cluster sensitivity intervals over the constructed families; not a population confidence interval
06-debug-b8,S2_P50_FIXED_ROUTE,7832,loads_per_token,499.6875,0.34411113575843233,471.328125,730.703125,FIXED_ROUTE_COUNTERFACTUAL,TPS_PROJECTION,True,M2,RMSE values differ by less than 5%; prefer loads_per_token,fa7480ceb1c45449eec2bb4557ffaa0f62ef14a8fdfd0c55e274b9a281a9fd0c,9567f49ef2dab913c7446dc85c7849b6665d978c9921eb83198d0c2a5e31b49b,4731949078aa993195cafb1c351e056c0df6e557570a271949e62702a6ba62e3,"[""b87d9461ff503e2d13675b08d0362d5675ab8b6a2481e2d19ee46027d0b0ea9d""]",76e0c3d578c4dba56e91d15ad643d8740037788a,0.993535949475491,0.0009278253355740362,"[0.9903916411770711,0.9952167227097748]",0.9926559259504573,0.0014058162266313012,"[0.9910573497774843,0.9934032661379127]",family-cluster sensitivity intervals over the constructed families; not a population confidence interval
06-debug-b8,S2_P50_FIXED_ROUTE,7849,loads_per_token,498.90625,0.34436149615889433,471.328125,730.703125,FIXED_ROUTE_COUNTERFACTUAL,TPS_PROJECTION,True,M2,RMSE values differ by less than 5%; prefer loads_per_token,fa7480ceb1c45449eec2bb4557ffaa0f62ef14a8fdfd0c55e274b9a281a9fd0c,9567f49ef2dab913c7446dc85c7849b6665d978c9921eb83198d0c2a5e31b49b,4731949078aa993195cafb1c351e056c0df6e557570a271949e62702a6ba62e3,"[""b87d9461ff503e2d13675b08d0362d5675ab8b6a2481e2d19ee46027d0b0ea9d""]",76e0c3d578c4dba56e91d15ad643d8740037788a,0.993535949475491,0.0009278253355740362,"[0.9903916411770711,0.9952167227097748]",0.9926559259504573,0.0014058162266313012,"[0.9910573497774843,0.9934032661379127]",family-cluster sensitivity intervals over the constructed families; not a population confidence interval
07-algorithms-b1,EXACT_LRU,5874,loads_per_token,718.125,0.27411036778925724,471.328125,730.703125,EXACT_REPLAY,TPS_PROJECTION,True,M2,RMSE values differ by less than 5%; prefer loads_per_token,fa7480ceb1c45449eec2bb4557ffaa0f62ef14a8fdfd0c55e274b9a281a9fd0c,9567f49ef2dab913c7446dc85c7849b6665d978c9921eb83198d0c2a5e31b49b,4731949078aa993195cafb1c351e056c0df6e557570a271949e62702a6ba62e3,"[""00974cfe319a79901de6322aeea32ce0205e2a84e1a783ab767c9171b2af400f"",""18ab89a63b63f6c96a0e0aa4807fcf152aed251b441ab77a8b593bcb35929ba0""]",76e0c3d578c4dba56e91d15ad643d8740037788a,0.993535949475491,0.0009278253355740362,"[0.9903916411770711,0.9952167227097748]",0.9926559259504573,0.0014058162266313012,"[0.9910573497774843,0.9934032661379127]",family-cluster sensitivity intervals over the constructed families; not a population confidence interval
07-algorithms-b1,EXACT_LRU,7832,loads_per_token,655.859375,0.2940640917060786,471.328125,730.703125,EXACT_REPLAY,TPS_PROJECTION,True,M2,RMSE values differ by less than 5%; prefer loads_per_token,fa7480ceb1c45449eec2bb4557ffaa0f62ef14a8fdfd0c55e274b9a281a9fd0c,9567f49ef2dab913c7446dc85c7849b6665d978c9921eb83198d0c2a5e31b49b,4731949078aa993195cafb1c351e056c0df6e557570a271949e62702a6ba62e3,"[""00974cfe319a79901de6322aeea32ce0205e2a84e1a783ab767c9171b2af400f"",""18ab89a63b63f6c96a0e0aa4807fcf152aed251b441ab77a8b593bcb35929ba0""]",76e0c3d578c4dba56e91d15ad643d8740037788a,0.993535949475491,0.0009278253355740362,"[0.9903916411770711,0.9952167227097748]",0.9926559259504573,0.0014058162266313012,"[0.9910573497774843,0.9934032661379127]",family-cluster sensitivity intervals over the constructed families; not a population confidence interval
07-algorithms-b1,EXACT_LRU,7849,loads_per_token,655.34375,0.2942293295703835,471.328125,730.703125,EXACT_REPLAY,TPS_PROJECTION,True,M2,RMSE values differ by less than 5%; prefer loads_per_token,fa7480ceb1c45449eec2bb4557ffaa0f62ef14a8fdfd0c55e274b9a281a9fd0c,9567f49ef2dab913c7446dc85c7849b6665d978c9921eb83198d0c2a5e31b49b,4731949078aa993195cafb1c351e056c0df6e557570a271949e62702a6ba62e3,"[""00974cfe319a79901de6322aeea32ce0205e2a84e1a783ab767c9171b2af400f"",""18ab89a63b63f6c96a0e0aa4807fcf152aed251b441ab77a8b593bcb35929ba0""]",76e0c3d578c4dba56e91d15ad643d8740037788a,0.993535949475491,0.0009278253355740362,"[0.9903916411770711,0.9952167227097748]",0.9926559259504573,0.0014058162266313012,"[0.9910573497774843,0.9934032661379127]",family-cluster sensitivity intervals over the constructed families; not a population confidence interval
07-algorithms-b1,EXACT_LRU,9790,loads_per_token,595.84375,0.3132967776695694,471.328125,730.703125,EXACT_REPLAY,TPS_PROJECTION,True,M2,RMSE values differ by less than 5%; prefer loads_per_token,fa7480ceb1c45449eec2bb4557ffaa0f62ef14a8fdfd0c55e274b9a281a9fd0c,9567f49ef2dab913c7446dc85c7849b6665d978c9921eb83198d0c2a5e31b49b,4731949078aa993195cafb1c351e056c0df6e557570a271949e62702a6ba62e3,"[""00974cfe319a79901de6322aeea32ce0205e2a84e1a783ab767c9171b2af400f"",""18ab89a63b63f6c96a0e0aa4807fcf152aed251b441ab77a8b593bcb35929ba0""]",76e0c3d578c4dba56e91d15ad643d8740037788a,0.993535949475491,0.0009278253355740362,"[0.9903916411770711,0.9952167227097748]",0.9926559259504573,0.0014058162266313012,"[0.9910573497774843,0.9934032661379127]",family-cluster sensitivity intervals over the constructed families; not a population confidence interval
07-algorithms-b1,EXACT_LRU,11748,loads_per_token,545.671875,0.329374922587239,471.328125,730.703125,EXACT_REPLAY,TPS_PROJECTION,True,M2,RMSE values differ by less than 5%; prefer loads_per_token,fa7480ceb1c45449eec2bb4557ffaa0f62ef14a8fdfd0c55e274b9a281a9fd0c,9567f49ef2dab913c7446dc85c7849b6665d978c9921eb83198d0c2a5e31b49b,4731949078aa993195cafb1c351e056c0df6e557570a271949e62702a6ba62e3,"[""00974cfe319a79901de6322aeea32ce0205e2a84e1a783ab767c9171b2af400f"",""18ab89a63b63f6c96a0e0aa4807fcf152aed251b441ab77a8b593bcb35929ba0""]",76e0c3d578c4dba56e91d15ad643d8740037788a,0.993535949475491,0.0009278253355740362,"[0.9903916411770711,0.9952167227097748]",0.9926559259504573,0.0014058162266313012,"[0.9910573497774843,0.9934032661379127]",family-cluster sensitivity intervals over the constructed families; not a population confidence interval
07-algorithms-b1,S2_P50_FIXED_ROUTE,3916,loads_per_token,715.640625,0.27490651386272635,471.328125,730.703125,FIXED_ROUTE_COUNTERFACTUAL,TPS_PROJECTION,True,M2,RMSE values differ by less than 5%; prefer loads_per_token,fa7480ceb1c45449eec2bb4557ffaa0f62ef14a8fdfd0c55e274b9a281a9fd0c,9567f49ef2dab913c7446dc85c7849b6665d978c9921eb83198d0c2a5e31b49b,4731949078aa993195cafb1c351e056c0df6e557570a271949e62702a6ba62e3,"[""b87d9461ff503e2d13675b08d0362d5675ab8b6a2481e2d19ee46027d0b0ea9d""]",76e0c3d578c4dba56e91d15ad643d8740037788a,0.993535949475491,0.0009278253355740362,"[0.9903916411770711,0.9952167227097748]",0.9926559259504573,0.0014058162266313012,"[0.9910573497774843,0.9934032661379127]",family-cluster sensitivity intervals over the constructed families; not a population confidence interval
07-algorithms-b1,S2_P50_FIXED_ROUTE,5874,loads_per_token,621.203125,0.3051700790705729,471.328125,730.703125,FIXED_ROUTE_COUNTERFACTUAL,TPS_PROJECTION,True,M2,RMSE values differ by less than 5%; prefer loads_per_token,fa7480ceb1c45449eec2bb4557ffaa0f62ef14a8fdfd0c55e274b9a281a9fd0c,9567f49ef2dab913c7446dc85c7849b6665d978c9921eb83198d0c2a5e31b49b,4731949078aa993195cafb1c351e056c0df6e557570a271949e62702a6ba62e3,"[""b87d9461ff503e2d13675b08d0362d5675ab8b6a2481e2d19ee46027d0b0ea9d""]",76e0c3d578c4dba56e91d15ad643d8740037788a,0.993535949475491,0.0009278253355740362,"[0.9903916411770711,0.9952167227097748]",0.9926559259504573,0.0014058162266313012,"[0.9910573497774843,0.9934032661379127]",family-cluster sensitivity intervals over the constructed families; not a population confidence interval
07-algorithms-b1,S2_P50_FIXED_ROUTE,7832,loads_per_token,552.125,0.3273069456794229,471.328125,730.703125,FIXED_ROUTE_COUNTERFACTUAL,TPS_PROJECTION,True,M2,RMSE values differ by less than 5%; prefer loads_per_token,fa7480ceb1c45449eec2bb4557ffaa0f62ef14a8fdfd0c55e274b9a281a9fd0c,9567f49ef2dab913c7446dc85c7849b6665d978c9921eb83198d0c2a5e31b49b,4731949078aa993195cafb1c351e056c0df6e557570a271949e62702a6ba62e3,"[""b87d9461ff503e2d13675b08d0362d5675ab8b6a2481e2d19ee46027d0b0ea9d""]",76e0c3d578c4dba56e91d15ad643d8740037788a,0.993535949475491,0.0009278253355740362,"[0.9903916411770711,0.9952167227097748]",0.9926559259504573,0.0014058162266313012,"[0.9910573497774843,0.9934032661379127]",family-cluster sensitivity intervals over the constructed families; not a population confidence interval
07-algorithms-b1,S2_P50_FIXED_ROUTE,7849,loads_per_token,551.0625,0.3276474358240512,471.328125,730.703125,FIXED_ROUTE_COUNTERFACTUAL,TPS_PROJECTION,True,M2,RMSE values differ by less than 5%; prefer loads_per_token,fa7480ceb1c45449eec2bb4557ffaa0f62ef14a8fdfd0c55e274b9a281a9fd0c,9567f49ef2dab913c7446dc85c7849b6665d978c9921eb83198d0c2a5e31b49b,4731949078aa993195cafb1c351e056c0df6e557570a271949e62702a6ba62e3,"[""b87d9461ff503e2d13675b08d0362d5675ab8b6a2481e2d19ee46027d0b0ea9d""]",76e0c3d578c4dba56e91d15ad643d8740037788a,0.993535949475491,0.0009278253355740362,"[0.9903916411770711,0.9952167227097748]",0.9926559259504573,0.0014058162266313012,"[0.9910573497774843,0.9934032661379127]",family-cluster sensitivity intervals over the constructed families; not a population confidence interval
07-algorithms-b1,S2_P50_FIXED_ROUTE,9790,loads_per_token,490.0625,0.34719557589212413,471.328125,730.703125,FIXED_ROUTE_COUNTERFACTUAL,TPS_PROJECTION,True,M2,RMSE values differ by less than 5%; prefer loads_per_token,fa7480ceb1c45449eec2bb4557ffaa0f62ef14a8fdfd0c55e274b9a281a9fd0c,9567f49ef2dab913c7446dc85c7849b6665d978c9921eb83198d0c2a5e31b49b,4731949078aa993195cafb1c351e056c0df6e557570a271949e62702a6ba62e3,"[""b87d9461ff503e2d13675b08d0362d5675ab8b6a2481e2d19ee46027d0b0ea9d""]",76e0c3d578c4dba56e91d15ad643d8740037788a,0.993535949475491,0.0009278253355740362,"[0.9903916411770711,0.9952167227097748]",0.9926559259504573,0.0014058162266313012,"[0.9910573497774843,0.9934032661379127]",family-cluster sensitivity intervals over the constructed families; not a population confidence interval
07-algorithms-b2,COMMITTEE_PIN_FIXED_ROUTE,23497,loads_per_token,566.8125,0.32260017015073733,471.328125,730.703125,FIXED_ROUTE_COUNTERFACTUAL,TPS_PROJECTION,True,M2,RMSE values differ by less than 5%; prefer loads_per_token,fa7480ceb1c45449eec2bb4557ffaa0f62ef14a8fdfd0c55e274b9a281a9fd0c,9567f49ef2dab913c7446dc85c7849b6665d978c9921eb83198d0c2a5e31b49b,4731949078aa993195cafb1c351e056c0df6e557570a271949e62702a6ba62e3,"[""0927db654db7b106584a5099415733edc65ed505a631836268158dc94d876889""]",76e0c3d578c4dba56e91d15ad643d8740037788a,0.993535949475491,0.0009278253355740362,"[0.9903916411770711,0.9952167227097748]",0.9926559259504573,0.0014058162266313012,"[0.9910573497774843,0.9934032661379127]",family-cluster sensitivity intervals over the constructed families; not a population confidence interval
07-algorithms-b2,COMMITTEE_PIN_FIXED_ROUTE,9790,loads_per_token,600.75,0.3117245143546681,471.328125,730.703125,FIXED_ROUTE_COUNTERFACTUAL,TPS_PROJECTION,True,M2,RMSE values differ by less than 5%; prefer loads_per_token,fa7480ceb1c45449eec2bb4557ffaa0f62ef14a8fdfd0c55e274b9a281a9fd0c,9567f49ef2dab913c7446dc85c7849b6665d978c9921eb83198d0c2a5e31b49b,4731949078aa993195cafb1c351e056c0df6e557570a271949e62702a6ba62e3,"[""0927db654db7b106584a5099415733edc65ed505a631836268158dc94d876889""]",76e0c3d578c4dba56e91d15ad643d8740037788a,0.993535949475491,0.0009278253355740362,"[0.9903916411770711,0.9952167227097748]",0.9926559259504573,0.0014058162266313012,"[0.9910573497774843,0.9934032661379127]",family-cluster sensitivity intervals over the constructed families; not a population confidence interval
07-algorithms-b2,COMMITTEE_PIN_FIXED_ROUTE,11748,loads_per_token,517.6875,0.33834283213178784,471.328125,730.703125,FIXED_ROUTE_COUNTERFACTUAL,TPS_PROJECTION,True,M2,RMSE values differ by less than 5%; prefer loads_per_token,fa7480ceb1c45449eec2bb4557ffaa0f62ef14a8fdfd0c55e274b9a281a9fd0c,9567f49ef2dab913c7446dc85c7849b6665d978c9921eb83198d0c2a5e31b49b,4731949078aa993195cafb1c351e056c0df6e557570a271949e62702a6ba62e3,"[""0927db654db7b106584a5099415733edc65ed505a631836268158dc94d876889""]",76e0c3d578c4dba56e91d15ad643d8740037788a,0.993535949475491,0.0009278253355740362,"[0.9903916411770711,0.9952167227097748]",0.9926559259504573,0.0014058162266313012,"[0.9910573497774843,0.9934032661379127]",family-cluster sensitivity intervals over the constructed families; not a population confidence interval
07-algorithms-b2,COMMITTEE_PIN_FIXED_ROUTE,9790,loads_per_token,600.75,0.3117245143546681,471.328125,730.703125,FIXED_ROUTE_COUNTERFACTUAL,TPS_PROJECTION,True,M2,RMSE values differ by less than 5%; prefer loads_per_token,fa7480ceb1c45449eec2bb4557ffaa0f62ef14a8fdfd0c55e274b9a281a9fd0c,9567f49ef2dab913c7446dc85c7849b6665d978c9921eb83198d0c2a5e31b49b,4731949078aa993195cafb1c351e056c0df6e557570a271949e62702a6ba62e3,"[""0927db654db7b106584a5099415733edc65ed505a631836268158dc94d876889""]",76e0c3d578c4dba56e91d15ad643d8740037788a,0.993535949475491,0.0009278253355740362,"[0.9903916411770711,0.9952167227097748]",0.9926559259504573,0.0014058162266313012,"[0.9910573497774843,0.9934032661379127]",family-cluster sensitivity intervals over the constructed families; not a population confidence interval
07-algorithms-b2,COMMITTEE_PIN_FIXED_ROUTE,11748,loads_per_token,517.6875,0.33834283213178784,471.328125,730.703125,FIXED_ROUTE_COUNTERFACTUAL,TPS_PROJECTION,True,M2,RMSE values differ by less than 5%; prefer loads_per_token,fa7480ceb1c45449eec2bb4557ffaa0f62ef14a8fdfd0c55e274b9a281a9fd0c,9567f49ef2dab913c7446dc85c7849b6665d978c9921eb83198d0c2a5e31b49b,4731949078aa993195cafb1c351e056c0df6e557570a271949e62702a6ba62e3,"[""0927db654db7b106584a5099415733edc65ed505a631836268158dc94d876889""]",76e0c3d578c4dba56e91d15ad643d8740037788a,0.993535949475491,0.0009278253355740362,"[0.9903916411770711,0.9952167227097748]",0.9926559259504573,0.0014058162266313012,"[0.9910573497774843,0.9934032661379127]",family-cluster sensitivity intervals over the constructed families; not a population confidence interval
07-algorithms-b2,COMMITTEE_PIN_FIXED_ROUTE,5874,loads_per_token,711.46875,0.2762434384011935,471.328125,730.703125,FIXED_ROUTE_COUNTERFACTUAL,TPS_PROJECTION,True,M2,RMSE values differ by less than 5%; prefer loads_per_token,fa7480ceb1c45449eec2bb4557ffaa0f62ef14a8fdfd0c55e274b9a281a9fd0c,9567f49ef2dab913c7446dc85c7849b6665d978c9921eb83198d0c2a5e31b49b,4731949078aa993195cafb1c351e056c0df6e557570a271949e62702a6ba62e3,"[""0927db654db7b106584a5099415733edc65ed505a631836268158dc94d876889""]",76e0c3d578c4dba56e91d15ad643d8740037788a,0.993535949475491,0.0009278253355740362,"[0.9903916411770711,0.9952167227097748]",0.9926559259504573,0.0014058162266313012,"[0.9910573497774843,0.9934032661379127]",family-cluster sensitivity intervals over the constructed families; not a population confidence interval
07-algorithms-b2,COMMITTEE_PIN_FIXED_ROUTE,7832,loads_per_token,613.5625,0.30761860378709127,471.328125,730.703125,FIXED_ROUTE_COUNTERFACTUAL,TPS_PROJECTION,True,M2,RMSE values differ by less than 5%; prefer loads_per_token,fa7480ceb1c45449eec2bb4557ffaa0f62ef14a8fdfd0c55e274b9a281a9fd0c,9567f49ef2dab913c7446dc85c7849b6665d978c9921eb83198d0c2a5e31b49b,4731949078aa993195cafb1c351e056c0df6e557570a271949e62702a6ba62e3,"[""0927db654db7b106584a5099415733edc65ed505a631836268158dc94d876889""]",76e0c3d578c4dba56e91d15ad643d8740037788a,0.993535949475491,0.0009278253355740362,"[0.9903916411770711,0.9952167227097748]",0.9926559259504573,0.0014058162266313012,"[0.9910573497774843,0.9934032661379127]",family-cluster sensitivity intervals over the constructed families; not a population confidence interval
07-algorithms-b2,COMMITTEE_PIN_FIXED_ROUTE,7849,loads_per_token,613.359375,0.3076836974912114,471.328125,730.703125,FIXED_ROUTE_COUNTERFACTUAL,TPS_PROJECTION,True,M2,RMSE values differ by less than 5%; prefer loads_per_token,fa7480ceb1c45449eec2bb4557ffaa0f62ef14a8fdfd0c55e274b9a281a9fd0c,9567f49ef2dab913c7446dc85c7849b6665d978c9921eb83198d0c2a5e31b49b,4731949078aa993195cafb1c351e056c0df6e557570a271949e62702a6ba62e3,"[""0927db654db7b106584a5099415733edc65ed505a631836268158dc94d876889""]",76e0c3d578c4dba56e91d15ad643d8740037788a,0.993535949475491,0.0009278253355740362,"[0.9903916411770711,0.9952167227097748]",0.9926559259504573,0.0014058162266313012,"[0.9910573497774843,0.9934032661379127]",family-cluster sensitivity intervals over the constructed families; not a population confidence interval
07-algorithms-b2,COMMITTEE_PIN_FIXED_ROUTE,9790,loads_per_token,557.421875,0.3256095021642905,471.328125,730.703125,FIXED_ROUTE_COUNTERFACTUAL,TPS_PROJECTION,True,M2,RMSE values differ by less than 5%; prefer loads_per_token,fa7480ceb1c45449eec2bb4557ffaa0f62ef14a8fdfd0c55e274b9a281a9fd0c,9567f49ef2dab913c7446dc85c7849b6665d978c9921eb83198d0c2a5e31b49b,4731949078aa993195cafb1c351e056c0df6e557570a271949e62702a6ba62e3,"[""0927db654db7b106584a5099415733edc65ed505a631836268158dc94d876889""]",76e0c3d578c4dba56e91d15ad643d8740037788a,0.993535949475491,0.0009278253355740362,"[0.9903916411770711,0.9952167227097748]",0.9926559259504573,0.0014058162266313012,"[0.9910573497774843,0.9934032661379127]",family-cluster sensitivity intervals over the constructed families; not a population confidence interval
07-algorithms-b2,COMMITTEE_PIN_FIXED_ROUTE,11748,loads_per_token,517.046875,0.33854812766016673,471.328125,730.703125,FIXED_ROUTE_COUNTERFACTUAL,TPS_PROJECTION,True,M2,RMSE values differ by less than 5%; prefer loads_per_token,fa7480ceb1c45449eec2bb4557ffaa0f62ef14a8fdfd0c55e274b9a281a9fd0c,9567f49ef2dab913c7446dc85c7849b6665d978c9921eb83198d0c2a5e31b49b,4731949078aa993195cafb1c351e056c0df6e557570a271949e62702a6ba62e3,"[""0927db654db7b106584a5099415733edc65ed505a631836268158dc94d876889""]",76e0c3d578c4dba56e91d15ad643d8740037788a,0.993535949475491,0.0009278253355740362,"[0.9903916411770711,0.9952167227097748]",0.9926559259504573,0.0014058162266313012,"[0.9910573497774843,0.9934032661379127]",family-cluster sensitivity intervals over the constructed families; not a population confidence interval
07-algorithms-b2,COMMITTEE_PIN_FIXED_ROUTE,5874,loads_per_token,677.765625,0.2870439860771241,471.328125,730.703125,FIXED_ROUTE_COUNTERFACTUAL,TPS_PROJECTION,True,M2,RMSE values differ by less than 5%; prefer loads_per_token,fa7480ceb1c45449eec2bb4557ffaa0f62ef14a8fdfd0c55e274b9a281a9fd0c,9567f49ef2dab913c7446dc85c7849b6665d978c9921eb83198d0c2a5e31b49b,4731949078aa993195cafb1c351e056c0df6e557570a271949e62702a6ba62e3,"[""0927db654db7b106584a5099415733edc65ed505a631836268158dc94d876889""]",76e0c3d578c4dba56e91d15ad643d8740037788a,0.993535949475491,0.0009278253355740362,"[0.9903916411770711,0.9952167227097748]",0.9926559259504573,0.0014058162266313012,"[0.9910573497774843,0.9934032661379127]",family-cluster sensitivity intervals over the constructed families; not a population confidence interval
07-algorithms-b2,COMMITTEE_PIN_FIXED_ROUTE,7832,loads_per_token,616.78125,0.3065871189371878,471.328125,730.703125,FIXED_ROUTE_COUNTERFACTUAL,TPS_PROJECTION,True,M2,RMSE values differ by less than 5%; prefer loads_per_token,fa7480ceb1c45449eec2bb4557ffaa0f62ef14a8fdfd0c55e274b9a281a9fd0c,9567f49ef2dab913c7446dc85c7849b6665d978c9921eb83198d0c2a5e31b49b,4731949078aa993195cafb1c351e056c0df6e557570a271949e62702a6ba62e3,"[""0927db654db7b106584a5099415733edc65ed505a631836268158dc94d876889""]",76e0c3d578c4dba56e91d15ad643d8740037788a,0.993535949475491,0.0009278253355740362,"[0.9903916411770711,0.9952167227097748]",0.9926559259504573,0.0014058162266313012,"[0.9910573497774843,0.9934032661379127]",family-cluster sensitivity intervals over the constructed families; not a population confidence interval
07-algorithms-b2,COMMITTEE_PIN_FIXED_ROUTE,7849,loads_per_token,616.25,0.306757364009502,471.328125,730.703125,FIXED_ROUTE_COUNTERFACTUAL,TPS_PROJECTION,True,M2,RMSE values differ by less than 5%; prefer loads_per_token,fa7480ceb1c45449eec2bb4557ffaa0f62ef14a8fdfd0c55e274b9a281a9fd0c,9567f49ef2dab913c7446dc85c7849b6665d978c9921eb83198d0c2a5e31b49b,4731949078aa993195cafb1c351e056c0df6e557570a271949e62702a6ba62e3,"[""0927db654db7b106584a5099415733edc65ed505a631836268158dc94d876889""]",76e0c3d578c4dba56e91d15ad643d8740037788a,0.993535949475491,0.0009278253355740362,"[0.9903916411770711,0.9952167227097748]",0.9926559259504573,0.0014058162266313012,"[0.9910573497774843,0.9934032661379127]",family-cluster sensitivity intervals over the constructed families; not a population confidence interval
07-algorithms-b2,COMMITTEE_PIN_FIXED_ROUTE,9790,loads_per_token,568.34375,0.3221094637658318,471.328125,730.703125,FIXED_ROUTE_COUNTERFACTUAL,TPS_PROJECTION,True,M2,RMSE values differ by less than 5%; prefer loads_per_token,fa7480ceb1c45449eec2bb4557ffaa0f62ef14a8fdfd0c55e274b9a281a9fd0c,9567f49ef2dab913c7446dc85c7849b6665d978c9921eb83198d0c2a5e31b49b,4731949078aa993195cafb1c351e056c0df6e557570a271949e62702a6ba62e3,"[""0927db654db7b106584a5099415733edc65ed505a631836268158dc94d876889""]",76e0c3d578c4dba56e91d15ad643d8740037788a,0.993535949475491,0.0009278253355740362,"[0.9903916411770711,0.9952167227097748]",0.9926559259504573,0.0014058162266313012,"[0.9910573497774843,0.9934032661379127]",family-cluster sensitivity intervals over the constructed families; not a population confidence interval
07-algorithms-b2,COMMITTEE_PIN_FIXED_ROUTE,11748,loads_per_token,526.984375,0.33536354336629004,471.328125,730.703125,FIXED_ROUTE_COUNTERFACTUAL,TPS_PROJECTION,True,M2,RMSE values differ by less than 5%; prefer loads_per_token,fa7480ceb1c45449eec2bb4557ffaa0f62ef14a8fdfd0c55e274b9a281a9fd0c,9567f49ef2dab913c7446dc85c7849b6665d978c9921eb83198d0c2a5e31b49b,4731949078aa993195cafb1c351e056c0df6e557570a271949e62702a6ba62e3,"[""0927db654db7b106584a5099415733edc65ed505a631836268158dc94d876889""]",76e0c3d578c4dba56e91d15ad643d8740037788a,0.993535949475491,0.0009278253355740362,"[0.9903916411770711,0.9952167227097748]",0.9926559259504573,0.0014058162266313012,"[0.9910573497774843,0.9934032661379127]",family-cluster sensitivity intervals over the constructed families; not a population confidence interval
07-algorithms-b2,EXACT_LRU,5874,loads_per_token,694.703125,0.28161617259510796,471.328125,730.703125,EXACT_REPLAY,TPS_PROJECTION,True,M2,RMSE values differ by less than 5%; prefer loads_per_token,fa7480ceb1c45449eec2bb4557ffaa0f62ef14a8fdfd0c55e274b9a281a9fd0c,9567f49ef2dab913c7446dc85c7849b6665d978c9921eb83198d0c2a5e31b49b,4731949078aa993195cafb1c351e056c0df6e557570a271949e62702a6ba62e3,"[""18ab89a63b63f6c96a0e0aa4807fcf152aed251b441ab77a8b593bcb35929ba0"",""20af69ef77e69f48779e0f6e38c9254e9127b3aba0917aa53f827d5d533a33a9""]",76e0c3d578c4dba56e91d15ad643d8740037788a,0.993535949475491,0.0009278253355740362,"[0.9903916411770711,0.9952167227097748]",0.9926559259504573,0.0014058162266313012,"[0.9910573497774843,0.9934032661379127]",family-cluster sensitivity intervals over the constructed families; not a population confidence interval
07-algorithms-b2,EXACT_LRU,7832,loads_per_token,632.90625,0.3014196802716521,471.328125,730.703125,EXACT_REPLAY,TPS_PROJECTION,True,M2,RMSE values differ by less than 5%; prefer loads_per_token,fa7480ceb1c45449eec2bb4557ffaa0f62ef14a8fdfd0c55e274b9a281a9fd0c,9567f49ef2dab913c7446dc85c7849b6665d978c9921eb83198d0c2a5e31b49b,4731949078aa993195cafb1c351e056c0df6e557570a271949e62702a6ba62e3,"[""18ab89a63b63f6c96a0e0aa4807fcf152aed251b441ab77a8b593bcb35929ba0"",""20af69ef77e69f48779e0f6e38c9254e9127b3aba0917aa53f827d5d533a33a9""]",76e0c3d578c4dba56e91d15ad643d8740037788a,0.993535949475491,0.0009278253355740362,"[0.9903916411770711,0.9952167227097748]",0.9926559259504573,0.0014058162266313012,"[0.9910573497774843,0.9934032661379127]",family-cluster sensitivity intervals over the constructed families; not a population confidence interval
07-algorithms-b2,EXACT_LRU,7849,loads_per_token,632.203125,0.30164500463206795,471.328125,730.703125,EXACT_REPLAY,TPS_PROJECTION,True,M2,RMSE values differ by less than 5%; prefer loads_per_token,fa7480ceb1c45449eec2bb4557ffaa0f62ef14a8fdfd0c55e274b9a281a9fd0c,9567f49ef2dab913c7446dc85c7849b6665d978c9921eb83198d0c2a5e31b49b,4731949078aa993195cafb1c351e056c0df6e557570a271949e62702a6ba62e3,"[""18ab89a63b63f6c96a0e0aa4807fcf152aed251b441ab77a8b593bcb35929ba0"",""20af69ef77e69f48779e0f6e38c9254e9127b3aba0917aa53f827d5d533a33a9""]",76e0c3d578c4dba56e91d15ad643d8740037788a,0.993535949475491,0.0009278253355740362,"[0.9903916411770711,0.9952167227097748]",0.9926559259504573,0.0014058162266313012,"[0.9910573497774843,0.9934032661379127]",family-cluster sensitivity intervals over the constructed families; not a population confidence interval
07-algorithms-b2,EXACT_LRU,9790,loads_per_token,584.9375,0.3167918088600189,471.328125,730.703125,EXACT_REPLAY,TPS_PROJECTION,True,M2,RMSE values differ by less than 5%; prefer loads_per_token,fa7480ceb1c45449eec2bb4557ffaa0f62ef14a8fdfd0c55e274b9a281a9fd0c,9567f49ef2dab913c7446dc85c7849b6665d978c9921eb83198d0c2a5e31b49b,4731949078aa993195cafb1c351e056c0df6e557570a271949e62702a6ba62e3,"[""18ab89a63b63f6c96a0e0aa4807fcf152aed251b441ab77a8b593bcb35929ba0"",""20af69ef77e69f48779e0f6e38c9254e9127b3aba0917aa53f827d5d533a33a9""]",76e0c3d578c4dba56e91d15ad643d8740037788a,0.993535949475491,0.0009278253355740362,"[0.9903916411770711,0.9952167227097748]",0.9926559259504573,0.0014058162266313012,"[0.9910573497774843,0.9934032661379127]",family-cluster sensitivity intervals over the constructed families; not a population confidence interval
07-algorithms-b2,EXACT_LRU,11748,loads_per_token,540.328125,0.3310873877263991,471.328125,730.703125,EXACT_REPLAY,TPS_PROJECTION,True,M2,RMSE values differ by less than 5%; prefer loads_per_token,fa7480ceb1c45449eec2bb4557ffaa0f62ef14a8fdfd0c55e274b9a281a9fd0c,9567f49ef2dab913c7446dc85c7849b6665d978c9921eb83198d0c2a5e31b49b,4731949078aa993195cafb1c351e056c0df6e557570a271949e62702a6ba62e3,"[""18ab89a63b63f6c96a0e0aa4807fcf152aed251b441ab77a8b593bcb35929ba0"",""20af69ef77e69f48779e0f6e38c9254e9127b3aba0917aa53f827d5d533a33a9""]",76e0c3d578c4dba56e91d15ad643d8740037788a,0.993535949475491,0.0009278253355740362,"[0.9903916411770711,0.9952167227097748]",0.9926559259504573,0.0014058162266313012,"[0.9910573497774843,0.9934032661379127]",family-cluster sensitivity intervals over the constructed families; not a population confidence interval
07-algorithms-b2,S2_P50_FIXED_ROUTE,3916,loads_per_token,684.328125,0.2849409587132433,471.328125,730.703125,FIXED_ROUTE_COUNTERFACTUAL,TPS_PROJECTION,True,M2,RMSE values differ by less than 5%; prefer loads_per_token,fa7480ceb1c45449eec2bb4557ffaa0f62ef14a8fdfd0c55e274b9a281a9fd0c,9567f49ef2dab913c7446dc85c7849b6665d978c9921eb83198d0c2a5e31b49b,4731949078aa993195cafb1c351e056c0df6e557570a271949e62702a6ba62e3,"[""b87d9461ff503e2d13675b08d0362d5675ab8b6a2481e2d19ee46027d0b0ea9d""]",76e0c3d578c4dba56e91d15ad643d8740037788a,0.993535949475491,0.0009278253355740362,"[0.9903916411770711,0.9952167227097748]",0.9926559259504573,0.0014058162266313012,"[0.9910573497774843,0.9934032661379127]",family-cluster sensitivity intervals over the constructed families; not a population confidence interval
07-algorithms-b2,S2_P50_FIXED_ROUTE,5874,loads_per_token,599.09375,0.31225527840364753,471.328125,730.703125,FIXED_ROUTE_COUNTERFACTUAL,TPS_PROJECTION,True,M2,RMSE values differ by less than 5%; prefer loads_per_token,fa7480ceb1c45449eec2bb4557ffaa0f62ef14a8fdfd0c55e274b9a281a9fd0c,9567f49ef2dab913c7446dc85c7849b6665d978c9921eb83198d0c2a5e31b49b,4731949078aa993195cafb1c351e056c0df6e557570a271949e62702a6ba62e3,"[""b87d9461ff503e2d13675b08d0362d5675ab8b6a2481e2d19ee46027d0b0ea9d""]",76e0c3d578c4dba56e91d15ad643d8740037788a,0.993535949475491,0.0009278253355740362,"[0.9903916411770711,0.9952167227097748]",0.9926559259504573,0.0014058162266313012,"[0.9910573497774843,0.9934032661379127]",family-cluster sensitivity intervals over the constructed families; not a population confidence interval
07-algorithms-b2,S2_P50_FIXED_ROUTE,7832,loads_per_token,534.765625,0.3328699537776886,471.328125,730.703125,FIXED_ROUTE_COUNTERFACTUAL,TPS_PROJECTION,True,M2,RMSE values differ by less than 5%; prefer loads_per_token,fa7480ceb1c45449eec2bb4557ffaa0f62ef14a8fdfd0c55e274b9a281a9fd0c,9567f49ef2dab913c7446dc85c7849b6665d978c9921eb83198d0c2a5e31b49b,4731949078aa993195cafb1c351e056c0df6e557570a271949e62702a6ba62e3,"[""b87d9461ff503e2d13675b08d0362d5675ab8b6a2481e2d19ee46027d0b0ea9d""]",76e0c3d578c4dba56e91d15ad643d8740037788a,0.993535949475491,0.0009278253355740362,"[0.9903916411770711,0.9952167227097748]",0.9926559259504573,0.0014058162266313012,"[0.9910573497774843,0.9934032661379127]",family-cluster sensitivity intervals over the constructed families; not a population confidence interval
07-algorithms-b2,S2_P50_FIXED_ROUTE,7849,loads_per_token,534.578125,0.33293004027379947,471.328125,730.703125,FIXED_ROUTE_COUNTERFACTUAL,TPS_PROJECTION,True,M2,RMSE values differ by less than 5%; prefer loads_per_token,fa7480ceb1c45449eec2bb4557ffaa0f62ef14a8fdfd0c55e274b9a281a9fd0c,9567f49ef2dab913c7446dc85c7849b6665d978c9921eb83198d0c2a5e31b49b,4731949078aa993195cafb1c351e056c0df6e557570a271949e62702a6ba62e3,"[""b87d9461ff503e2d13675b08d0362d5675ab8b6a2481e2d19ee46027d0b0ea9d""]",76e0c3d578c4dba56e91d15ad643d8740037788a,0.993535949475491,0.0009278253355740362,"[0.9903916411770711,0.9952167227097748]",0.9926559259504573,0.0014058162266313012,"[0.9910573497774843,0.9934032661379127]",family-cluster sensitivity intervals over the constructed families; not a population confidence interval
07-algorithms-b2,S2_P50_FIXED_ROUTE,9790,loads_per_token,486.40625,0.34836726256628636,471.328125,730.703125,FIXED_ROUTE_COUNTERFACTUAL,TPS_PROJECTION,True,M2,RMSE values differ by less than 5%; prefer loads_per_token,fa7480ceb1c45449eec2bb4557ffaa0f62ef14a8fdfd0c55e274b9a281a9fd0c,9567f49ef2dab913c7446dc85c7849b6665d978c9921eb83198d0c2a5e31b49b,4731949078aa993195cafb1c351e056c0df6e557570a271949e62702a6ba62e3,"[""b87d9461ff503e2d13675b08d0362d5675ab8b6a2481e2d19ee46027d0b0ea9d""]",76e0c3d578c4dba56e91d15ad643d8740037788a,0.993535949475491,0.0009278253355740362,"[0.9903916411770711,0.9952167227097748]",0.9926559259504573,0.0014058162266313012,"[0.9910573497774843,0.9934032661379127]",family-cluster sensitivity intervals over the constructed families; not a population confidence interval
07-algorithms-b8,EXACT_LRU,7832,loads_per_token,659.59375,0.29286736899187027,471.328125,730.703125,EXACT_REPLAY,TPS_PROJECTION,True,M2,RMSE values differ by less than 5%; prefer loads_per_token,fa7480ceb1c45449eec2bb4557ffaa0f62ef14a8fdfd0c55e274b9a281a9fd0c,9567f49ef2dab913c7446dc85c7849b6665d978c9921eb83198d0c2a5e31b49b,4731949078aa993195cafb1c351e056c0df6e557570a271949e62702a6ba62e3,"[""18ab89a63b63f6c96a0e0aa4807fcf152aed251b441ab77a8b593bcb35929ba0"",""25f282940d91c9adcefccf1c86955ce69bbdd033b49fb0460285791af70b4230""]",76e0c3d578c4dba56e91d15ad643d8740037788a,0.993535949475491,0.0009278253355740362,"[0.9903916411770711,0.9952167227097748]",0.9926559259504573,0.0014058162266313012,"[0.9910573497774843,0.9934032661379127]",family-cluster sensitivity intervals over the constructed families; not a population confidence interval
07-algorithms-b8,EXACT_LRU,7849,loads_per_token,659.40625,0.2929274554879811,471.328125,730.703125,EXACT_REPLAY,TPS_PROJECTION,True,M2,RMSE values differ by less than 5%; prefer loads_per_token,fa7480ceb1c45449eec2bb4557ffaa0f62ef14a8fdfd0c55e274b9a281a9fd0c,9567f49ef2dab913c7446dc85c7849b6665d978c9921eb83198d0c2a5e31b49b,4731949078aa993195cafb1c351e056c0df6e557570a271949e62702a6ba62e3,"[""18ab89a63b63f6c96a0e0aa4807fcf152aed251b441ab77a8b593bcb35929ba0"",""25f282940d91c9adcefccf1c86955ce69bbdd033b49fb0460285791af70b4230""]",76e0c3d578c4dba56e91d15ad643d8740037788a,0.993535949475491,0.0009278253355740362,"[0.9903916411770711,0.9952167227097748]",0.9926559259504573,0.0014058162266313012,"[0.9910573497774843,0.9934032661379127]",family-cluster sensitivity intervals over the constructed families; not a population confidence interval
07-algorithms-b8,EXACT_LRU,9790,loads_per_token,582.65625,0.31752286122936796,471.328125,730.703125,EXACT_REPLAY,TPS_PROJECTION,True,M2,RMSE values differ by less than 5%; prefer loads_per_token,fa7480ceb1c45449eec2bb4557ffaa0f62ef14a8fdfd0c55e274b9a281a9fd0c,9567f49ef2dab913c7446dc85c7849b6665d978c9921eb83198d0c2a5e31b49b,4731949078aa993195cafb1c351e056c0df6e557570a271949e62702a6ba62e3,"[""18ab89a63b63f6c96a0e0aa4807fcf152aed251b441ab77a8b593bcb35929ba0"",""25f282940d91c9adcefccf1c86955ce69bbdd033b49fb0460285791af70b4230""]",76e0c3d578c4dba56e91d15ad643d8740037788a,0.993535949475491,0.0009278253355740362,"[0.9903916411770711,0.9952167227097748]",0.9926559259504573,0.0014058162266313012,"[0.9910573497774843,0.9934032661379127]",family-cluster sensitivity intervals over the constructed families; not a population confidence interval
07-algorithms-b8,EXACT_LRU,11748,loads_per_token,542.84375,0.33028122723691145,471.328125,730.703125,EXACT_REPLAY,TPS_PROJECTION,True,M2,RMSE values differ by less than 5%; prefer loads_per_token,fa7480ceb1c45449eec2bb4557ffaa0f62ef14a8fdfd0c55e274b9a281a9fd0c,9567f49ef2dab913c7446dc85c7849b6665d978c9921eb83198d0c2a5e31b49b,4731949078aa993195cafb1c351e056c0df6e557570a271949e62702a6ba62e3,"[""18ab89a63b63f6c96a0e0aa4807fcf152aed251b441ab77a8b593bcb35929ba0"",""25f282940d91c9adcefccf1c86955ce69bbdd033b49fb0460285791af70b4230""]",76e0c3d578c4dba56e91d15ad643d8740037788a,0.993535949475491,0.0009278253355740362,"[0.9903916411770711,0.9952167227097748]",0.9926559259504573,0.0014058162266313012,"[0.9910573497774843,0.9934032661379127]",family-cluster sensitivity intervals over the constructed families; not a population confidence interval
07-algorithms-b8,EXACT_LRU,15665,loads_per_token,472.78125,0.3527335479503436,471.328125,730.703125,EXACT_REPLAY,TPS_PROJECTION,True,M2,RMSE values differ by less than 5%; prefer loads_per_token,fa7480ceb1c45449eec2bb4557ffaa0f62ef14a8fdfd0c55e274b9a281a9fd0c,9567f49ef2dab913c7446dc85c7849b6665d978c9921eb83198d0c2a5e31b49b,4731949078aa993195cafb1c351e056c0df6e557570a271949e62702a6ba62e3,"[""18ab89a63b63f6c96a0e0aa4807fcf152aed251b441ab77a8b593bcb35929ba0"",""25f282940d91c9adcefccf1c86955ce69bbdd033b49fb0460285791af70b4230""]",76e0c3d578c4dba56e91d15ad643d8740037788a,0.993535949475491,0.0009278253355740362,"[0.9903916411770711,0.9952167227097748]",0.9926559259504573,0.0014058162266313012,"[0.9910573497774843,0.9934032661379127]",family-cluster sensitivity intervals over the constructed families; not a population confidence interval
07-algorithms-b8,S2_P50_FIXED_ROUTE,5874,loads_per_token,640.546875,0.29897115555513376,471.328125,730.703125,FIXED_ROUTE_COUNTERFACTUAL,TPS_PROJECTION,True,M2,RMSE values differ by less than 5%; prefer loads_per_token,fa7480ceb1c45449eec2bb4557ffaa0f62ef14a8fdfd0c55e274b9a281a9fd0c,9567f49ef2dab913c7446dc85c7849b6665d978c9921eb83198d0c2a5e31b49b,4731949078aa993195cafb1c351e056c0df6e557570a271949e62702a6ba62e3,"[""b87d9461ff503e2d13675b08d0362d5675ab8b6a2481e2d19ee46027d0b0ea9d""]",76e0c3d578c4dba56e91d15ad643d8740037788a,0.993535949475491,0.0009278253355740362,"[0.9903916411770711,0.9952167227097748]",0.9926559259504573,0.0014058162266313012,"[0.9910573497774843,0.9934032661379127]",family-cluster sensitivity intervals over the constructed families; not a population confidence interval
07-algorithms-b8,S2_P50_FIXED_ROUTE,7832,loads_per_token,548.421875,0.32849365397761277,471.328125,730.703125,FIXED_ROUTE_COUNTERFACTUAL,TPS_PROJECTION,True,M2,RMSE values differ by less than 5%; prefer loads_per_token,fa7480ceb1c45449eec2bb4557ffaa0f62ef14a8fdfd0c55e274b9a281a9fd0c,9567f49ef2dab913c7446dc85c7849b6665d978c9921eb83198d0c2a5e31b49b,4731949078aa993195cafb1c351e056c0df6e557570a271949e62702a6ba62e3,"[""b87d9461ff503e2d13675b08d0362d5675ab8b6a2481e2d19ee46027d0b0ea9d""]",76e0c3d578c4dba56e91d15ad643d8740037788a,0.993535949475491,0.0009278253355740362,"[0.9903916411770711,0.9952167227097748]",0.9926559259504573,0.0014058162266313012,"[0.9910573497774843,0.9934032661379127]",family-cluster sensitivity intervals over the constructed families; not a population confidence interval
07-algorithms-b8,S2_P50_FIXED_ROUTE,7849,loads_per_token,547.46875,0.32879909366617643,471.328125,730.703125,FIXED_ROUTE_COUNTERFACTUAL,TPS_PROJECTION,True,M2,RMSE values differ by less than 5%; prefer loads_per_token,fa7480ceb1c45449eec2bb4557ffaa0f62ef14a8fdfd0c55e274b9a281a9fd0c,9567f49ef2dab913c7446dc85c7849b6665d978c9921eb83198d0c2a5e31b49b,4731949078aa993195cafb1c351e056c0df6e557570a271949e62702a6ba62e3,"[""b87d9461ff503e2d13675b08d0362d5675ab8b6a2481e2d19ee46027d0b0ea9d""]",76e0c3d578c4dba56e91d15ad643d8740037788a,0.993535949475491,0.0009278253355740362,"[0.9903916411770711,0.9952167227097748]",0.9926559259504573,0.0014058162266313012,"[0.9910573497774843,0.9934032661379127]",family-cluster sensitivity intervals over the constructed families; not a population confidence interval
07-algorithms-b8,S2_P50_FIXED_ROUTE,9790,loads_per_token,486.9375,0.34819701749397214,471.328125,730.703125,FIXED_ROUTE_COUNTERFACTUAL,TPS_PROJECTION,True,M2,RMSE values differ by less than 5%; prefer loads_per_token,fa7480ceb1c45449eec2bb4557ffaa0f62ef14a8fdfd0c55e274b9a281a9fd0c,9567f49ef2dab913c7446dc85c7849b6665d978c9921eb83198d0c2a5e31b49b,4731949078aa993195cafb1c351e056c0df6e557570a271949e62702a6ba62e3,"[""b87d9461ff503e2d13675b08d0362d5675ab8b6a2481e2d19ee46027d0b0ea9d""]",76e0c3d578c4dba56e91d15ad643d8740037788a,0.993535949475491,0.0009278253355740362,"[0.9903916411770711,0.9952167227097748]",0.9926559259504573,0.0014058162266313012,"[0.9910573497774843,0.9934032661379127]",family-cluster sensitivity intervals over the constructed families; not a population confidence interval
08-summary-b1,EXACT_LRU,7832,loads_per_token,680.53125,0.28615771025948866,471.328125,730.703125,EXACT_REPLAY,TPS_PROJECTION,True,M2,RMSE values differ by less than 5%; prefer loads_per_token,fa7480ceb1c45449eec2bb4557ffaa0f62ef14a8fdfd0c55e274b9a281a9fd0c,9567f49ef2dab913c7446dc85c7849b6665d978c9921eb83198d0c2a5e31b49b,4731949078aa993195cafb1c351e056c0df6e557570a271949e62702a6ba62e3,"[""18ab89a63b63f6c96a0e0aa4807fcf152aed251b441ab77a8b593bcb35929ba0"",""b7295fb206b42ad866364290f41bf03b43cea52caf7aaf218884127863fe8f66""]",76e0c3d578c4dba56e91d15ad643d8740037788a,0.993535949475491,0.0009278253355740362,"[0.9903916411770711,0.9952167227097748]",0.9926559259504573,0.0014058162266313012,"[0.9910573497774843,0.9934032661379127]",family-cluster sensitivity intervals over the constructed families; not a population confidence interval
08-summary-b1,EXACT_LRU,7849,loads_per_token,679.734375,0.2864130778679599,471.328125,730.703125,EXACT_REPLAY,TPS_PROJECTION,True,M2,RMSE values differ by less than 5%; prefer loads_per_token,fa7480ceb1c45449eec2bb4557ffaa0f62ef14a8fdfd0c55e274b9a281a9fd0c,9567f49ef2dab913c7446dc85c7849b6665d978c9921eb83198d0c2a5e31b49b,4731949078aa993195cafb1c351e056c0df6e557570a271949e62702a6ba62e3,"[""18ab89a63b63f6c96a0e0aa4807fcf152aed251b441ab77a8b593bcb35929ba0"",""b7295fb206b42ad866364290f41bf03b43cea52caf7aaf218884127863fe8f66""]",76e0c3d578c4dba56e91d15ad643d8740037788a,0.993535949475491,0.0009278253355740362,"[0.9903916411770711,0.9952167227097748]",0.9926559259504573,0.0014058162266313012,"[0.9910573497774843,0.9934032661379127]",family-cluster sensitivity intervals over the constructed families; not a population confidence interval
08-summary-b1,EXACT_LRU,9790,loads_per_token,633.046875,0.301374615399569,471.328125,730.703125,EXACT_REPLAY,TPS_PROJECTION,True,M2,RMSE values differ by less than 5%; prefer loads_per_token,fa7480ceb1c45449eec2bb4557ffaa0f62ef14a8fdfd0c55e274b9a281a9fd0c,9567f49ef2dab913c7446dc85c7849b6665d978c9921eb83198d0c2a5e31b49b,4731949078aa993195cafb1c351e056c0df6e557570a271949e62702a6ba62e3,"[""18ab89a63b63f6c96a0e0aa4807fcf152aed251b441ab77a8b593bcb35929ba0"",""b7295fb206b42ad866364290f41bf03b43cea52caf7aaf218884127863fe8f66""]",76e0c3d578c4dba56e91d15ad643d8740037788a,0.993535949475491,0.0009278253355740362,"[0.9903916411770711,0.9952167227097748]",0.9926559259504573,0.0014058162266313012,"[0.9910573497774843,0.9934032661379127]",family-cluster sensitivity intervals over the constructed families; not a population confidence interval
08-summary-b1,EXACT_LRU,11748,loads_per_token,585.1875,0.3167116935318711,471.328125,730.703125,EXACT_REPLAY,TPS_PROJECTION,True,M2,RMSE values differ by less than 5%; prefer loads_per_token,fa7480ceb1c45449eec2bb4557ffaa0f62ef14a8fdfd0c55e274b9a281a9fd0c,9567f49ef2dab913c7446dc85c7849b6665d978c9921eb83198d0c2a5e31b49b,4731949078aa993195cafb1c351e056c0df6e557570a271949e62702a6ba62e3,"[""18ab89a63b63f6c96a0e0aa4807fcf152aed251b441ab77a8b593bcb35929ba0"",""b7295fb206b42ad866364290f41bf03b43cea52caf7aaf218884127863fe8f66""]",76e0c3d578c4dba56e91d15ad643d8740037788a,0.993535949475491,0.0009278253355740362,"[0.9903916411770711,0.9952167227097748]",0.9926559259504573,0.0014058162266313012,"[0.9910573497774843,0.9934032661379127]",family-cluster sensitivity intervals over the constructed families; not a population confidence interval
08-summary-b1,EXACT_LRU,15665,loads_per_token,507.96875,0.34145731551353514,471.328125,730.703125,EXACT_REPLAY,TPS_PROJECTION,True,M2,RMSE values differ by less than 5%; prefer loads_per_token,fa7480ceb1c45449eec2bb4557ffaa0f62ef14a8fdfd0c55e274b9a281a9fd0c,9567f49ef2dab913c7446dc85c7849b6665d978c9921eb83198d0c2a5e31b49b,4731949078aa993195cafb1c351e056c0df6e557570a271949e62702a6ba62e3,"[""18ab89a63b63f6c96a0e0aa4807fcf152aed251b441ab77a8b593bcb35929ba0"",""b7295fb206b42ad866364290f41bf03b43cea52caf7aaf218884127863fe8f66""]",76e0c3d578c4dba56e91d15ad643d8740037788a,0.993535949475491,0.0009278253355740362,"[0.9903916411770711,0.9952167227097748]",0.9926559259504573,0.0014058162266313012,"[0.9910573497774843,0.9934032661379127]",family-cluster sensitivity intervals over the constructed families; not a population confidence interval
08-summary-b1,S2_P50_FIXED_ROUTE,5874,loads_per_token,659.90625,0.29276722483168544,471.328125,730.703125,FIXED_ROUTE_COUNTERFACTUAL,TPS_PROJECTION,True,M2,RMSE values differ by less than 5%; prefer loads_per_token,fa7480ceb1c45449eec2bb4557ffaa0f62ef14a8fdfd0c55e274b9a281a9fd0c,9567f49ef2dab913c7446dc85c7849b6665d978c9921eb83198d0c2a5e31b49b,4731949078aa993195cafb1c351e056c0df6e557570a271949e62702a6ba62e3,"[""b87d9461ff503e2d13675b08d0362d5675ab8b6a2481e2d19ee46027d0b0ea9d""]",76e0c3d578c4dba56e91d15ad643d8740037788a,0.993535949475491,0.0009278253355740362,"[0.9903916411770711,0.9952167227097748]",0.9926559259504573,0.0014058162266313012,"[0.9910573497774843,0.9934032661379127]",family-cluster sensitivity intervals over the constructed families; not a population confidence interval
08-summary-b1,S2_P50_FIXED_ROUTE,7832,loads_per_token,588.0,0.3158103960902079,471.328125,730.703125,FIXED_ROUTE_COUNTERFACTUAL,TPS_PROJECTION,True,M2,RMSE values differ by less than 5%; prefer loads_per_token,fa7480ceb1c45449eec2bb4557ffaa0f62ef14a8fdfd0c55e274b9a281a9fd0c,9567f49ef2dab913c7446dc85c7849b6665d978c9921eb83198d0c2a5e31b49b,4731949078aa993195cafb1c351e056c0df6e557570a271949e62702a6ba62e3,"[""b87d9461ff503e2d13675b08d0362d5675ab8b6a2481e2d19ee46027d0b0ea9d""]",76e0c3d578c4dba56e91d15ad643d8740037788a,0.993535949475491,0.0009278253355740362,"[0.9903916411770711,0.9952167227097748]",0.9926559259504573,0.0014058162266313012,"[0.9910573497774843,0.9934032661379127]",family-cluster sensitivity intervals over the constructed families; not a population confidence interval
08-summary-b1,S2_P50_FIXED_ROUTE,7849,loads_per_token,587.65625,0.31592055466641117,471.328125,730.703125,FIXED_ROUTE_COUNTERFACTUAL,TPS_PROJECTION,True,M2,RMSE values differ by less than 5%; prefer loads_per_token,fa7480ceb1c45449eec2bb4557ffaa0f62ef14a8fdfd0c55e274b9a281a9fd0c,9567f49ef2dab913c7446dc85c7849b6665d978c9921eb83198d0c2a5e31b49b,4731949078aa993195cafb1c351e056c0df6e557570a271949e62702a6ba62e3,"[""b87d9461ff503e2d13675b08d0362d5675ab8b6a2481e2d19ee46027d0b0ea9d""]",76e0c3d578c4dba56e91d15ad643d8740037788a,0.993535949475491,0.0009278253355740362,"[0.9903916411770711,0.9952167227097748]",0.9926559259504573,0.0014058162266313012,"[0.9910573497774843,0.9934032661379127]",family-cluster sensitivity intervals over the constructed families; not a population confidence interval
08-summary-b1,S2_P50_FIXED_ROUTE,9790,loads_per_token,539.25,0.3314328850790367,471.328125,730.703125,FIXED_ROUTE_COUNTERFACTUAL,TPS_PROJECTION,True,M2,RMSE values differ by less than 5%; prefer loads_per_token,fa7480ceb1c45449eec2bb4557ffaa0f62ef14a8fdfd0c55e274b9a281a9fd0c,9567f49ef2dab913c7446dc85c7849b6665d978c9921eb83198d0c2a5e31b49b,4731949078aa993195cafb1c351e056c0df6e557570a271949e62702a6ba62e3,"[""b87d9461ff503e2d13675b08d0362d5675ab8b6a2481e2d19ee46027d0b0ea9d""]",76e0c3d578c4dba56e91d15ad643d8740037788a,0.993535949475491,0.0009278253355740362,"[0.9903916411770711,0.9952167227097748]",0.9926559259504573,0.0014058162266313012,"[0.9910573497774843,0.9934032661379127]",family-cluster sensitivity intervals over the constructed families; not a population confidence interval
08-summary-b1,S2_P50_FIXED_ROUTE,11748,loads_per_token,493.953125,0.3459487810978234,471.328125,730.703125,FIXED_ROUTE_COUNTERFACTUAL,TPS_PROJECTION,True,M2,RMSE values differ by less than 5%; prefer loads_per_token,fa7480ceb1c45449eec2bb4557ffaa0f62ef14a8fdfd0c55e274b9a281a9fd0c,9567f49ef2dab913c7446dc85c7849b6665d978c9921eb83198d0c2a5e31b49b,4731949078aa993195cafb1c351e056c0df6e557570a271949e62702a6ba62e3,"[""b87d9461ff503e2d13675b08d0362d5675ab8b6a2481e2d19ee46027d0b0ea9d""]",76e0c3d578c4dba56e91d15ad643d8740037788a,0.993535949475491,0.0009278253355740362,"[0.9903916411770711,0.9952167227097748]",0.9926559259504573,0.0014058162266313012,"[0.9910573497774843,0.9934032661379127]",family-cluster sensitivity intervals over the constructed families; not a population confidence interval
08-summary-b2,COMMITTEE_PIN_FIXED_ROUTE,9790,loads_per_token,643.46875,0.2980348076574059,471.328125,730.703125,FIXED_ROUTE_COUNTERFACTUAL,TPS_PROJECTION,True,M2,RMSE values differ by less than 5%; prefer loads_per_token,fa7480ceb1c45449eec2bb4557ffaa0f62ef14a8fdfd0c55e274b9a281a9fd0c,9567f49ef2dab913c7446dc85c7849b6665d978c9921eb83198d0c2a5e31b49b,4731949078aa993195cafb1c351e056c0df6e557570a271949e62702a6ba62e3,"[""0927db654db7b106584a5099415733edc65ed505a631836268158dc94d876889""]",76e0c3d578c4dba56e91d15ad643d8740037788a,0.993535949475491,0.0009278253355740362,"[0.9903916411770711,0.9952167227097748]",0.9926559259504573,0.0014058162266313012,"[0.9910573497774843,0.9934032661379127]",family-cluster sensitivity intervals over the constructed families; not a population confidence interval
08-summary-b2,COMMITTEE_PIN_FIXED_ROUTE,11748,loads_per_token,562.0625,0.3241223613855463,471.328125,730.703125,FIXED_ROUTE_COUNTERFACTUAL,TPS_PROJECTION,True,M2,RMSE values differ by less than 5%; prefer loads_per_token,fa7480ceb1c45449eec2bb4557ffaa0f62ef14a8fdfd0c55e274b9a281a9fd0c,9567f49ef2dab913c7446dc85c7849b6665d978c9921eb83198d0c2a5e31b49b,4731949078aa993195cafb1c351e056c0df6e557570a271949e62702a6ba62e3,"[""0927db654db7b106584a5099415733edc65ed505a631836268158dc94d876889""]",76e0c3d578c4dba56e91d15ad643d8740037788a,0.993535949475491,0.0009278253355740362,"[0.9903916411770711,0.9952167227097748]",0.9926559259504573,0.0014058162266313012,"[0.9910573497774843,0.9934032661379127]",family-cluster sensitivity intervals over the constructed families; not a population confidence interval
08-summary-b2,COMMITTEE_PIN_FIXED_ROUTE,9790,loads_per_token,643.46875,0.2980348076574059,471.328125,730.703125,FIXED_ROUTE_COUNTERFACTUAL,TPS_PROJECTION,True,M2,RMSE values differ by less than 5%; prefer loads_per_token,fa7480ceb1c45449eec2bb4557ffaa0f62ef14a8fdfd0c55e274b9a281a9fd0c,9567f49ef2dab913c7446dc85c7849b6665d978c9921eb83198d0c2a5e31b49b,4731949078aa993195cafb1c351e056c0df6e557570a271949e62702a6ba62e3,"[""0927db654db7b106584a5099415733edc65ed505a631836268158dc94d876889""]",76e0c3d578c4dba56e91d15ad643d8740037788a,0.993535949475491,0.0009278253355740362,"[0.9903916411770711,0.9952167227097748]",0.9926559259504573,0.0014058162266313012,"[0.9910573497774843,0.9934032661379127]",family-cluster sensitivity intervals over the constructed families; not a population confidence interval
08-summary-b2,COMMITTEE_PIN_FIXED_ROUTE,11748,loads_per_token,562.0625,0.3241223613855463,471.328125,730.703125,FIXED_ROUTE_COUNTERFACTUAL,TPS_PROJECTION,True,M2,RMSE values differ by less than 5%; prefer loads_per_token,fa7480ceb1c45449eec2bb4557ffaa0f62ef14a8fdfd0c55e274b9a281a9fd0c,9567f49ef2dab913c7446dc85c7849b6665d978c9921eb83198d0c2a5e31b49b,4731949078aa993195cafb1c351e056c0df6e557570a271949e62702a6ba62e3,"[""0927db654db7b106584a5099415733edc65ed505a631836268158dc94d876889""]",76e0c3d578c4dba56e91d15ad643d8740037788a,0.993535949475491,0.0009278253355740362,"[0.9903916411770711,0.9952167227097748]",0.9926559259504573,0.0014058162266313012,"[0.9910573497774843,0.9934032661379127]",family-cluster sensitivity intervals over the constructed families; not a population confidence interval
08-summary-b2,COMMITTEE_PIN_FIXED_ROUTE,7832,loads_per_token,682.0625,0.2856670038745831,471.328125,730.703125,FIXED_ROUTE_COUNTERFACTUAL,TPS_PROJECTION,True,M2,RMSE values differ by less than 5%; prefer loads_per_token,fa7480ceb1c45449eec2bb4557ffaa0f62ef14a8fdfd0c55e274b9a281a9fd0c,9567f49ef2dab913c7446dc85c7849b6665d978c9921eb83198d0c2a5e31b49b,4731949078aa993195cafb1c351e056c0df6e557570a271949e62702a6ba62e3,"[""0927db654db7b106584a5099415733edc65ed505a631836268158dc94d876889""]",76e0c3d578c4dba56e91d15ad643d8740037788a,0.993535949475491,0.0009278253355740362,"[0.9903916411770711,0.9952167227097748]",0.9926559259504573,0.0014058162266313012,"[0.9910573497774843,0.9934032661379127]",family-cluster sensitivity intervals over the constructed families; not a population confidence interval
08-summary-b2,COMMITTEE_PIN_FIXED_ROUTE,7849,loads_per_token,681.703125,0.28578216965879566,471.328125,730.703125,FIXED_ROUTE_COUNTERFACTUAL,TPS_PROJECTION,True,M2,RMSE values differ by less than 5%; prefer loads_per_token,fa7480ceb1c45449eec2bb4557ffaa0f62ef14a8fdfd0c55e274b9a281a9fd0c,9567f49ef2dab913c7446dc85c7849b6665d978c9921eb83198d0c2a5e31b49b,4731949078aa993195cafb1c351e056c0df6e557570a271949e62702a6ba62e3,"[""0927db654db7b106584a5099415733edc65ed505a631836268158dc94d876889""]",76e0c3d578c4dba56e91d15ad643d8740037788a,0.993535949475491,0.0009278253355740362,"[0.9903916411770711,0.9952167227097748]",0.9926559259504573,0.0014058162266313012,"[0.9910573497774843,0.9934032661379127]",family-cluster sensitivity intervals over the constructed families; not a population confidence interval
08-summary-b2,COMMITTEE_PIN_FIXED_ROUTE,9790,loads_per_token,612.109375,0.3080842741319506,471.328125,730.703125,FIXED_ROUTE_COUNTERFACTUAL,TPS_PROJECTION,True,M2,RMSE values differ by less than 5%; prefer loads_per_token,fa7480ceb1c45449eec2bb4557ffaa0f62ef14a8fdfd0c55e274b9a281a9fd0c,9567f49ef2dab913c7446dc85c7849b6665d978c9921eb83198d0c2a5e31b49b,4731949078aa993195cafb1c351e056c0df6e557570a271949e62702a6ba62e3,"[""0927db654db7b106584a5099415733edc65ed505a631836268158dc94d876889""]",76e0c3d578c4dba56e91d15ad643d8740037788a,0.993535949475491,0.0009278253355740362,"[0.9903916411770711,0.9952167227097748]",0.9926559259504573,0.0014058162266313012,"[0.9910573497774843,0.9934032661379127]",family-cluster sensitivity intervals over the constructed families; not a population confidence interval
08-summary-b2,COMMITTEE_PIN_FIXED_ROUTE,11748,loads_per_token,546.515625,0.3291045333547401,471.328125,730.703125,FIXED_ROUTE_COUNTERFACTUAL,TPS_PROJECTION,True,M2,RMSE values differ by less than 5%; prefer loads_per_token,fa7480ceb1c45449eec2bb4557ffaa0f62ef14a8fdfd0c55e274b9a281a9fd0c,9567f49ef2dab913c7446dc85c7849b6665d978c9921eb83198d0c2a5e31b49b,4731949078aa993195cafb1c351e056c0df6e557570a271949e62702a6ba62e3,"[""0927db654db7b106584a5099415733edc65ed505a631836268158dc94d876889""]",76e0c3d578c4dba56e91d15ad643d8740037788a,0.993535949475491,0.0009278253355740362,"[0.9903916411770711,0.9952167227097748]",0.9926559259504573,0.0014058162266313012,"[0.9910573497774843,0.9934032661379127]",family-cluster sensitivity intervals over the constructed families; not a population confidence interval
08-summary-b2,COMMITTEE_PIN_FIXED_ROUTE,7832,loads_per_token,688.953125,0.2834588251425083,471.328125,730.703125,FIXED_ROUTE_COUNTERFACTUAL,TPS_PROJECTION,True,M2,RMSE values differ by less than 5%; prefer loads_per_token,fa7480ceb1c45449eec2bb4557ffaa0f62ef14a8fdfd0c55e274b9a281a9fd0c,9567f49ef2dab913c7446dc85c7849b6665d978c9921eb83198d0c2a5e31b49b,4731949078aa993195cafb1c351e056c0df6e557570a271949e62702a6ba62e3,"[""0927db654db7b106584a5099415733edc65ed505a631836268158dc94d876889""]",76e0c3d578c4dba56e91d15ad643d8740037788a,0.993535949475491,0.0009278253355740362,"[0.9903916411770711,0.9952167227097748]",0.9926559259504573,0.0014058162266313012,"[0.9910573497774843,0.9934032661379127]",family-cluster sensitivity intervals over the constructed families; not a population confidence interval
08-summary-b2,COMMITTEE_PIN_FIXED_ROUTE,7849,loads_per_token,688.453125,0.283619055798804,471.328125,730.703125,FIXED_ROUTE_COUNTERFACTUAL,TPS_PROJECTION,True,M2,RMSE values differ by less than 5%; prefer loads_per_token,fa7480ceb1c45449eec2bb4557ffaa0f62ef14a8fdfd0c55e274b9a281a9fd0c,9567f49ef2dab913c7446dc85c7849b6665d978c9921eb83198d0c2a5e31b49b,4731949078aa993195cafb1c351e056c0df6e557570a271949e62702a6ba62e3,"[""0927db654db7b106584a5099415733edc65ed505a631836268158dc94d876889""]",76e0c3d578c4dba56e91d15ad643d8740037788a,0.993535949475491,0.0009278253355740362,"[0.9903916411770711,0.9952167227097748]",0.9926559259504573,0.0014058162266313012,"[0.9910573497774843,0.9934032661379127]",family-cluster sensitivity intervals over the constructed families; not a population confidence interval
08-summary-b2,COMMITTEE_PIN_FIXED_ROUTE,9790,loads_per_token,612.984375,0.30780387048343316,471.328125,730.703125,FIXED_ROUTE_COUNTERFACTUAL,TPS_PROJECTION,True,M2,RMSE values differ by less than 5%; prefer loads_per_token,fa7480ceb1c45449eec2bb4557ffaa0f62ef14a8fdfd0c55e274b9a281a9fd0c,9567f49ef2dab913c7446dc85c7849b6665d978c9921eb83198d0c2a5e31b49b,4731949078aa993195cafb1c351e056c0df6e557570a271949e62702a6ba62e3,"[""0927db654db7b106584a5099415733edc65ed505a631836268158dc94d876889""]",76e0c3d578c4dba56e91d15ad643d8740037788a,0.993535949475491,0.0009278253355740362,"[0.9903916411770711,0.9952167227097748]",0.9926559259504573,0.0014058162266313012,"[0.9910573497774843,0.9934032661379127]",family-cluster sensitivity intervals over the constructed families; not a population confidence interval
08-summary-b2,COMMITTEE_PIN_FIXED_ROUTE,11748,loads_per_token,553.796875,0.3267711744224342,471.328125,730.703125,FIXED_ROUTE_COUNTERFACTUAL,TPS_PROJECTION,True,M2,RMSE values differ by less than 5%; prefer loads_per_token,fa7480ceb1c45449eec2bb4557ffaa0f62ef14a8fdfd0c55e274b9a281a9fd0c,9567f49ef2dab913c7446dc85c7849b6665d978c9921eb83198d0c2a5e31b49b,4731949078aa993195cafb1c351e056c0df6e557570a271949e62702a6ba62e3,"[""0927db654db7b106584a5099415733edc65ed505a631836268158dc94d876889""]",76e0c3d578c4dba56e91d15ad643d8740037788a,0.993535949475491,0.0009278253355740362,"[0.9903916411770711,0.9952167227097748]",0.9926559259504573,0.0014058162266313012,"[0.9910573497774843,0.9934032661379127]",family-cluster sensitivity intervals over the constructed families; not a population confidence interval
08-summary-b2,EXACT_LRU,7832,loads_per_token,684.171875,0.28499103079333576,471.328125,730.703125,EXACT_REPLAY,TPS_PROJECTION,True,M2,RMSE values differ by less than 5%; prefer loads_per_token,fa7480ceb1c45449eec2bb4557ffaa0f62ef14a8fdfd0c55e274b9a281a9fd0c,9567f49ef2dab913c7446dc85c7849b6665d978c9921eb83198d0c2a5e31b49b,4731949078aa993195cafb1c351e056c0df6e557570a271949e62702a6ba62e3,"[""18ab89a63b63f6c96a0e0aa4807fcf152aed251b441ab77a8b593bcb35929ba0"",""4ef3c41d4799bab0a8601943b4803f8fb7244806c9a058e7842e26ba1f8fd108""]",76e0c3d578c4dba56e91d15ad643d8740037788a,0.993535949475491,0.0009278253355740362,"[0.9903916411770711,0.9952167227097748]",0.9926559259504573,0.0014058162266313012,"[0.9910573497774843,0.9934032661379127]",family-cluster sensitivity intervals over the constructed families; not a population confidence interval
08-summary-b2,EXACT_LRU,7849,loads_per_token,682.84375,0.2854166434741211,471.328125,730.703125,EXACT_REPLAY,TPS_PROJECTION,True,M2,RMSE values differ by less than 5%; prefer loads_per_token,fa7480ceb1c45449eec2bb4557ffaa0f62ef14a8fdfd0c55e274b9a281a9fd0c,9567f49ef2dab913c7446dc85c7849b6665d978c9921eb83198d0c2a5e31b49b,4731949078aa993195cafb1c351e056c0df6e557570a271949e62702a6ba62e3,"[""18ab89a63b63f6c96a0e0aa4807fcf152aed251b441ab77a8b593bcb35929ba0"",""4ef3c41d4799bab0a8601943b4803f8fb7244806c9a058e7842e26ba1f8fd108""]",76e0c3d578c4dba56e91d15ad643d8740037788a,0.993535949475491,0.0009278253355740362,"[0.9903916411770711,0.9952167227097748]",0.9926559259504573,0.0014058162266313012,"[0.9910573497774843,0.9934032661379127]",family-cluster sensitivity intervals over the constructed families; not a population confidence interval
08-summary-b2,EXACT_LRU,9790,loads_per_token,617.109375,0.3064819675689938,471.328125,730.703125,EXACT_REPLAY,TPS_PROJECTION,True,M2,RMSE values differ by less than 5%; prefer loads_per_token,fa7480ceb1c45449eec2bb4557ffaa0f62ef14a8fdfd0c55e274b9a281a9fd0c,9567f49ef2dab913c7446dc85c7849b6665d978c9921eb83198d0c2a5e31b49b,4731949078aa993195cafb1c351e056c0df6e557570a271949e62702a6ba62e3,"[""18ab89a63b63f6c96a0e0aa4807fcf152aed251b441ab77a8b593bcb35929ba0"",""4ef3c41d4799bab0a8601943b4803f8fb7244806c9a058e7842e26ba1f8fd108""]",76e0c3d578c4dba56e91d15ad643d8740037788a,0.993535949475491,0.0009278253355740362,"[0.9903916411770711,0.9952167227097748]",0.9926559259504573,0.0014058162266313012,"[0.9910573497774843,0.9934032661379127]",family-cluster sensitivity intervals over the constructed families; not a population confidence interval
08-summary-b2,EXACT_LRU,11748,loads_per_token,564.828125,0.32323608556791084,471.328125,730.703125,EXACT_REPLAY,TPS_PROJECTION,True,M2,RMSE values differ by less than 5%; prefer loads_per_token,fa7480ceb1c45449eec2bb4557ffaa0f62ef14a8fdfd0c55e274b9a281a9fd0c,9567f49ef2dab913c7446dc85c7849b6665d978c9921eb83198d0c2a5e31b49b,4731949078aa993195cafb1c351e056c0df6e557570a271949e62702a6ba62e3,"[""18ab89a63b63f6c96a0e0aa4807fcf152aed251b441ab77a8b593bcb35929ba0"",""4ef3c41d4799bab0a8601943b4803f8fb7244806c9a058e7842e26ba1f8fd108""]",76e0c3d578c4dba56e91d15ad643d8740037788a,0.993535949475491,0.0009278253355740362,"[0.9903916411770711,0.9952167227097748]",0.9926559259504573,0.0014058162266313012,"[0.9910573497774843,0.9934032661379127]",family-cluster sensitivity intervals over the constructed families; not a population confidence interval
08-summary-b2,EXACT_LRU,15665,loads_per_token,478.5,0.35090090981896177,471.328125,730.703125,EXACT_REPLAY,TPS_PROJECTION,True,M2,RMSE values differ by less than 5%; prefer loads_per_token,fa7480ceb1c45449eec2bb4557ffaa0f62ef14a8fdfd0c55e274b9a281a9fd0c,9567f49ef2dab913c7446dc85c7849b6665d978c9921eb83198d0c2a5e31b49b,4731949078aa993195cafb1c351e056c0df6e557570a271949e62702a6ba62e3,"[""18ab89a63b63f6c96a0e0aa4807fcf152aed251b441ab77a8b593bcb35929ba0"",""4ef3c41d4799bab0a8601943b4803f8fb7244806c9a058e7842e26ba1f8fd108""]",76e0c3d578c4dba56e91d15ad643d8740037788a,0.993535949475491,0.0009278253355740362,"[0.9903916411770711,0.9952167227097748]",0.9926559259504573,0.0014058162266313012,"[0.9910573497774843,0.9934032661379127]",family-cluster sensitivity intervals over the constructed families; not a population confidence interval
08-summary-b2,S2_P50_FIXED_ROUTE,5874,loads_per_token,676.515625,0.28744456271786334,471.328125,730.703125,FIXED_ROUTE_COUNTERFACTUAL,TPS_PROJECTION,True,M2,RMSE values differ by less than 5%; prefer loads_per_token,fa7480ceb1c45449eec2bb4557ffaa0f62ef14a8fdfd0c55e274b9a281a9fd0c,9567f49ef2dab913c7446dc85c7849b6665d978c9921eb83198d0c2a5e31b49b,4731949078aa993195cafb1c351e056c0df6e557570a271949e62702a6ba62e3,"[""b87d9461ff503e2d13675b08d0362d5675ab8b6a2481e2d19ee46027d0b0ea9d""]",76e0c3d578c4dba56e91d15ad643d8740037788a,0.993535949475491,0.0009278253355740362,"[0.9903916411770711,0.9952167227097748]",0.9926559259504573,0.0014058162266313012,"[0.9910573497774843,0.9934032661379127]",family-cluster sensitivity intervals over the constructed families; not a population confidence interval
08-summary-b2,S2_P50_FIXED_ROUTE,7832,loads_per_token,584.421875,0.31695704672432384,471.328125,730.703125,FIXED_ROUTE_COUNTERFACTUAL,TPS_PROJECTION,True,M2,RMSE values differ by less than 5%; prefer loads_per_token,fa7480ceb1c45449eec2bb4557ffaa0f62ef14a8fdfd0c55e274b9a281a9fd0c,9567f49ef2dab913c7446dc85c7849b6665d978c9921eb83198d0c2a5e31b49b,4731949078aa993195cafb1c351e056c0df6e557570a271949e62702a6ba62e3,"[""b87d9461ff503e2d13675b08d0362d5675ab8b6a2481e2d19ee46027d0b0ea9d""]",76e0c3d578c4dba56e91d15ad643d8740037788a,0.993535949475491,0.0009278253355740362,"[0.9903916411770711,0.9952167227097748]",0.9926559259504573,0.0014058162266313012,"[0.9910573497774843,0.9934032661379127]",family-cluster sensitivity intervals over the constructed families; not a population confidence interval
08-summary-b2,S2_P50_FIXED_ROUTE,7849,loads_per_token,583.96875,0.3171022557565918,471.328125,730.703125,FIXED_ROUTE_COUNTERFACTUAL,TPS_PROJECTION,True,M2,RMSE values differ by less than 5%; prefer loads_per_token,fa7480ceb1c45449eec2bb4557ffaa0f62ef14a8fdfd0c55e274b9a281a9fd0c,9567f49ef2dab913c7446dc85c7849b6665d978c9921eb83198d0c2a5e31b49b,4731949078aa993195cafb1c351e056c0df6e557570a271949e62702a6ba62e3,"[""b87d9461ff503e2d13675b08d0362d5675ab8b6a2481e2d19ee46027d0b0ea9d""]",76e0c3d578c4dba56e91d15ad643d8740037788a,0.993535949475491,0.0009278253355740362,"[0.9903916411770711,0.9952167227097748]",0.9926559259504573,0.0014058162266313012,"[0.9910573497774843,0.9934032661379127]",family-cluster sensitivity intervals over the constructed families; not a population confidence interval
08-summary-b2,S2_P50_FIXED_ROUTE,9790,loads_per_token,519.875,0.3376418230104943,471.328125,730.703125,FIXED_ROUTE_COUNTERFACTUAL,TPS_PROJECTION,True,M2,RMSE values differ by less than 5%; prefer loads_per_token,fa7480ceb1c45449eec2bb4557ffaa0f62ef14a8fdfd0c55e274b9a281a9fd0c,9567f49ef2dab913c7446dc85c7849b6665d978c9921eb83198d0c2a5e31b49b,4731949078aa993195cafb1c351e056c0df6e557570a271949e62702a6ba62e3,"[""b87d9461ff503e2d13675b08d0362d5675ab8b6a2481e2d19ee46027d0b0ea9d""]",76e0c3d578c4dba56e91d15ad643d8740037788a,0.993535949475491,0.0009278253355740362,"[0.9903916411770711,0.9952167227097748]",0.9926559259504573,0.0014058162266313012,"[0.9910573497774843,0.9934032661379127]",family-cluster sensitivity intervals over the constructed families; not a population confidence interval
08-summary-b8,EXACT_LRU,7832,loads_per_token,726.734375,0.271351396176166,471.328125,730.703125,EXACT_REPLAY,TPS_PROJECTION,True,M2,RMSE values differ by less than 5%; prefer loads_per_token,fa7480ceb1c45449eec2bb4557ffaa0f62ef14a8fdfd0c55e274b9a281a9fd0c,9567f49ef2dab913c7446dc85c7849b6665d978c9921eb83198d0c2a5e31b49b,4731949078aa993195cafb1c351e056c0df6e557570a271949e62702a6ba62e3,"[""18ab89a63b63f6c96a0e0aa4807fcf152aed251b441ab77a8b593bcb35929ba0"",""7a59040b254ea460befc42720456d2afcf99af75bccb20eaa8e1e219a22e8ac0""]",76e0c3d578c4dba56e91d15ad643d8740037788a,0.993535949475491,0.0009278253355740362,"[0.9903916411770711,0.9952167227097748]",0.9926559259504573,0.0014058162266313012,"[0.9910573497774843,0.9934032661379127]",family-cluster sensitivity intervals over the constructed families; not a population confidence interval
08-summary-b8,EXACT_LRU,7849,loads_per_token,725.203125,0.2718421025610715,471.328125,730.703125,EXACT_REPLAY,TPS_PROJECTION,True,M2,RMSE values differ by less than 5%; prefer loads_per_token,fa7480ceb1c45449eec2bb4557ffaa0f62ef14a8fdfd0c55e274b9a281a9fd0c,9567f49ef2dab913c7446dc85c7849b6665d978c9921eb83198d0c2a5e31b49b,4731949078aa993195cafb1c351e056c0df6e557570a271949e62702a6ba62e3,"[""18ab89a63b63f6c96a0e0aa4807fcf152aed251b441ab77a8b593bcb35929ba0"",""7a59040b254ea460befc42720456d2afcf99af75bccb20eaa8e1e219a22e8ac0""]",76e0c3d578c4dba56e91d15ad643d8740037788a,0.993535949475491,0.0009278253355740362,"[0.9903916411770711,0.9952167227097748]",0.9926559259504573,0.0014058162266313012,"[0.9910573497774843,0.9934032661379127]",family-cluster sensitivity intervals over the constructed families; not a population confidence interval
08-summary-b8,EXACT_LRU,9790,loads_per_token,596.578125,0.3130614388931351,471.328125,730.703125,EXACT_REPLAY,TPS_PROJECTION,True,M2,RMSE values differ by less than 5%; prefer loads_per_token,fa7480ceb1c45449eec2bb4557ffaa0f62ef14a8fdfd0c55e274b9a281a9fd0c,9567f49ef2dab913c7446dc85c7849b6665d978c9921eb83198d0c2a5e31b49b,4731949078aa993195cafb1c351e056c0df6e557570a271949e62702a6ba62e3,"[""18ab89a63b63f6c96a0e0aa4807fcf152aed251b441ab77a8b593bcb35929ba0"",""7a59040b254ea460befc42720456d2afcf99af75bccb20eaa8e1e219a22e8ac0""]",76e0c3d578c4dba56e91d15ad643d8740037788a,0.993535949475491,0.0009278253355740362,"[0.9903916411770711,0.9952167227097748]",0.9926559259504573,0.0014058162266313012,"[0.9910573497774843,0.9934032661379127]",family-cluster sensitivity intervals over the constructed families; not a population confidence interval
08-summary-b8,EXACT_LRU,11748,loads_per_token,536.09375,0.33244434109690313,471.328125,730.703125,EXACT_REPLAY,TPS_PROJECTION,True,M2,RMSE values differ by less than 5%; prefer loads_per_token,fa7480ceb1c45449eec2bb4557ffaa0f62ef14a8fdfd0c55e274b9a281a9fd0c,9567f49ef2dab913c7446dc85c7849b6665d978c9921eb83198d0c2a5e31b49b,4731949078aa993195cafb1c351e056c0df6e557570a271949e62702a6ba62e3,"[""18ab89a63b63f6c96a0e0aa4807fcf152aed251b441ab77a8b593bcb35929ba0"",""7a59040b254ea460befc42720456d2afcf99af75bccb20eaa8e1e219a22e8ac0""]",76e0c3d578c4dba56e91d15ad643d8740037788a,0.993535949475491,0.0009278253355740362,"[0.9903916411770711,0.9952167227097748]",0.9926559259504573,0.0014058162266313012,"[0.9910573497774843,0.9934032661379127]",family-cluster sensitivity intervals over the constructed families; not a population confidence interval
08-summary-b8,S2_P50_FIXED_ROUTE,5874,loads_per_token,709.359375,0.2769194114824408,471.328125,730.703125,FIXED_ROUTE_COUNTERFACTUAL,TPS_PROJECTION,True,M2,RMSE values differ by less than 5%; prefer loads_per_token,fa7480ceb1c45449eec2bb4557ffaa0f62ef14a8fdfd0c55e274b9a281a9fd0c,9567f49ef2dab913c7446dc85c7849b6665d978c9921eb83198d0c2a5e31b49b,4731949078aa993195cafb1c351e056c0df6e557570a271949e62702a6ba62e3,"[""b87d9461ff503e2d13675b08d0362d5675ab8b6a2481e2d19ee46027d0b0ea9d""]",76e0c3d578c4dba56e91d15ad643d8740037788a,0.993535949475491,0.0009278253355740362,"[0.9903916411770711,0.9952167227097748]",0.9926559259504573,0.0014058162266313012,"[0.9910573497774843,0.9934032661379127]",family-cluster sensitivity intervals over the constructed families; not a population confidence interval
08-summary-b8,S2_P50_FIXED_ROUTE,7832,loads_per_token,596.921875,0.31295128031693187,471.328125,730.703125,FIXED_ROUTE_COUNTERFACTUAL,TPS_PROJECTION,True,M2,RMSE values differ by less than 5%; prefer loads_per_token,fa7480ceb1c45449eec2bb4557ffaa0f62ef14a8fdfd0c55e274b9a281a9fd0c,9567f49ef2dab913c7446dc85c7849b6665d978c9921eb83198d0c2a5e31b49b,4731949078aa993195cafb1c351e056c0df6e557570a271949e62702a6ba62e3,"[""b87d9461ff503e2d13675b08d0362d5675ab8b6a2481e2d19ee46027d0b0ea9d""]",76e0c3d578c4dba56e91d15ad643d8740037788a,0.993535949475491,0.0009278253355740362,"[0.9903916411770711,0.9952167227097748]",0.9926559259504573,0.0014058162266313012,"[0.9910573497774843,0.9934032661379127]",family-cluster sensitivity intervals over the constructed families; not a population confidence interval
08-summary-b8,S2_P50_FIXED_ROUTE,7849,loads_per_token,596.484375,0.31309148214119054,471.328125,730.703125,FIXED_ROUTE_COUNTERFACTUAL,TPS_PROJECTION,True,M2,RMSE values differ by less than 5%; prefer loads_per_token,fa7480ceb1c45449eec2bb4557ffaa0f62ef14a8fdfd0c55e274b9a281a9fd0c,9567f49ef2dab913c7446dc85c7849b6665d978c9921eb83198d0c2a5e31b49b,4731949078aa993195cafb1c351e056c0df6e557570a271949e62702a6ba62e3,"[""b87d9461ff503e2d13675b08d0362d5675ab8b6a2481e2d19ee46027d0b0ea9d""]",76e0c3d578c4dba56e91d15ad643d8740037788a,0.993535949475491,0.0009278253355740362,"[0.9903916411770711,0.9952167227097748]",0.9926559259504573,0.0014058162266313012,"[0.9910573497774843,0.9934032661379127]",family-cluster sensitivity intervals over the constructed families; not a population confidence interval
08-summary-b8,S2_P50_FIXED_ROUTE,9790,loads_per_token,487.15625,0.3481269165818428,471.328125,730.703125,FIXED_ROUTE_COUNTERFACTUAL,TPS_PROJECTION,True,M2,RMSE values differ by less than 5%; prefer loads_per_token,fa7480ceb1c45449eec2bb4557ffaa0f62ef14a8fdfd0c55e274b9a281a9fd0c,9567f49ef2dab913c7446dc85c7849b6665d978c9921eb83198d0c2a5e31b49b,4731949078aa993195cafb1c351e056c0df6e557570a271949e62702a6ba62e3,"[""b87d9461ff503e2d13675b08d0362d5675ab8b6a2481e2d19ee46027d0b0ea9d""]",76e0c3d578c4dba56e91d15ad643d8740037788a,0.993535949475491,0.0009278253355740362,"[0.9903916411770711,0.9952167227097748]",0.9926559259504573,0.0014058162266313012,"[0.9910573497774843,0.9934032661379127]",family-cluster sensitivity intervals over the constructed families; not a population confidence interval
09-extract-b1,EXACT_LRU,5874,loads_per_token,706.796875,0.2777405935959562,471.328125,730.703125,EXACT_REPLAY,TPS_PROJECTION,True,M2,RMSE values differ by less than 5%; prefer loads_per_token,fa7480ceb1c45449eec2bb4557ffaa0f62ef14a8fdfd0c55e274b9a281a9fd0c,9567f49ef2dab913c7446dc85c7849b6665d978c9921eb83198d0c2a5e31b49b,4731949078aa993195cafb1c351e056c0df6e557570a271949e62702a6ba62e3,"[""18ab89a63b63f6c96a0e0aa4807fcf152aed251b441ab77a8b593bcb35929ba0"",""4afd133672f4efd1f4f9c594529ae0826a6590359a5994efc77c1d1bad8d77d5""]",76e0c3d578c4dba56e91d15ad643d8740037788a,0.993535949475491,0.0009278253355740362,"[0.9903916411770711,0.9952167227097748]",0.9926559259504573,0.0014058162266313012,"[0.9910573497774843,0.9934032661379127]",family-cluster sensitivity intervals over the constructed families; not a population confidence interval
09-extract-b1,EXACT_LRU,7832,loads_per_token,619.984375,0.3055606412952936,471.328125,730.703125,EXACT_REPLAY,TPS_PROJECTION,True,M2,RMSE values differ by less than 5%; prefer loads_per_token,fa7480ceb1c45449eec2bb4557ffaa0f62ef14a8fdfd0c55e274b9a281a9fd0c,9567f49ef2dab913c7446dc85c7849b6665d978c9921eb83198d0c2a5e31b49b,4731949078aa993195cafb1c351e056c0df6e557570a271949e62702a6ba62e3,"[""18ab89a63b63f6c96a0e0aa4807fcf152aed251b441ab77a8b593bcb35929ba0"",""4afd133672f4efd1f4f9c594529ae0826a6590359a5994efc77c1d1bad8d77d5""]",76e0c3d578c4dba56e91d15ad643d8740037788a,0.993535949475491,0.0009278253355740362,"[0.9903916411770711,0.9952167227097748]",0.9926559259504573,0.0014058162266313012,"[0.9910573497774843,0.9934032661379127]",family-cluster sensitivity intervals over the constructed families; not a population confidence interval
09-extract-b1,EXACT_LRU,7849,loads_per_token,619.90625,0.3055856773353398,471.328125,730.703125,EXACT_REPLAY,TPS_PROJECTION,True,M2,RMSE values differ by less than 5%; prefer loads_per_token,fa7480ceb1c45449eec2bb4557ffaa0f62ef14a8fdfd0c55e274b9a281a9fd0c,9567f49ef2dab913c7446dc85c7849b6665d978c9921eb83198d0c2a5e31b49b,4731949078aa993195cafb1c351e056c0df6e557570a271949e62702a6ba62e3,"[""18ab89a63b63f6c96a0e0aa4807fcf152aed251b441ab77a8b593bcb35929ba0"",""4afd133672f4efd1f4f9c594529ae0826a6590359a5994efc77c1d1bad8d77d5""]",76e0c3d578c4dba56e91d15ad643d8740037788a,0.993535949475491,0.0009278253355740362,"[0.9903916411770711,0.9952167227097748]",0.9926559259504573,0.0014058162266313012,"[0.9910573497774843,0.9934032661379127]",family-cluster sensitivity intervals over the constructed families; not a population confidence interval
09-extract-b1,EXACT_LRU,9790,loads_per_token,565.0625,0.32316097744777217,471.328125,730.703125,EXACT_REPLAY,TPS_PROJECTION,True,M2,RMSE values differ by less than 5%; prefer loads_per_token,fa7480ceb1c45449eec2bb4557ffaa0f62ef14a8fdfd0c55e274b9a281a9fd0c,9567f49ef2dab913c7446dc85c7849b6665d978c9921eb83198d0c2a5e31b49b,4731949078aa993195cafb1c351e056c0df6e557570a271949e62702a6ba62e3,"[""18ab89a63b63f6c96a0e0aa4807fcf152aed251b441ab77a8b593bcb35929ba0"",""4afd133672f4efd1f4f9c594529ae0826a6590359a5994efc77c1d1bad8d77d5""]",76e0c3d578c4dba56e91d15ad643d8740037788a,0.993535949475491,0.0009278253355740362,"[0.9903916411770711,0.9952167227097748]",0.9926559259504573,0.0014058162266313012,"[0.9910573497774843,0.9934032661379127]",family-cluster sensitivity intervals over the constructed families; not a population confidence interval
09-extract-b1,EXACT_LRU,11748,loads_per_token,524.234375,0.33624481197591627,471.328125,730.703125,EXACT_REPLAY,TPS_PROJECTION,True,M2,RMSE values differ by less than 5%; prefer loads_per_token,fa7480ceb1c45449eec2bb4557ffaa0f62ef14a8fdfd0c55e274b9a281a9fd0c,9567f49ef2dab913c7446dc85c7849b6665d978c9921eb83198d0c2a5e31b49b,4731949078aa993195cafb1c351e056c0df6e557570a271949e62702a6ba62e3,"[""18ab89a63b63f6c96a0e0aa4807fcf152aed251b441ab77a8b593bcb35929ba0"",""4afd133672f4efd1f4f9c594529ae0826a6590359a5994efc77c1d1bad8d77d5""]",76e0c3d578c4dba56e91d15ad643d8740037788a,0.993535949475491,0.0009278253355740362,"[0.9903916411770711,0.9952167227097748]",0.9926559259504573,0.0014058162266313012,"[0.9910573497774843,0.9934032661379127]",family-cluster sensitivity intervals over the constructed families; not a population confidence interval
09-extract-b1,S2_P50_FIXED_ROUTE,3916,loads_per_token,721.3125,0.27308889735537223,471.328125,730.703125,FIXED_ROUTE_COUNTERFACTUAL,TPS_PROJECTION,True,M2,RMSE values differ by less than 5%; prefer loads_per_token,fa7480ceb1c45449eec2bb4557ffaa0f62ef14a8fdfd0c55e274b9a281a9fd0c,9567f49ef2dab913c7446dc85c7849b6665d978c9921eb83198d0c2a5e31b49b,4731949078aa993195cafb1c351e056c0df6e557570a271949e62702a6ba62e3,"[""b87d9461ff503e2d13675b08d0362d5675ab8b6a2481e2d19ee46027d0b0ea9d""]",76e0c3d578c4dba56e91d15ad643d8740037788a,0.993535949475491,0.0009278253355740362,"[0.9903916411770711,0.9952167227097748]",0.9926559259504573,0.0014058162266313012,"[0.9910573497774843,0.9934032661379127]",family-cluster sensitivity intervals over the constructed families; not a population confidence interval
09-extract-b1,S2_P50_FIXED_ROUTE,5874,loads_per_token,611.8125,0.30817941108412616,471.328125,730.703125,FIXED_ROUTE_COUNTERFACTUAL,TPS_PROJECTION,True,M2,RMSE values differ by less than 5%; prefer loads_per_token,fa7480ceb1c45449eec2bb4557ffaa0f62ef14a8fdfd0c55e274b9a281a9fd0c,9567f49ef2dab913c7446dc85c7849b6665d978c9921eb83198d0c2a5e31b49b,4731949078aa993195cafb1c351e056c0df6e557570a271949e62702a6ba62e3,"[""b87d9461ff503e2d13675b08d0362d5675ab8b6a2481e2d19ee46027d0b0ea9d""]",76e0c3d578c4dba56e91d15ad643d8740037788a,0.993535949475491,0.0009278253355740362,"[0.9903916411770711,0.9952167227097748]",0.9926559259504573,0.0014058162266313012,"[0.9910573497774843,0.9934032661379127]",family-cluster sensitivity intervals over the constructed families; not a population confidence interval
09-extract-b1,S2_P50_FIXED_ROUTE,7832,loads_per_token,527.609375,0.3351632550459205,471.328125,730.703125,FIXED_ROUTE_COUNTERFACTUAL,TPS_PROJECTION,True,M2,RMSE values differ by less than 5%; prefer loads_per_token,fa7480ceb1c45449eec2bb4557ffaa0f62ef14a8fdfd0c55e274b9a281a9fd0c,9567f49ef2dab913c7446dc85c7849b6665d978c9921eb83198d0c2a5e31b49b,4731949078aa993195cafb1c351e056c0df6e557570a271949e62702a6ba62e3,"[""b87d9461ff503e2d13675b08d0362d5675ab8b6a2481e2d19ee46027d0b0ea9d""]",76e0c3d578c4dba56e91d15ad643d8740037788a,0.993535949475491,0.0009278253355740362,"[0.9903916411770711,0.9952167227097748]",0.9926559259504573,0.0014058162266313012,"[0.9910573497774843,0.9934032661379127]",family-cluster sensitivity intervals over the constructed families; not a population confidence interval
09-extract-b1,S2_P50_FIXED_ROUTE,7849,loads_per_token,527.015625,0.3353535289502716,471.328125,730.703125,FIXED_ROUTE_COUNTERFACTUAL,TPS_PROJECTION,True,M2,RMSE values differ by less than 5%; prefer loads_per_token,fa7480ceb1c45449eec2bb4557ffaa0f62ef14a8fdfd0c55e274b9a281a9fd0c,9567f49ef2dab913c7446dc85c7849b6665d978c9921eb83198d0c2a5e31b49b,4731949078aa993195cafb1c351e056c0df6e557570a271949e62702a6ba62e3,"[""b87d9461ff503e2d13675b08d0362d5675ab8b6a2481e2d19ee46027d0b0ea9d""]",76e0c3d578c4dba56e91d15ad643d8740037788a,0.993535949475491,0.0009278253355740362,"[0.9903916411770711,0.9952167227097748]",0.9926559259504573,0.0014058162266313012,"[0.9910573497774843,0.9934032661379127]",family-cluster sensitivity intervals over the constructed families; not a population confidence interval
09-extract-b1,S2_P50_FIXED_ROUTE,9790,loads_per_token,476.78125,0.35145170269997816,471.328125,730.703125,FIXED_ROUTE_COUNTERFACTUAL,TPS_PROJECTION,True,M2,RMSE values differ by less than 5%; prefer loads_per_token,fa7480ceb1c45449eec2bb4557ffaa0f62ef14a8fdfd0c55e274b9a281a9fd0c,9567f49ef2dab913c7446dc85c7849b6665d978c9921eb83198d0c2a5e31b49b,4731949078aa993195cafb1c351e056c0df6e557570a271949e62702a6ba62e3,"[""b87d9461ff503e2d13675b08d0362d5675ab8b6a2481e2d19ee46027d0b0ea9d""]",76e0c3d578c4dba56e91d15ad643d8740037788a,0.993535949475491,0.0009278253355740362,"[0.9903916411770711,0.9952167227097748]",0.9926559259504573,0.0014058162266313012,"[0.9910573497774843,0.9934032661379127]",family-cluster sensitivity intervals over the constructed families; not a population confidence interval
09-extract-b8,COMMITTEE_PIN_FIXED_ROUTE,9790,loads_per_token,616.671875,0.3066221693932525,471.328125,730.703125,FIXED_ROUTE_COUNTERFACTUAL,TPS_PROJECTION,True,M2,RMSE values differ by less than 5%; prefer loads_per_token,fa7480ceb1c45449eec2bb4557ffaa0f62ef14a8fdfd0c55e274b9a281a9fd0c,9567f49ef2dab913c7446dc85c7849b6665d978c9921eb83198d0c2a5e31b49b,4731949078aa993195cafb1c351e056c0df6e557570a271949e62702a6ba62e3,"[""0927db654db7b106584a5099415733edc65ed505a631836268158dc94d876889""]",76e0c3d578c4dba56e91d15ad643d8740037788a,0.993535949475491,0.0009278253355740362,"[0.9903916411770711,0.9952167227097748]",0.9926559259504573,0.0014058162266313012,"[0.9910573497774843,0.9934032661379127]",family-cluster sensitivity intervals over the constructed families; not a population confidence interval
09-extract-b8,COMMITTEE_PIN_FIXED_ROUTE,11748,loads_per_token,516.015625,0.3388786033887765,471.328125,730.703125,FIXED_ROUTE_COUNTERFACTUAL,TPS_PROJECTION,True,M2,RMSE values differ by less than 5%; prefer loads_per_token,fa7480ceb1c45449eec2bb4557ffaa0f62ef14a8fdfd0c55e274b9a281a9fd0c,9567f49ef2dab913c7446dc85c7849b6665d978c9921eb83198d0c2a5e31b49b,4731949078aa993195cafb1c351e056c0df6e557570a271949e62702a6ba62e3,"[""0927db654db7b106584a5099415733edc65ed505a631836268158dc94d876889""]",76e0c3d578c4dba56e91d15ad643d8740037788a,0.993535949475491,0.0009278253355740362,"[0.9903916411770711,0.9952167227097748]",0.9926559259504573,0.0014058162266313012,"[0.9910573497774843,0.9934032661379127]",family-cluster sensitivity intervals over the constructed families; not a population confidence interval
09-extract-b8,COMMITTEE_PIN_FIXED_ROUTE,9790,loads_per_token,616.671875,0.3066221693932525,471.328125,730.703125,FIXED_ROUTE_COUNTERFACTUAL,TPS_PROJECTION,True,M2,RMSE values differ by less than 5%; prefer loads_per_token,fa7480ceb1c45449eec2bb4557ffaa0f62ef14a8fdfd0c55e274b9a281a9fd0c,9567f49ef2dab913c7446dc85c7849b6665d978c9921eb83198d0c2a5e31b49b,4731949078aa993195cafb1c351e056c0df6e557570a271949e62702a6ba62e3,"[""0927db654db7b106584a5099415733edc65ed505a631836268158dc94d876889""]",76e0c3d578c4dba56e91d15ad643d8740037788a,0.993535949475491,0.0009278253355740362,"[0.9903916411770711,0.9952167227097748]",0.9926559259504573,0.0014058162266313012,"[0.9910573497774843,0.9934032661379127]",family-cluster sensitivity intervals over the constructed families; not a population confidence interval
09-extract-b8,COMMITTEE_PIN_FIXED_ROUTE,11748,loads_per_token,516.015625,0.3388786033887765,471.328125,730.703125,FIXED_ROUTE_COUNTERFACTUAL,TPS_PROJECTION,True,M2,RMSE values differ by less than 5%; prefer loads_per_token,fa7480ceb1c45449eec2bb4557ffaa0f62ef14a8fdfd0c55e274b9a281a9fd0c,9567f49ef2dab913c7446dc85c7849b6665d978c9921eb83198d0c2a5e31b49b,4731949078aa993195cafb1c351e056c0df6e557570a271949e62702a6ba62e3,"[""0927db654db7b106584a5099415733edc65ed505a631836268158dc94d876889""]",76e0c3d578c4dba56e91d15ad643d8740037788a,0.993535949475491,0.0009278253355740362,"[0.9903916411770711,0.9952167227097748]",0.9926559259504573,0.0014058162266313012,"[0.9910573497774843,0.9934032661379127]",family-cluster sensitivity intervals over the constructed families; not a population confidence interval
09-extract-b8,COMMITTEE_PIN_FIXED_ROUTE,7832,loads_per_token,615.796875,0.30690257304176993,471.328125,730.703125,FIXED_ROUTE_COUNTERFACTUAL,TPS_PROJECTION,True,M2,RMSE values differ by less than 5%; prefer loads_per_token,fa7480ceb1c45449eec2bb4557ffaa0f62ef14a8fdfd0c55e274b9a281a9fd0c,9567f49ef2dab913c7446dc85c7849b6665d978c9921eb83198d0c2a5e31b49b,4731949078aa993195cafb1c351e056c0df6e557570a271949e62702a6ba62e3,"[""0927db654db7b106584a5099415733edc65ed505a631836268158dc94d876889""]",76e0c3d578c4dba56e91d15ad643d8740037788a,0.993535949475491,0.0009278253355740362,"[0.9903916411770711,0.9952167227097748]",0.9926559259504573,0.0014058162266313012,"[0.9910573497774843,0.9934032661379127]",family-cluster sensitivity intervals over the constructed families; not a population confidence interval
09-extract-b8,COMMITTEE_PIN_FIXED_ROUTE,7849,loads_per_token,615.609375,0.3069626595378808,471.328125,730.703125,FIXED_ROUTE_COUNTERFACTUAL,TPS_PROJECTION,True,M2,RMSE values differ by less than 5%; prefer loads_per_token,fa7480ceb1c45449eec2bb4557ffaa0f62ef14a8fdfd0c55e274b9a281a9fd0c,9567f49ef2dab913c7446dc85c7849b6665d978c9921eb83198d0c2a5e31b49b,4731949078aa993195cafb1c351e056c0df6e557570a271949e62702a6ba62e3,"[""0927db654db7b106584a5099415733edc65ed505a631836268158dc94d876889""]",76e0c3d578c4dba56e91d15ad643d8740037788a,0.993535949475491,0.0009278253355740362,"[0.9903916411770711,0.9952167227097748]",0.9926559259504573,0.0014058162266313012,"[0.9910573497774843,0.9934032661379127]",family-cluster sensitivity intervals over the constructed families; not a population confidence interval
09-extract-b8,COMMITTEE_PIN_FIXED_ROUTE,9790,loads_per_token,551.390625,0.3275422844558572,471.328125,730.703125,FIXED_ROUTE_COUNTERFACTUAL,TPS_PROJECTION,True,M2,RMSE values differ by less than 5%; prefer loads_per_token,fa7480ceb1c45449eec2bb4557ffaa0f62ef14a8fdfd0c55e274b9a281a9fd0c,9567f49ef2dab913c7446dc85c7849b6665d978c9921eb83198d0c2a5e31b49b,4731949078aa993195cafb1c351e056c0df6e557570a271949e62702a6ba62e3,"[""0927db654db7b106584a5099415733edc65ed505a631836268158dc94d876889""]",76e0c3d578c4dba56e91d15ad643d8740037788a,0.993535949475491,0.0009278253355740362,"[0.9903916411770711,0.9952167227097748]",0.9926559259504573,0.0014058162266313012,"[0.9910573497774843,0.9934032661379127]",family-cluster sensitivity intervals over the constructed families; not a population confidence interval
09-extract-b8,COMMITTEE_PIN_FIXED_ROUTE,11748,loads_per_token,507.34375,0.34165760383390475,471.328125,730.703125,FIXED_ROUTE_COUNTERFACTUAL,TPS_PROJECTION,True,M2,RMSE values differ by less than 5%; prefer loads_per_token,fa7480ceb1c45449eec2bb4557ffaa0f62ef14a8fdfd0c55e274b9a281a9fd0c,9567f49ef2dab913c7446dc85c7849b6665d978c9921eb83198d0c2a5e31b49b,4731949078aa993195cafb1c351e056c0df6e557570a271949e62702a6ba62e3,"[""0927db654db7b106584a5099415733edc65ed505a631836268158dc94d876889""]",76e0c3d578c4dba56e91d15ad643d8740037788a,0.993535949475491,0.0009278253355740362,"[0.9903916411770711,0.9952167227097748]",0.9926559259504573,0.0014058162266313012,"[0.9910573497774843,0.9934032661379127]",family-cluster sensitivity intervals over the constructed families; not a population confidence interval
09-extract-b8,COMMITTEE_PIN_FIXED_ROUTE,5874,loads_per_token,688.28125,0.28367413508690564,471.328125,730.703125,FIXED_ROUTE_COUNTERFACTUAL,TPS_PROJECTION,True,M2,RMSE values differ by less than 5%; prefer loads_per_token,fa7480ceb1c45449eec2bb4557ffaa0f62ef14a8fdfd0c55e274b9a281a9fd0c,9567f49ef2dab913c7446dc85c7849b6665d978c9921eb83198d0c2a5e31b49b,4731949078aa993195cafb1c351e056c0df6e557570a271949e62702a6ba62e3,"[""0927db654db7b106584a5099415733edc65ed505a631836268158dc94d876889""]",76e0c3d578c4dba56e91d15ad643d8740037788a,0.993535949475491,0.0009278253355740362,"[0.9903916411770711,0.9952167227097748]",0.9926559259504573,0.0014058162266313012,"[0.9910573497774843,0.9934032661379127]",family-cluster sensitivity intervals over the constructed families; not a population confidence interval
09-extract-b8,COMMITTEE_PIN_FIXED_ROUTE,7832,loads_per_token,618.703125,0.30597123235205126,471.328125,730.703125,FIXED_ROUTE_COUNTERFACTUAL,TPS_PROJECTION,True,M2,RMSE values differ by less than 5%; prefer loads_per_token,fa7480ceb1c45449eec2bb4557ffaa0f62ef14a8fdfd0c55e274b9a281a9fd0c,9567f49ef2dab913c7446dc85c7849b6665d978c9921eb83198d0c2a5e31b49b,4731949078aa993195cafb1c351e056c0df6e557570a271949e62702a6ba62e3,"[""0927db654db7b106584a5099415733edc65ed505a631836268158dc94d876889""]",76e0c3d578c4dba56e91d15ad643d8740037788a,0.993535949475491,0.0009278253355740362,"[0.9903916411770711,0.9952167227097748]",0.9926559259504573,0.0014058162266313012,"[0.9910573497774843,0.9934032661379127]",family-cluster sensitivity intervals over the constructed families; not a population confidence interval
09-extract-b8,COMMITTEE_PIN_FIXED_ROUTE,7849,loads_per_token,618.375,0.30607638372024537,471.328125,730.703125,FIXED_ROUTE_COUNTERFACTUAL,TPS_PROJECTION,True,M2,RMSE values differ by less than 5%; prefer loads_per_token,fa7480ceb1c45449eec2bb4557ffaa0f62ef14a8fdfd0c55e274b9a281a9fd0c,9567f49ef2dab913c7446dc85c7849b6665d978c9921eb83198d0c2a5e31b49b,4731949078aa993195cafb1c351e056c0df6e557570a271949e62702a6ba62e3,"[""0927db654db7b106584a5099415733edc65ed505a631836268158dc94d876889""]",76e0c3d578c4dba56e91d15ad643d8740037788a,0.993535949475491,0.0009278253355740362,"[0.9903916411770711,0.9952167227097748]",0.9926559259504573,0.0014058162266313012,"[0.9910573497774843,0.9934032661379127]",family-cluster sensitivity intervals over the constructed families; not a population confidence interval
09-extract-b8,COMMITTEE_PIN_FIXED_ROUTE,9790,loads_per_token,558.140625,0.3253791705958655,471.328125,730.703125,FIXED_ROUTE_COUNTERFACTUAL,TPS_PROJECTION,True,M2,RMSE values differ by less than 5%; prefer loads_per_token,fa7480ceb1c45449eec2bb4557ffaa0f62ef14a8fdfd0c55e274b9a281a9fd0c,9567f49ef2dab913c7446dc85c7849b6665d978c9921eb83198d0c2a5e31b49b,4731949078aa993195cafb1c351e056c0df6e557570a271949e62702a6ba62e3,"[""0927db654db7b106584a5099415733edc65ed505a631836268158dc94d876889""]",76e0c3d578c4dba56e91d15ad643d8740037788a,0.993535949475491,0.0009278253355740362,"[0.9903916411770711,0.9952167227097748]",0.9926559259504573,0.0014058162266313012,"[0.9910573497774843,0.9934032661379127]",family-cluster sensitivity intervals over the constructed families; not a population confidence interval
09-extract-b8,COMMITTEE_PIN_FIXED_ROUTE,11748,loads_per_token,516.359375,0.3387684448125733,471.328125,730.703125,FIXED_ROUTE_COUNTERFACTUAL,TPS_PROJECTION,True,M2,RMSE values differ by less than 5%; prefer loads_per_token,fa7480ceb1c45449eec2bb4557ffaa0f62ef14a8fdfd0c55e274b9a281a9fd0c,9567f49ef2dab913c7446dc85c7849b6665d978c9921eb83198d0c2a5e31b49b,4731949078aa993195cafb1c351e056c0df6e557570a271949e62702a6ba62e3,"[""0927db654db7b106584a5099415733edc65ed505a631836268158dc94d876889""]",76e0c3d578c4dba56e91d15ad643d8740037788a,0.993535949475491,0.0009278253355740362,"[0.9903916411770711,0.9952167227097748]",0.9926559259504573,0.0014058162266313012,"[0.9910573497774843,0.9934032661379127]",family-cluster sensitivity intervals over the constructed families; not a population confidence interval
09-extract-b8,EXACT_LRU,5874,loads_per_token,707.234375,0.2776003917716975,471.328125,730.703125,EXACT_REPLAY,TPS_PROJECTION,True,M2,RMSE values differ by less than 5%; prefer loads_per_token,fa7480ceb1c45449eec2bb4557ffaa0f62ef14a8fdfd0c55e274b9a281a9fd0c,9567f49ef2dab913c7446dc85c7849b6665d978c9921eb83198d0c2a5e31b49b,4731949078aa993195cafb1c351e056c0df6e557570a271949e62702a6ba62e3,"[""18ab89a63b63f6c96a0e0aa4807fcf152aed251b441ab77a8b593bcb35929ba0"",""87813ce819b5e5bba2ed451b9e4664e238b065aa22122e3b536762fba9325b96""]",76e0c3d578c4dba56e91d15ad643d8740037788a,0.993535949475491,0.0009278253355740362,"[0.9903916411770711,0.9952167227097748]",0.9926559259504573,0.0014058162266313012,"[0.9910573497774843,0.9934032661379127]",family-cluster sensitivity intervals over the constructed families; not a population confidence interval
09-extract-b8,EXACT_LRU,7832,loads_per_token,632.0,0.30171009833618806,471.328125,730.703125,EXACT_REPLAY,TPS_PROJECTION,True,M2,RMSE values differ by less than 5%; prefer loads_per_token,fa7480ceb1c45449eec2bb4557ffaa0f62ef14a8fdfd0c55e274b9a281a9fd0c,9567f49ef2dab913c7446dc85c7849b6665d978c9921eb83198d0c2a5e31b49b,4731949078aa993195cafb1c351e056c0df6e557570a271949e62702a6ba62e3,"[""18ab89a63b63f6c96a0e0aa4807fcf152aed251b441ab77a8b593bcb35929ba0"",""87813ce819b5e5bba2ed451b9e4664e238b065aa22122e3b536762fba9325b96""]",76e0c3d578c4dba56e91d15ad643d8740037788a,0.993535949475491,0.0009278253355740362,"[0.9903916411770711,0.9952167227097748]",0.9926559259504573,0.0014058162266313012,"[0.9910573497774843,0.9934032661379127]",family-cluster sensitivity intervals over the constructed families; not a population confidence interval
09-extract-b8,EXACT_LRU,7849,loads_per_token,631.296875,0.3019354226966039,471.328125,730.703125,EXACT_REPLAY,TPS_PROJECTION,True,M2,RMSE values differ by less than 5%; prefer loads_per_token,fa7480ceb1c45449eec2bb4557ffaa0f62ef14a8fdfd0c55e274b9a281a9fd0c,9567f49ef2dab913c7446dc85c7849b6665d978c9921eb83198d0c2a5e31b49b,4731949078aa993195cafb1c351e056c0df6e557570a271949e62702a6ba62e3,"[""18ab89a63b63f6c96a0e0aa4807fcf152aed251b441ab77a8b593bcb35929ba0"",""87813ce819b5e5bba2ed451b9e4664e238b065aa22122e3b536762fba9325b96""]",76e0c3d578c4dba56e91d15ad643d8740037788a,0.993535949475491,0.0009278253355740362,"[0.9903916411770711,0.9952167227097748]",0.9926559259504573,0.0014058162266313012,"[0.9910573497774843,0.9934032661379127]",family-cluster sensitivity intervals over the constructed families; not a population confidence interval
09-extract-b8,EXACT_LRU,9790,loads_per_token,571.09375,0.3212281951562056,471.328125,730.703125,EXACT_REPLAY,TPS_PROJECTION,True,M2,RMSE values differ by less than 5%; prefer loads_per_token,fa7480ceb1c45449eec2bb4557ffaa0f62ef14a8fdfd0c55e274b9a281a9fd0c,9567f49ef2dab913c7446dc85c7849b6665d978c9921eb83198d0c2a5e31b49b,4731949078aa993195cafb1c351e056c0df6e557570a271949e62702a6ba62e3,"[""18ab89a63b63f6c96a0e0aa4807fcf152aed251b441ab77a8b593bcb35929ba0"",""87813ce819b5e5bba2ed451b9e4664e238b065aa22122e3b536762fba9325b96""]",76e0c3d578c4dba56e91d15ad643d8740037788a,0.993535949475491,0.0009278253355740362,"[0.9903916411770711,0.9952167227097748]",0.9926559259504573,0.0014058162266313012,"[0.9910573497774843,0.9934032661379127]",family-cluster sensitivity intervals over the constructed families; not a population confidence interval
09-extract-b8,EXACT_LRU,11748,loads_per_token,527.46875,0.3352083199180036,471.328125,730.703125,EXACT_REPLAY,TPS_PROJECTION,True,M2,RMSE values differ by less than 5%; prefer loads_per_token,fa7480ceb1c45449eec2bb4557ffaa0f62ef14a8fdfd0c55e274b9a281a9fd0c,9567f49ef2dab913c7446dc85c7849b6665d978c9921eb83198d0c2a5e31b49b,4731949078aa993195cafb1c351e056c0df6e557570a271949e62702a6ba62e3,"[""18ab89a63b63f6c96a0e0aa4807fcf152aed251b441ab77a8b593bcb35929ba0"",""87813ce819b5e5bba2ed451b9e4664e238b065aa22122e3b536762fba9325b96""]",76e0c3d578c4dba56e91d15ad643d8740037788a,0.993535949475491,0.0009278253355740362,"[0.9903916411770711,0.9952167227097748]",0.9926559259504573,0.0014058162266313012,"[0.9910573497774843,0.9934032661379127]",family-cluster sensitivity intervals over the constructed families; not a population confidence interval
09-extract-b8,S2_P50_FIXED_ROUTE,3916,loads_per_token,701.046875,0.2795832461433565,471.328125,730.703125,FIXED_ROUTE_COUNTERFACTUAL,TPS_PROJECTION,True,M2,RMSE values differ by less than 5%; prefer loads_per_token,fa7480ceb1c45449eec2bb4557ffaa0f62ef14a8fdfd0c55e274b9a281a9fd0c,9567f49ef2dab913c7446dc85c7849b6665d978c9921eb83198d0c2a5e31b49b,4731949078aa993195cafb1c351e056c0df6e557570a271949e62702a6ba62e3,"[""b87d9461ff503e2d13675b08d0362d5675ab8b6a2481e2d19ee46027d0b0ea9d""]",76e0c3d578c4dba56e91d15ad643d8740037788a,0.993535949475491,0.0009278253355740362,"[0.9903916411770711,0.9952167227097748]",0.9926559259504573,0.0014058162266313012,"[0.9910573497774843,0.9934032661379127]",family-cluster sensitivity intervals over the constructed families; not a population confidence interval
09-extract-b8,S2_P50_FIXED_ROUTE,5874,loads_per_token,598.203125,0.3125406892601742,471.328125,730.703125,FIXED_ROUTE_COUNTERFACTUAL,TPS_PROJECTION,True,M2,RMSE values differ by less than 5%; prefer loads_per_token,fa7480ceb1c45449eec2bb4557ffaa0f62ef14a8fdfd0c55e274b9a281a9fd0c,9567f49ef2dab913c7446dc85c7849b6665d978c9921eb83198d0c2a5e31b49b,4731949078aa993195cafb1c351e056c0df6e557570a271949e62702a6ba62e3,"[""b87d9461ff503e2d13675b08d0362d5675ab8b6a2481e2d19ee46027d0b0ea9d""]",76e0c3d578c4dba56e91d15ad643d8740037788a,0.993535949475491,0.0009278253355740362,"[0.9903916411770711,0.9952167227097748]",0.9926559259504573,0.0014058162266313012,"[0.9910573497774843,0.9934032661379127]",family-cluster sensitivity intervals over the constructed families; not a population confidence interval
09-extract-b8,S2_P50_FIXED_ROUTE,7832,loads_per_token,527.140625,0.33531347128619765,471.328125,730.703125,FIXED_ROUTE_COUNTERFACTUAL,TPS_PROJECTION,True,M2,RMSE values differ by less than 5%; prefer loads_per_token,fa7480ceb1c45449eec2bb4557ffaa0f62ef14a8fdfd0c55e274b9a281a9fd0c,9567f49ef2dab913c7446dc85c7849b6665d978c9921eb83198d0c2a5e31b49b,4731949078aa993195cafb1c351e056c0df6e557570a271949e62702a6ba62e3,"[""b87d9461ff503e2d13675b08d0362d5675ab8b6a2481e2d19ee46027d0b0ea9d""]",76e0c3d578c4dba56e91d15ad643d8740037788a,0.993535949475491,0.0009278253355740362,"[0.9903916411770711,0.9952167227097748]",0.9926559259504573,0.0014058162266313012,"[0.9910573497774843,0.9934032661379127]",family-cluster sensitivity intervals over the constructed families; not a population confidence interval
09-extract-b8,S2_P50_FIXED_ROUTE,7849,loads_per_token,526.140625,0.33563393259878904,471.328125,730.703125,FIXED_ROUTE_COUNTERFACTUAL,TPS_PROJECTION,True,M2,RMSE values differ by less than 5%; prefer loads_per_token,fa7480ceb1c45449eec2bb4557ffaa0f62ef14a8fdfd0c55e274b9a281a9fd0c,9567f49ef2dab913c7446dc85c7849b6665d978c9921eb83198d0c2a5e31b49b,4731949078aa993195cafb1c351e056c0df6e557570a271949e62702a6ba62e3,"[""b87d9461ff503e2d13675b08d0362d5675ab8b6a2481e2d19ee46027d0b0ea9d""]",76e0c3d578c4dba56e91d15ad643d8740037788a,0.993535949475491,0.0009278253355740362,"[0.9903916411770711,0.9952167227097748]",0.9926559259504573,0.0014058162266313012,"[0.9910573497774843,0.9934032661379127]",family-cluster sensitivity intervals over the constructed families; not a population confidence interval
09-extract-b8,S2_P50_FIXED_ROUTE,9790,loads_per_token,475.5,0.35186229375673583,471.328125,730.703125,FIXED_ROUTE_COUNTERFACTUAL,TPS_PROJECTION,True,M2,RMSE values differ by less than 5%; prefer loads_per_token,fa7480ceb1c45449eec2bb4557ffaa0f62ef14a8fdfd0c55e274b9a281a9fd0c,9567f49ef2dab913c7446dc85c7849b6665d978c9921eb83198d0c2a5e31b49b,4731949078aa993195cafb1c351e056c0df6e557570a271949e62702a6ba62e3,"[""b87d9461ff503e2d13675b08d0362d5675ab8b6a2481e2d19ee46027d0b0ea9d""]",76e0c3d578c4dba56e91d15ad643d8740037788a,0.993535949475491,0.0009278253355740362,"[0.9903916411770711,0.9952167227097748]",0.9926559259504573,0.0014058162266313012,"[0.9910573497774843,0.9934032661379127]",family-cluster sensitivity intervals over the constructed families; not a population confidence interval
10-planning-b1,EXACT_LRU,7832,loads_per_token,648.328125,0.2964775659665323,471.328125,730.703125,EXACT_REPLAY,TPS_PROJECTION,True,M2,RMSE values differ by less than 5%; prefer loads_per_token,fa7480ceb1c45449eec2bb4557ffaa0f62ef14a8fdfd0c55e274b9a281a9fd0c,9567f49ef2dab913c7446dc85c7849b6665d978c9921eb83198d0c2a5e31b49b,4731949078aa993195cafb1c351e056c0df6e557570a271949e62702a6ba62e3,"[""18ab89a63b63f6c96a0e0aa4807fcf152aed251b441ab77a8b593bcb35929ba0"",""ad568faaca11d2aa71df2c1acbf527903d99018816d59130844e95fc29c30629""]",76e0c3d578c4dba56e91d15ad643d8740037788a,0.993535949475491,0.0009278253355740362,"[0.9903916411770711,0.9952167227097748]",0.9926559259504573,0.0014058162266313012,"[0.9910573497774843,0.9934032661379127]",family-cluster sensitivity intervals over the constructed families; not a population confidence interval
10-planning-b1,EXACT_LRU,7849,loads_per_token,647.421875,0.2967679840310682,471.328125,730.703125,EXACT_REPLAY,TPS_PROJECTION,True,M2,RMSE values differ by less than 5%; prefer loads_per_token,fa7480ceb1c45449eec2bb4557ffaa0f62ef14a8fdfd0c55e274b9a281a9fd0c,9567f49ef2dab913c7446dc85c7849b6665d978c9921eb83198d0c2a5e31b49b,4731949078aa993195cafb1c351e056c0df6e557570a271949e62702a6ba62e3,"[""18ab89a63b63f6c96a0e0aa4807fcf152aed251b441ab77a8b593bcb35929ba0"",""ad568faaca11d2aa71df2c1acbf527903d99018816d59130844e95fc29c30629""]",76e0c3d578c4dba56e91d15ad643d8740037788a,0.993535949475491,0.0009278253355740362,"[0.9903916411770711,0.9952167227097748]",0.9926559259504573,0.0014058162266313012,"[0.9910573497774843,0.9934032661379127]",family-cluster sensitivity intervals over the constructed families; not a population confidence interval
10-planning-b1,EXACT_LRU,9790,loads_per_token,560.171875,0.3247282335546643,471.328125,730.703125,EXACT_REPLAY,TPS_PROJECTION,True,M2,RMSE values differ by less than 5%; prefer loads_per_token,fa7480ceb1c45449eec2bb4557ffaa0f62ef14a8fdfd0c55e274b9a281a9fd0c,9567f49ef2dab913c7446dc85c7849b6665d978c9921eb83198d0c2a5e31b49b,4731949078aa993195cafb1c351e056c0df6e557570a271949e62702a6ba62e3,"[""18ab89a63b63f6c96a0e0aa4807fcf152aed251b441ab77a8b593bcb35929ba0"",""ad568faaca11d2aa71df2c1acbf527903d99018816d59130844e95fc29c30629""]",76e0c3d578c4dba56e91d15ad643d8740037788a,0.993535949475491,0.0009278253355740362,"[0.9903916411770711,0.9952167227097748]",0.9926559259504573,0.0014058162266313012,"[0.9910573497774843,0.9934032661379127]",family-cluster sensitivity intervals over the constructed families; not a population confidence interval
10-planning-b1,EXACT_LRU,11748,loads_per_token,497.609375,0.3447770944236612,471.328125,730.703125,EXACT_REPLAY,TPS_PROJECTION,True,M2,RMSE values differ by less than 5%; prefer loads_per_token,fa7480ceb1c45449eec2bb4557ffaa0f62ef14a8fdfd0c55e274b9a281a9fd0c,9567f49ef2dab913c7446dc85c7849b6665d978c9921eb83198d0c2a5e31b49b,4731949078aa993195cafb1c351e056c0df6e557570a271949e62702a6ba62e3,"[""18ab89a63b63f6c96a0e0aa4807fcf152aed251b441ab77a8b593bcb35929ba0"",""ad568faaca11d2aa71df2c1acbf527903d99018816d59130844e95fc29c30629""]",76e0c3d578c4dba56e91d15ad643d8740037788a,0.993535949475491,0.0009278253355740362,"[0.9903916411770711,0.9952167227097748]",0.9926559259504573,0.0014058162266313012,"[0.9910573497774843,0.9934032661379127]",family-cluster sensitivity intervals over the constructed families; not a population confidence interval
10-planning-b1,S2_P50_FIXED_ROUTE,5874,loads_per_token,635.25,0.3006685990702661,471.328125,730.703125,FIXED_ROUTE_COUNTERFACTUAL,TPS_PROJECTION,True,M2,RMSE values differ by less than 5%; prefer loads_per_token,fa7480ceb1c45449eec2bb4557ffaa0f62ef14a8fdfd0c55e274b9a281a9fd0c,9567f49ef2dab913c7446dc85c7849b6665d978c9921eb83198d0c2a5e31b49b,4731949078aa993195cafb1c351e056c0df6e557570a271949e62702a6ba62e3,"[""b87d9461ff503e2d13675b08d0362d5675ab8b6a2481e2d19ee46027d0b0ea9d""]",76e0c3d578c4dba56e91d15ad643d8740037788a,0.993535949475491,0.0009278253355740362,"[0.9903916411770711,0.9952167227097748]",0.9926559259504573,0.0014058162266313012,"[0.9910573497774843,0.9934032661379127]",family-cluster sensitivity intervals over the constructed families; not a population confidence interval
10-planning-b1,S2_P50_FIXED_ROUTE,7832,loads_per_token,540.609375,0.3309972579822328,471.328125,730.703125,FIXED_ROUTE_COUNTERFACTUAL,TPS_PROJECTION,True,M2,RMSE values differ by less than 5%; prefer loads_per_token,fa7480ceb1c45449eec2bb4557ffaa0f62ef14a8fdfd0c55e274b9a281a9fd0c,9567f49ef2dab913c7446dc85c7849b6665d978c9921eb83198d0c2a5e31b49b,4731949078aa993195cafb1c351e056c0df6e557570a271949e62702a6ba62e3,"[""b87d9461ff503e2d13675b08d0362d5675ab8b6a2481e2d19ee46027d0b0ea9d""]",76e0c3d578c4dba56e91d15ad643d8740037788a,0.993535949475491,0.0009278253355740362,"[0.9903916411770711,0.9952167227097748]",0.9926559259504573,0.0014058162266313012,"[0.9910573497774843,0.9934032661379127]",family-cluster sensitivity intervals over the constructed families; not a population confidence interval
10-planning-b1,S2_P50_FIXED_ROUTE,7849,loads_per_token,540.234375,0.33111743097445456,471.328125,730.703125,FIXED_ROUTE_COUNTERFACTUAL,TPS_PROJECTION,True,M2,RMSE values differ by less than 5%; prefer loads_per_token,fa7480ceb1c45449eec2bb4557ffaa0f62ef14a8fdfd0c55e274b9a281a9fd0c,9567f49ef2dab913c7446dc85c7849b6665d978c9921eb83198d0c2a5e31b49b,4731949078aa993195cafb1c351e056c0df6e557570a271949e62702a6ba62e3,"[""b87d9461ff503e2d13675b08d0362d5675ab8b6a2481e2d19ee46027d0b0ea9d""]",76e0c3d578c4dba56e91d15ad643d8740037788a,0.993535949475491,0.0009278253355740362,"[0.9903916411770711,0.9952167227097748]",0.9926559259504573,0.0014058162266313012,"[0.9910573497774843,0.9934032661379127]",family-cluster sensitivity intervals over the constructed families; not a population confidence interval
10-planning-b4,COMMITTEE_PIN_FIXED_ROUTE,9790,loads_per_token,663.953125,0.29147035795729226,471.328125,730.703125,FIXED_ROUTE_COUNTERFACTUAL,TPS_PROJECTION,True,M2,RMSE values differ by less than 5%; prefer loads_per_token,fa7480ceb1c45449eec2bb4557ffaa0f62ef14a8fdfd0c55e274b9a281a9fd0c,9567f49ef2dab913c7446dc85c7849b6665d978c9921eb83198d0c2a5e31b49b,4731949078aa993195cafb1c351e056c0df6e557570a271949e62702a6ba62e3,"[""0927db654db7b106584a5099415733edc65ed505a631836268158dc94d876889""]",76e0c3d578c4dba56e91d15ad643d8740037788a,0.993535949475491,0.0009278253355740362,"[0.9903916411770711,0.9952167227097748]",0.9926559259504573,0.0014058162266313012,"[0.9910573497774843,0.9934032661379127]",family-cluster sensitivity intervals over the constructed families; not a population confidence interval
10-planning-b4,COMMITTEE_PIN_FIXED_ROUTE,11748,loads_per_token,550.546875,0.32781267368835615,471.328125,730.703125,FIXED_ROUTE_COUNTERFACTUAL,TPS_PROJECTION,True,M2,RMSE values differ by less than 5%; prefer loads_per_token,fa7480ceb1c45449eec2bb4557ffaa0f62ef14a8fdfd0c55e274b9a281a9fd0c,9567f49ef2dab913c7446dc85c7849b6665d978c9921eb83198d0c2a5e31b49b,4731949078aa993195cafb1c351e056c0df6e557570a271949e62702a6ba62e3,"[""0927db654db7b106584a5099415733edc65ed505a631836268158dc94d876889""]",76e0c3d578c4dba56e91d15ad643d8740037788a,0.993535949475491,0.0009278253355740362,"[0.9903916411770711,0.9952167227097748]",0.9926559259504573,0.0014058162266313012,"[0.9910573497774843,0.9934032661379127]",family-cluster sensitivity intervals over the constructed families; not a population confidence interval
10-planning-b4,COMMITTEE_PIN_FIXED_ROUTE,9790,loads_per_token,663.953125,0.29147035795729226,471.328125,730.703125,FIXED_ROUTE_COUNTERFACTUAL,TPS_PROJECTION,True,M2,RMSE values differ by less than 5%; prefer loads_per_token,fa7480ceb1c45449eec2bb4557ffaa0f62ef14a8fdfd0c55e274b9a281a9fd0c,9567f49ef2dab913c7446dc85c7849b6665d978c9921eb83198d0c2a5e31b49b,4731949078aa993195cafb1c351e056c0df6e557570a271949e62702a6ba62e3,"[""0927db654db7b106584a5099415733edc65ed505a631836268158dc94d876889""]",76e0c3d578c4dba56e91d15ad643d8740037788a,0.993535949475491,0.0009278253355740362,"[0.9903916411770711,0.9952167227097748]",0.9926559259504573,0.0014058162266313012,"[0.9910573497774843,0.9934032661379127]",family-cluster sensitivity intervals over the constructed families; not a population confidence interval
10-planning-b4,COMMITTEE_PIN_FIXED_ROUTE,11748,loads_per_token,550.546875,0.32781267368835615,471.328125,730.703125,FIXED_ROUTE_COUNTERFACTUAL,TPS_PROJECTION,True,M2,RMSE values differ by less than 5%; prefer loads_per_token,fa7480ceb1c45449eec2bb4557ffaa0f62ef14a8fdfd0c55e274b9a281a9fd0c,9567f49ef2dab913c7446dc85c7849b6665d978c9921eb83198d0c2a5e31b49b,4731949078aa993195cafb1c351e056c0df6e557570a271949e62702a6ba62e3,"[""0927db654db7b106584a5099415733edc65ed505a631836268158dc94d876889""]",76e0c3d578c4dba56e91d15ad643d8740037788a,0.993535949475491,0.0009278253355740362,"[0.9903916411770711,0.9952167227097748]",0.9926559259504573,0.0014058162266313012,"[0.9910573497774843,0.9934032661379127]",family-cluster sensitivity intervals over the constructed families; not a population confidence interval
10-planning-b4,COMMITTEE_PIN_FIXED_ROUTE,7832,loads_per_token,659.078125,0.29303260685617516,471.328125,730.703125,FIXED_ROUTE_COUNTERFACTUAL,TPS_PROJECTION,True,M2,RMSE values differ by less than 5%; prefer loads_per_token,fa7480ceb1c45449eec2bb4557ffaa0f62ef14a8fdfd0c55e274b9a281a9fd0c,9567f49ef2dab913c7446dc85c7849b6665d978c9921eb83198d0c2a5e31b49b,4731949078aa993195cafb1c351e056c0df6e557570a271949e62702a6ba62e3,"[""0927db654db7b106584a5099415733edc65ed505a631836268158dc94d876889""]",76e0c3d578c4dba56e91d15ad643d8740037788a,0.993535949475491,0.0009278253355740362,"[0.9903916411770711,0.9952167227097748]",0.9926559259504573,0.0014058162266313012,"[0.9910573497774843,0.9934032661379127]",family-cluster sensitivity intervals over the constructed families; not a population confidence interval
10-planning-b4,COMMITTEE_PIN_FIXED_ROUTE,7849,loads_per_token,658.453125,0.2932328951765447,471.328125,730.703125,FIXED_ROUTE_COUNTERFACTUAL,TPS_PROJECTION,True,M2,RMSE values differ by less than 5%; prefer loads_per_token,fa7480ceb1c45449eec2bb4557ffaa0f62ef14a8fdfd0c55e274b9a281a9fd0c,9567f49ef2dab913c7446dc85c7849b6665d978c9921eb83198d0c2a5e31b49b,4731949078aa993195cafb1c351e056c0df6e557570a271949e62702a6ba62e3,"[""0927db654db7b106584a5099415733edc65ed505a631836268158dc94d876889""]",76e0c3d578c4dba56e91d15ad643d8740037788a,0.993535949475491,0.0009278253355740362,"[0.9903916411770711,0.9952167227097748]",0.9926559259504573,0.0014058162266313012,"[0.9910573497774843,0.9934032661379127]",family-cluster sensitivity intervals over the constructed families; not a population confidence interval
10-planning-b4,COMMITTEE_PIN_FIXED_ROUTE,9790,loads_per_token,591.578125,0.31466374545609194,471.328125,730.703125,FIXED_ROUTE_COUNTERFACTUAL,TPS_PROJECTION,True,M2,RMSE values differ by less than 5%; prefer loads_per_token,fa7480ceb1c45449eec2bb4557ffaa0f62ef14a8fdfd0c55e274b9a281a9fd0c,9567f49ef2dab913c7446dc85c7849b6665d978c9921eb83198d0c2a5e31b49b,4731949078aa993195cafb1c351e056c0df6e557570a271949e62702a6ba62e3,"[""0927db654db7b106584a5099415733edc65ed505a631836268158dc94d876889""]",76e0c3d578c4dba56e91d15ad643d8740037788a,0.993535949475491,0.0009278253355740362,"[0.9903916411770711,0.9952167227097748]",0.9926559259504573,0.0014058162266313012,"[0.9910573497774843,0.9934032661379127]",family-cluster sensitivity intervals over the constructed families; not a population confidence interval
10-planning-b4,COMMITTEE_PIN_FIXED_ROUTE,11748,loads_per_token,527.296875,0.33526339920610526,471.328125,730.703125,FIXED_ROUTE_COUNTERFACTUAL,TPS_PROJECTION,True,M2,RMSE values differ by less than 5%; prefer loads_per_token,fa7480ceb1c45449eec2bb4557ffaa0f62ef14a8fdfd0c55e274b9a281a9fd0c,9567f49ef2dab913c7446dc85c7849b6665d978c9921eb83198d0c2a5e31b49b,4731949078aa993195cafb1c351e056c0df6e557570a271949e62702a6ba62e3,"[""0927db654db7b106584a5099415733edc65ed505a631836268158dc94d876889""]",76e0c3d578c4dba56e91d15ad643d8740037788a,0.993535949475491,0.0009278253355740362,"[0.9903916411770711,0.9952167227097748]",0.9926559259504573,0.0014058162266313012,"[0.9910573497774843,0.9934032661379127]",family-cluster sensitivity intervals over the constructed families; not a population confidence interval
10-planning-b4,COMMITTEE_PIN_FIXED_ROUTE,7832,loads_per_token,654.625,0.29445966113880856,471.328125,730.703125,FIXED_ROUTE_COUNTERFACTUAL,TPS_PROJECTION,True,M2,RMSE values differ by less than 5%; prefer loads_per_token,fa7480ceb1c45449eec2bb4557ffaa0f62ef14a8fdfd0c55e274b9a281a9fd0c,9567f49ef2dab913c7446dc85c7849b6665d978c9921eb83198d0c2a5e31b49b,4731949078aa993195cafb1c351e056c0df6e557570a271949e62702a6ba62e3,"[""0927db654db7b106584a5099415733edc65ed505a631836268158dc94d876889""]",76e0c3d578c4dba56e91d15ad643d8740037788a,0.993535949475491,0.0009278253355740362,"[0.9903916411770711,0.9952167227097748]",0.9926559259504573,0.0014058162266313012,"[0.9910573497774843,0.9934032661379127]",family-cluster sensitivity intervals over the constructed families; not a population confidence interval
10-planning-b4,COMMITTEE_PIN_FIXED_ROUTE,7849,loads_per_token,653.453125,0.29483520173950156,471.328125,730.703125,FIXED_ROUTE_COUNTERFACTUAL,TPS_PROJECTION,True,M2,RMSE values differ by less than 5%; prefer loads_per_token,fa7480ceb1c45449eec2bb4557ffaa0f62ef14a8fdfd0c55e274b9a281a9fd0c,9567f49ef2dab913c7446dc85c7849b6665d978c9921eb83198d0c2a5e31b49b,4731949078aa993195cafb1c351e056c0df6e557570a271949e62702a6ba62e3,"[""0927db654db7b106584a5099415733edc65ed505a631836268158dc94d876889""]",76e0c3d578c4dba56e91d15ad643d8740037788a,0.993535949475491,0.0009278253355740362,"[0.9903916411770711,0.9952167227097748]",0.9926559259504573,0.0014058162266313012,"[0.9910573497774843,0.9934032661379127]",family-cluster sensitivity intervals over the constructed families; not a population confidence interval
10-planning-b4,COMMITTEE_PIN_FIXED_ROUTE,9790,loads_per_token,583.734375,0.3171773638767304,471.328125,730.703125,FIXED_ROUTE_COUNTERFACTUAL,TPS_PROJECTION,True,M2,RMSE values differ by less than 5%; prefer loads_per_token,fa7480ceb1c45449eec2bb4557ffaa0f62ef14a8fdfd0c55e274b9a281a9fd0c,9567f49ef2dab913c7446dc85c7849b6665d978c9921eb83198d0c2a5e31b49b,4731949078aa993195cafb1c351e056c0df6e557570a271949e62702a6ba62e3,"[""0927db654db7b106584a5099415733edc65ed505a631836268158dc94d876889""]",76e0c3d578c4dba56e91d15ad643d8740037788a,0.993535949475491,0.0009278253355740362,"[0.9903916411770711,0.9952167227097748]",0.9926559259504573,0.0014058162266313012,"[0.9910573497774843,0.9934032661379127]",family-cluster sensitivity intervals over the constructed families; not a population confidence interval
10-planning-b4,COMMITTEE_PIN_FIXED_ROUTE,11748,loads_per_token,534.03125,0.3331052925541228,471.328125,730.703125,FIXED_ROUTE_COUNTERFACTUAL,TPS_PROJECTION,True,M2,RMSE values differ by less than 5%; prefer loads_per_token,fa7480ceb1c45449eec2bb4557ffaa0f62ef14a8fdfd0c55e274b9a281a9fd0c,9567f49ef2dab913c7446dc85c7849b6665d978c9921eb83198d0c2a5e31b49b,4731949078aa993195cafb1c351e056c0df6e557570a271949e62702a6ba62e3,"[""0927db654db7b106584a5099415733edc65ed505a631836268158dc94d876889""]",76e0c3d578c4dba56e91d15ad643d8740037788a,0.993535949475491,0.0009278253355740362,"[0.9903916411770711,0.9952167227097748]",0.9926559259504573,0.0014058162266313012,"[0.9910573497774843,0.9934032661379127]",family-cluster sensitivity intervals over the constructed families; not a population confidence interval
10-planning-b4,EXACT_LRU,7832,loads_per_token,663.1875,0.29171571114974504,471.328125,730.703125,EXACT_REPLAY,TPS_PROJECTION,True,M2,RMSE values differ by less than 5%; prefer loads_per_token,fa7480ceb1c45449eec2bb4557ffaa0f62ef14a8fdfd0c55e274b9a281a9fd0c,9567f49ef2dab913c7446dc85c7849b6665d978c9921eb83198d0c2a5e31b49b,4731949078aa993195cafb1c351e056c0df6e557570a271949e62702a6ba62e3,"[""18ab89a63b63f6c96a0e0aa4807fcf152aed251b441ab77a8b593bcb35929ba0"",""f5d051688b02df839e0cea6dfc1fad591f6f2dbf60b17994f687e5340aaa8a5c""]",76e0c3d578c4dba56e91d15ad643d8740037788a,0.993535949475491,0.0009278253355740362,"[0.9903916411770711,0.9952167227097748]",0.9926559259504573,0.0014058162266313012,"[0.9910573497774843,0.9934032661379127]",family-cluster sensitivity intervals over the constructed families; not a population confidence interval
10-planning-b4,EXACT_LRU,7849,loads_per_token,662.515625,0.2919310210941424,471.328125,730.703125,EXACT_REPLAY,TPS_PROJECTION,True,M2,RMSE values differ by less than 5%; prefer loads_per_token,fa7480ceb1c45449eec2bb4557ffaa0f62ef14a8fdfd0c55e274b9a281a9fd0c,9567f49ef2dab913c7446dc85c7849b6665d978c9921eb83198d0c2a5e31b49b,4731949078aa993195cafb1c351e056c0df6e557570a271949e62702a6ba62e3,"[""18ab89a63b63f6c96a0e0aa4807fcf152aed251b441ab77a8b593bcb35929ba0"",""f5d051688b02df839e0cea6dfc1fad591f6f2dbf60b17994f687e5340aaa8a5c""]",76e0c3d578c4dba56e91d15ad643d8740037788a,0.993535949475491,0.0009278253355740362,"[0.9903916411770711,0.9952167227097748]",0.9926559259504573,0.0014058162266313012,"[0.9910573497774843,0.9934032661379127]",family-cluster sensitivity intervals over the constructed families; not a population confidence interval
10-planning-b4,EXACT_LRU,9790,loads_per_token,596.78125,0.312996345189015,471.328125,730.703125,EXACT_REPLAY,TPS_PROJECTION,True,M2,RMSE values differ by less than 5%; prefer loads_per_token,fa7480ceb1c45449eec2bb4557ffaa0f62ef14a8fdfd0c55e274b9a281a9fd0c,9567f49ef2dab913c7446dc85c7849b6665d978c9921eb83198d0c2a5e31b49b,4731949078aa993195cafb1c351e056c0df6e557570a271949e62702a6ba62e3,"[""18ab89a63b63f6c96a0e0aa4807fcf152aed251b441ab77a8b593bcb35929ba0"",""f5d051688b02df839e0cea6dfc1fad591f6f2dbf60b17994f687e5340aaa8a5c""]",76e0c3d578c4dba56e91d15ad643d8740037788a,0.993535949475491,0.0009278253355740362,"[0.9903916411770711,0.9952167227097748]",0.9926559259504573,0.0014058162266313012,"[0.9910573497774843,0.9934032661379127]",family-cluster sensitivity intervals over the constructed families; not a population confidence interval
10-planning-b4,EXACT_LRU,11748,loads_per_token,542.78125,0.33030125606894845,471.328125,730.703125,EXACT_REPLAY,TPS_PROJECTION,True,M2,RMSE values differ by less than 5%; prefer loads_per_token,fa7480ceb1c45449eec2bb4557ffaa0f62ef14a8fdfd0c55e274b9a281a9fd0c,9567f49ef2dab913c7446dc85c7849b6665d978c9921eb83198d0c2a5e31b49b,4731949078aa993195cafb1c351e056c0df6e557570a271949e62702a6ba62e3,"[""18ab89a63b63f6c96a0e0aa4807fcf152aed251b441ab77a8b593bcb35929ba0"",""f5d051688b02df839e0cea6dfc1fad591f6f2dbf60b17994f687e5340aaa8a5c""]",76e0c3d578c4dba56e91d15ad643d8740037788a,0.993535949475491,0.0009278253355740362,"[0.9903916411770711,0.9952167227097748]",0.9926559259504573,0.0014058162266313012,"[0.9910573497774843,0.9934032661379127]",family-cluster sensitivity intervals over the constructed families; not a population confidence interval
10-planning-b4,S2_P50_FIXED_ROUTE,5874,loads_per_token,637.796875,0.29985242416476,471.328125,730.703125,FIXED_ROUTE_COUNTERFACTUAL,TPS_PROJECTION,True,M2,RMSE values differ by less than 5%; prefer loads_per_token,fa7480ceb1c45449eec2bb4557ffaa0f62ef14a8fdfd0c55e274b9a281a9fd0c,9567f49ef2dab913c7446dc85c7849b6665d978c9921eb83198d0c2a5e31b49b,4731949078aa993195cafb1c351e056c0df6e557570a271949e62702a6ba62e3,"[""b87d9461ff503e2d13675b08d0362d5675ab8b6a2481e2d19ee46027d0b0ea9d""]",76e0c3d578c4dba56e91d15ad643d8740037788a,0.993535949475491,0.0009278253355740362,"[0.9903916411770711,0.9952167227097748]",0.9926559259504573,0.0014058162266313012,"[0.9910573497774843,0.9934032661379127]",family-cluster sensitivity intervals over the constructed families; not a population confidence interval
10-planning-b4,S2_P50_FIXED_ROUTE,7832,loads_per_token,563.265625,0.3237368063688348,471.328125,730.703125,FIXED_ROUTE_COUNTERFACTUAL,TPS_PROJECTION,True,M2,RMSE values differ by less than 5%; prefer loads_per_token,fa7480ceb1c45449eec2bb4557ffaa0f62ef14a8fdfd0c55e274b9a281a9fd0c,9567f49ef2dab913c7446dc85c7849b6665d978c9921eb83198d0c2a5e31b49b,4731949078aa993195cafb1c351e056c0df6e557570a271949e62702a6ba62e3,"[""b87d9461ff503e2d13675b08d0362d5675ab8b6a2481e2d19ee46027d0b0ea9d""]",76e0c3d578c4dba56e91d15ad643d8740037788a,0.993535949475491,0.0009278253355740362,"[0.9903916411770711,0.9952167227097748]",0.9926559259504573,0.0014058162266313012,"[0.9910573497774843,0.9934032661379127]",family-cluster sensitivity intervals over the constructed families; not a population confidence interval
10-planning-b4,S2_P50_FIXED_ROUTE,7849,loads_per_token,561.265625,0.3243777289940175,471.328125,730.703125,FIXED_ROUTE_COUNTERFACTUAL,TPS_PROJECTION,True,M2,RMSE values differ by less than 5%; prefer loads_per_token,fa7480ceb1c45449eec2bb4557ffaa0f62ef14a8fdfd0c55e274b9a281a9fd0c,9567f49ef2dab913c7446dc85c7849b6665d978c9921eb83198d0c2a5e31b49b,4731949078aa993195cafb1c351e056c0df6e557570a271949e62702a6ba62e3,"[""b87d9461ff503e2d13675b08d0362d5675ab8b6a2481e2d19ee46027d0b0ea9d""]",76e0c3d578c4dba56e91d15ad643d8740037788a,0.993535949475491,0.0009278253355740362,"[0.9903916411770711,0.9952167227097748]",0.9926559259504573,0.0014058162266313012,"[0.9910573497774843,0.9934032661379127]",family-cluster sensitivity intervals over the constructed families; not a population confidence interval
10-planning-b4,S2_P50_FIXED_ROUTE,9790,loads_per_token,496.703125,0.34506751248819717,471.328125,730.703125,FIXED_ROUTE_COUNTERFACTUAL,TPS_PROJECTION,True,M2,RMSE values differ by less than 5%; prefer loads_per_token,fa7480ceb1c45449eec2bb4557ffaa0f62ef14a8fdfd0c55e274b9a281a9fd0c,9567f49ef2dab913c7446dc85c7849b6665d978c9921eb83198d0c2a5e31b49b,4731949078aa993195cafb1c351e056c0df6e557570a271949e62702a6ba62e3,"[""b87d9461ff503e2d13675b08d0362d5675ab8b6a2481e2d19ee46027d0b0ea9d""]",76e0c3d578c4dba56e91d15ad643d8740037788a,0.993535949475491,0.0009278253355740362,"[0.9903916411770711,0.9952167227097748]",0.9926559259504573,0.0014058162266313012,"[0.9910573497774843,0.9934032661379127]",family-cluster sensitivity intervals over the constructed families; not a population confidence interval
10-planning-b8,EXACT_LRU,7832,loads_per_token,676.453125,0.2874645915499003,471.328125,730.703125,EXACT_REPLAY,TPS_PROJECTION,True,M2,RMSE values differ by less than 5%; prefer loads_per_token,fa7480ceb1c45449eec2bb4557ffaa0f62ef14a8fdfd0c55e274b9a281a9fd0c,9567f49ef2dab913c7446dc85c7849b6665d978c9921eb83198d0c2a5e31b49b,4731949078aa993195cafb1c351e056c0df6e557570a271949e62702a6ba62e3,"[""18ab89a63b63f6c96a0e0aa4807fcf152aed251b441ab77a8b593bcb35929ba0"",""e2d06dc826f6bbb3d455fe149870ab88628a348e5d01cea1220b32f7f4067658""]",76e0c3d578c4dba56e91d15ad643d8740037788a,0.993535949475491,0.0009278253355740362,"[0.9903916411770711,0.9952167227097748]",0.9926559259504573,0.0014058162266313012,"[0.9910573497774843,0.9934032661379127]",family-cluster sensitivity intervals over the constructed families; not a population confidence interval
10-planning-b8,EXACT_LRU,7849,loads_per_token,676.234375,0.2875346924620297,471.328125,730.703125,EXACT_REPLAY,TPS_PROJECTION,True,M2,RMSE values differ by less than 5%; prefer loads_per_token,fa7480ceb1c45449eec2bb4557ffaa0f62ef14a8fdfd0c55e274b9a281a9fd0c,9567f49ef2dab913c7446dc85c7849b6665d978c9921eb83198d0c2a5e31b49b,4731949078aa993195cafb1c351e056c0df6e557570a271949e62702a6ba62e3,"[""18ab89a63b63f6c96a0e0aa4807fcf152aed251b441ab77a8b593bcb35929ba0"",""e2d06dc826f6bbb3d455fe149870ab88628a348e5d01cea1220b32f7f4067658""]",76e0c3d578c4dba56e91d15ad643d8740037788a,0.993535949475491,0.0009278253355740362,"[0.9903916411770711,0.9952167227097748]",0.9926559259504573,0.0014058162266313012,"[0.9910573497774843,0.9934032661379127]",family-cluster sensitivity intervals over the constructed families; not a population confidence interval
10-planning-b8,EXACT_LRU,9790,loads_per_token,619.84375,0.3056057061673768,471.328125,730.703125,EXACT_REPLAY,TPS_PROJECTION,True,M2,RMSE values differ by less than 5%; prefer loads_per_token,fa7480ceb1c45449eec2bb4557ffaa0f62ef14a8fdfd0c55e274b9a281a9fd0c,9567f49ef2dab913c7446dc85c7849b6665d978c9921eb83198d0c2a5e31b49b,4731949078aa993195cafb1c351e056c0df6e557570a271949e62702a6ba62e3,"[""18ab89a63b63f6c96a0e0aa4807fcf152aed251b441ab77a8b593bcb35929ba0"",""e2d06dc826f6bbb3d455fe149870ab88628a348e5d01cea1220b32f7f4067658""]",76e0c3d578c4dba56e91d15ad643d8740037788a,0.993535949475491,0.0009278253355740362,"[0.9903916411770711,0.9952167227097748]",0.9926559259504573,0.0014058162266313012,"[0.9910573497774843,0.9934032661379127]",family-cluster sensitivity intervals over the constructed families; not a population confidence interval
10-planning-b8,EXACT_LRU,11748,loads_per_token,574.421875,0.3201616598502375,471.328125,730.703125,EXACT_REPLAY,TPS_PROJECTION,True,M2,RMSE values differ by less than 5%; prefer loads_per_token,fa7480ceb1c45449eec2bb4557ffaa0f62ef14a8fdfd0c55e274b9a281a9fd0c,9567f49ef2dab913c7446dc85c7849b6665d978c9921eb83198d0c2a5e31b49b,4731949078aa993195cafb1c351e056c0df6e557570a271949e62702a6ba62e3,"[""18ab89a63b63f6c96a0e0aa4807fcf152aed251b441ab77a8b593bcb35929ba0"",""e2d06dc826f6bbb3d455fe149870ab88628a348e5d01cea1220b32f7f4067658""]",76e0c3d578c4dba56e91d15ad643d8740037788a,0.993535949475491,0.0009278253355740362,"[0.9903916411770711,0.9952167227097748]",0.9926559259504573,0.0014058162266313012,"[0.9910573497774843,0.9934032661379127]",family-cluster sensitivity intervals over the constructed families; not a population confidence interval
10-planning-b8,EXACT_LRU,15665,loads_per_token,501.75,0.34345018430121266,471.328125,730.703125,EXACT_REPLAY,TPS_PROJECTION,True,M2,RMSE values differ by less than 5%; prefer loads_per_token,fa7480ceb1c45449eec2bb4557ffaa0f62ef14a8fdfd0c55e274b9a281a9fd0c,9567f49ef2dab913c7446dc85c7849b6665d978c9921eb83198d0c2a5e31b49b,4731949078aa993195cafb1c351e056c0df6e557570a271949e62702a6ba62e3,"[""18ab89a63b63f6c96a0e0aa4807fcf152aed251b441ab77a8b593bcb35929ba0"",""e2d06dc826f6bbb3d455fe149870ab88628a348e5d01cea1220b32f7f4067658""]",76e0c3d578c4dba56e91d15ad643d8740037788a,0.993535949475491,0.0009278253355740362,"[0.9903916411770711,0.9952167227097748]",0.9926559259504573,0.0014058162266313012,"[0.9910573497774843,0.9934032661379127]",family-cluster sensitivity intervals over the constructed families; not a population confidence interval
10-planning-b8,S2_P50_FIXED_ROUTE,5874,loads_per_token,662.921875,0.29180083368590215,471.328125,730.703125,FIXED_ROUTE_COUNTERFACTUAL,TPS_PROJECTION,True,M2,RMSE values differ by less than 5%; prefer loads_per_token,fa7480ceb1c45449eec2bb4557ffaa0f62ef14a8fdfd0c55e274b9a281a9fd0c,9567f49ef2dab913c7446dc85c7849b6665d978c9921eb83198d0c2a5e31b49b,4731949078aa993195cafb1c351e056c0df6e557570a271949e62702a6ba62e3,"[""b87d9461ff503e2d13675b08d0362d5675ab8b6a2481e2d19ee46027d0b0ea9d""]",76e0c3d578c4dba56e91d15ad643d8740037788a,0.993535949475491,0.0009278253355740362,"[0.9903916411770711,0.9952167227097748]",0.9926559259504573,0.0014058162266313012,"[0.9910573497774843,0.9934032661379127]",family-cluster sensitivity intervals over the constructed families; not a population confidence interval
10-planning-b8,S2_P50_FIXED_ROUTE,7832,loads_per_token,581.890625,0.3177682144218207,471.328125,730.703125,FIXED_ROUTE_COUNTERFACTUAL,TPS_PROJECTION,True,M2,RMSE values differ by less than 5%; prefer loads_per_token,fa7480ceb1c45449eec2bb4557ffaa0f62ef14a8fdfd0c55e274b9a281a9fd0c,9567f49ef2dab913c7446dc85c7849b6665d978c9921eb83198d0c2a5e31b49b,4731949078aa993195cafb1c351e056c0df6e557570a271949e62702a6ba62e3,"[""b87d9461ff503e2d13675b08d0362d5675ab8b6a2481e2d19ee46027d0b0ea9d""]",76e0c3d578c4dba56e91d15ad643d8740037788a,0.993535949475491,0.0009278253355740362,"[0.9903916411770711,0.9952167227097748]",0.9926559259504573,0.0014058162266313012,"[0.9910573497774843,0.9934032661379127]",family-cluster sensitivity intervals over the constructed families; not a population confidence interval
10-planning-b8,S2_P50_FIXED_ROUTE,7849,loads_per_token,581.671875,0.31783831533395007,471.328125,730.703125,FIXED_ROUTE_COUNTERFACTUAL,TPS_PROJECTION,True,M2,RMSE values differ by less than 5%; prefer loads_per_token,fa7480ceb1c45449eec2bb4557ffaa0f62ef14a8fdfd0c55e274b9a281a9fd0c,9567f49ef2dab913c7446dc85c7849b6665d978c9921eb83198d0c2a5e31b49b,4731949078aa993195cafb1c351e056c0df6e557570a271949e62702a6ba62e3,"[""b87d9461ff503e2d13675b08d0362d5675ab8b6a2481e2d19ee46027d0b0ea9d""]",76e0c3d578c4dba56e91d15ad643d8740037788a,0.993535949475491,0.0009278253355740362,"[0.9903916411770711,0.9952167227097748]",0.9926559259504573,0.0014058162266313012,"[0.9910573497774843,0.9934032661379127]",family-cluster sensitivity intervals over the constructed families; not a population confidence interval
10-planning-b8,S2_P50_FIXED_ROUTE,9790,loads_per_token,520.296875,0.3375066283942448,471.328125,730.703125,FIXED_ROUTE_COUNTERFACTUAL,TPS_PROJECTION,True,M2,RMSE values differ by less than 5%; prefer loads_per_token,fa7480ceb1c45449eec2bb4557ffaa0f62ef14a8fdfd0c55e274b9a281a9fd0c,9567f49ef2dab913c7446dc85c7849b6665d978c9921eb83198d0c2a5e31b49b,4731949078aa993195cafb1c351e056c0df6e557570a271949e62702a6ba62e3,"[""b87d9461ff503e2d13675b08d0362d5675ab8b6a2481e2d19ee46027d0b0ea9d""]",76e0c3d578c4dba56e91d15ad643d8740037788a,0.993535949475491,0.0009278253355740362,"[0.9903916411770711,0.9952167227097748]",0.9926559259504573,0.0014058162266313012,"[0.9910573497774843,0.9934032661379127]",family-cluster sensitivity intervals over the constructed families; not a population confidence interval
10-planning-b8,S2_P50_FIXED_ROUTE,11748,loads_per_token,481.359375,0.3499845907532708,471.328125,730.703125,FIXED_ROUTE_COUNTERFACTUAL,TPS_PROJECTION,True,M2,RMSE values differ by less than 5%; prefer loads_per_token,fa7480ceb1c45449eec2bb4557ffaa0f62ef14a8fdfd0c55e274b9a281a9fd0c,9567f49ef2dab913c7446dc85c7849b6665d978c9921eb83198d0c2a5e31b49b,4731949078aa993195cafb1c351e056c0df6e557570a271949e62702a6ba62e3,"[""b87d9461ff503e2d13675b08d0362d5675ab8b6a2481e2d19ee46027d0b0ea9d""]",76e0c3d578c4dba56e91d15ad643d8740037788a,0.993535949475491,0.0009278253355740362,"[0.9903916411770711,0.9952167227097748]",0.9926559259504573,0.0014058162266313012,"[0.9910573497774843,0.9934032661379127]",family-cluster sensitivity intervals over the constructed families; not a population confidence interval
11-instructions-b1,COMMITTEE_PIN_FIXED_ROUTE,23497,loads_per_token,483.703125,0.3492335095518848,471.328125,730.703125,FIXED_ROUTE_COUNTERFACTUAL,TPS_PROJECTION,True,M2,RMSE values differ by less than 5%; prefer loads_per_token,fa7480ceb1c45449eec2bb4557ffaa0f62ef14a8fdfd0c55e274b9a281a9fd0c,9567f49ef2dab913c7446dc85c7849b6665d978c9921eb83198d0c2a5e31b49b,4731949078aa993195cafb1c351e056c0df6e557570a271949e62702a6ba62e3,"[""0927db654db7b106584a5099415733edc65ed505a631836268158dc94d876889""]",76e0c3d578c4dba56e91d15ad643d8740037788a,0.993535949475491,0.0009278253355740362,"[0.9903916411770711,0.9952167227097748]",0.9926559259504573,0.0014058162266313012,"[0.9910573497774843,0.9934032661379127]",family-cluster sensitivity intervals over the constructed families; not a population confidence interval
11-instructions-b1,COMMITTEE_PIN_FIXED_ROUTE,9790,loads_per_token,686.109375,0.28437013700019,471.328125,730.703125,FIXED_ROUTE_COUNTERFACTUAL,TPS_PROJECTION,True,M2,RMSE values differ by less than 5%; prefer loads_per_token,fa7480ceb1c45449eec2bb4557ffaa0f62ef14a8fdfd0c55e274b9a281a9fd0c,9567f49ef2dab913c7446dc85c7849b6665d978c9921eb83198d0c2a5e31b49b,4731949078aa993195cafb1c351e056c0df6e557570a271949e62702a6ba62e3,"[""0927db654db7b106584a5099415733edc65ed505a631836268158dc94d876889""]",76e0c3d578c4dba56e91d15ad643d8740037788a,0.993535949475491,0.0009278253355740362,"[0.9903916411770711,0.9952167227097748]",0.9926559259504573,0.0014058162266313012,"[0.9910573497774843,0.9934032661379127]",family-cluster sensitivity intervals over the constructed families; not a population confidence interval
11-instructions-b1,COMMITTEE_PIN_FIXED_ROUTE,11748,loads_per_token,571.578125,0.32107297170791915,471.328125,730.703125,FIXED_ROUTE_COUNTERFACTUAL,TPS_PROJECTION,True,M2,RMSE values differ by less than 5%; prefer loads_per_token,fa7480ceb1c45449eec2bb4557ffaa0f62ef14a8fdfd0c55e274b9a281a9fd0c,9567f49ef2dab913c7446dc85c7849b6665d978c9921eb83198d0c2a5e31b49b,4731949078aa993195cafb1c351e056c0df6e557570a271949e62702a6ba62e3,"[""0927db654db7b106584a5099415733edc65ed505a631836268158dc94d876889""]",76e0c3d578c4dba56e91d15ad643d8740037788a,0.993535949475491,0.0009278253355740362,"[0.9903916411770711,0.9952167227097748]",0.9926559259504573,0.0014058162266313012,"[0.9910573497774843,0.9934032661379127]",family-cluster sensitivity intervals over the constructed families; not a population confidence interval
11-instructions-b1,COMMITTEE_PIN_FIXED_ROUTE,9790,loads_per_token,686.109375,0.28437013700019,471.328125,730.703125,FIXED_ROUTE_COUNTERFACTUAL,TPS_PROJECTION,True,M2,RMSE values differ by less than 5%; prefer loads_per_token,fa7480ceb1c45449eec2bb4557ffaa0f62ef14a8fdfd0c55e274b9a281a9fd0c,9567f49ef2dab913c7446dc85c7849b6665d978c9921eb83198d0c2a5e31b49b,4731949078aa993195cafb1c351e056c0df6e557570a271949e62702a6ba62e3,"[""0927db654db7b106584a5099415733edc65ed505a631836268158dc94d876889""]",76e0c3d578c4dba56e91d15ad643d8740037788a,0.993535949475491,0.0009278253355740362,"[0.9903916411770711,0.9952167227097748]",0.9926559259504573,0.0014058162266313012,"[0.9910573497774843,0.9934032661379127]",family-cluster sensitivity intervals over the constructed families; not a population confidence interval
11-instructions-b1,COMMITTEE_PIN_FIXED_ROUTE,11748,loads_per_token,571.578125,0.32107297170791915,471.328125,730.703125,FIXED_ROUTE_COUNTERFACTUAL,TPS_PROJECTION,True,M2,RMSE values differ by less than 5%; prefer loads_per_token,fa7480ceb1c45449eec2bb4557ffaa0f62ef14a8fdfd0c55e274b9a281a9fd0c,9567f49ef2dab913c7446dc85c7849b6665d978c9921eb83198d0c2a5e31b49b,4731949078aa993195cafb1c351e056c0df6e557570a271949e62702a6ba62e3,"[""0927db654db7b106584a5099415733edc65ed505a631836268158dc94d876889""]",76e0c3d578c4dba56e91d15ad643d8740037788a,0.993535949475491,0.0009278253355740362,"[0.9903916411770711,0.9952167227097748]",0.9926559259504573,0.0014058162266313012,"[0.9910573497774843,0.9934032661379127]",family-cluster sensitivity intervals over the constructed families; not a population confidence interval
11-instructions-b1,COMMITTEE_PIN_FIXED_ROUTE,7832,loads_per_token,676.109375,0.28757475012610356,471.328125,730.703125,FIXED_ROUTE_COUNTERFACTUAL,TPS_PROJECTION,True,M2,RMSE values differ by less than 5%; prefer loads_per_token,fa7480ceb1c45449eec2bb4557ffaa0f62ef14a8fdfd0c55e274b9a281a9fd0c,9567f49ef2dab913c7446dc85c7849b6665d978c9921eb83198d0c2a5e31b49b,4731949078aa993195cafb1c351e056c0df6e557570a271949e62702a6ba62e3,"[""0927db654db7b106584a5099415733edc65ed505a631836268158dc94d876889""]",76e0c3d578c4dba56e91d15ad643d8740037788a,0.993535949475491,0.0009278253355740362,"[0.9903916411770711,0.9952167227097748]",0.9926559259504573,0.0014058162266313012,"[0.9910573497774843,0.9934032661379127]",family-cluster sensitivity intervals over the constructed families; not a population confidence interval
11-instructions-b1,COMMITTEE_PIN_FIXED_ROUTE,7849,loads_per_token,675.515625,0.2877650240304547,471.328125,730.703125,FIXED_ROUTE_COUNTERFACTUAL,TPS_PROJECTION,True,M2,RMSE values differ by less than 5%; prefer loads_per_token,fa7480ceb1c45449eec2bb4557ffaa0f62ef14a8fdfd0c55e274b9a281a9fd0c,9567f49ef2dab913c7446dc85c7849b6665d978c9921eb83198d0c2a5e31b49b,4731949078aa993195cafb1c351e056c0df6e557570a271949e62702a6ba62e3,"[""0927db654db7b106584a5099415733edc65ed505a631836268158dc94d876889""]",76e0c3d578c4dba56e91d15ad643d8740037788a,0.993535949475491,0.0009278253355740362,"[0.9903916411770711,0.9952167227097748]",0.9926559259504573,0.0014058162266313012,"[0.9910573497774843,0.9934032661379127]",family-cluster sensitivity intervals over the constructed families; not a population confidence interval
11-instructions-b1,COMMITTEE_PIN_FIXED_ROUTE,9790,loads_per_token,592.46875,0.3143783345995652,471.328125,730.703125,FIXED_ROUTE_COUNTERFACTUAL,TPS_PROJECTION,True,M2,RMSE values differ by less than 5%; prefer loads_per_token,fa7480ceb1c45449eec2bb4557ffaa0f62ef14a8fdfd0c55e274b9a281a9fd0c,9567f49ef2dab913c7446dc85c7849b6665d978c9921eb83198d0c2a5e31b49b,4731949078aa993195cafb1c351e056c0df6e557570a271949e62702a6ba62e3,"[""0927db654db7b106584a5099415733edc65ed505a631836268158dc94d876889""]",76e0c3d578c4dba56e91d15ad643d8740037788a,0.993535949475491,0.0009278253355740362,"[0.9903916411770711,0.9952167227097748]",0.9926559259504573,0.0014058162266313012,"[0.9910573497774843,0.9934032661379127]",family-cluster sensitivity intervals over the constructed families; not a population confidence interval
11-instructions-b1,COMMITTEE_PIN_FIXED_ROUTE,11748,loads_per_token,537.046875,0.3321389014083395,471.328125,730.703125,FIXED_ROUTE_COUNTERFACTUAL,TPS_PROJECTION,True,M2,RMSE values differ by less than 5%; prefer loads_per_token,fa7480ceb1c45449eec2bb4557ffaa0f62ef14a8fdfd0c55e274b9a281a9fd0c,9567f49ef2dab913c7446dc85c7849b6665d978c9921eb83198d0c2a5e31b49b,4731949078aa993195cafb1c351e056c0df6e557570a271949e62702a6ba62e3,"[""0927db654db7b106584a5099415733edc65ed505a631836268158dc94d876889""]",76e0c3d578c4dba56e91d15ad643d8740037788a,0.993535949475491,0.0009278253355740362,"[0.9903916411770711,0.9952167227097748]",0.9926559259504573,0.0014058162266313012,"[0.9910573497774843,0.9934032661379127]",family-cluster sensitivity intervals over the constructed families; not a population confidence interval
11-instructions-b1,COMMITTEE_PIN_FIXED_ROUTE,7832,loads_per_token,654.78125,0.29440958905871617,471.328125,730.703125,FIXED_ROUTE_COUNTERFACTUAL,TPS_PROJECTION,True,M2,RMSE values differ by less than 5%; prefer loads_per_token,fa7480ceb1c45449eec2bb4557ffaa0f62ef14a8fdfd0c55e274b9a281a9fd0c,9567f49ef2dab913c7446dc85c7849b6665d978c9921eb83198d0c2a5e31b49b,4731949078aa993195cafb1c351e056c0df6e557570a271949e62702a6ba62e3,"[""0927db654db7b106584a5099415733edc65ed505a631836268158dc94d876889""]",76e0c3d578c4dba56e91d15ad643d8740037788a,0.993535949475491,0.0009278253355740362,"[0.9903916411770711,0.9952167227097748]",0.9926559259504573,0.0014058162266313012,"[0.9910573497774843,0.9934032661379127]",family-cluster sensitivity intervals over the constructed families; not a population confidence interval
11-instructions-b1,COMMITTEE_PIN_FIXED_ROUTE,7849,loads_per_token,654.015625,0.29465494225116895,471.328125,730.703125,FIXED_ROUTE_COUNTERFACTUAL,TPS_PROJECTION,True,M2,RMSE values differ by less than 5%; prefer loads_per_token,fa7480ceb1c45449eec2bb4557ffaa0f62ef14a8fdfd0c55e274b9a281a9fd0c,9567f49ef2dab913c7446dc85c7849b6665d978c9921eb83198d0c2a5e31b49b,4731949078aa993195cafb1c351e056c0df6e557570a271949e62702a6ba62e3,"[""0927db654db7b106584a5099415733edc65ed505a631836268158dc94d876889""]",76e0c3d578c4dba56e91d15ad643d8740037788a,0.993535949475491,0.0009278253355740362,"[0.9903916411770711,0.9952167227097748]",0.9926559259504573,0.0014058162266313012,"[0.9910573497774843,0.9934032661379127]",family-cluster sensitivity intervals over the constructed families; not a population confidence interval
11-instructions-b1,COMMITTEE_PIN_FIXED_ROUTE,9790,loads_per_token,595.71875,0.3133368353336433,471.328125,730.703125,FIXED_ROUTE_COUNTERFACTUAL,TPS_PROJECTION,True,M2,RMSE values differ by less than 5%; prefer loads_per_token,fa7480ceb1c45449eec2bb4557ffaa0f62ef14a8fdfd0c55e274b9a281a9fd0c,9567f49ef2dab913c7446dc85c7849b6665d978c9921eb83198d0c2a5e31b49b,4731949078aa993195cafb1c351e056c0df6e557570a271949e62702a6ba62e3,"[""0927db654db7b106584a5099415733edc65ed505a631836268158dc94d876889""]",76e0c3d578c4dba56e91d15ad643d8740037788a,0.993535949475491,0.0009278253355740362,"[0.9903916411770711,0.9952167227097748]",0.9926559259504573,0.0014058162266313012,"[0.9910573497774843,0.9934032661379127]",family-cluster sensitivity intervals over the constructed families; not a population confidence interval
11-instructions-b1,COMMITTEE_PIN_FIXED_ROUTE,11748,loads_per_token,535.109375,0.33275979520148524,471.328125,730.703125,FIXED_ROUTE_COUNTERFACTUAL,TPS_PROJECTION,True,M2,RMSE values differ by less than 5%; prefer loads_per_token,fa7480ceb1c45449eec2bb4557ffaa0f62ef14a8fdfd0c55e274b9a281a9fd0c,9567f49ef2dab913c7446dc85c7849b6665d978c9921eb83198d0c2a5e31b49b,4731949078aa993195cafb1c351e056c0df6e557570a271949e62702a6ba62e3,"[""0927db654db7b106584a5099415733edc65ed505a631836268158dc94d876889""]",76e0c3d578c4dba56e91d15ad643d8740037788a,0.993535949475491,0.0009278253355740362,"[0.9903916411770711,0.9952167227097748]",0.9926559259504573,0.0014058162266313012,"[0.9910573497774843,0.9934032661379127]",family-cluster sensitivity intervals over the constructed families; not a population confidence interval
11-instructions-b1,EXACT_LRU,7832,loads_per_token,665.8125,0.2908745002041927,471.328125,730.703125,EXACT_REPLAY,TPS_PROJECTION,True,M2,RMSE values differ by less than 5%; prefer loads_per_token,fa7480ceb1c45449eec2bb4557ffaa0f62ef14a8fdfd0c55e274b9a281a9fd0c,9567f49ef2dab913c7446dc85c7849b6665d978c9921eb83198d0c2a5e31b49b,4731949078aa993195cafb1c351e056c0df6e557570a271949e62702a6ba62e3,"[""18ab89a63b63f6c96a0e0aa4807fcf152aed251b441ab77a8b593bcb35929ba0"",""e3de04b44f994fc3e9a95ccd8e25423ee5c1075246d0a88e85590650e9bc31b7""]",76e0c3d578c4dba56e91d15ad643d8740037788a,0.993535949475491,0.0009278253355740362,"[0.9903916411770711,0.9952167227097748]",0.9926559259504573,0.0014058162266313012,"[0.9910573497774843,0.9934032661379127]",family-cluster sensitivity intervals over the constructed families; not a population confidence interval
11-instructions-b1,EXACT_LRU,7849,loads_per_token,665.40625,0.2910046876124329,471.328125,730.703125,EXACT_REPLAY,TPS_PROJECTION,True,M2,RMSE values differ by less than 5%; prefer loads_per_token,fa7480ceb1c45449eec2bb4557ffaa0f62ef14a8fdfd0c55e274b9a281a9fd0c,9567f49ef2dab913c7446dc85c7849b6665d978c9921eb83198d0c2a5e31b49b,4731949078aa993195cafb1c351e056c0df6e557570a271949e62702a6ba62e3,"[""18ab89a63b63f6c96a0e0aa4807fcf152aed251b441ab77a8b593bcb35929ba0"",""e3de04b44f994fc3e9a95ccd8e25423ee5c1075246d0a88e85590650e9bc31b7""]",76e0c3d578c4dba56e91d15ad643d8740037788a,0.993535949475491,0.0009278253355740362,"[0.9903916411770711,0.9952167227097748]",0.9926559259504573,0.0014058162266313012,"[0.9910573497774843,0.9934032661379127]",family-cluster sensitivity intervals over the constructed families; not a population confidence interval
11-instructions-b1,EXACT_LRU,9790,loads_per_token,601.8125,0.31138402421003974,471.328125,730.703125,EXACT_REPLAY,TPS_PROJECTION,True,M2,RMSE values differ by less than 5%; prefer loads_per_token,fa7480ceb1c45449eec2bb4557ffaa0f62ef14a8fdfd0c55e274b9a281a9fd0c,9567f49ef2dab913c7446dc85c7849b6665d978c9921eb83198d0c2a5e31b49b,4731949078aa993195cafb1c351e056c0df6e557570a271949e62702a6ba62e3,"[""18ab89a63b63f6c96a0e0aa4807fcf152aed251b441ab77a8b593bcb35929ba0"",""e3de04b44f994fc3e9a95ccd8e25423ee5c1075246d0a88e85590650e9bc31b7""]",76e0c3d578c4dba56e91d15ad643d8740037788a,0.993535949475491,0.0009278253355740362,"[0.9903916411770711,0.9952167227097748]",0.9926559259504573,0.0014058162266313012,"[0.9910573497774843,0.9934032661379127]",family-cluster sensitivity intervals over the constructed families; not a population confidence interval
11-instructions-b1,EXACT_LRU,11748,loads_per_token,527.75,0.33511819017383726,471.328125,730.703125,EXACT_REPLAY,TPS_PROJECTION,True,M2,RMSE values differ by less than 5%; prefer loads_per_token,fa7480ceb1c45449eec2bb4557ffaa0f62ef14a8fdfd0c55e274b9a281a9fd0c,9567f49ef2dab913c7446dc85c7849b6665d978c9921eb83198d0c2a5e31b49b,4731949078aa993195cafb1c351e056c0df6e557570a271949e62702a6ba62e3,"[""18ab89a63b63f6c96a0e0aa4807fcf152aed251b441ab77a8b593bcb35929ba0"",""e3de04b44f994fc3e9a95ccd8e25423ee5c1075246d0a88e85590650e9bc31b7""]",76e0c3d578c4dba56e91d15ad643d8740037788a,0.993535949475491,0.0009278253355740362,"[0.9903916411770711,0.9952167227097748]",0.9926559259504573,0.0014058162266313012,"[0.9910573497774843,0.9934032661379127]",family-cluster sensitivity intervals over the constructed families; not a population confidence interval
11-instructions-b1,S2_P50_FIXED_ROUTE,5874,loads_per_token,635.046875,0.3007336927743863,471.328125,730.703125,FIXED_ROUTE_COUNTERFACTUAL,TPS_PROJECTION,True,M2,RMSE values differ by less than 5%; prefer loads_per_token,fa7480ceb1c45449eec2bb4557ffaa0f62ef14a8fdfd0c55e274b9a281a9fd0c,9567f49ef2dab913c7446dc85c7849b6665d978c9921eb83198d0c2a5e31b49b,4731949078aa993195cafb1c351e056c0df6e557570a271949e62702a6ba62e3,"[""b87d9461ff503e2d13675b08d0362d5675ab8b6a2481e2d19ee46027d0b0ea9d""]",76e0c3d578c4dba56e91d15ad643d8740037788a,0.993535949475491,0.0009278253355740362,"[0.9903916411770711,0.9952167227097748]",0.9926559259504573,0.0014058162266313012,"[0.9910573497774843,0.9934032661379127]",family-cluster sensitivity intervals over the constructed families; not a population confidence interval
11-instructions-b1,S2_P50_FIXED_ROUTE,7832,loads_per_token,561.6875,0.32424253437776807,471.328125,730.703125,FIXED_ROUTE_COUNTERFACTUAL,TPS_PROJECTION,True,M2,RMSE values differ by less than 5%; prefer loads_per_token,fa7480ceb1c45449eec2bb4557ffaa0f62ef14a8fdfd0c55e274b9a281a9fd0c,9567f49ef2dab913c7446dc85c7849b6665d978c9921eb83198d0c2a5e31b49b,4731949078aa993195cafb1c351e056c0df6e557570a271949e62702a6ba62e3,"[""b87d9461ff503e2d13675b08d0362d5675ab8b6a2481e2d19ee46027d0b0ea9d""]",76e0c3d578c4dba56e91d15ad643d8740037788a,0.993535949475491,0.0009278253355740362,"[0.9903916411770711,0.9952167227097748]",0.9926559259504573,0.0014058162266313012,"[0.9910573497774843,0.9934032661379127]",family-cluster sensitivity intervals over the constructed families; not a population confidence interval
11-instructions-b1,S2_P50_FIXED_ROUTE,7849,loads_per_token,561.34375,0.3243526929539713,471.328125,730.703125,FIXED_ROUTE_COUNTERFACTUAL,TPS_PROJECTION,True,M2,RMSE values differ by less than 5%; prefer loads_per_token,fa7480ceb1c45449eec2bb4557ffaa0f62ef14a8fdfd0c55e274b9a281a9fd0c,9567f49ef2dab913c7446dc85c7849b6665d978c9921eb83198d0c2a5e31b49b,4731949078aa993195cafb1c351e056c0df6e557570a271949e62702a6ba62e3,"[""b87d9461ff503e2d13675b08d0362d5675ab8b6a2481e2d19ee46027d0b0ea9d""]",76e0c3d578c4dba56e91d15ad643d8740037788a,0.993535949475491,0.0009278253355740362,"[0.9903916411770711,0.9952167227097748]",0.9926559259504573,0.0014058162266313012,"[0.9910573497774843,0.9934032661379127]",family-cluster sensitivity intervals over the constructed families; not a population confidence interval
11-instructions-b1,S2_P50_FIXED_ROUTE,9790,loads_per_token,492.71875,0.34634435053055335,471.328125,730.703125,FIXED_ROUTE_COUNTERFACTUAL,TPS_PROJECTION,True,M2,RMSE values differ by less than 5%; prefer loads_per_token,fa7480ceb1c45449eec2bb4557ffaa0f62ef14a8fdfd0c55e274b9a281a9fd0c,9567f49ef2dab913c7446dc85c7849b6665d978c9921eb83198d0c2a5e31b49b,4731949078aa993195cafb1c351e056c0df6e557570a271949e62702a6ba62e3,"[""b87d9461ff503e2d13675b08d0362d5675ab8b6a2481e2d19ee46027d0b0ea9d""]",76e0c3d578c4dba56e91d15ad643d8740037788a,0.993535949475491,0.0009278253355740362,"[0.9903916411770711,0.9952167227097748]",0.9926559259504573,0.0014058162266313012,"[0.9910573497774843,0.9934032661379127]",family-cluster sensitivity intervals over the constructed families; not a population confidence interval
11-instructions-b8,EXACT_LRU,5874,loads_per_token,717.890625,0.2741854759093958,471.328125,730.703125,EXACT_REPLAY,TPS_PROJECTION,True,M2,RMSE values differ by less than 5%; prefer loads_per_token,fa7480ceb1c45449eec2bb4557ffaa0f62ef14a8fdfd0c55e274b9a281a9fd0c,9567f49ef2dab913c7446dc85c7849b6665d978c9921eb83198d0c2a5e31b49b,4731949078aa993195cafb1c351e056c0df6e557570a271949e62702a6ba62e3,"[""18ab89a63b63f6c96a0e0aa4807fcf152aed251b441ab77a8b593bcb35929ba0"",""e7e912f3f422b0c1c678bbdbec6566c2421bc39f58d717d2bf376af0fae541f5""]",76e0c3d578c4dba56e91d15ad643d8740037788a,0.993535949475491,0.0009278253355740362,"[0.9903916411770711,0.9952167227097748]",0.9926559259504573,0.0014058162266313012,"[0.9910573497774843,0.9934032661379127]",family-cluster sensitivity intervals over the constructed families; not a population confidence interval
11-instructions-b8,EXACT_LRU,7832,loads_per_token,654.65625,0.29444964672279006,471.328125,730.703125,EXACT_REPLAY,TPS_PROJECTION,True,M2,RMSE values differ by less than 5%; prefer loads_per_token,fa7480ceb1c45449eec2bb4557ffaa0f62ef14a8fdfd0c55e274b9a281a9fd0c,9567f49ef2dab913c7446dc85c7849b6665d978c9921eb83198d0c2a5e31b49b,4731949078aa993195cafb1c351e056c0df6e557570a271949e62702a6ba62e3,"[""18ab89a63b63f6c96a0e0aa4807fcf152aed251b441ab77a8b593bcb35929ba0"",""e7e912f3f422b0c1c678bbdbec6566c2421bc39f58d717d2bf376af0fae541f5""]",76e0c3d578c4dba56e91d15ad643d8740037788a,0.993535949475491,0.0009278253355740362,"[0.9903916411770711,0.9952167227097748]",0.9926559259504573,0.0014058162266313012,"[0.9910573497774843,0.9934032661379127]",family-cluster sensitivity intervals over the constructed families; not a population confidence interval
11-instructions-b8,EXACT_LRU,7849,loads_per_token,654.53125,0.294489704386864,471.328125,730.703125,EXACT_REPLAY,TPS_PROJECTION,True,M2,RMSE values differ by less than 5%; prefer loads_per_token,fa7480ceb1c45449eec2bb4557ffaa0f62ef14a8fdfd0c55e274b9a281a9fd0c,9567f49ef2dab913c7446dc85c7849b6665d978c9921eb83198d0c2a5e31b49b,4731949078aa993195cafb1c351e056c0df6e557570a271949e62702a6ba62e3,"[""18ab89a63b63f6c96a0e0aa4807fcf152aed251b441ab77a8b593bcb35929ba0"",""e7e912f3f422b0c1c678bbdbec6566c2421bc39f58d717d2bf376af0fae541f5""]",76e0c3d578c4dba56e91d15ad643d8740037788a,0.993535949475491,0.0009278253355740362,"[0.9903916411770711,0.9952167227097748]",0.9926559259504573,0.0014058162266313012,"[0.9910573497774843,0.9934032661379127]",family-cluster sensitivity intervals over the constructed families; not a population confidence interval
11-instructions-b8,EXACT_LRU,9790,loads_per_token,600.015625,0.3119598531311023,471.328125,730.703125,EXACT_REPLAY,TPS_PROJECTION,True,M2,RMSE values differ by less than 5%; prefer loads_per_token,fa7480ceb1c45449eec2bb4557ffaa0f62ef14a8fdfd0c55e274b9a281a9fd0c,9567f49ef2dab913c7446dc85c7849b6665d978c9921eb83198d0c2a5e31b49b,4731949078aa993195cafb1c351e056c0df6e557570a271949e62702a6ba62e3,"[""18ab89a63b63f6c96a0e0aa4807fcf152aed251b441ab77a8b593bcb35929ba0"",""e7e912f3f422b0c1c678bbdbec6566c2421bc39f58d717d2bf376af0fae541f5""]",76e0c3d578c4dba56e91d15ad643d8740037788a,0.993535949475491,0.0009278253355740362,"[0.9903916411770711,0.9952167227097748]",0.9926559259504573,0.0014058162266313012,"[0.9910573497774843,0.9934032661379127]",family-cluster sensitivity intervals over the constructed families; not a population confidence interval
11-instructions-b8,EXACT_LRU,11748,loads_per_token,551.703125,0.3274421402956724,471.328125,730.703125,EXACT_REPLAY,TPS_PROJECTION,True,M2,RMSE values differ by less than 5%; prefer loads_per_token,fa7480ceb1c45449eec2bb4557ffaa0f62ef14a8fdfd0c55e274b9a281a9fd0c,9567f49ef2dab913c7446dc85c7849b6665d978c9921eb83198d0c2a5e31b49b,4731949078aa993195cafb1c351e056c0df6e557570a271949e62702a6ba62e3,"[""18ab89a63b63f6c96a0e0aa4807fcf152aed251b441ab77a8b593bcb35929ba0"",""e7e912f3f422b0c1c678bbdbec6566c2421bc39f58d717d2bf376af0fae541f5""]",76e0c3d578c4dba56e91d15ad643d8740037788a,0.993535949475491,0.0009278253355740362,"[0.9903916411770711,0.9952167227097748]",0.9926559259504573,0.0014058162266313012,"[0.9910573497774843,0.9934032661379127]",family-cluster sensitivity intervals over the constructed families; not a population confidence interval
11-instructions-b8,EXACT_LRU,15665,loads_per_token,483.59375,0.34926856000794954,471.328125,730.703125,EXACT_REPLAY,TPS_PROJECTION,True,M2,RMSE values differ by less than 5%; prefer loads_per_token,fa7480ceb1c45449eec2bb4557ffaa0f62ef14a8fdfd0c55e274b9a281a9fd0c,9567f49ef2dab913c7446dc85c7849b6665d978c9921eb83198d0c2a5e31b49b,4731949078aa993195cafb1c351e056c0df6e557570a271949e62702a6ba62e3,"[""18ab89a63b63f6c96a0e0aa4807fcf152aed251b441ab77a8b593bcb35929ba0"",""e7e912f3f422b0c1c678bbdbec6566c2421bc39f58d717d2bf376af0fae541f5""]",76e0c3d578c4dba56e91d15ad643d8740037788a,0.993535949475491,0.0009278253355740362,"[0.9903916411770711,0.9952167227097748]",0.9926559259504573,0.0014058162266313012,"[0.9910573497774843,0.9934032661379127]",family-cluster sensitivity intervals over the constructed families; not a population confidence interval
11-instructions-b8,S2_P50_FIXED_ROUTE,5874,loads_per_token,622.796875,0.3046593438536304,471.328125,730.703125,FIXED_ROUTE_COUNTERFACTUAL,TPS_PROJECTION,True,M2,RMSE values differ by less than 5%; prefer loads_per_token,fa7480ceb1c45449eec2bb4557ffaa0f62ef14a8fdfd0c55e274b9a281a9fd0c,9567f49ef2dab913c7446dc85c7849b6665d978c9921eb83198d0c2a5e31b49b,4731949078aa993195cafb1c351e056c0df6e557570a271949e62702a6ba62e3,"[""b87d9461ff503e2d13675b08d0362d5675ab8b6a2481e2d19ee46027d0b0ea9d""]",76e0c3d578c4dba56e91d15ad643d8740037788a,0.993535949475491,0.0009278253355740362,"[0.9903916411770711,0.9952167227097748]",0.9926559259504573,0.0014058162266313012,"[0.9910573497774843,0.9934032661379127]",family-cluster sensitivity intervals over the constructed families; not a population confidence interval
11-instructions-b8,S2_P50_FIXED_ROUTE,7832,loads_per_token,558.359375,0.3253090696837362,471.328125,730.703125,FIXED_ROUTE_COUNTERFACTUAL,TPS_PROJECTION,True,M2,RMSE values differ by less than 5%; prefer loads_per_token,fa7480ceb1c45449eec2bb4557ffaa0f62ef14a8fdfd0c55e274b9a281a9fd0c,9567f49ef2dab913c7446dc85c7849b6665d978c9921eb83198d0c2a5e31b49b,4731949078aa993195cafb1c351e056c0df6e557570a271949e62702a6ba62e3,"[""b87d9461ff503e2d13675b08d0362d5675ab8b6a2481e2d19ee46027d0b0ea9d""]",76e0c3d578c4dba56e91d15ad643d8740037788a,0.993535949475491,0.0009278253355740362,"[0.9903916411770711,0.9952167227097748]",0.9926559259504573,0.0014058162266313012,"[0.9910573497774843,0.9934032661379127]",family-cluster sensitivity intervals over the constructed families; not a population confidence interval
11-instructions-b8,S2_P50_FIXED_ROUTE,7849,loads_per_token,557.75,0.3255043507960965,471.328125,730.703125,FIXED_ROUTE_COUNTERFACTUAL,TPS_PROJECTION,True,M2,RMSE values differ by less than 5%; prefer loads_per_token,fa7480ceb1c45449eec2bb4557ffaa0f62ef14a8fdfd0c55e274b9a281a9fd0c,9567f49ef2dab913c7446dc85c7849b6665d978c9921eb83198d0c2a5e31b49b,4731949078aa993195cafb1c351e056c0df6e557570a271949e62702a6ba62e3,"[""b87d9461ff503e2d13675b08d0362d5675ab8b6a2481e2d19ee46027d0b0ea9d""]",76e0c3d578c4dba56e91d15ad643d8740037788a,0.993535949475491,0.0009278253355740362,"[0.9903916411770711,0.9952167227097748]",0.9926559259504573,0.0014058162266313012,"[0.9910573497774843,0.9934032661379127]",family-cluster sensitivity intervals over the constructed families; not a population confidence interval
11-instructions-b8,S2_P50_FIXED_ROUTE,9790,loads_per_token,506.90625,0.3417978056581634,471.328125,730.703125,FIXED_ROUTE_COUNTERFACTUAL,TPS_PROJECTION,True,M2,RMSE values differ by less than 5%; prefer loads_per_token,fa7480ceb1c45449eec2bb4557ffaa0f62ef14a8fdfd0c55e274b9a281a9fd0c,9567f49ef2dab913c7446dc85c7849b6665d978c9921eb83198d0c2a5e31b49b,4731949078aa993195cafb1c351e056c0df6e557570a271949e62702a6ba62e3,"[""b87d9461ff503e2d13675b08d0362d5675ab8b6a2481e2d19ee46027d0b0ea9d""]",76e0c3d578c4dba56e91d15ad643d8740037788a,0.993535949475491,0.0009278253355740362,"[0.9903916411770711,0.9952167227097748]",0.9926559259504573,0.0014058162266313012,"[0.9910573497774843,0.9934032661379127]",family-cluster sensitivity intervals over the constructed families; not a population confidence interval
12-compare-b1,COMMITTEE_PIN_FIXED_ROUTE,9790,loads_per_token,608.578125,0.30921590314203884,471.328125,730.703125,FIXED_ROUTE_COUNTERFACTUAL,TPS_PROJECTION,True,M2,RMSE values differ by less than 5%; prefer loads_per_token,fa7480ceb1c45449eec2bb4557ffaa0f62ef14a8fdfd0c55e274b9a281a9fd0c,9567f49ef2dab913c7446dc85c7849b6665d978c9921eb83198d0c2a5e31b49b,4731949078aa993195cafb1c351e056c0df6e557570a271949e62702a6ba62e3,"[""0927db654db7b106584a5099415733edc65ed505a631836268158dc94d876889""]",76e0c3d578c4dba56e91d15ad643d8740037788a,0.993535949475491,0.0009278253355740362,"[0.9903916411770711,0.9952167227097748]",0.9926559259504573,0.0014058162266313012,"[0.9910573497774843,0.9934032661379127]",family-cluster sensitivity intervals over the constructed families; not a population confidence interval
12-compare-b1,COMMITTEE_PIN_FIXED_ROUTE,11748,loads_per_token,527.640625,0.335153240629902,471.328125,730.703125,FIXED_ROUTE_COUNTERFACTUAL,TPS_PROJECTION,True,M2,RMSE values differ by less than 5%; prefer loads_per_token,fa7480ceb1c45449eec2bb4557ffaa0f62ef14a8fdfd0c55e274b9a281a9fd0c,9567f49ef2dab913c7446dc85c7849b6665d978c9921eb83198d0c2a5e31b49b,4731949078aa993195cafb1c351e056c0df6e557570a271949e62702a6ba62e3,"[""0927db654db7b106584a5099415733edc65ed505a631836268158dc94d876889""]",76e0c3d578c4dba56e91d15ad643d8740037788a,0.993535949475491,0.0009278253355740362,"[0.9903916411770711,0.9952167227097748]",0.9926559259504573,0.0014058162266313012,"[0.9910573497774843,0.9934032661379127]",family-cluster sensitivity intervals over the constructed families; not a population confidence interval
12-compare-b1,COMMITTEE_PIN_FIXED_ROUTE,9790,loads_per_token,608.578125,0.30921590314203884,471.328125,730.703125,FIXED_ROUTE_COUNTERFACTUAL,TPS_PROJECTION,True,M2,RMSE values differ by less than 5%; prefer loads_per_token,fa7480ceb1c45449eec2bb4557ffaa0f62ef14a8fdfd0c55e274b9a281a9fd0c,9567f49ef2dab913c7446dc85c7849b6665d978c9921eb83198d0c2a5e31b49b,4731949078aa993195cafb1c351e056c0df6e557570a271949e62702a6ba62e3,"[""0927db654db7b106584a5099415733edc65ed505a631836268158dc94d876889""]",76e0c3d578c4dba56e91d15ad643d8740037788a,0.993535949475491,0.0009278253355740362,"[0.9903916411770711,0.9952167227097748]",0.9926559259504573,0.0014058162266313012,"[0.9910573497774843,0.9934032661379127]",family-cluster sensitivity intervals over the constructed families; not a population confidence interval
12-compare-b1,COMMITTEE_PIN_FIXED_ROUTE,11748,loads_per_token,527.640625,0.335153240629902,471.328125,730.703125,FIXED_ROUTE_COUNTERFACTUAL,TPS_PROJECTION,True,M2,RMSE values differ by less than 5%; prefer loads_per_token,fa7480ceb1c45449eec2bb4557ffaa0f62ef14a8fdfd0c55e274b9a281a9fd0c,9567f49ef2dab913c7446dc85c7849b6665d978c9921eb83198d0c2a5e31b49b,4731949078aa993195cafb1c351e056c0df6e557570a271949e62702a6ba62e3,"[""0927db654db7b106584a5099415733edc65ed505a631836268158dc94d876889""]",76e0c3d578c4dba56e91d15ad643d8740037788a,0.993535949475491,0.0009278253355740362,"[0.9903916411770711,0.9952167227097748]",0.9926559259504573,0.0014058162266313012,"[0.9910573497774843,0.9934032661379127]",family-cluster sensitivity intervals over the constructed families; not a population confidence interval
12-compare-b1,COMMITTEE_PIN_FIXED_ROUTE,7832,loads_per_token,645.515625,0.29737886340819547,471.328125,730.703125,FIXED_ROUTE_COUNTERFACTUAL,TPS_PROJECTION,True,M2,RMSE values differ by less than 5%; prefer loads_per_token,fa7480ceb1c45449eec2bb4557ffaa0f62ef14a8fdfd0c55e274b9a281a9fd0c,9567f49ef2dab913c7446dc85c7849b6665d978c9921eb83198d0c2a5e31b49b,4731949078aa993195cafb1c351e056c0df6e557570a271949e62702a6ba62e3,"[""0927db654db7b106584a5099415733edc65ed505a631836268158dc94d876889""]",76e0c3d578c4dba56e91d15ad643d8740037788a,0.993535949475491,0.0009278253355740362,"[0.9903916411770711,0.9952167227097748]",0.9926559259504573,0.0014058162266313012,"[0.9910573497774843,0.9934032661379127]",family-cluster sensitivity intervals over the constructed families; not a population confidence interval
12-compare-b1,COMMITTEE_PIN_FIXED_ROUTE,7849,loads_per_token,645.25,0.2974639859443525,471.328125,730.703125,FIXED_ROUTE_COUNTERFACTUAL,TPS_PROJECTION,True,M2,RMSE values differ by less than 5%; prefer loads_per_token,fa7480ceb1c45449eec2bb4557ffaa0f62ef14a8fdfd0c55e274b9a281a9fd0c,9567f49ef2dab913c7446dc85c7849b6665d978c9921eb83198d0c2a5e31b49b,4731949078aa993195cafb1c351e056c0df6e557570a271949e62702a6ba62e3,"[""0927db654db7b106584a5099415733edc65ed505a631836268158dc94d876889""]",76e0c3d578c4dba56e91d15ad643d8740037788a,0.993535949475491,0.0009278253355740362,"[0.9903916411770711,0.9952167227097748]",0.9926559259504573,0.0014058162266313012,"[0.9910573497774843,0.9934032661379127]",family-cluster sensitivity intervals over the constructed families; not a population confidence interval
12-compare-b1,COMMITTEE_PIN_FIXED_ROUTE,9790,loads_per_token,578.296875,0.3189198722639459,471.328125,730.703125,FIXED_ROUTE_COUNTERFACTUAL,TPS_PROJECTION,True,M2,RMSE values differ by less than 5%; prefer loads_per_token,fa7480ceb1c45449eec2bb4557ffaa0f62ef14a8fdfd0c55e274b9a281a9fd0c,9567f49ef2dab913c7446dc85c7849b6665d978c9921eb83198d0c2a5e31b49b,4731949078aa993195cafb1c351e056c0df6e557570a271949e62702a6ba62e3,"[""0927db654db7b106584a5099415733edc65ed505a631836268158dc94d876889""]",76e0c3d578c4dba56e91d15ad643d8740037788a,0.993535949475491,0.0009278253355740362,"[0.9903916411770711,0.9952167227097748]",0.9926559259504573,0.0014058162266313012,"[0.9910573497774843,0.9934032661379127]",family-cluster sensitivity intervals over the constructed families; not a population confidence interval
12-compare-b1,COMMITTEE_PIN_FIXED_ROUTE,11748,loads_per_token,525.296875,0.335904321831288,471.328125,730.703125,FIXED_ROUTE_COUNTERFACTUAL,TPS_PROJECTION,True,M2,RMSE values differ by less than 5%; prefer loads_per_token,fa7480ceb1c45449eec2bb4557ffaa0f62ef14a8fdfd0c55e274b9a281a9fd0c,9567f49ef2dab913c7446dc85c7849b6665d978c9921eb83198d0c2a5e31b49b,4731949078aa993195cafb1c351e056c0df6e557570a271949e62702a6ba62e3,"[""0927db654db7b106584a5099415733edc65ed505a631836268158dc94d876889""]",76e0c3d578c4dba56e91d15ad643d8740037788a,0.993535949475491,0.0009278253355740362,"[0.9903916411770711,0.9952167227097748]",0.9926559259504573,0.0014058162266313012,"[0.9910573497774843,0.9934032661379127]",family-cluster sensitivity intervals over the constructed families; not a population confidence interval
12-compare-b1,COMMITTEE_PIN_FIXED_ROUTE,5874,loads_per_token,727.296875,0.2711711366878333,471.328125,730.703125,FIXED_ROUTE_COUNTERFACTUAL,TPS_PROJECTION,True,M2,RMSE values differ by less than 5%; prefer loads_per_token,fa7480ceb1c45449eec2bb4557ffaa0f62ef14a8fdfd0c55e274b9a281a9fd0c,9567f49ef2dab913c7446dc85c7849b6665d978c9921eb83198d0c2a5e31b49b,4731949078aa993195cafb1c351e056c0df6e557570a271949e62702a6ba62e3,"[""0927db654db7b106584a5099415733edc65ed505a631836268158dc94d876889""]",76e0c3d578c4dba56e91d15ad643d8740037788a,0.993535949475491,0.0009278253355740362,"[0.9903916411770711,0.9952167227097748]",0.9926559259504573,0.0014058162266313012,"[0.9910573497774843,0.9934032661379127]",family-cluster sensitivity intervals over the constructed families; not a population confidence interval
12-compare-b1,COMMITTEE_PIN_FIXED_ROUTE,7832,loads_per_token,654.4375,0.2945197476349194,471.328125,730.703125,FIXED_ROUTE_COUNTERFACTUAL,TPS_PROJECTION,True,M2,RMSE values differ by less than 5%; prefer loads_per_token,fa7480ceb1c45449eec2bb4557ffaa0f62ef14a8fdfd0c55e274b9a281a9fd0c,9567f49ef2dab913c7446dc85c7849b6665d978c9921eb83198d0c2a5e31b49b,4731949078aa993195cafb1c351e056c0df6e557570a271949e62702a6ba62e3,"[""0927db654db7b106584a5099415733edc65ed505a631836268158dc94d876889""]",76e0c3d578c4dba56e91d15ad643d8740037788a,0.993535949475491,0.0009278253355740362,"[0.9903916411770711,0.9952167227097748]",0.9926559259504573,0.0014058162266313012,"[0.9910573497774843,0.9934032661379127]",family-cluster sensitivity intervals over the constructed families; not a population confidence interval
12-compare-b1,COMMITTEE_PIN_FIXED_ROUTE,7849,loads_per_token,654.09375,0.2946299062111227,471.328125,730.703125,FIXED_ROUTE_COUNTERFACTUAL,TPS_PROJECTION,True,M2,RMSE values differ by less than 5%; prefer loads_per_token,fa7480ceb1c45449eec2bb4557ffaa0f62ef14a8fdfd0c55e274b9a281a9fd0c,9567f49ef2dab913c7446dc85c7849b6665d978c9921eb83198d0c2a5e31b49b,4731949078aa993195cafb1c351e056c0df6e557570a271949e62702a6ba62e3,"[""0927db654db7b106584a5099415733edc65ed505a631836268158dc94d876889""]",76e0c3d578c4dba56e91d15ad643d8740037788a,0.993535949475491,0.0009278253355740362,"[0.9903916411770711,0.9952167227097748]",0.9926559259504573,0.0014058162266313012,"[0.9910573497774843,0.9934032661379127]",family-cluster sensitivity intervals over the constructed families; not a population confidence interval
12-compare-b1,COMMITTEE_PIN_FIXED_ROUTE,9790,loads_per_token,591.796875,0.31459364454396255,471.328125,730.703125,FIXED_ROUTE_COUNTERFACTUAL,TPS_PROJECTION,True,M2,RMSE values differ by less than 5%; prefer loads_per_token,fa7480ceb1c45449eec2bb4557ffaa0f62ef14a8fdfd0c55e274b9a281a9fd0c,9567f49ef2dab913c7446dc85c7849b6665d978c9921eb83198d0c2a5e31b49b,4731949078aa993195cafb1c351e056c0df6e557570a271949e62702a6ba62e3,"[""0927db654db7b106584a5099415733edc65ed505a631836268158dc94d876889""]",76e0c3d578c4dba56e91d15ad643d8740037788a,0.993535949475491,0.0009278253355740362,"[0.9903916411770711,0.9952167227097748]",0.9926559259504573,0.0014058162266313012,"[0.9910573497774843,0.9934032661379127]",family-cluster sensitivity intervals over the constructed families; not a population confidence interval
12-compare-b1,COMMITTEE_PIN_FIXED_ROUTE,11748,loads_per_token,534.4375,0.3329751051458826,471.328125,730.703125,FIXED_ROUTE_COUNTERFACTUAL,TPS_PROJECTION,True,M2,RMSE values differ by less than 5%; prefer loads_per_token,fa7480ceb1c45449eec2bb4557ffaa0f62ef14a8fdfd0c55e274b9a281a9fd0c,9567f49ef2dab913c7446dc85c7849b6665d978c9921eb83198d0c2a5e31b49b,4731949078aa993195cafb1c351e056c0df6e557570a271949e62702a6ba62e3,"[""0927db654db7b106584a5099415733edc65ed505a631836268158dc94d876889""]",76e0c3d578c4dba56e91d15ad643d8740037788a,0.993535949475491,0.0009278253355740362,"[0.9903916411770711,0.9952167227097748]",0.9926559259504573,0.0014058162266313012,"[0.9910573497774843,0.9934032661379127]",family-cluster sensitivity intervals over the constructed families; not a population confidence interval
12-compare-b1,EXACT_LRU,7832,loads_per_token,658.3125,0.29327796004862794,471.328125,730.703125,EXACT_REPLAY,TPS_PROJECTION,True,M2,RMSE values differ by less than 5%; prefer loads_per_token,fa7480ceb1c45449eec2bb4557ffaa0f62ef14a8fdfd0c55e274b9a281a9fd0c,9567f49ef2dab913c7446dc85c7849b6665d978c9921eb83198d0c2a5e31b49b,4731949078aa993195cafb1c351e056c0df6e557570a271949e62702a6ba62e3,"[""18ab89a63b63f6c96a0e0aa4807fcf152aed251b441ab77a8b593bcb35929ba0"",""32effda4c65deaf8ae315eaf94b1ec42294f6a61851227a336abcccd604e1b2d""]",76e0c3d578c4dba56e91d15ad643d8740037788a,0.993535949475491,0.0009278253355740362,"[0.9903916411770711,0.9952167227097748]",0.9926559259504573,0.0014058162266313012,"[0.9910573497774843,0.9934032661379127]",family-cluster sensitivity intervals over the constructed families; not a population confidence interval
12-compare-b1,EXACT_LRU,7849,loads_per_token,657.546875,0.29352331324108066,471.328125,730.703125,EXACT_REPLAY,TPS_PROJECTION,True,M2,RMSE values differ by less than 5%; prefer loads_per_token,fa7480ceb1c45449eec2bb4557ffaa0f62ef14a8fdfd0c55e274b9a281a9fd0c,9567f49ef2dab913c7446dc85c7849b6665d978c9921eb83198d0c2a5e31b49b,4731949078aa993195cafb1c351e056c0df6e557570a271949e62702a6ba62e3,"[""18ab89a63b63f6c96a0e0aa4807fcf152aed251b441ab77a8b593bcb35929ba0"",""32effda4c65deaf8ae315eaf94b1ec42294f6a61851227a336abcccd604e1b2d""]",76e0c3d578c4dba56e91d15ad643d8740037788a,0.993535949475491,0.0009278253355740362,"[0.9903916411770711,0.9952167227097748]",0.9926559259504573,0.0014058162266313012,"[0.9910573497774843,0.9934032661379127]",family-cluster sensitivity intervals over the constructed families; not a population confidence interval
12-compare-b1,EXACT_LRU,9790,loads_per_token,600.75,0.3117245143546681,471.328125,730.703125,EXACT_REPLAY,TPS_PROJECTION,True,M2,RMSE values differ by less than 5%; prefer loads_per_token,fa7480ceb1c45449eec2bb4557ffaa0f62ef14a8fdfd0c55e274b9a281a9fd0c,9567f49ef2dab913c7446dc85c7849b6665d978c9921eb83198d0c2a5e31b49b,4731949078aa993195cafb1c351e056c0df6e557570a271949e62702a6ba62e3,"[""18ab89a63b63f6c96a0e0aa4807fcf152aed251b441ab77a8b593bcb35929ba0"",""32effda4c65deaf8ae315eaf94b1ec42294f6a61851227a336abcccd604e1b2d""]",76e0c3d578c4dba56e91d15ad643d8740037788a,0.993535949475491,0.0009278253355740362,"[0.9903916411770711,0.9952167227097748]",0.9926559259504573,0.0014058162266313012,"[0.9910573497774843,0.9934032661379127]",family-cluster sensitivity intervals over the constructed families; not a population confidence interval
12-compare-b1,EXACT_LRU,11748,loads_per_token,541.40625,0.33074189037376156,471.328125,730.703125,EXACT_REPLAY,TPS_PROJECTION,True,M2,RMSE values differ by less than 5%; prefer loads_per_token,fa7480ceb1c45449eec2bb4557ffaa0f62ef14a8fdfd0c55e274b9a281a9fd0c,9567f49ef2dab913c7446dc85c7849b6665d978c9921eb83198d0c2a5e31b49b,4731949078aa993195cafb1c351e056c0df6e557570a271949e62702a6ba62e3,"[""18ab89a63b63f6c96a0e0aa4807fcf152aed251b441ab77a8b593bcb35929ba0"",""32effda4c65deaf8ae315eaf94b1ec42294f6a61851227a336abcccd604e1b2d""]",76e0c3d578c4dba56e91d15ad643d8740037788a,0.993535949475491,0.0009278253355740362,"[0.9903916411770711,0.9952167227097748]",0.9926559259504573,0.0014058162266313012,"[0.9910573497774843,0.9934032661379127]",family-cluster sensitivity intervals over the constructed families; not a population confidence interval
12-compare-b1,S2_P50_FIXED_ROUTE,5874,loads_per_token,644.375,0.29774438959287,471.328125,730.703125,FIXED_ROUTE_COUNTERFACTUAL,TPS_PROJECTION,True,M2,RMSE values differ by less than 5%; prefer loads_per_token,fa7480ceb1c45449eec2bb4557ffaa0f62ef14a8fdfd0c55e274b9a281a9fd0c,9567f49ef2dab913c7446dc85c7849b6665d978c9921eb83198d0c2a5e31b49b,4731949078aa993195cafb1c351e056c0df6e557570a271949e62702a6ba62e3,"[""b87d9461ff503e2d13675b08d0362d5675ab8b6a2481e2d19ee46027d0b0ea9d""]",76e0c3d578c4dba56e91d15ad643d8740037788a,0.993535949475491,0.0009278253355740362,"[0.9903916411770711,0.9952167227097748]",0.9926559259504573,0.0014058162266313012,"[0.9910573497774843,0.9934032661379127]",family-cluster sensitivity intervals over the constructed families; not a population confidence interval
12-compare-b1,S2_P50_FIXED_ROUTE,7832,loads_per_token,558.171875,0.3253691561798471,471.328125,730.703125,FIXED_ROUTE_COUNTERFACTUAL,TPS_PROJECTION,True,M2,RMSE values differ by less than 5%; prefer loads_per_token,fa7480ceb1c45449eec2bb4557ffaa0f62ef14a8fdfd0c55e274b9a281a9fd0c,9567f49ef2dab913c7446dc85c7849b6665d978c9921eb83198d0c2a5e31b49b,4731949078aa993195cafb1c351e056c0df6e557570a271949e62702a6ba62e3,"[""b87d9461ff503e2d13675b08d0362d5675ab8b6a2481e2d19ee46027d0b0ea9d""]",76e0c3d578c4dba56e91d15ad643d8740037788a,0.993535949475491,0.0009278253355740362,"[0.9903916411770711,0.9952167227097748]",0.9926559259504573,0.0014058162266313012,"[0.9910573497774843,0.9934032661379127]",family-cluster sensitivity intervals over the constructed families; not a population confidence interval
12-compare-b1,S2_P50_FIXED_ROUTE,7849,loads_per_token,557.890625,0.32545928592401335,471.328125,730.703125,FIXED_ROUTE_COUNTERFACTUAL,TPS_PROJECTION,True,M2,RMSE values differ by less than 5%; prefer loads_per_token,fa7480ceb1c45449eec2bb4557ffaa0f62ef14a8fdfd0c55e274b9a281a9fd0c,9567f49ef2dab913c7446dc85c7849b6665d978c9921eb83198d0c2a5e31b49b,4731949078aa993195cafb1c351e056c0df6e557570a271949e62702a6ba62e3,"[""b87d9461ff503e2d13675b08d0362d5675ab8b6a2481e2d19ee46027d0b0ea9d""]",76e0c3d578c4dba56e91d15ad643d8740037788a,0.993535949475491,0.0009278253355740362,"[0.9903916411770711,0.9952167227097748]",0.9926559259504573,0.0014058162266313012,"[0.9910573497774843,0.9934032661379127]",family-cluster sensitivity intervals over the constructed families; not a population confidence interval
12-compare-b1,S2_P50_FIXED_ROUTE,9790,loads_per_token,492.71875,0.34634435053055335,471.328125,730.703125,FIXED_ROUTE_COUNTERFACTUAL,TPS_PROJECTION,True,M2,RMSE values differ by less than 5%; prefer loads_per_token,fa7480ceb1c45449eec2bb4557ffaa0f62ef14a8fdfd0c55e274b9a281a9fd0c,9567f49ef2dab913c7446dc85c7849b6665d978c9921eb83198d0c2a5e31b49b,4731949078aa993195cafb1c351e056c0df6e557570a271949e62702a6ba62e3,"[""b87d9461ff503e2d13675b08d0362d5675ab8b6a2481e2d19ee46027d0b0ea9d""]",76e0c3d578c4dba56e91d15ad643d8740037788a,0.993535949475491,0.0009278253355740362,"[0.9903916411770711,0.9952167227097748]",0.9926559259504573,0.0014058162266313012,"[0.9910573497774843,0.9934032661379127]",family-cluster sensitivity intervals over the constructed families; not a population confidence interval
12-compare-b8,EXACT_LRU,7832,loads_per_token,672.53125,0.2887214007602195,471.328125,730.703125,EXACT_REPLAY,TPS_PROJECTION,True,M2,RMSE values differ by less than 5%; prefer loads_per_token,fa7480ceb1c45449eec2bb4557ffaa0f62ef14a8fdfd0c55e274b9a281a9fd0c,9567f49ef2dab913c7446dc85c7849b6665d978c9921eb83198d0c2a5e31b49b,4731949078aa993195cafb1c351e056c0df6e557570a271949e62702a6ba62e3,"[""094c24d78ab6f5bdc8d16519ddbe1126c84fa8800f453eb85729884ee1014d92"",""18ab89a63b63f6c96a0e0aa4807fcf152aed251b441ab77a8b593bcb35929ba0""]",76e0c3d578c4dba56e91d15ad643d8740037788a,0.993535949475491,0.0009278253355740362,"[0.9903916411770711,0.9952167227097748]",0.9926559259504573,0.0014058162266313012,"[0.9910573497774843,0.9934032661379127]",family-cluster sensitivity intervals over the constructed families; not a population confidence interval
12-compare-b8,EXACT_LRU,7849,loads_per_token,671.625,0.28901181882475546,471.328125,730.703125,EXACT_REPLAY,TPS_PROJECTION,True,M2,RMSE values differ by less than 5%; prefer loads_per_token,fa7480ceb1c45449eec2bb4557ffaa0f62ef14a8fdfd0c55e274b9a281a9fd0c,9567f49ef2dab913c7446dc85c7849b6665d978c9921eb83198d0c2a5e31b49b,4731949078aa993195cafb1c351e056c0df6e557570a271949e62702a6ba62e3,"[""094c24d78ab6f5bdc8d16519ddbe1126c84fa8800f453eb85729884ee1014d92"",""18ab89a63b63f6c96a0e0aa4807fcf152aed251b441ab77a8b593bcb35929ba0""]",76e0c3d578c4dba56e91d15ad643d8740037788a,0.993535949475491,0.0009278253355740362,"[0.9903916411770711,0.9952167227097748]",0.9926559259504573,0.0014058162266313012,"[0.9910573497774843,0.9934032661379127]",family-cluster sensitivity intervals over the constructed families; not a population confidence interval
12-compare-b8,EXACT_LRU,9790,loads_per_token,624.140625,0.3042287239648358,471.328125,730.703125,EXACT_REPLAY,TPS_PROJECTION,True,M2,RMSE values differ by less than 5%; prefer loads_per_token,fa7480ceb1c45449eec2bb4557ffaa0f62ef14a8fdfd0c55e274b9a281a9fd0c,9567f49ef2dab913c7446dc85c7849b6665d978c9921eb83198d0c2a5e31b49b,4731949078aa993195cafb1c351e056c0df6e557570a271949e62702a6ba62e3,"[""094c24d78ab6f5bdc8d16519ddbe1126c84fa8800f453eb85729884ee1014d92"",""18ab89a63b63f6c96a0e0aa4807fcf152aed251b441ab77a8b593bcb35929ba0""]",76e0c3d578c4dba56e91d15ad643d8740037788a,0.993535949475491,0.0009278253355740362,"[0.9903916411770711,0.9952167227097748]",0.9926559259504573,0.0014058162266313012,"[0.9910573497774843,0.9934032661379127]",family-cluster sensitivity intervals over the constructed families; not a population confidence interval
12-compare-b8,EXACT_LRU,11748,loads_per_token,577.625,0.31913518220834325,471.328125,730.703125,EXACT_REPLAY,TPS_PROJECTION,True,M2,RMSE values differ by less than 5%; prefer loads_per_token,fa7480ceb1c45449eec2bb4557ffaa0f62ef14a8fdfd0c55e274b9a281a9fd0c,9567f49ef2dab913c7446dc85c7849b6665d978c9921eb83198d0c2a5e31b49b,4731949078aa993195cafb1c351e056c0df6e557570a271949e62702a6ba62e3,"[""094c24d78ab6f5bdc8d16519ddbe1126c84fa8800f453eb85729884ee1014d92"",""18ab89a63b63f6c96a0e0aa4807fcf152aed251b441ab77a8b593bcb35929ba0""]",76e0c3d578c4dba56e91d15ad643d8740037788a,0.993535949475491,0.0009278253355740362,"[0.9903916411770711,0.9952167227097748]",0.9926559259504573,0.0014058162266313012,"[0.9910573497774843,0.9934032661379127]",family-cluster sensitivity intervals over the constructed families; not a population confidence interval
12-compare-b8,S2_P50_FIXED_ROUTE,5874,loads_per_token,646.5,0.29706340930361336,471.328125,730.703125,FIXED_ROUTE_COUNTERFACTUAL,TPS_PROJECTION,True,M2,RMSE values differ by less than 5%; prefer loads_per_token,fa7480ceb1c45449eec2bb4557ffaa0f62ef14a8fdfd0c55e274b9a281a9fd0c,9567f49ef2dab913c7446dc85c7849b6665d978c9921eb83198d0c2a5e31b49b,4731949078aa993195cafb1c351e056c0df6e557570a271949e62702a6ba62e3,"[""b87d9461ff503e2d13675b08d0362d5675ab8b6a2481e2d19ee46027d0b0ea9d""]",76e0c3d578c4dba56e91d15ad643d8740037788a,0.993535949475491,0.0009278253355740362,"[0.9903916411770711,0.9952167227097748]",0.9926559259504573,0.0014058162266313012,"[0.9910573497774843,0.9934032661379127]",family-cluster sensitivity intervals over the constructed families; not a population confidence interval
12-compare-b8,S2_P50_FIXED_ROUTE,7832,loads_per_token,578.875,0.318734605567604,471.328125,730.703125,FIXED_ROUTE_COUNTERFACTUAL,TPS_PROJECTION,True,M2,RMSE values differ by less than 5%; prefer loads_per_token,fa7480ceb1c45449eec2bb4557ffaa0f62ef14a8fdfd0c55e274b9a281a9fd0c,9567f49ef2dab913c7446dc85c7849b6665d978c9921eb83198d0c2a5e31b49b,4731949078aa993195cafb1c351e056c0df6e557570a271949e62702a6ba62e3,"[""b87d9461ff503e2d13675b08d0362d5675ab8b6a2481e2d19ee46027d0b0ea9d""]",76e0c3d578c4dba56e91d15ad643d8740037788a,0.993535949475491,0.0009278253355740362,"[0.9903916411770711,0.9952167227097748]",0.9926559259504573,0.0014058162266313012,"[0.9910573497774843,0.9934032661379127]",family-cluster sensitivity intervals over the constructed families; not a population confidence interval
12-compare-b8,S2_P50_FIXED_ROUTE,7849,loads_per_token,578.46875,0.31886479297584425,471.328125,730.703125,FIXED_ROUTE_COUNTERFACTUAL,TPS_PROJECTION,True,M2,RMSE values differ by less than 5%; prefer loads_per_token,fa7480ceb1c45449eec2bb4557ffaa0f62ef14a8fdfd0c55e274b9a281a9fd0c,9567f49ef2dab913c7446dc85c7849b6665d978c9921eb83198d0c2a5e31b49b,4731949078aa993195cafb1c351e056c0df6e557570a271949e62702a6ba62e3,"[""b87d9461ff503e2d13675b08d0362d5675ab8b6a2481e2d19ee46027d0b0ea9d""]",76e0c3d578c4dba56e91d15ad643d8740037788a,0.993535949475491,0.0009278253355740362,"[0.9903916411770711,0.9952167227097748]",0.9926559259504573,0.0014058162266313012,"[0.9910573497774843,0.9934032661379127]",family-cluster sensitivity intervals over the constructed families; not a population confidence interval
12-compare-b8,S2_P50_FIXED_ROUTE,9790,loads_per_token,525.953125,0.33569401909489993,471.328125,730.703125,FIXED_ROUTE_COUNTERFACTUAL,TPS_PROJECTION,True,M2,RMSE values differ by less than 5%; prefer loads_per_token,fa7480ceb1c45449eec2bb4557ffaa0f62ef14a8fdfd0c55e274b9a281a9fd0c,9567f49ef2dab913c7446dc85c7849b6665d978c9921eb83198d0c2a5e31b49b,4731949078aa993195cafb1c351e056c0df6e557570a271949e62702a6ba62e3,"[""b87d9461ff503e2d13675b08d0362d5675ab8b6a2481e2d19ee46027d0b0ea9d""]",76e0c3d578c4dba56e91d15ad643d8740037788a,0.993535949475491,0.0009278253355740362,"[0.9903916411770711,0.9952167227097748]",0.9926559259504573,0.0014058162266313012,"[0.9910573497774843,0.9934032661379127]",family-cluster sensitivity intervals over the constructed families; not a population confidence interval
12-compare-b8,S2_P50_FIXED_ROUTE,11748,loads_per_token,475.671875,0.35180721446863417,471.328125,730.703125,FIXED_ROUTE_COUNTERFACTUAL,TPS_PROJECTION,True,M2,RMSE values differ by less than 5%; prefer loads_per_token,fa7480ceb1c45449eec2bb4557ffaa0f62ef14a8fdfd0c55e274b9a281a9fd0c,9567f49ef2dab913c7446dc85c7849b6665d978c9921eb83198d0c2a5e31b49b,4731949078aa993195cafb1c351e056c0df6e557570a271949e62702a6ba62e3,"[""b87d9461ff503e2d13675b08d0362d5675ab8b6a2481e2d19ee46027d0b0ea9d""]",76e0c3d578c4dba56e91d15ad643d8740037788a,0.993535949475491,0.0009278253355740362,"[0.9903916411770711,0.9952167227097748]",0.9926559259504573,0.0014058162266313012,"[0.9910573497774843,0.9934032661379127]",family-cluster sensitivity intervals over the constructed families; not a population confidence interval
13-creative-b1,EXACT_LRU,7832,loads_per_token,658.71875,0.29314777264038766,471.328125,730.703125,EXACT_REPLAY,TPS_PROJECTION,True,M2,RMSE values differ by less than 5%; prefer loads_per_token,fa7480ceb1c45449eec2bb4557ffaa0f62ef14a8fdfd0c55e274b9a281a9fd0c,9567f49ef2dab913c7446dc85c7849b6665d978c9921eb83198d0c2a5e31b49b,4731949078aa993195cafb1c351e056c0df6e557570a271949e62702a6ba62e3,"[""18ab89a63b63f6c96a0e0aa4807fcf152aed251b441ab77a8b593bcb35929ba0"",""b5971b806780f5cb7e64e9bddff0040649cfacf91960d81e4bd7917149534e67""]",76e0c3d578c4dba56e91d15ad643d8740037788a,0.993535949475491,0.0009278253355740362,"[0.9903916411770711,0.9952167227097748]",0.9926559259504573,0.0014058162266313012,"[0.9910573497774843,0.9934032661379127]",family-cluster sensitivity intervals over the constructed families; not a population confidence interval
13-creative-b1,EXACT_LRU,7849,loads_per_token,658.3125,0.29327796004862794,471.328125,730.703125,EXACT_REPLAY,TPS_PROJECTION,True,M2,RMSE values differ by less than 5%; prefer loads_per_token,fa7480ceb1c45449eec2bb4557ffaa0f62ef14a8fdfd0c55e274b9a281a9fd0c,9567f49ef2dab913c7446dc85c7849b6665d978c9921eb83198d0c2a5e31b49b,4731949078aa993195cafb1c351e056c0df6e557570a271949e62702a6ba62e3,"[""18ab89a63b63f6c96a0e0aa4807fcf152aed251b441ab77a8b593bcb35929ba0"",""b5971b806780f5cb7e64e9bddff0040649cfacf91960d81e4bd7917149534e67""]",76e0c3d578c4dba56e91d15ad643d8740037788a,0.993535949475491,0.0009278253355740362,"[0.9903916411770711,0.9952167227097748]",0.9926559259504573,0.0014058162266313012,"[0.9910573497774843,0.9934032661379127]",family-cluster sensitivity intervals over the constructed families; not a population confidence interval
13-creative-b1,EXACT_LRU,9790,loads_per_token,606.984375,0.3097266383589813,471.328125,730.703125,EXACT_REPLAY,TPS_PROJECTION,True,M2,RMSE values differ by less than 5%; prefer loads_per_token,fa7480ceb1c45449eec2bb4557ffaa0f62ef14a8fdfd0c55e274b9a281a9fd0c,9567f49ef2dab913c7446dc85c7849b6665d978c9921eb83198d0c2a5e31b49b,4731949078aa993195cafb1c351e056c0df6e557570a271949e62702a6ba62e3,"[""18ab89a63b63f6c96a0e0aa4807fcf152aed251b441ab77a8b593bcb35929ba0"",""b5971b806780f5cb7e64e9bddff0040649cfacf91960d81e4bd7917149534e67""]",76e0c3d578c4dba56e91d15ad643d8740037788a,0.993535949475491,0.0009278253355740362,"[0.9903916411770711,0.9952167227097748]",0.9926559259504573,0.0014058162266313012,"[0.9910573497774843,0.9934032661379127]",family-cluster sensitivity intervals over the constructed families; not a population confidence interval
13-creative-b1,EXACT_LRU,11748,loads_per_token,551.90625,0.3273770465915523,471.328125,730.703125,EXACT_REPLAY,TPS_PROJECTION,True,M2,RMSE values differ by less than 5%; prefer loads_per_token,fa7480ceb1c45449eec2bb4557ffaa0f62ef14a8fdfd0c55e274b9a281a9fd0c,9567f49ef2dab913c7446dc85c7849b6665d978c9921eb83198d0c2a5e31b49b,4731949078aa993195cafb1c351e056c0df6e557570a271949e62702a6ba62e3,"[""18ab89a63b63f6c96a0e0aa4807fcf152aed251b441ab77a8b593bcb35929ba0"",""b5971b806780f5cb7e64e9bddff0040649cfacf91960d81e4bd7917149534e67""]",76e0c3d578c4dba56e91d15ad643d8740037788a,0.993535949475491,0.0009278253355740362,"[0.9903916411770711,0.9952167227097748]",0.9926559259504573,0.0014058162266313012,"[0.9910573497774843,0.9934032661379127]",family-cluster sensitivity intervals over the constructed families; not a population confidence interval
13-creative-b1,S2_P50_FIXED_ROUTE,5874,loads_per_token,649.671875,0.2960469460777376,471.328125,730.703125,FIXED_ROUTE_COUNTERFACTUAL,TPS_PROJECTION,True,M2,RMSE values differ by less than 5%; prefer loads_per_token,fa7480ceb1c45449eec2bb4557ffaa0f62ef14a8fdfd0c55e274b9a281a9fd0c,9567f49ef2dab913c7446dc85c7849b6665d978c9921eb83198d0c2a5e31b49b,4731949078aa993195cafb1c351e056c0df6e557570a271949e62702a6ba62e3,"[""b87d9461ff503e2d13675b08d0362d5675ab8b6a2481e2d19ee46027d0b0ea9d""]",76e0c3d578c4dba56e91d15ad643d8740037788a,0.993535949475491,0.0009278253355740362,"[0.9903916411770711,0.9952167227097748]",0.9926559259504573,0.0014058162266313012,"[0.9910573497774843,0.9934032661379127]",family-cluster sensitivity intervals over the constructed families; not a population confidence interval
13-creative-b1,S2_P50_FIXED_ROUTE,7832,loads_per_token,562.953125,0.3238369505290196,471.328125,730.703125,FIXED_ROUTE_COUNTERFACTUAL,TPS_PROJECTION,True,M2,RMSE values differ by less than 5%; prefer loads_per_token,fa7480ceb1c45449eec2bb4557ffaa0f62ef14a8fdfd0c55e274b9a281a9fd0c,9567f49ef2dab913c7446dc85c7849b6665d978c9921eb83198d0c2a5e31b49b,4731949078aa993195cafb1c351e056c0df6e557570a271949e62702a6ba62e3,"[""b87d9461ff503e2d13675b08d0362d5675ab8b6a2481e2d19ee46027d0b0ea9d""]",76e0c3d578c4dba56e91d15ad643d8740037788a,0.993535949475491,0.0009278253355740362,"[0.9903916411770711,0.9952167227097748]",0.9926559259504573,0.0014058162266313012,"[0.9910573497774843,0.9934032661379127]",family-cluster sensitivity intervals over the constructed families; not a population confidence interval
13-creative-b1,S2_P50_FIXED_ROUTE,7849,loads_per_token,562.75,0.32390204423313973,471.328125,730.703125,FIXED_ROUTE_COUNTERFACTUAL,TPS_PROJECTION,True,M2,RMSE values differ by less than 5%; prefer loads_per_token,fa7480ceb1c45449eec2bb4557ffaa0f62ef14a8fdfd0c55e274b9a281a9fd0c,9567f49ef2dab913c7446dc85c7849b6665d978c9921eb83198d0c2a5e31b49b,4731949078aa993195cafb1c351e056c0df6e557570a271949e62702a6ba62e3,"[""b87d9461ff503e2d13675b08d0362d5675ab8b6a2481e2d19ee46027d0b0ea9d""]",76e0c3d578c4dba56e91d15ad643d8740037788a,0.993535949475491,0.0009278253355740362,"[0.9903916411770711,0.9952167227097748]",0.9926559259504573,0.0014058162266313012,"[0.9910573497774843,0.9934032661379127]",family-cluster sensitivity intervals over the constructed families; not a population confidence interval
13-creative-b1,S2_P50_FIXED_ROUTE,9790,loads_per_token,511.0625,0.34046588832770563,471.328125,730.703125,FIXED_ROUTE_COUNTERFACTUAL,TPS_PROJECTION,True,M2,RMSE values differ by less than 5%; prefer loads_per_token,fa7480ceb1c45449eec2bb4557ffaa0f62ef14a8fdfd0c55e274b9a281a9fd0c,9567f49ef2dab913c7446dc85c7849b6665d978c9921eb83198d0c2a5e31b49b,4731949078aa993195cafb1c351e056c0df6e557570a271949e62702a6ba62e3,"[""b87d9461ff503e2d13675b08d0362d5675ab8b6a2481e2d19ee46027d0b0ea9d""]",76e0c3d578c4dba56e91d15ad643d8740037788a,0.993535949475491,0.0009278253355740362,"[0.9903916411770711,0.9952167227097748]",0.9926559259504573,0.0014058162266313012,"[0.9910573497774843,0.9934032661379127]",family-cluster sensitivity intervals over the constructed families; not a population confidence interval
13-creative-b3,COMMITTEE_PIN_FIXED_ROUTE,9790,loads_per_token,646.640625,0.2970183444315302,471.328125,730.703125,FIXED_ROUTE_COUNTERFACTUAL,TPS_PROJECTION,True,M2,RMSE values differ by less than 5%; prefer loads_per_token,fa7480ceb1c45449eec2bb4557ffaa0f62ef14a8fdfd0c55e274b9a281a9fd0c,9567f49ef2dab913c7446dc85c7849b6665d978c9921eb83198d0c2a5e31b49b,4731949078aa993195cafb1c351e056c0df6e557570a271949e62702a6ba62e3,"[""0927db654db7b106584a5099415733edc65ed505a631836268158dc94d876889""]",76e0c3d578c4dba56e91d15ad643d8740037788a,0.993535949475491,0.0009278253355740362,"[0.9903916411770711,0.9952167227097748]",0.9926559259504573,0.0014058162266313012,"[0.9910573497774843,0.9934032661379127]",family-cluster sensitivity intervals over the constructed families; not a population confidence interval
13-creative-b3,COMMITTEE_PIN_FIXED_ROUTE,11748,loads_per_token,544.640625,0.3297053983158489,471.328125,730.703125,FIXED_ROUTE_COUNTERFACTUAL,TPS_PROJECTION,True,M2,RMSE values differ by less than 5%; prefer loads_per_token,fa7480ceb1c45449eec2bb4557ffaa0f62ef14a8fdfd0c55e274b9a281a9fd0c,9567f49ef2dab913c7446dc85c7849b6665d978c9921eb83198d0c2a5e31b49b,4731949078aa993195cafb1c351e056c0df6e557570a271949e62702a6ba62e3,"[""0927db654db7b106584a5099415733edc65ed505a631836268158dc94d876889""]",76e0c3d578c4dba56e91d15ad643d8740037788a,0.993535949475491,0.0009278253355740362,"[0.9903916411770711,0.9952167227097748]",0.9926559259504573,0.0014058162266313012,"[0.9910573497774843,0.9934032661379127]",family-cluster sensitivity intervals over the constructed families; not a population confidence interval
13-creative-b3,COMMITTEE_PIN_FIXED_ROUTE,9790,loads_per_token,646.640625,0.2970183444315302,471.328125,730.703125,FIXED_ROUTE_COUNTERFACTUAL,TPS_PROJECTION,True,M2,RMSE values differ by less than 5%; prefer loads_per_token,fa7480ceb1c45449eec2bb4557ffaa0f62ef14a8fdfd0c55e274b9a281a9fd0c,9567f49ef2dab913c7446dc85c7849b6665d978c9921eb83198d0c2a5e31b49b,4731949078aa993195cafb1c351e056c0df6e557570a271949e62702a6ba62e3,"[""0927db654db7b106584a5099415733edc65ed505a631836268158dc94d876889""]",76e0c3d578c4dba56e91d15ad643d8740037788a,0.993535949475491,0.0009278253355740362,"[0.9903916411770711,0.9952167227097748]",0.9926559259504573,0.0014058162266313012,"[0.9910573497774843,0.9934032661379127]",family-cluster sensitivity intervals over the constructed families; not a population confidence interval
13-creative-b3,COMMITTEE_PIN_FIXED_ROUTE,11748,loads_per_token,544.640625,0.3297053983158489,471.328125,730.703125,FIXED_ROUTE_COUNTERFACTUAL,TPS_PROJECTION,True,M2,RMSE values differ by less than 5%; prefer loads_per_token,fa7480ceb1c45449eec2bb4557ffaa0f62ef14a8fdfd0c55e274b9a281a9fd0c,9567f49ef2dab913c7446dc85c7849b6665d978c9921eb83198d0c2a5e31b49b,4731949078aa993195cafb1c351e056c0df6e557570a271949e62702a6ba62e3,"[""0927db654db7b106584a5099415733edc65ed505a631836268158dc94d876889""]",76e0c3d578c4dba56e91d15ad643d8740037788a,0.993535949475491,0.0009278253355740362,"[0.9903916411770711,0.9952167227097748]",0.9926559259504573,0.0014058162266313012,"[0.9910573497774843,0.9934032661379127]",family-cluster sensitivity intervals over the constructed families; not a population confidence interval
13-creative-b3,COMMITTEE_PIN_FIXED_ROUTE,7832,loads_per_token,662.71875,0.29186592739002226,471.328125,730.703125,FIXED_ROUTE_COUNTERFACTUAL,TPS_PROJECTION,True,M2,RMSE values differ by less than 5%; prefer loads_per_token,fa7480ceb1c45449eec2bb4557ffaa0f62ef14a8fdfd0c55e274b9a281a9fd0c,9567f49ef2dab913c7446dc85c7849b6665d978c9921eb83198d0c2a5e31b49b,4731949078aa993195cafb1c351e056c0df6e557570a271949e62702a6ba62e3,"[""0927db654db7b106584a5099415733edc65ed505a631836268158dc94d876889""]",76e0c3d578c4dba56e91d15ad643d8740037788a,0.993535949475491,0.0009278253355740362,"[0.9903916411770711,0.9952167227097748]",0.9926559259504573,0.0014058162266313012,"[0.9910573497774843,0.9934032661379127]",family-cluster sensitivity intervals over the constructed families; not a population confidence interval
13-creative-b3,COMMITTEE_PIN_FIXED_ROUTE,7849,loads_per_token,661.15625,0.29236664819094627,471.328125,730.703125,FIXED_ROUTE_COUNTERFACTUAL,TPS_PROJECTION,True,M2,RMSE values differ by less than 5%; prefer loads_per_token,fa7480ceb1c45449eec2bb4557ffaa0f62ef14a8fdfd0c55e274b9a281a9fd0c,9567f49ef2dab913c7446dc85c7849b6665d978c9921eb83198d0c2a5e31b49b,4731949078aa993195cafb1c351e056c0df6e557570a271949e62702a6ba62e3,"[""0927db654db7b106584a5099415733edc65ed505a631836268158dc94d876889""]",76e0c3d578c4dba56e91d15ad643d8740037788a,0.993535949475491,0.0009278253355740362,"[0.9903916411770711,0.9952167227097748]",0.9926559259504573,0.0014058162266313012,"[0.9910573497774843,0.9934032661379127]",family-cluster sensitivity intervals over the constructed families; not a population confidence interval
13-creative-b3,COMMITTEE_PIN_FIXED_ROUTE,9790,loads_per_token,576.546875,0.3194806795609808,471.328125,730.703125,FIXED_ROUTE_COUNTERFACTUAL,TPS_PROJECTION,True,M2,RMSE values differ by less than 5%; prefer loads_per_token,fa7480ceb1c45449eec2bb4557ffaa0f62ef14a8fdfd0c55e274b9a281a9fd0c,9567f49ef2dab913c7446dc85c7849b6665d978c9921eb83198d0c2a5e31b49b,4731949078aa993195cafb1c351e056c0df6e557570a271949e62702a6ba62e3,"[""0927db654db7b106584a5099415733edc65ed505a631836268158dc94d876889""]",76e0c3d578c4dba56e91d15ad643d8740037788a,0.993535949475491,0.0009278253355740362,"[0.9903916411770711,0.9952167227097748]",0.9926559259504573,0.0014058162266313012,"[0.9910573497774843,0.9934032661379127]",family-cluster sensitivity intervals over the constructed families; not a population confidence interval
13-creative-b3,COMMITTEE_PIN_FIXED_ROUTE,11748,loads_per_token,510.953125,0.3405009387837703,471.328125,730.703125,FIXED_ROUTE_COUNTERFACTUAL,TPS_PROJECTION,True,M2,RMSE values differ by less than 5%; prefer loads_per_token,fa7480ceb1c45449eec2bb4557ffaa0f62ef14a8fdfd0c55e274b9a281a9fd0c,9567f49ef2dab913c7446dc85c7849b6665d978c9921eb83198d0c2a5e31b49b,4731949078aa993195cafb1c351e056c0df6e557570a271949e62702a6ba62e3,"[""0927db654db7b106584a5099415733edc65ed505a631836268158dc94d876889""]",76e0c3d578c4dba56e91d15ad643d8740037788a,0.993535949475491,0.0009278253355740362,"[0.9903916411770711,0.9952167227097748]",0.9926559259504573,0.0014058162266313012,"[0.9910573497774843,0.9934032661379127]",family-cluster sensitivity intervals over the constructed families; not a population confidence interval
13-creative-b3,COMMITTEE_PIN_FIXED_ROUTE,7832,loads_per_token,655.484375,0.2941842646983004,471.328125,730.703125,FIXED_ROUTE_COUNTERFACTUAL,TPS_PROJECTION,True,M2,RMSE values differ by less than 5%; prefer loads_per_token,fa7480ceb1c45449eec2bb4557ffaa0f62ef14a8fdfd0c55e274b9a281a9fd0c,9567f49ef2dab913c7446dc85c7849b6665d978c9921eb83198d0c2a5e31b49b,4731949078aa993195cafb1c351e056c0df6e557570a271949e62702a6ba62e3,"[""0927db654db7b106584a5099415733edc65ed505a631836268158dc94d876889""]",76e0c3d578c4dba56e91d15ad643d8740037788a,0.993535949475491,0.0009278253355740362,"[0.9903916411770711,0.9952167227097748]",0.9926559259504573,0.0014058162266313012,"[0.9910573497774843,0.9934032661379127]",family-cluster sensitivity intervals over the constructed families; not a population confidence interval
13-creative-b3,COMMITTEE_PIN_FIXED_ROUTE,7849,loads_per_token,653.4375,0.2948402089475108,471.328125,730.703125,FIXED_ROUTE_COUNTERFACTUAL,TPS_PROJECTION,True,M2,RMSE values differ by less than 5%; prefer loads_per_token,fa7480ceb1c45449eec2bb4557ffaa0f62ef14a8fdfd0c55e274b9a281a9fd0c,9567f49ef2dab913c7446dc85c7849b6665d978c9921eb83198d0c2a5e31b49b,4731949078aa993195cafb1c351e056c0df6e557570a271949e62702a6ba62e3,"[""0927db654db7b106584a5099415733edc65ed505a631836268158dc94d876889""]",76e0c3d578c4dba56e91d15ad643d8740037788a,0.993535949475491,0.0009278253355740362,"[0.9903916411770711,0.9952167227097748]",0.9926559259504573,0.0014058162266313012,"[0.9910573497774843,0.9934032661379127]",family-cluster sensitivity intervals over the constructed families; not a population confidence interval
13-creative-b3,COMMITTEE_PIN_FIXED_ROUTE,9790,loads_per_token,582.84375,0.3174627747332571,471.328125,730.703125,FIXED_ROUTE_COUNTERFACTUAL,TPS_PROJECTION,True,M2,RMSE values differ by less than 5%; prefer loads_per_token,fa7480ceb1c45449eec2bb4557ffaa0f62ef14a8fdfd0c55e274b9a281a9fd0c,9567f49ef2dab913c7446dc85c7849b6665d978c9921eb83198d0c2a5e31b49b,4731949078aa993195cafb1c351e056c0df6e557570a271949e62702a6ba62e3,"[""0927db654db7b106584a5099415733edc65ed505a631836268158dc94d876889""]",76e0c3d578c4dba56e91d15ad643d8740037788a,0.993535949475491,0.0009278253355740362,"[0.9903916411770711,0.9952167227097748]",0.9926559259504573,0.0014058162266313012,"[0.9910573497774843,0.9934032661379127]",family-cluster sensitivity intervals over the constructed families; not a population confidence interval
13-creative-b3,COMMITTEE_PIN_FIXED_ROUTE,11748,loads_per_token,509.390625,0.3410016595846943,471.328125,730.703125,FIXED_ROUTE_COUNTERFACTUAL,TPS_PROJECTION,True,M2,RMSE values differ by less than 5%; prefer loads_per_token,fa7480ceb1c45449eec2bb4557ffaa0f62ef14a8fdfd0c55e274b9a281a9fd0c,9567f49ef2dab913c7446dc85c7849b6665d978c9921eb83198d0c2a5e31b49b,4731949078aa993195cafb1c351e056c0df6e557570a271949e62702a6ba62e3,"[""0927db654db7b106584a5099415733edc65ed505a631836268158dc94d876889""]",76e0c3d578c4dba56e91d15ad643d8740037788a,0.993535949475491,0.0009278253355740362,"[0.9903916411770711,0.9952167227097748]",0.9926559259504573,0.0014058162266313012,"[0.9910573497774843,0.9934032661379127]",family-cluster sensitivity intervals over the constructed families; not a population confidence interval
13-creative-b3,EXACT_LRU,7832,loads_per_token,658.8125,0.29311772939233227,471.328125,730.703125,EXACT_REPLAY,TPS_PROJECTION,True,M2,RMSE values differ by less than 5%; prefer loads_per_token,fa7480ceb1c45449eec2bb4557ffaa0f62ef14a8fdfd0c55e274b9a281a9fd0c,9567f49ef2dab913c7446dc85c7849b6665d978c9921eb83198d0c2a5e31b49b,4731949078aa993195cafb1c351e056c0df6e557570a271949e62702a6ba62e3,"[""00ae2fdfb09568af8d0fc0b1ebd4484029075c185e2fca04602dcb11637dfe1b"",""18ab89a63b63f6c96a0e0aa4807fcf152aed251b441ab77a8b593bcb35929ba0""]",76e0c3d578c4dba56e91d15ad643d8740037788a,0.993535949475491,0.0009278253355740362,"[0.9903916411770711,0.9952167227097748]",0.9926559259504573,0.0014058162266313012,"[0.9910573497774843,0.9934032661379127]",family-cluster sensitivity intervals over the constructed families; not a population confidence interval
13-creative-b3,EXACT_LRU,7849,loads_per_token,658.546875,0.29320285192848927,471.328125,730.703125,EXACT_REPLAY,TPS_PROJECTION,True,M2,RMSE values differ by less than 5%; prefer loads_per_token,fa7480ceb1c45449eec2bb4557ffaa0f62ef14a8fdfd0c55e274b9a281a9fd0c,9567f49ef2dab913c7446dc85c7849b6665d978c9921eb83198d0c2a5e31b49b,4731949078aa993195cafb1c351e056c0df6e557570a271949e62702a6ba62e3,"[""00ae2fdfb09568af8d0fc0b1ebd4484029075c185e2fca04602dcb11637dfe1b"",""18ab89a63b63f6c96a0e0aa4807fcf152aed251b441ab77a8b593bcb35929ba0""]",76e0c3d578c4dba56e91d15ad643d8740037788a,0.993535949475491,0.0009278253355740362,"[0.9903916411770711,0.9952167227097748]",0.9926559259504573,0.0014058162266313012,"[0.9910573497774843,0.9934032661379127]",family-cluster sensitivity intervals over the constructed families; not a population confidence interval
13-creative-b3,EXACT_LRU,9790,loads_per_token,590.828125,0.31490409144053544,471.328125,730.703125,EXACT_REPLAY,TPS_PROJECTION,True,M2,RMSE values differ by less than 5%; prefer loads_per_token,fa7480ceb1c45449eec2bb4557ffaa0f62ef14a8fdfd0c55e274b9a281a9fd0c,9567f49ef2dab913c7446dc85c7849b6665d978c9921eb83198d0c2a5e31b49b,4731949078aa993195cafb1c351e056c0df6e557570a271949e62702a6ba62e3,"[""00ae2fdfb09568af8d0fc0b1ebd4484029075c185e2fca04602dcb11637dfe1b"",""18ab89a63b63f6c96a0e0aa4807fcf152aed251b441ab77a8b593bcb35929ba0""]",76e0c3d578c4dba56e91d15ad643d8740037788a,0.993535949475491,0.0009278253355740362,"[0.9903916411770711,0.9952167227097748]",0.9926559259504573,0.0014058162266313012,"[0.9910573497774843,0.9934032661379127]",family-cluster sensitivity intervals over the constructed families; not a population confidence interval
13-creative-b3,EXACT_LRU,11748,loads_per_token,517.34375,0.3384529907079912,471.328125,730.703125,EXACT_REPLAY,TPS_PROJECTION,True,M2,RMSE values differ by less than 5%; prefer loads_per_token,fa7480ceb1c45449eec2bb4557ffaa0f62ef14a8fdfd0c55e274b9a281a9fd0c,9567f49ef2dab913c7446dc85c7849b6665d978c9921eb83198d0c2a5e31b49b,4731949078aa993195cafb1c351e056c0df6e557570a271949e62702a6ba62e3,"[""00ae2fdfb09568af8d0fc0b1ebd4484029075c185e2fca04602dcb11637dfe1b"",""18ab89a63b63f6c96a0e0aa4807fcf152aed251b441ab77a8b593bcb35929ba0""]",76e0c3d578c4dba56e91d15ad643d8740037788a,0.993535949475491,0.0009278253355740362,"[0.9903916411770711,0.9952167227097748]",0.9926559259504573,0.0014058162266313012,"[0.9910573497774843,0.9934032661379127]",family-cluster sensitivity intervals over the constructed families; not a population confidence interval
13-creative-b3,S2_P50_FIXED_ROUTE,5874,loads_per_token,656.796875,0.29376365922552417,471.328125,730.703125,FIXED_ROUTE_COUNTERFACTUAL,TPS_PROJECTION,True,M2,RMSE values differ by less than 5%; prefer loads_per_token,fa7480ceb1c45449eec2bb4557ffaa0f62ef14a8fdfd0c55e274b9a281a9fd0c,9567f49ef2dab913c7446dc85c7849b6665d978c9921eb83198d0c2a5e31b49b,4731949078aa993195cafb1c351e056c0df6e557570a271949e62702a6ba62e3,"[""b87d9461ff503e2d13675b08d0362d5675ab8b6a2481e2d19ee46027d0b0ea9d""]",76e0c3d578c4dba56e91d15ad643d8740037788a,0.993535949475491,0.0009278253355740362,"[0.9903916411770711,0.9952167227097748]",0.9926559259504573,0.0014058162266313012,"[0.9910573497774843,0.9934032661379127]",family-cluster sensitivity intervals over the constructed families; not a population confidence interval
13-creative-b3,S2_P50_FIXED_ROUTE,7832,loads_per_token,562.0,0.32414239021758323,471.328125,730.703125,FIXED_ROUTE_COUNTERFACTUAL,TPS_PROJECTION,True,M2,RMSE values differ by less than 5%; prefer loads_per_token,fa7480ceb1c45449eec2bb4557ffaa0f62ef14a8fdfd0c55e274b9a281a9fd0c,9567f49ef2dab913c7446dc85c7849b6665d978c9921eb83198d0c2a5e31b49b,4731949078aa993195cafb1c351e056c0df6e557570a271949e62702a6ba62e3,"[""b87d9461ff503e2d13675b08d0362d5675ab8b6a2481e2d19ee46027d0b0ea9d""]",76e0c3d578c4dba56e91d15ad643d8740037788a,0.993535949475491,0.0009278253355740362,"[0.9903916411770711,0.9952167227097748]",0.9926559259504573,0.0014058162266313012,"[0.9910573497774843,0.9934032661379127]",family-cluster sensitivity intervals over the constructed families; not a population confidence interval
13-creative-b3,S2_P50_FIXED_ROUTE,7849,loads_per_token,561.515625,0.3242976136658697,471.328125,730.703125,FIXED_ROUTE_COUNTERFACTUAL,TPS_PROJECTION,True,M2,RMSE values differ by less than 5%; prefer loads_per_token,fa7480ceb1c45449eec2bb4557ffaa0f62ef14a8fdfd0c55e274b9a281a9fd0c,9567f49ef2dab913c7446dc85c7849b6665d978c9921eb83198d0c2a5e31b49b,4731949078aa993195cafb1c351e056c0df6e557570a271949e62702a6ba62e3,"[""b87d9461ff503e2d13675b08d0362d5675ab8b6a2481e2d19ee46027d0b0ea9d""]",76e0c3d578c4dba56e91d15ad643d8740037788a,0.993535949475491,0.0009278253355740362,"[0.9903916411770711,0.9952167227097748]",0.9926559259504573,0.0014058162266313012,"[0.9910573497774843,0.9934032661379127]",family-cluster sensitivity intervals over the constructed families; not a population confidence interval
13-creative-b3,S2_P50_FIXED_ROUTE,9790,loads_per_token,479.109375,0.3507056287066014,471.328125,730.703125,FIXED_ROUTE_COUNTERFACTUAL,TPS_PROJECTION,True,M2,RMSE values differ by less than 5%; prefer loads_per_token,fa7480ceb1c45449eec2bb4557ffaa0f62ef14a8fdfd0c55e274b9a281a9fd0c,9567f49ef2dab913c7446dc85c7849b6665d978c9921eb83198d0c2a5e31b49b,4731949078aa993195cafb1c351e056c0df6e557570a271949e62702a6ba62e3,"[""b87d9461ff503e2d13675b08d0362d5675ab8b6a2481e2d19ee46027d0b0ea9d""]",76e0c3d578c4dba56e91d15ad643d8740037788a,0.993535949475491,0.0009278253355740362,"[0.9903916411770711,0.9952167227097748]",0.9926559259504573,0.0014058162266313012,"[0.9910573497774843,0.9934032661379127]",family-cluster sensitivity intervals over the constructed families; not a population confidence interval
13-creative-b8,EXACT_LRU,5874,loads_per_token,685.296875,0.28463051181667043,471.328125,730.703125,EXACT_REPLAY,TPS_PROJECTION,True,M2,RMSE values differ by less than 5%; prefer loads_per_token,fa7480ceb1c45449eec2bb4557ffaa0f62ef14a8fdfd0c55e274b9a281a9fd0c,9567f49ef2dab913c7446dc85c7849b6665d978c9921eb83198d0c2a5e31b49b,4731949078aa993195cafb1c351e056c0df6e557570a271949e62702a6ba62e3,"[""0ea0489cd436aecf0d1261df1ae834e66149537c91ee4415050ad4bab439446b"",""18ab89a63b63f6c96a0e0aa4807fcf152aed251b441ab77a8b593bcb35929ba0""]",76e0c3d578c4dba56e91d15ad643d8740037788a,0.993535949475491,0.0009278253355740362,"[0.9903916411770711,0.9952167227097748]",0.9926559259504573,0.0014058162266313012,"[0.9910573497774843,0.9934032661379127]",family-cluster sensitivity intervals over the constructed families; not a population confidence interval
13-creative-b8,EXACT_LRU,7832,loads_per_token,620.46875,0.30540541784700714,471.328125,730.703125,EXACT_REPLAY,TPS_PROJECTION,True,M2,RMSE values differ by less than 5%; prefer loads_per_token,fa7480ceb1c45449eec2bb4557ffaa0f62ef14a8fdfd0c55e274b9a281a9fd0c,9567f49ef2dab913c7446dc85c7849b6665d978c9921eb83198d0c2a5e31b49b,4731949078aa993195cafb1c351e056c0df6e557570a271949e62702a6ba62e3,"[""0ea0489cd436aecf0d1261df1ae834e66149537c91ee4415050ad4bab439446b"",""18ab89a63b63f6c96a0e0aa4807fcf152aed251b441ab77a8b593bcb35929ba0""]",76e0c3d578c4dba56e91d15ad643d8740037788a,0.993535949475491,0.0009278253355740362,"[0.9903916411770711,0.9952167227097748]",0.9926559259504573,0.0014058162266313012,"[0.9910573497774843,0.9934032661379127]",family-cluster sensitivity intervals over the constructed families; not a population confidence interval
13-creative-b8,EXACT_LRU,7849,loads_per_token,620.3125,0.3054554899270996,471.328125,730.703125,EXACT_REPLAY,TPS_PROJECTION,True,M2,RMSE values differ by less than 5%; prefer loads_per_token,fa7480ceb1c45449eec2bb4557ffaa0f62ef14a8fdfd0c55e274b9a281a9fd0c,9567f49ef2dab913c7446dc85c7849b6665d978c9921eb83198d0c2a5e31b49b,4731949078aa993195cafb1c351e056c0df6e557570a271949e62702a6ba62e3,"[""0ea0489cd436aecf0d1261df1ae834e66149537c91ee4415050ad4bab439446b"",""18ab89a63b63f6c96a0e0aa4807fcf152aed251b441ab77a8b593bcb35929ba0""]",76e0c3d578c4dba56e91d15ad643d8740037788a,0.993535949475491,0.0009278253355740362,"[0.9903916411770711,0.9952167227097748]",0.9926559259504573,0.0014058162266313012,"[0.9910573497774843,0.9934032661379127]",family-cluster sensitivity intervals over the constructed families; not a population confidence interval
13-creative-b8,EXACT_LRU,9790,loads_per_token,580.09375,0.31834404334288335,471.328125,730.703125,EXACT_REPLAY,TPS_PROJECTION,True,M2,RMSE values differ by less than 5%; prefer loads_per_token,fa7480ceb1c45449eec2bb4557ffaa0f62ef14a8fdfd0c55e274b9a281a9fd0c,9567f49ef2dab913c7446dc85c7849b6665d978c9921eb83198d0c2a5e31b49b,4731949078aa993195cafb1c351e056c0df6e557570a271949e62702a6ba62e3,"[""0ea0489cd436aecf0d1261df1ae834e66149537c91ee4415050ad4bab439446b"",""18ab89a63b63f6c96a0e0aa4807fcf152aed251b441ab77a8b593bcb35929ba0""]",76e0c3d578c4dba56e91d15ad643d8740037788a,0.993535949475491,0.0009278253355740362,"[0.9903916411770711,0.9952167227097748]",0.9926559259504573,0.0014058162266313012,"[0.9910573497774843,0.9934032661379127]",family-cluster sensitivity intervals over the constructed families; not a population confidence interval
13-creative-b8,EXACT_LRU,11748,loads_per_token,542.203125,0.33048652276529034,471.328125,730.703125,EXACT_REPLAY,TPS_PROJECTION,True,M2,RMSE values differ by less than 5%; prefer loads_per_token,fa7480ceb1c45449eec2bb4557ffaa0f62ef14a8fdfd0c55e274b9a281a9fd0c,9567f49ef2dab913c7446dc85c7849b6665d978c9921eb83198d0c2a5e31b49b,4731949078aa993195cafb1c351e056c0df6e557570a271949e62702a6ba62e3,"[""0ea0489cd436aecf0d1261df1ae834e66149537c91ee4415050ad4bab439446b"",""18ab89a63b63f6c96a0e0aa4807fcf152aed251b441ab77a8b593bcb35929ba0""]",76e0c3d578c4dba56e91d15ad643d8740037788a,0.993535949475491,0.0009278253355740362,"[0.9903916411770711,0.9952167227097748]",0.9926559259504573,0.0014058162266313012,"[0.9910573497774843,0.9934032661379127]",family-cluster sensitivity intervals over the constructed families; not a population confidence interval
13-creative-b8,S2_P50_FIXED_ROUTE,3916,loads_per_token,702.625,0.2790775181344233,471.328125,730.703125,FIXED_ROUTE_COUNTERFACTUAL,TPS_PROJECTION,True,M2,RMSE values differ by less than 5%; prefer loads_per_token,fa7480ceb1c45449eec2bb4557ffaa0f62ef14a8fdfd0c55e274b9a281a9fd0c,9567f49ef2dab913c7446dc85c7849b6665d978c9921eb83198d0c2a5e31b49b,4731949078aa993195cafb1c351e056c0df6e557570a271949e62702a6ba62e3,"[""b87d9461ff503e2d13675b08d0362d5675ab8b6a2481e2d19ee46027d0b0ea9d""]",76e0c3d578c4dba56e91d15ad643d8740037788a,0.993535949475491,0.0009278253355740362,"[0.9903916411770711,0.9952167227097748]",0.9926559259504573,0.0014058162266313012,"[0.9910573497774843,0.9934032661379127]",family-cluster sensitivity intervals over the constructed families; not a population confidence interval
13-creative-b8,S2_P50_FIXED_ROUTE,5874,loads_per_token,602.15625,0.3112738656338364,471.328125,730.703125,FIXED_ROUTE_COUNTERFACTUAL,TPS_PROJECTION,True,M2,RMSE values differ by less than 5%; prefer loads_per_token,fa7480ceb1c45449eec2bb4557ffaa0f62ef14a8fdfd0c55e274b9a281a9fd0c,9567f49ef2dab913c7446dc85c7849b6665d978c9921eb83198d0c2a5e31b49b,4731949078aa993195cafb1c351e056c0df6e557570a271949e62702a6ba62e3,"[""b87d9461ff503e2d13675b08d0362d5675ab8b6a2481e2d19ee46027d0b0ea9d""]",76e0c3d578c4dba56e91d15ad643d8740037788a,0.993535949475491,0.0009278253355740362,"[0.9903916411770711,0.9952167227097748]",0.9926559259504573,0.0014058162266313012,"[0.9910573497774843,0.9934032661379127]",family-cluster sensitivity intervals over the constructed families; not a population confidence interval
13-creative-b8,S2_P50_FIXED_ROUTE,7832,loads_per_token,538.4375,0.3316932598955171,471.328125,730.703125,FIXED_ROUTE_COUNTERFACTUAL,TPS_PROJECTION,True,M2,RMSE values differ by less than 5%; prefer loads_per_token,fa7480ceb1c45449eec2bb4557ffaa0f62ef14a8fdfd0c55e274b9a281a9fd0c,9567f49ef2dab913c7446dc85c7849b6665d978c9921eb83198d0c2a5e31b49b,4731949078aa993195cafb1c351e056c0df6e557570a271949e62702a6ba62e3,"[""b87d9461ff503e2d13675b08d0362d5675ab8b6a2481e2d19ee46027d0b0ea9d""]",76e0c3d578c4dba56e91d15ad643d8740037788a,0.993535949475491,0.0009278253355740362,"[0.9903916411770711,0.9952167227097748]",0.9926559259504573,0.0014058162266313012,"[0.9910573497774843,0.9934032661379127]",family-cluster sensitivity intervals over the constructed families; not a population confidence interval
13-creative-b8,S2_P50_FIXED_ROUTE,7849,loads_per_token,538.046875,0.3318184400957481,471.328125,730.703125,FIXED_ROUTE_COUNTERFACTUAL,TPS_PROJECTION,True,M2,RMSE values differ by less than 5%; prefer loads_per_token,fa7480ceb1c45449eec2bb4557ffaa0f62ef14a8fdfd0c55e274b9a281a9fd0c,9567f49ef2dab913c7446dc85c7849b6665d978c9921eb83198d0c2a5e31b49b,4731949078aa993195cafb1c351e056c0df6e557570a271949e62702a6ba62e3,"[""b87d9461ff503e2d13675b08d0362d5675ab8b6a2481e2d19ee46027d0b0ea9d""]",76e0c3d578c4dba56e91d15ad643d8740037788a,0.993535949475491,0.0009278253355740362,"[0.9903916411770711,0.9952167227097748]",0.9926559259504573,0.0014058162266313012,"[0.9910573497774843,0.9934032661379127]",family-cluster sensitivity intervals over the constructed families; not a population confidence interval
13-creative-b8,S2_P50_FIXED_ROUTE,9790,loads_per_token,497.359375,0.3448572097518091,471.328125,730.703125,FIXED_ROUTE_COUNTERFACTUAL,TPS_PROJECTION,True,M2,RMSE values differ by less than 5%; prefer loads_per_token,fa7480ceb1c45449eec2bb4557ffaa0f62ef14a8fdfd0c55e274b9a281a9fd0c,9567f49ef2dab913c7446dc85c7849b6665d978c9921eb83198d0c2a5e31b49b,4731949078aa993195cafb1c351e056c0df6e557570a271949e62702a6ba62e3,"[""b87d9461ff503e2d13675b08d0362d5675ab8b6a2481e2d19ee46027d0b0ea9d""]",76e0c3d578c4dba56e91d15ad643d8740037788a,0.993535949475491,0.0009278253355740362,"[0.9903916411770711,0.9952167227097748]",0.9926559259504573,0.0014058162266313012,"[0.9910573497774843,0.9934032661379127]",family-cluster sensitivity intervals over the constructed families; not a population confidence interval
14-qa-b1,EXACT_LRU,7832,loads_per_token,694.6875,0.2816211798031172,471.328125,730.703125,EXACT_REPLAY,TPS_PROJECTION,True,M2,RMSE values differ by less than 5%; prefer loads_per_token,fa7480ceb1c45449eec2bb4557ffaa0f62ef14a8fdfd0c55e274b9a281a9fd0c,9567f49ef2dab913c7446dc85c7849b6665d978c9921eb83198d0c2a5e31b49b,4731949078aa993195cafb1c351e056c0df6e557570a271949e62702a6ba62e3,"[""18ab89a63b63f6c96a0e0aa4807fcf152aed251b441ab77a8b593bcb35929ba0"",""8c28bf5a8c15335ed872e7a1a6882b16c6d4886d474c50699be85dcb05ebfb3c""]",76e0c3d578c4dba56e91d15ad643d8740037788a,0.993535949475491,0.0009278253355740362,"[0.9903916411770711,0.9952167227097748]",0.9926559259504573,0.0014058162266313012,"[0.9910573497774843,0.9934032661379127]",family-cluster sensitivity intervals over the constructed families; not a population confidence interval
14-qa-b1,EXACT_LRU,7849,loads_per_token,692.53125,0.2823121745083923,471.328125,730.703125,EXACT_REPLAY,TPS_PROJECTION,True,M2,RMSE values differ by less than 5%; prefer loads_per_token,fa7480ceb1c45449eec2bb4557ffaa0f62ef14a8fdfd0c55e274b9a281a9fd0c,9567f49ef2dab913c7446dc85c7849b6665d978c9921eb83198d0c2a5e31b49b,4731949078aa993195cafb1c351e056c0df6e557570a271949e62702a6ba62e3,"[""18ab89a63b63f6c96a0e0aa4807fcf152aed251b441ab77a8b593bcb35929ba0"",""8c28bf5a8c15335ed872e7a1a6882b16c6d4886d474c50699be85dcb05ebfb3c""]",76e0c3d578c4dba56e91d15ad643d8740037788a,0.993535949475491,0.0009278253355740362,"[0.9903916411770711,0.9952167227097748]",0.9926559259504573,0.0014058162266313012,"[0.9910573497774843,0.9934032661379127]",family-cluster sensitivity intervals over the constructed families; not a population confidence interval
14-qa-b1,EXACT_LRU,9790,loads_per_token,631.65625,0.30182025691239134,471.328125,730.703125,EXACT_REPLAY,TPS_PROJECTION,True,M2,RMSE values differ by less than 5%; prefer loads_per_token,fa7480ceb1c45449eec2bb4557ffaa0f62ef14a8fdfd0c55e274b9a281a9fd0c,9567f49ef2dab913c7446dc85c7849b6665d978c9921eb83198d0c2a5e31b49b,4731949078aa993195cafb1c351e056c0df6e557570a271949e62702a6ba62e3,"[""18ab89a63b63f6c96a0e0aa4807fcf152aed251b441ab77a8b593bcb35929ba0"",""8c28bf5a8c15335ed872e7a1a6882b16c6d4886d474c50699be85dcb05ebfb3c""]",76e0c3d578c4dba56e91d15ad643d8740037788a,0.993535949475491,0.0009278253355740362,"[0.9903916411770711,0.9952167227097748]",0.9926559259504573,0.0014058162266313012,"[0.9910573497774843,0.9934032661379127]",family-cluster sensitivity intervals over the constructed families; not a population confidence interval
14-qa-b1,EXACT_LRU,11748,loads_per_token,572.03125,0.32092776267565115,471.328125,730.703125,EXACT_REPLAY,TPS_PROJECTION,True,M2,RMSE values differ by less than 5%; prefer loads_per_token,fa7480ceb1c45449eec2bb4557ffaa0f62ef14a8fdfd0c55e274b9a281a9fd0c,9567f49ef2dab913c7446dc85c7849b6665d978c9921eb83198d0c2a5e31b49b,4731949078aa993195cafb1c351e056c0df6e557570a271949e62702a6ba62e3,"[""18ab89a63b63f6c96a0e0aa4807fcf152aed251b441ab77a8b593bcb35929ba0"",""8c28bf5a8c15335ed872e7a1a6882b16c6d4886d474c50699be85dcb05ebfb3c""]",76e0c3d578c4dba56e91d15ad643d8740037788a,0.993535949475491,0.0009278253355740362,"[0.9903916411770711,0.9952167227097748]",0.9926559259504573,0.0014058162266313012,"[0.9910573497774843,0.9934032661379127]",family-cluster sensitivity intervals over the constructed families; not a population confidence interval
14-qa-b1,EXACT_LRU,15665,loads_per_token,481.953125,0.3497943168489197,471.328125,730.703125,EXACT_REPLAY,TPS_PROJECTION,True,M2,RMSE values differ by less than 5%; prefer loads_per_token,fa7480ceb1c45449eec2bb4557ffaa0f62ef14a8fdfd0c55e274b9a281a9fd0c,9567f49ef2dab913c7446dc85c7849b6665d978c9921eb83198d0c2a5e31b49b,4731949078aa993195cafb1c351e056c0df6e557570a271949e62702a6ba62e3,"[""18ab89a63b63f6c96a0e0aa4807fcf152aed251b441ab77a8b593bcb35929ba0"",""8c28bf5a8c15335ed872e7a1a6882b16c6d4886d474c50699be85dcb05ebfb3c""]",76e0c3d578c4dba56e91d15ad643d8740037788a,0.993535949475491,0.0009278253355740362,"[0.9903916411770711,0.9952167227097748]",0.9926559259504573,0.0014058162266313012,"[0.9910573497774843,0.9934032661379127]",family-cluster sensitivity intervals over the constructed families; not a population confidence interval
14-qa-b1,S2_P50_FIXED_ROUTE,5874,loads_per_token,697.546875,0.2807048607374263,471.328125,730.703125,FIXED_ROUTE_COUNTERFACTUAL,TPS_PROJECTION,True,M2,RMSE values differ by less than 5%; prefer loads_per_token,fa7480ceb1c45449eec2bb4557ffaa0f62ef14a8fdfd0c55e274b9a281a9fd0c,9567f49ef2dab913c7446dc85c7849b6665d978c9921eb83198d0c2a5e31b49b,4731949078aa993195cafb1c351e056c0df6e557570a271949e62702a6ba62e3,"[""b87d9461ff503e2d13675b08d0362d5675ab8b6a2481e2d19ee46027d0b0ea9d""]",76e0c3d578c4dba56e91d15ad643d8740037788a,0.993535949475491,0.0009278253355740362,"[0.9903916411770711,0.9952167227097748]",0.9926559259504573,0.0014058162266313012,"[0.9910573497774843,0.9934032661379127]",family-cluster sensitivity intervals over the constructed families; not a population confidence interval
14-qa-b1,S2_P50_FIXED_ROUTE,7832,loads_per_token,593.0,0.3142080895272511,471.328125,730.703125,FIXED_ROUTE_COUNTERFACTUAL,TPS_PROJECTION,True,M2,RMSE values differ by less than 5%; prefer loads_per_token,fa7480ceb1c45449eec2bb4557ffaa0f62ef14a8fdfd0c55e274b9a281a9fd0c,9567f49ef2dab913c7446dc85c7849b6665d978c9921eb83198d0c2a5e31b49b,4731949078aa993195cafb1c351e056c0df6e557570a271949e62702a6ba62e3,"[""b87d9461ff503e2d13675b08d0362d5675ab8b6a2481e2d19ee46027d0b0ea9d""]",76e0c3d578c4dba56e91d15ad643d8740037788a,0.993535949475491,0.0009278253355740362,"[0.9903916411770711,0.9952167227097748]",0.9926559259504573,0.0014058162266313012,"[0.9910573497774843,0.9934032661379127]",family-cluster sensitivity intervals over the constructed families; not a population confidence interval
14-qa-b1,S2_P50_FIXED_ROUTE,7849,loads_per_token,592.078125,0.3145035147997962,471.328125,730.703125,FIXED_ROUTE_COUNTERFACTUAL,TPS_PROJECTION,True,M2,RMSE values differ by less than 5%; prefer loads_per_token,fa7480ceb1c45449eec2bb4557ffaa0f62ef14a8fdfd0c55e274b9a281a9fd0c,9567f49ef2dab913c7446dc85c7849b6665d978c9921eb83198d0c2a5e31b49b,4731949078aa993195cafb1c351e056c0df6e557570a271949e62702a6ba62e3,"[""b87d9461ff503e2d13675b08d0362d5675ab8b6a2481e2d19ee46027d0b0ea9d""]",76e0c3d578c4dba56e91d15ad643d8740037788a,0.993535949475491,0.0009278253355740362,"[0.9903916411770711,0.9952167227097748]",0.9926559259504573,0.0014058162266313012,"[0.9910573497774843,0.9934032661379127]",family-cluster sensitivity intervals over the constructed families; not a population confidence interval
14-qa-b1,S2_P50_FIXED_ROUTE,9790,loads_per_token,527.59375,0.3351682622539297,471.328125,730.703125,FIXED_ROUTE_COUNTERFACTUAL,TPS_PROJECTION,True,M2,RMSE values differ by less than 5%; prefer loads_per_token,fa7480ceb1c45449eec2bb4557ffaa0f62ef14a8fdfd0c55e274b9a281a9fd0c,9567f49ef2dab913c7446dc85c7849b6665d978c9921eb83198d0c2a5e31b49b,4731949078aa993195cafb1c351e056c0df6e557570a271949e62702a6ba62e3,"[""b87d9461ff503e2d13675b08d0362d5675ab8b6a2481e2d19ee46027d0b0ea9d""]",76e0c3d578c4dba56e91d15ad643d8740037788a,0.993535949475491,0.0009278253355740362,"[0.9903916411770711,0.9952167227097748]",0.9926559259504573,0.0014058162266313012,"[0.9910573497774843,0.9934032661379127]",family-cluster sensitivity intervals over the constructed families; not a population confidence interval
14-qa-b2,COMMITTEE_PIN_FIXED_ROUTE,9790,loads_per_token,629.5625,0.3024912227856295,471.328125,730.703125,FIXED_ROUTE_COUNTERFACTUAL,TPS_PROJECTION,True,M2,RMSE values differ by less than 5%; prefer loads_per_token,fa7480ceb1c45449eec2bb4557ffaa0f62ef14a8fdfd0c55e274b9a281a9fd0c,9567f49ef2dab913c7446dc85c7849b6665d978c9921eb83198d0c2a5e31b49b,4731949078aa993195cafb1c351e056c0df6e557570a271949e62702a6ba62e3,"[""0927db654db7b106584a5099415733edc65ed505a631836268158dc94d876889""]",76e0c3d578c4dba56e91d15ad643d8740037788a,0.993535949475491,0.0009278253355740362,"[0.9903916411770711,0.9952167227097748]",0.9926559259504573,0.0014058162266313012,"[0.9910573497774843,0.9934032661379127]",family-cluster sensitivity intervals over the constructed families; not a population confidence interval
14-qa-b2,COMMITTEE_PIN_FIXED_ROUTE,11748,loads_per_token,552.328125,0.32724185197530276,471.328125,730.703125,FIXED_ROUTE_COUNTERFACTUAL,TPS_PROJECTION,True,M2,RMSE values differ by less than 5%; prefer loads_per_token,fa7480ceb1c45449eec2bb4557ffaa0f62ef14a8fdfd0c55e274b9a281a9fd0c,9567f49ef2dab913c7446dc85c7849b6665d978c9921eb83198d0c2a5e31b49b,4731949078aa993195cafb1c351e056c0df6e557570a271949e62702a6ba62e3,"[""0927db654db7b106584a5099415733edc65ed505a631836268158dc94d876889""]",76e0c3d578c4dba56e91d15ad643d8740037788a,0.993535949475491,0.0009278253355740362,"[0.9903916411770711,0.9952167227097748]",0.9926559259504573,0.0014058162266313012,"[0.9910573497774843,0.9934032661379127]",family-cluster sensitivity intervals over the constructed families; not a population confidence interval
14-qa-b2,COMMITTEE_PIN_FIXED_ROUTE,9790,loads_per_token,629.5625,0.3024912227856295,471.328125,730.703125,FIXED_ROUTE_COUNTERFACTUAL,TPS_PROJECTION,True,M2,RMSE values differ by less than 5%; prefer loads_per_token,fa7480ceb1c45449eec2bb4557ffaa0f62ef14a8fdfd0c55e274b9a281a9fd0c,9567f49ef2dab913c7446dc85c7849b6665d978c9921eb83198d0c2a5e31b49b,4731949078aa993195cafb1c351e056c0df6e557570a271949e62702a6ba62e3,"[""0927db654db7b106584a5099415733edc65ed505a631836268158dc94d876889""]",76e0c3d578c4dba56e91d15ad643d8740037788a,0.993535949475491,0.0009278253355740362,"[0.9903916411770711,0.9952167227097748]",0.9926559259504573,0.0014058162266313012,"[0.9910573497774843,0.9934032661379127]",family-cluster sensitivity intervals over the constructed families; not a population confidence interval
14-qa-b2,COMMITTEE_PIN_FIXED_ROUTE,11748,loads_per_token,552.328125,0.32724185197530276,471.328125,730.703125,FIXED_ROUTE_COUNTERFACTUAL,TPS_PROJECTION,True,M2,RMSE values differ by less than 5%; prefer loads_per_token,fa7480ceb1c45449eec2bb4557ffaa0f62ef14a8fdfd0c55e274b9a281a9fd0c,9567f49ef2dab913c7446dc85c7849b6665d978c9921eb83198d0c2a5e31b49b,4731949078aa993195cafb1c351e056c0df6e557570a271949e62702a6ba62e3,"[""0927db654db7b106584a5099415733edc65ed505a631836268158dc94d876889""]",76e0c3d578c4dba56e91d15ad643d8740037788a,0.993535949475491,0.0009278253355740362,"[0.9903916411770711,0.9952167227097748]",0.9926559259504573,0.0014058162266313012,"[0.9910573497774843,0.9934032661379127]",family-cluster sensitivity intervals over the constructed families; not a population confidence interval
14-qa-b2,COMMITTEE_PIN_FIXED_ROUTE,7832,loads_per_token,684.578125,0.2848608433850955,471.328125,730.703125,FIXED_ROUTE_COUNTERFACTUAL,TPS_PROJECTION,True,M2,RMSE values differ by less than 5%; prefer loads_per_token,fa7480ceb1c45449eec2bb4557ffaa0f62ef14a8fdfd0c55e274b9a281a9fd0c,9567f49ef2dab913c7446dc85c7849b6665d978c9921eb83198d0c2a5e31b49b,4731949078aa993195cafb1c351e056c0df6e557570a271949e62702a6ba62e3,"[""0927db654db7b106584a5099415733edc65ed505a631836268158dc94d876889""]",76e0c3d578c4dba56e91d15ad643d8740037788a,0.993535949475491,0.0009278253355740362,"[0.9903916411770711,0.9952167227097748]",0.9926559259504573,0.0014058162266313012,"[0.9910573497774843,0.9934032661379127]",family-cluster sensitivity intervals over the constructed families; not a population confidence interval
14-qa-b2,COMMITTEE_PIN_FIXED_ROUTE,7849,loads_per_token,684.03125,0.2850360956654189,471.328125,730.703125,FIXED_ROUTE_COUNTERFACTUAL,TPS_PROJECTION,True,M2,RMSE values differ by less than 5%; prefer loads_per_token,fa7480ceb1c45449eec2bb4557ffaa0f62ef14a8fdfd0c55e274b9a281a9fd0c,9567f49ef2dab913c7446dc85c7849b6665d978c9921eb83198d0c2a5e31b49b,4731949078aa993195cafb1c351e056c0df6e557570a271949e62702a6ba62e3,"[""0927db654db7b106584a5099415733edc65ed505a631836268158dc94d876889""]",76e0c3d578c4dba56e91d15ad643d8740037788a,0.993535949475491,0.0009278253355740362,"[0.9903916411770711,0.9952167227097748]",0.9926559259504573,0.0014058162266313012,"[0.9910573497774843,0.9934032661379127]",family-cluster sensitivity intervals over the constructed families; not a population confidence interval
14-qa-b2,COMMITTEE_PIN_FIXED_ROUTE,9790,loads_per_token,614.984375,0.3071629478582504,471.328125,730.703125,FIXED_ROUTE_COUNTERFACTUAL,TPS_PROJECTION,True,M2,RMSE values differ by less than 5%; prefer loads_per_token,fa7480ceb1c45449eec2bb4557ffaa0f62ef14a8fdfd0c55e274b9a281a9fd0c,9567f49ef2dab913c7446dc85c7849b6665d978c9921eb83198d0c2a5e31b49b,4731949078aa993195cafb1c351e056c0df6e557570a271949e62702a6ba62e3,"[""0927db654db7b106584a5099415733edc65ed505a631836268158dc94d876889""]",76e0c3d578c4dba56e91d15ad643d8740037788a,0.993535949475491,0.0009278253355740362,"[0.9903916411770711,0.9952167227097748]",0.9926559259504573,0.0014058162266313012,"[0.9910573497774843,0.9934032661379127]",family-cluster sensitivity intervals over the constructed families; not a population confidence interval
14-qa-b2,COMMITTEE_PIN_FIXED_ROUTE,11748,loads_per_token,542.15625,0.330501544389318,471.328125,730.703125,FIXED_ROUTE_COUNTERFACTUAL,TPS_PROJECTION,True,M2,RMSE values differ by less than 5%; prefer loads_per_token,fa7480ceb1c45449eec2bb4557ffaa0f62ef14a8fdfd0c55e274b9a281a9fd0c,9567f49ef2dab913c7446dc85c7849b6665d978c9921eb83198d0c2a5e31b49b,4731949078aa993195cafb1c351e056c0df6e557570a271949e62702a6ba62e3,"[""0927db654db7b106584a5099415733edc65ed505a631836268158dc94d876889""]",76e0c3d578c4dba56e91d15ad643d8740037788a,0.993535949475491,0.0009278253355740362,"[0.9903916411770711,0.9952167227097748]",0.9926559259504573,0.0014058162266313012,"[0.9910573497774843,0.9934032661379127]",family-cluster sensitivity intervals over the constructed families; not a population confidence interval
14-qa-b2,COMMITTEE_PIN_FIXED_ROUTE,7832,loads_per_token,697.59375,0.28068983911339856,471.328125,730.703125,FIXED_ROUTE_COUNTERFACTUAL,TPS_PROJECTION,True,M2,RMSE values differ by less than 5%; prefer loads_per_token,fa7480ceb1c45449eec2bb4557ffaa0f62ef14a8fdfd0c55e274b9a281a9fd0c,9567f49ef2dab913c7446dc85c7849b6665d978c9921eb83198d0c2a5e31b49b,4731949078aa993195cafb1c351e056c0df6e557570a271949e62702a6ba62e3,"[""0927db654db7b106584a5099415733edc65ed505a631836268158dc94d876889""]",76e0c3d578c4dba56e91d15ad643d8740037788a,0.993535949475491,0.0009278253355740362,"[0.9903916411770711,0.9952167227097748]",0.9926559259504573,0.0014058162266313012,"[0.9910573497774843,0.9934032661379127]",family-cluster sensitivity intervals over the constructed families; not a population confidence interval
14-qa-b2,COMMITTEE_PIN_FIXED_ROUTE,7849,loads_per_token,697.34375,0.2807699544415464,471.328125,730.703125,FIXED_ROUTE_COUNTERFACTUAL,TPS_PROJECTION,True,M2,RMSE values differ by less than 5%; prefer loads_per_token,fa7480ceb1c45449eec2bb4557ffaa0f62ef14a8fdfd0c55e274b9a281a9fd0c,9567f49ef2dab913c7446dc85c7849b6665d978c9921eb83198d0c2a5e31b49b,4731949078aa993195cafb1c351e056c0df6e557570a271949e62702a6ba62e3,"[""0927db654db7b106584a5099415733edc65ed505a631836268158dc94d876889""]",76e0c3d578c4dba56e91d15ad643d8740037788a,0.993535949475491,0.0009278253355740362,"[0.9903916411770711,0.9952167227097748]",0.9926559259504573,0.0014058162266313012,"[0.9910573497774843,0.9934032661379127]",family-cluster sensitivity intervals over the constructed families; not a population confidence interval
14-qa-b2,COMMITTEE_PIN_FIXED_ROUTE,9790,loads_per_token,599.03125,0.3122753072356844,471.328125,730.703125,FIXED_ROUTE_COUNTERFACTUAL,TPS_PROJECTION,True,M2,RMSE values differ by less than 5%; prefer loads_per_token,fa7480ceb1c45449eec2bb4557ffaa0f62ef14a8fdfd0c55e274b9a281a9fd0c,9567f49ef2dab913c7446dc85c7849b6665d978c9921eb83198d0c2a5e31b49b,4731949078aa993195cafb1c351e056c0df6e557570a271949e62702a6ba62e3,"[""0927db654db7b106584a5099415733edc65ed505a631836268158dc94d876889""]",76e0c3d578c4dba56e91d15ad643d8740037788a,0.993535949475491,0.0009278253355740362,"[0.9903916411770711,0.9952167227097748]",0.9926559259504573,0.0014058162266313012,"[0.9910573497774843,0.9934032661379127]",family-cluster sensitivity intervals over the constructed families; not a population confidence interval
14-qa-b2,COMMITTEE_PIN_FIXED_ROUTE,11748,loads_per_token,557.5,0.32558446612424435,471.328125,730.703125,FIXED_ROUTE_COUNTERFACTUAL,TPS_PROJECTION,True,M2,RMSE values differ by less than 5%; prefer loads_per_token,fa7480ceb1c45449eec2bb4557ffaa0f62ef14a8fdfd0c55e274b9a281a9fd0c,9567f49ef2dab913c7446dc85c7849b6665d978c9921eb83198d0c2a5e31b49b,4731949078aa993195cafb1c351e056c0df6e557570a271949e62702a6ba62e3,"[""0927db654db7b106584a5099415733edc65ed505a631836268158dc94d876889""]",76e0c3d578c4dba56e91d15ad643d8740037788a,0.993535949475491,0.0009278253355740362,"[0.9903916411770711,0.9952167227097748]",0.9926559259504573,0.0014058162266313012,"[0.9910573497774843,0.9934032661379127]",family-cluster sensitivity intervals over the constructed families; not a population confidence interval
14-qa-b2,EXACT_LRU,7832,loads_per_token,694.40625,0.2817113095472835,471.328125,730.703125,EXACT_REPLAY,TPS_PROJECTION,True,M2,RMSE values differ by less than 5%; prefer loads_per_token,fa7480ceb1c45449eec2bb4557ffaa0f62ef14a8fdfd0c55e274b9a281a9fd0c,9567f49ef2dab913c7446dc85c7849b6665d978c9921eb83198d0c2a5e31b49b,4731949078aa993195cafb1c351e056c0df6e557570a271949e62702a6ba62e3,"[""18ab89a63b63f6c96a0e0aa4807fcf152aed251b441ab77a8b593bcb35929ba0"",""c66e4e6a6bf734331b1490f9ea2cacf0eb309883c904dd0edc0de4a1f9bedef7""]",76e0c3d578c4dba56e91d15ad643d8740037788a,0.993535949475491,0.0009278253355740362,"[0.9903916411770711,0.9952167227097748]",0.9926559259504573,0.0014058162266313012,"[0.9910573497774843,0.9934032661379127]",family-cluster sensitivity intervals over the constructed families; not a population confidence interval
14-qa-b2,EXACT_LRU,7849,loads_per_token,692.640625,0.28227712405232763,471.328125,730.703125,EXACT_REPLAY,TPS_PROJECTION,True,M2,RMSE values differ by less than 5%; prefer loads_per_token,fa7480ceb1c45449eec2bb4557ffaa0f62ef14a8fdfd0c55e274b9a281a9fd0c,9567f49ef2dab913c7446dc85c7849b6665d978c9921eb83198d0c2a5e31b49b,4731949078aa993195cafb1c351e056c0df6e557570a271949e62702a6ba62e3,"[""18ab89a63b63f6c96a0e0aa4807fcf152aed251b441ab77a8b593bcb35929ba0"",""c66e4e6a6bf734331b1490f9ea2cacf0eb309883c904dd0edc0de4a1f9bedef7""]",76e0c3d578c4dba56e91d15ad643d8740037788a,0.993535949475491,0.0009278253355740362,"[0.9903916411770711,0.9952167227097748]",0.9926559259504573,0.0014058162266313012,"[0.9910573497774843,0.9934032661379127]",family-cluster sensitivity intervals over the constructed families; not a population confidence interval
14-qa-b2,EXACT_LRU,9790,loads_per_token,617.296875,0.30642188107288293,471.328125,730.703125,EXACT_REPLAY,TPS_PROJECTION,True,M2,RMSE values differ by less than 5%; prefer loads_per_token,fa7480ceb1c45449eec2bb4557ffaa0f62ef14a8fdfd0c55e274b9a281a9fd0c,9567f49ef2dab913c7446dc85c7849b6665d978c9921eb83198d0c2a5e31b49b,4731949078aa993195cafb1c351e056c0df6e557570a271949e62702a6ba62e3,"[""18ab89a63b63f6c96a0e0aa4807fcf152aed251b441ab77a8b593bcb35929ba0"",""c66e4e6a6bf734331b1490f9ea2cacf0eb309883c904dd0edc0de4a1f9bedef7""]",76e0c3d578c4dba56e91d15ad643d8740037788a,0.993535949475491,0.0009278253355740362,"[0.9903916411770711,0.9952167227097748]",0.9926559259504573,0.0014058162266313012,"[0.9910573497774843,0.9934032661379127]",family-cluster sensitivity intervals over the constructed families; not a population confidence interval
14-qa-b2,EXACT_LRU,11748,loads_per_token,573.484375,0.3204620923307918,471.328125,730.703125,EXACT_REPLAY,TPS_PROJECTION,True,M2,RMSE values differ by less than 5%; prefer loads_per_token,fa7480ceb1c45449eec2bb4557ffaa0f62ef14a8fdfd0c55e274b9a281a9fd0c,9567f49ef2dab913c7446dc85c7849b6665d978c9921eb83198d0c2a5e31b49b,4731949078aa993195cafb1c351e056c0df6e557570a271949e62702a6ba62e3,"[""18ab89a63b63f6c96a0e0aa4807fcf152aed251b441ab77a8b593bcb35929ba0"",""c66e4e6a6bf734331b1490f9ea2cacf0eb309883c904dd0edc0de4a1f9bedef7""]",76e0c3d578c4dba56e91d15ad643d8740037788a,0.993535949475491,0.0009278253355740362,"[0.9903916411770711,0.9952167227097748]",0.9926559259504573,0.0014058162266313012,"[0.9910573497774843,0.9934032661379127]",family-cluster sensitivity intervals over the constructed families; not a population confidence interval
14-qa-b2,S2_P50_FIXED_ROUTE,5874,loads_per_token,693.203125,0.282096864563995,471.328125,730.703125,FIXED_ROUTE_COUNTERFACTUAL,TPS_PROJECTION,True,M2,RMSE values differ by less than 5%; prefer loads_per_token,fa7480ceb1c45449eec2bb4557ffaa0f62ef14a8fdfd0c55e274b9a281a9fd0c,9567f49ef2dab913c7446dc85c7849b6665d978c9921eb83198d0c2a5e31b49b,4731949078aa993195cafb1c351e056c0df6e557570a271949e62702a6ba62e3,"[""b87d9461ff503e2d13675b08d0362d5675ab8b6a2481e2d19ee46027d0b0ea9d""]",76e0c3d578c4dba56e91d15ad643d8740037788a,0.993535949475491,0.0009278253355740362,"[0.9903916411770711,0.9952167227097748]",0.9926559259504573,0.0014058162266313012,"[0.9910573497774843,0.9934032661379127]",family-cluster sensitivity intervals over the constructed families; not a population confidence interval
14-qa-b2,S2_P50_FIXED_ROUTE,7832,loads_per_token,579.234375,0.3186194397833915,471.328125,730.703125,FIXED_ROUTE_COUNTERFACTUAL,TPS_PROJECTION,True,M2,RMSE values differ by less than 5%; prefer loads_per_token,fa7480ceb1c45449eec2bb4557ffaa0f62ef14a8fdfd0c55e274b9a281a9fd0c,9567f49ef2dab913c7446dc85c7849b6665d978c9921eb83198d0c2a5e31b49b,4731949078aa993195cafb1c351e056c0df6e557570a271949e62702a6ba62e3,"[""b87d9461ff503e2d13675b08d0362d5675ab8b6a2481e2d19ee46027d0b0ea9d""]",76e0c3d578c4dba56e91d15ad643d8740037788a,0.993535949475491,0.0009278253355740362,"[0.9903916411770711,0.9952167227097748]",0.9926559259504573,0.0014058162266313012,"[0.9910573497774843,0.9934032661379127]",family-cluster sensitivity intervals over the constructed families; not a population confidence interval
14-qa-b2,S2_P50_FIXED_ROUTE,7849,loads_per_token,578.609375,0.31881972810376114,471.328125,730.703125,FIXED_ROUTE_COUNTERFACTUAL,TPS_PROJECTION,True,M2,RMSE values differ by less than 5%; prefer loads_per_token,fa7480ceb1c45449eec2bb4557ffaa0f62ef14a8fdfd0c55e274b9a281a9fd0c,9567f49ef2dab913c7446dc85c7849b6665d978c9921eb83198d0c2a5e31b49b,4731949078aa993195cafb1c351e056c0df6e557570a271949e62702a6ba62e3,"[""b87d9461ff503e2d13675b08d0362d5675ab8b6a2481e2d19ee46027d0b0ea9d""]",76e0c3d578c4dba56e91d15ad643d8740037788a,0.993535949475491,0.0009278253355740362,"[0.9903916411770711,0.9952167227097748]",0.9926559259504573,0.0014058162266313012,"[0.9910573497774843,0.9934032661379127]",family-cluster sensitivity intervals over the constructed families; not a population confidence interval
14-qa-b2,S2_P50_FIXED_ROUTE,9790,loads_per_token,520.21875,0.33753166443429095,471.328125,730.703125,FIXED_ROUTE_COUNTERFACTUAL,TPS_PROJECTION,True,M2,RMSE values differ by less than 5%; prefer loads_per_token,fa7480ceb1c45449eec2bb4557ffaa0f62ef14a8fdfd0c55e274b9a281a9fd0c,9567f49ef2dab913c7446dc85c7849b6665d978c9921eb83198d0c2a5e31b49b,4731949078aa993195cafb1c351e056c0df6e557570a271949e62702a6ba62e3,"[""b87d9461ff503e2d13675b08d0362d5675ab8b6a2481e2d19ee46027d0b0ea9d""]",76e0c3d578c4dba56e91d15ad643d8740037788a,0.993535949475491,0.0009278253355740362,"[0.9903916411770711,0.9952167227097748]",0.9926559259504573,0.0014058162266313012,"[0.9910573497774843,0.9934032661379127]",family-cluster sensitivity intervals over the constructed families; not a population confidence interval
14-qa-b8,EXACT_LRU,5874,loads_per_token,680.171875,0.28627287604370116,471.328125,730.703125,EXACT_REPLAY,TPS_PROJECTION,True,M2,RMSE values differ by less than 5%; prefer loads_per_token,fa7480ceb1c45449eec2bb4557ffaa0f62ef14a8fdfd0c55e274b9a281a9fd0c,9567f49ef2dab913c7446dc85c7849b6665d978c9921eb83198d0c2a5e31b49b,4731949078aa993195cafb1c351e056c0df6e557570a271949e62702a6ba62e3,"[""18ab89a63b63f6c96a0e0aa4807fcf152aed251b441ab77a8b593bcb35929ba0"",""c9a9cac79f9b628274d5cc993f7cf96057c4042bb0931da50ea2698bc83338c9""]",76e0c3d578c4dba56e91d15ad643d8740037788a,0.993535949475491,0.0009278253355740362,"[0.9903916411770711,0.9952167227097748]",0.9926559259504573,0.0014058162266313012,"[0.9910573497774843,0.9934032661379127]",family-cluster sensitivity intervals over the constructed families; not a population confidence interval
14-qa-b8,EXACT_LRU,7832,loads_per_token,610.65625,0.3085499444768099,471.328125,730.703125,EXACT_REPLAY,TPS_PROJECTION,True,M2,RMSE values differ by less than 5%; prefer loads_per_token,fa7480ceb1c45449eec2bb4557ffaa0f62ef14a8fdfd0c55e274b9a281a9fd0c,9567f49ef2dab913c7446dc85c7849b6665d978c9921eb83198d0c2a5e31b49b,4731949078aa993195cafb1c351e056c0df6e557570a271949e62702a6ba62e3,"[""18ab89a63b63f6c96a0e0aa4807fcf152aed251b441ab77a8b593bcb35929ba0"",""c9a9cac79f9b628274d5cc993f7cf96057c4042bb0931da50ea2698bc83338c9""]",76e0c3d578c4dba56e91d15ad643d8740037788a,0.993535949475491,0.0009278253355740362,"[0.9903916411770711,0.9952167227097748]",0.9926559259504573,0.0014058162266313012,"[0.9910573497774843,0.9934032661379127]",family-cluster sensitivity intervals over the constructed families; not a population confidence interval
14-qa-b8,EXACT_LRU,7849,loads_per_token,610.40625,0.3086300598049577,471.328125,730.703125,EXACT_REPLAY,TPS_PROJECTION,True,M2,RMSE values differ by less than 5%; prefer loads_per_token,fa7480ceb1c45449eec2bb4557ffaa0f62ef14a8fdfd0c55e274b9a281a9fd0c,9567f49ef2dab913c7446dc85c7849b6665d978c9921eb83198d0c2a5e31b49b,4731949078aa993195cafb1c351e056c0df6e557570a271949e62702a6ba62e3,"[""18ab89a63b63f6c96a0e0aa4807fcf152aed251b441ab77a8b593bcb35929ba0"",""c9a9cac79f9b628274d5cc993f7cf96057c4042bb0931da50ea2698bc83338c9""]",76e0c3d578c4dba56e91d15ad643d8740037788a,0.993535949475491,0.0009278253355740362,"[0.9903916411770711,0.9952167227097748]",0.9926559259504573,0.0014058162266313012,"[0.9910573497774843,0.9934032661379127]",family-cluster sensitivity intervals over the constructed families; not a population confidence interval
14-qa-b8,EXACT_LRU,9790,loads_per_token,564.609375,0.32330618648004017,471.328125,730.703125,EXACT_REPLAY,TPS_PROJECTION,True,M2,RMSE values differ by less than 5%; prefer loads_per_token,fa7480ceb1c45449eec2bb4557ffaa0f62ef14a8fdfd0c55e274b9a281a9fd0c,9567f49ef2dab913c7446dc85c7849b6665d978c9921eb83198d0c2a5e31b49b,4731949078aa993195cafb1c351e056c0df6e557570a271949e62702a6ba62e3,"[""18ab89a63b63f6c96a0e0aa4807fcf152aed251b441ab77a8b593bcb35929ba0"",""c9a9cac79f9b628274d5cc993f7cf96057c4042bb0931da50ea2698bc83338c9""]",76e0c3d578c4dba56e91d15ad643d8740037788a,0.993535949475491,0.0009278253355740362,"[0.9903916411770711,0.9952167227097748]",0.9926559259504573,0.0014058162266313012,"[0.9910573497774843,0.9934032661379127]",family-cluster sensitivity intervals over the constructed families; not a population confidence interval
14-qa-b8,EXACT_LRU,11748,loads_per_token,526.234375,0.3356038893507336,471.328125,730.703125,EXACT_REPLAY,TPS_PROJECTION,True,M2,RMSE values differ by less than 5%; prefer loads_per_token,fa7480ceb1c45449eec2bb4557ffaa0f62ef14a8fdfd0c55e274b9a281a9fd0c,9567f49ef2dab913c7446dc85c7849b6665d978c9921eb83198d0c2a5e31b49b,4731949078aa993195cafb1c351e056c0df6e557570a271949e62702a6ba62e3,"[""18ab89a63b63f6c96a0e0aa4807fcf152aed251b441ab77a8b593bcb35929ba0"",""c9a9cac79f9b628274d5cc993f7cf96057c4042bb0931da50ea2698bc83338c9""]",76e0c3d578c4dba56e91d15ad643d8740037788a,0.993535949475491,0.0009278253355740362,"[0.9903916411770711,0.9952167227097748]",0.9926559259504573,0.0014058162266313012,"[0.9910573497774843,0.9934032661379127]",family-cluster sensitivity intervals over the constructed families; not a population confidence interval
14-qa-b8,S2_P50_FIXED_ROUTE,3916,loads_per_token,691.71875,0.2825725493248728,471.328125,730.703125,FIXED_ROUTE_COUNTERFACTUAL,TPS_PROJECTION,True,M2,RMSE values differ by less than 5%; prefer loads_per_token,fa7480ceb1c45449eec2bb4557ffaa0f62ef14a8fdfd0c55e274b9a281a9fd0c,9567f49ef2dab913c7446dc85c7849b6665d978c9921eb83198d0c2a5e31b49b,4731949078aa993195cafb1c351e056c0df6e557570a271949e62702a6ba62e3,"[""b87d9461ff503e2d13675b08d0362d5675ab8b6a2481e2d19ee46027d0b0ea9d""]",76e0c3d578c4dba56e91d15ad643d8740037788a,0.993535949475491,0.0009278253355740362,"[0.9903916411770711,0.9952167227097748]",0.9926559259504573,0.0014058162266313012,"[0.9910573497774843,0.9934032661379127]",family-cluster sensitivity intervals over the constructed families; not a population confidence interval
14-qa-b8,S2_P50_FIXED_ROUTE,5874,loads_per_token,589.90625,0.3151995167130806,471.328125,730.703125,FIXED_ROUTE_COUNTERFACTUAL,TPS_PROJECTION,True,M2,RMSE values differ by less than 5%; prefer loads_per_token,fa7480ceb1c45449eec2bb4557ffaa0f62ef14a8fdfd0c55e274b9a281a9fd0c,9567f49ef2dab913c7446dc85c7849b6665d978c9921eb83198d0c2a5e31b49b,4731949078aa993195cafb1c351e056c0df6e557570a271949e62702a6ba62e3,"[""b87d9461ff503e2d13675b08d0362d5675ab8b6a2481e2d19ee46027d0b0ea9d""]",76e0c3d578c4dba56e91d15ad643d8740037788a,0.993535949475491,0.0009278253355740362,"[0.9903916411770711,0.9952167227097748]",0.9926559259504573,0.0014058162266313012,"[0.9910573497774843,0.9934032661379127]",family-cluster sensitivity intervals over the constructed families; not a population confidence interval
14-qa-b8,S2_P50_FIXED_ROUTE,7832,loads_per_token,521.75,0.3370409580493855,471.328125,730.703125,FIXED_ROUTE_COUNTERFACTUAL,TPS_PROJECTION,True,M2,RMSE values differ by less than 5%; prefer loads_per_token,fa7480ceb1c45449eec2bb4557ffaa0f62ef14a8fdfd0c55e274b9a281a9fd0c,9567f49ef2dab913c7446dc85c7849b6665d978c9921eb83198d0c2a5e31b49b,4731949078aa993195cafb1c351e056c0df6e557570a271949e62702a6ba62e3,"[""b87d9461ff503e2d13675b08d0362d5675ab8b6a2481e2d19ee46027d0b0ea9d""]",76e0c3d578c4dba56e91d15ad643d8740037788a,0.993535949475491,0.0009278253355740362,"[0.9903916411770711,0.9952167227097748]",0.9926559259504573,0.0014058162266313012,"[0.9910573497774843,0.9934032661379127]",family-cluster sensitivity intervals over the constructed families; not a population confidence interval
14-qa-b8,S2_P50_FIXED_ROUTE,7849,loads_per_token,521.546875,0.3371060517535056,471.328125,730.703125,FIXED_ROUTE_COUNTERFACTUAL,TPS_PROJECTION,True,M2,RMSE values differ by less than 5%; prefer loads_per_token,fa7480ceb1c45449eec2bb4557ffaa0f62ef14a8fdfd0c55e274b9a281a9fd0c,9567f49ef2dab913c7446dc85c7849b6665d978c9921eb83198d0c2a5e31b49b,4731949078aa993195cafb1c351e056c0df6e557570a271949e62702a6ba62e3,"[""b87d9461ff503e2d13675b08d0362d5675ab8b6a2481e2d19ee46027d0b0ea9d""]",76e0c3d578c4dba56e91d15ad643d8740037788a,0.993535949475491,0.0009278253355740362,"[0.9903916411770711,0.9952167227097748]",0.9926559259504573,0.0014058162266313012,"[0.9910573497774843,0.9934032661379127]",family-cluster sensitivity intervals over the constructed families; not a population confidence interval
14-qa-b8,S2_P50_FIXED_ROUTE,9790,loads_per_token,475.5625,0.3518422649246989,471.328125,730.703125,FIXED_ROUTE_COUNTERFACTUAL,TPS_PROJECTION,True,M2,RMSE values differ by less than 5%; prefer loads_per_token,fa7480ceb1c45449eec2bb4557ffaa0f62ef14a8fdfd0c55e274b9a281a9fd0c,9567f49ef2dab913c7446dc85c7849b6665d978c9921eb83198d0c2a5e31b49b,4731949078aa993195cafb1c351e056c0df6e557570a271949e62702a6ba62e3,"[""b87d9461ff503e2d13675b08d0362d5675ab8b6a2481e2d19ee46027d0b0ea9d""]",76e0c3d578c4dba56e91d15ad643d8740037788a,0.993535949475491,0.0009278253355740362,"[0.9903916411770711,0.9952167227097748]",0.9926559259504573,0.0014058162266313012,"[0.9910573497774843,0.9934032661379127]",family-cluster sensitivity intervals over the constructed families; not a population confidence interval
15-spanish-b1,EXACT_LRU,7832,loads_per_token,650.90625,0.2956513766450077,471.328125,730.703125,EXACT_REPLAY,TPS_PROJECTION,True,M2,RMSE values differ by less than 5%; prefer loads_per_token,fa7480ceb1c45449eec2bb4557ffaa0f62ef14a8fdfd0c55e274b9a281a9fd0c,9567f49ef2dab913c7446dc85c7849b6665d978c9921eb83198d0c2a5e31b49b,4731949078aa993195cafb1c351e056c0df6e557570a271949e62702a6ba62e3,"[""18ab89a63b63f6c96a0e0aa4807fcf152aed251b441ab77a8b593bcb35929ba0"",""660895b18301ca877ec094c5605427e5c132b2d4215167d03ce92048084c0a24""]",76e0c3d578c4dba56e91d15ad643d8740037788a,0.993535949475491,0.0009278253355740362,"[0.9903916411770711,0.9952167227097748]",0.9926559259504573,0.0014058162266313012,"[0.9910573497774843,0.9934032661379127]",family-cluster sensitivity intervals over the constructed families; not a population confidence interval
15-spanish-b1,EXACT_LRU,7849,loads_per_token,650.421875,0.29580660009329407,471.328125,730.703125,EXACT_REPLAY,TPS_PROJECTION,True,M2,RMSE values differ by less than 5%; prefer loads_per_token,fa7480ceb1c45449eec2bb4557ffaa0f62ef14a8fdfd0c55e274b9a281a9fd0c,9567f49ef2dab913c7446dc85c7849b6665d978c9921eb83198d0c2a5e31b49b,4731949078aa993195cafb1c351e056c0df6e557570a271949e62702a6ba62e3,"[""18ab89a63b63f6c96a0e0aa4807fcf152aed251b441ab77a8b593bcb35929ba0"",""660895b18301ca877ec094c5605427e5c132b2d4215167d03ce92048084c0a24""]",76e0c3d578c4dba56e91d15ad643d8740037788a,0.993535949475491,0.0009278253355740362,"[0.9903916411770711,0.9952167227097748]",0.9926559259504573,0.0014058162266313012,"[0.9910573497774843,0.9934032661379127]",family-cluster sensitivity intervals over the constructed families; not a population confidence interval
15-spanish-b1,EXACT_LRU,9790,loads_per_token,594.3125,0.31378748405447493,471.328125,730.703125,EXACT_REPLAY,TPS_PROJECTION,True,M2,RMSE values differ by less than 5%; prefer loads_per_token,fa7480ceb1c45449eec2bb4557ffaa0f62ef14a8fdfd0c55e274b9a281a9fd0c,9567f49ef2dab913c7446dc85c7849b6665d978c9921eb83198d0c2a5e31b49b,4731949078aa993195cafb1c351e056c0df6e557570a271949e62702a6ba62e3,"[""18ab89a63b63f6c96a0e0aa4807fcf152aed251b441ab77a8b593bcb35929ba0"",""660895b18301ca877ec094c5605427e5c132b2d4215167d03ce92048084c0a24""]",76e0c3d578c4dba56e91d15ad643d8740037788a,0.993535949475491,0.0009278253355740362,"[0.9903916411770711,0.9952167227097748]",0.9926559259504573,0.0014058162266313012,"[0.9910573497774843,0.9934032661379127]",family-cluster sensitivity intervals over the constructed families; not a population confidence interval
15-spanish-b1,EXACT_LRU,11748,loads_per_token,544.46875,0.3297604776039505,471.328125,730.703125,EXACT_REPLAY,TPS_PROJECTION,True,M2,RMSE values differ by less than 5%; prefer loads_per_token,fa7480ceb1c45449eec2bb4557ffaa0f62ef14a8fdfd0c55e274b9a281a9fd0c,9567f49ef2dab913c7446dc85c7849b6665d978c9921eb83198d0c2a5e31b49b,4731949078aa993195cafb1c351e056c0df6e557570a271949e62702a6ba62e3,"[""18ab89a63b63f6c96a0e0aa4807fcf152aed251b441ab77a8b593bcb35929ba0"",""660895b18301ca877ec094c5605427e5c132b2d4215167d03ce92048084c0a24""]",76e0c3d578c4dba56e91d15ad643d8740037788a,0.993535949475491,0.0009278253355740362,"[0.9903916411770711,0.9952167227097748]",0.9926559259504573,0.0014058162266313012,"[0.9910573497774843,0.9934032661379127]",family-cluster sensitivity intervals over the constructed families; not a population confidence interval
15-spanish-b1,S2_P50_FIXED_ROUTE,5874,loads_per_token,632.5,0.3015498676798924,471.328125,730.703125,FIXED_ROUTE_COUNTERFACTUAL,TPS_PROJECTION,True,M2,RMSE values differ by less than 5%; prefer loads_per_token,fa7480ceb1c45449eec2bb4557ffaa0f62ef14a8fdfd0c55e274b9a281a9fd0c,9567f49ef2dab913c7446dc85c7849b6665d978c9921eb83198d0c2a5e31b49b,4731949078aa993195cafb1c351e056c0df6e557570a271949e62702a6ba62e3,"[""b87d9461ff503e2d13675b08d0362d5675ab8b6a2481e2d19ee46027d0b0ea9d""]",76e0c3d578c4dba56e91d15ad643d8740037788a,0.993535949475491,0.0009278253355740362,"[0.9903916411770711,0.9952167227097748]",0.9926559259504573,0.0014058162266313012,"[0.9910573497774843,0.9934032661379127]",family-cluster sensitivity intervals over the constructed families; not a population confidence interval
15-spanish-b1,S2_P50_FIXED_ROUTE,7832,loads_per_token,555.921875,0.3260901941331776,471.328125,730.703125,FIXED_ROUTE_COUNTERFACTUAL,TPS_PROJECTION,True,M2,RMSE values differ by less than 5%; prefer loads_per_token,fa7480ceb1c45449eec2bb4557ffaa0f62ef14a8fdfd0c55e274b9a281a9fd0c,9567f49ef2dab913c7446dc85c7849b6665d978c9921eb83198d0c2a5e31b49b,4731949078aa993195cafb1c351e056c0df6e557570a271949e62702a6ba62e3,"[""b87d9461ff503e2d13675b08d0362d5675ab8b6a2481e2d19ee46027d0b0ea9d""]",76e0c3d578c4dba56e91d15ad643d8740037788a,0.993535949475491,0.0009278253355740362,"[0.9903916411770711,0.9952167227097748]",0.9926559259504573,0.0014058162266313012,"[0.9910573497774843,0.9934032661379127]",family-cluster sensitivity intervals over the constructed families; not a population confidence interval
15-spanish-b1,S2_P50_FIXED_ROUTE,7849,loads_per_token,555.59375,0.32619534550137164,471.328125,730.703125,FIXED_ROUTE_COUNTERFACTUAL,TPS_PROJECTION,True,M2,RMSE values differ by less than 5%; prefer loads_per_token,fa7480ceb1c45449eec2bb4557ffaa0f62ef14a8fdfd0c55e274b9a281a9fd0c,9567f49ef2dab913c7446dc85c7849b6665d978c9921eb83198d0c2a5e31b49b,4731949078aa993195cafb1c351e056c0df6e557570a271949e62702a6ba62e3,"[""b87d9461ff503e2d13675b08d0362d5675ab8b6a2481e2d19ee46027d0b0ea9d""]",76e0c3d578c4dba56e91d15ad643d8740037788a,0.993535949475491,0.0009278253355740362,"[0.9903916411770711,0.9952167227097748]",0.9926559259504573,0.0014058162266313012,"[0.9910573497774843,0.9934032661379127]",family-cluster sensitivity intervals over the constructed families; not a population confidence interval
15-spanish-b1,S2_P50_FIXED_ROUTE,9790,loads_per_token,496.5625,0.34511257736028034,471.328125,730.703125,FIXED_ROUTE_COUNTERFACTUAL,TPS_PROJECTION,True,M2,RMSE values differ by less than 5%; prefer loads_per_token,fa7480ceb1c45449eec2bb4557ffaa0f62ef14a8fdfd0c55e274b9a281a9fd0c,9567f49ef2dab913c7446dc85c7849b6665d978c9921eb83198d0c2a5e31b49b,4731949078aa993195cafb1c351e056c0df6e557570a271949e62702a6ba62e3,"[""b87d9461ff503e2d13675b08d0362d5675ab8b6a2481e2d19ee46027d0b0ea9d""]",76e0c3d578c4dba56e91d15ad643d8740037788a,0.993535949475491,0.0009278253355740362,"[0.9903916411770711,0.9952167227097748]",0.9926559259504573,0.0014058162266313012,"[0.9910573497774843,0.9934032661379127]",family-cluster sensitivity intervals over the constructed families; not a population confidence interval
15-spanish-b2,COMMITTEE_PIN_FIXED_ROUTE,9790,loads_per_token,614.015625,0.30747339475482327,471.328125,730.703125,FIXED_ROUTE_COUNTERFACTUAL,TPS_PROJECTION,True,M2,RMSE values differ by less than 5%; prefer loads_per_token,fa7480ceb1c45449eec2bb4557ffaa0f62ef14a8fdfd0c55e274b9a281a9fd0c,9567f49ef2dab913c7446dc85c7849b6665d978c9921eb83198d0c2a5e31b49b,4731949078aa993195cafb1c351e056c0df6e557570a271949e62702a6ba62e3,"[""0927db654db7b106584a5099415733edc65ed505a631836268158dc94d876889""]",76e0c3d578c4dba56e91d15ad643d8740037788a,0.993535949475491,0.0009278253355740362,"[0.9903916411770711,0.9952167227097748]",0.9926559259504573,0.0014058162266313012,"[0.9910573497774843,0.9934032661379127]",family-cluster sensitivity intervals over the constructed families; not a population confidence interval
15-spanish-b2,COMMITTEE_PIN_FIXED_ROUTE,11748,loads_per_token,502.703125,0.343144744612649,471.328125,730.703125,FIXED_ROUTE_COUNTERFACTUAL,TPS_PROJECTION,True,M2,RMSE values differ by less than 5%; prefer loads_per_token,fa7480ceb1c45449eec2bb4557ffaa0f62ef14a8fdfd0c55e274b9a281a9fd0c,9567f49ef2dab913c7446dc85c7849b6665d978c9921eb83198d0c2a5e31b49b,4731949078aa993195cafb1c351e056c0df6e557570a271949e62702a6ba62e3,"[""0927db654db7b106584a5099415733edc65ed505a631836268158dc94d876889""]",76e0c3d578c4dba56e91d15ad643d8740037788a,0.993535949475491,0.0009278253355740362,"[0.9903916411770711,0.9952167227097748]",0.9926559259504573,0.0014058162266313012,"[0.9910573497774843,0.9934032661379127]",family-cluster sensitivity intervals over the constructed families; not a population confidence interval
15-spanish-b2,COMMITTEE_PIN_FIXED_ROUTE,9790,loads_per_token,614.015625,0.30747339475482327,471.328125,730.703125,FIXED_ROUTE_COUNTERFACTUAL,TPS_PROJECTION,True,M2,RMSE values differ by less than 5%; prefer loads_per_token,fa7480ceb1c45449eec2bb4557ffaa0f62ef14a8fdfd0c55e274b9a281a9fd0c,9567f49ef2dab913c7446dc85c7849b6665d978c9921eb83198d0c2a5e31b49b,4731949078aa993195cafb1c351e056c0df6e557570a271949e62702a6ba62e3,"[""0927db654db7b106584a5099415733edc65ed505a631836268158dc94d876889""]",76e0c3d578c4dba56e91d15ad643d8740037788a,0.993535949475491,0.0009278253355740362,"[0.9903916411770711,0.9952167227097748]",0.9926559259504573,0.0014058162266313012,"[0.9910573497774843,0.9934032661379127]",family-cluster sensitivity intervals over the constructed families; not a population confidence interval
15-spanish-b2,COMMITTEE_PIN_FIXED_ROUTE,11748,loads_per_token,502.703125,0.343144744612649,471.328125,730.703125,FIXED_ROUTE_COUNTERFACTUAL,TPS_PROJECTION,True,M2,RMSE values differ by less than 5%; prefer loads_per_token,fa7480ceb1c45449eec2bb4557ffaa0f62ef14a8fdfd0c55e274b9a281a9fd0c,9567f49ef2dab913c7446dc85c7849b6665d978c9921eb83198d0c2a5e31b49b,4731949078aa993195cafb1c351e056c0df6e557570a271949e62702a6ba62e3,"[""0927db654db7b106584a5099415733edc65ed505a631836268158dc94d876889""]",76e0c3d578c4dba56e91d15ad643d8740037788a,0.993535949475491,0.0009278253355740362,"[0.9903916411770711,0.9952167227097748]",0.9926559259504573,0.0014058162266313012,"[0.9910573497774843,0.9934032661379127]",family-cluster sensitivity intervals over the constructed families; not a population confidence interval
15-spanish-b2,COMMITTEE_PIN_FIXED_ROUTE,7832,loads_per_token,611.96875,0.3081293390040337,471.328125,730.703125,FIXED_ROUTE_COUNTERFACTUAL,TPS_PROJECTION,True,M2,RMSE values differ by less than 5%; prefer loads_per_token,fa7480ceb1c45449eec2bb4557ffaa0f62ef14a8fdfd0c55e274b9a281a9fd0c,9567f49ef2dab913c7446dc85c7849b6665d978c9921eb83198d0c2a5e31b49b,4731949078aa993195cafb1c351e056c0df6e557570a271949e62702a6ba62e3,"[""0927db654db7b106584a5099415733edc65ed505a631836268158dc94d876889""]",76e0c3d578c4dba56e91d15ad643d8740037788a,0.993535949475491,0.0009278253355740362,"[0.9903916411770711,0.9952167227097748]",0.9926559259504573,0.0014058162266313012,"[0.9910573497774843,0.9934032661379127]",family-cluster sensitivity intervals over the constructed families; not a population confidence interval
15-spanish-b2,COMMITTEE_PIN_FIXED_ROUTE,7849,loads_per_token,610.875,0.3084798435646805,471.328125,730.703125,FIXED_ROUTE_COUNTERFACTUAL,TPS_PROJECTION,True,M2,RMSE values differ by less than 5%; prefer loads_per_token,fa7480ceb1c45449eec2bb4557ffaa0f62ef14a8fdfd0c55e274b9a281a9fd0c,9567f49ef2dab913c7446dc85c7849b6665d978c9921eb83198d0c2a5e31b49b,4731949078aa993195cafb1c351e056c0df6e557570a271949e62702a6ba62e3,"[""0927db654db7b106584a5099415733edc65ed505a631836268158dc94d876889""]",76e0c3d578c4dba56e91d15ad643d8740037788a,0.993535949475491,0.0009278253355740362,"[0.9903916411770711,0.9952167227097748]",0.9926559259504573,0.0014058162266313012,"[0.9910573497774843,0.9934032661379127]",family-cluster sensitivity intervals over the constructed families; not a population confidence interval
15-spanish-b2,COMMITTEE_PIN_FIXED_ROUTE,9790,loads_per_token,547.734375,0.3287139711300193,471.328125,730.703125,FIXED_ROUTE_COUNTERFACTUAL,TPS_PROJECTION,True,M2,RMSE values differ by less than 5%; prefer loads_per_token,fa7480ceb1c45449eec2bb4557ffaa0f62ef14a8fdfd0c55e274b9a281a9fd0c,9567f49ef2dab913c7446dc85c7849b6665d978c9921eb83198d0c2a5e31b49b,4731949078aa993195cafb1c351e056c0df6e557570a271949e62702a6ba62e3,"[""0927db654db7b106584a5099415733edc65ed505a631836268158dc94d876889""]",76e0c3d578c4dba56e91d15ad643d8740037788a,0.993535949475491,0.0009278253355740362,"[0.9903916411770711,0.9952167227097748]",0.9926559259504573,0.0014058162266313012,"[0.9910573497774843,0.9934032661379127]",family-cluster sensitivity intervals over the constructed families; not a population confidence interval
15-spanish-b2,COMMITTEE_PIN_FIXED_ROUTE,11748,loads_per_token,504.765625,0.3424837931554293,471.328125,730.703125,FIXED_ROUTE_COUNTERFACTUAL,TPS_PROJECTION,True,M2,RMSE values differ by less than 5%; prefer loads_per_token,fa7480ceb1c45449eec2bb4557ffaa0f62ef14a8fdfd0c55e274b9a281a9fd0c,9567f49ef2dab913c7446dc85c7849b6665d978c9921eb83198d0c2a5e31b49b,4731949078aa993195cafb1c351e056c0df6e557570a271949e62702a6ba62e3,"[""0927db654db7b106584a5099415733edc65ed505a631836268158dc94d876889""]",76e0c3d578c4dba56e91d15ad643d8740037788a,0.993535949475491,0.0009278253355740362,"[0.9903916411770711,0.9952167227097748]",0.9926559259504573,0.0014058162266313012,"[0.9910573497774843,0.9934032661379127]",family-cluster sensitivity intervals over the constructed families; not a population confidence interval
15-spanish-b2,COMMITTEE_PIN_FIXED_ROUTE,5874,loads_per_token,688.578125,0.28357899813473003,471.328125,730.703125,FIXED_ROUTE_COUNTERFACTUAL,TPS_PROJECTION,True,M2,RMSE values differ by less than 5%; prefer loads_per_token,fa7480ceb1c45449eec2bb4557ffaa0f62ef14a8fdfd0c55e274b9a281a9fd0c,9567f49ef2dab913c7446dc85c7849b6665d978c9921eb83198d0c2a5e31b49b,4731949078aa993195cafb1c351e056c0df6e557570a271949e62702a6ba62e3,"[""0927db654db7b106584a5099415733edc65ed505a631836268158dc94d876889""]",76e0c3d578c4dba56e91d15ad643d8740037788a,0.993535949475491,0.0009278253355740362,"[0.9903916411770711,0.9952167227097748]",0.9926559259504573,0.0014058162266313012,"[0.9910573497774843,0.9934032661379127]",family-cluster sensitivity intervals over the constructed families; not a population confidence interval
15-spanish-b2,COMMITTEE_PIN_FIXED_ROUTE,7832,loads_per_token,603.265625,0.3109183538651804,471.328125,730.703125,FIXED_ROUTE_COUNTERFACTUAL,TPS_PROJECTION,True,M2,RMSE values differ by less than 5%; prefer loads_per_token,fa7480ceb1c45449eec2bb4557ffaa0f62ef14a8fdfd0c55e274b9a281a9fd0c,9567f49ef2dab913c7446dc85c7849b6665d978c9921eb83198d0c2a5e31b49b,4731949078aa993195cafb1c351e056c0df6e557570a271949e62702a6ba62e3,"[""0927db654db7b106584a5099415733edc65ed505a631836268158dc94d876889""]",76e0c3d578c4dba56e91d15ad643d8740037788a,0.993535949475491,0.0009278253355740362,"[0.9903916411770711,0.9952167227097748]",0.9926559259504573,0.0014058162266313012,"[0.9910573497774843,0.9934032661379127]",family-cluster sensitivity intervals over the constructed families; not a population confidence interval
15-spanish-b2,COMMITTEE_PIN_FIXED_ROUTE,7849,loads_per_token,603.15625,0.3109534043212451,471.328125,730.703125,FIXED_ROUTE_COUNTERFACTUAL,TPS_PROJECTION,True,M2,RMSE values differ by less than 5%; prefer loads_per_token,fa7480ceb1c45449eec2bb4557ffaa0f62ef14a8fdfd0c55e274b9a281a9fd0c,9567f49ef2dab913c7446dc85c7849b6665d978c9921eb83198d0c2a5e31b49b,4731949078aa993195cafb1c351e056c0df6e557570a271949e62702a6ba62e3,"[""0927db654db7b106584a5099415733edc65ed505a631836268158dc94d876889""]",76e0c3d578c4dba56e91d15ad643d8740037788a,0.993535949475491,0.0009278253355740362,"[0.9903916411770711,0.9952167227097748]",0.9926559259504573,0.0014058162266313012,"[0.9910573497774843,0.9934032661379127]",family-cluster sensitivity intervals over the constructed families; not a population confidence interval
15-spanish-b2,COMMITTEE_PIN_FIXED_ROUTE,9790,loads_per_token,555.765625,0.32614026621326997,471.328125,730.703125,FIXED_ROUTE_COUNTERFACTUAL,TPS_PROJECTION,True,M2,RMSE values differ by less than 5%; prefer loads_per_token,fa7480ceb1c45449eec2bb4557ffaa0f62ef14a8fdfd0c55e274b9a281a9fd0c,9567f49ef2dab913c7446dc85c7849b6665d978c9921eb83198d0c2a5e31b49b,4731949078aa993195cafb1c351e056c0df6e557570a271949e62702a6ba62e3,"[""0927db654db7b106584a5099415733edc65ed505a631836268158dc94d876889""]",76e0c3d578c4dba56e91d15ad643d8740037788a,0.993535949475491,0.0009278253355740362,"[0.9903916411770711,0.9952167227097748]",0.9926559259504573,0.0014058162266313012,"[0.9910573497774843,0.9934032661379127]",family-cluster sensitivity intervals over the constructed families; not a population confidence interval
15-spanish-b2,COMMITTEE_PIN_FIXED_ROUTE,11748,loads_per_token,511.84375,0.34021552792724363,471.328125,730.703125,FIXED_ROUTE_COUNTERFACTUAL,TPS_PROJECTION,True,M2,RMSE values differ by less than 5%; prefer loads_per_token,fa7480ceb1c45449eec2bb4557ffaa0f62ef14a8fdfd0c55e274b9a281a9fd0c,9567f49ef2dab913c7446dc85c7849b6665d978c9921eb83198d0c2a5e31b49b,4731949078aa993195cafb1c351e056c0df6e557570a271949e62702a6ba62e3,"[""0927db654db7b106584a5099415733edc65ed505a631836268158dc94d876889""]",76e0c3d578c4dba56e91d15ad643d8740037788a,0.993535949475491,0.0009278253355740362,"[0.9903916411770711,0.9952167227097748]",0.9926559259504573,0.0014058162266313012,"[0.9910573497774843,0.9934032661379127]",family-cluster sensitivity intervals over the constructed families; not a population confidence interval
15-spanish-b2,EXACT_LRU,5874,loads_per_token,677.96875,0.286978892373004,471.328125,730.703125,EXACT_REPLAY,TPS_PROJECTION,True,M2,RMSE values differ by less than 5%; prefer loads_per_token,fa7480ceb1c45449eec2bb4557ffaa0f62ef14a8fdfd0c55e274b9a281a9fd0c,9567f49ef2dab913c7446dc85c7849b6665d978c9921eb83198d0c2a5e31b49b,4731949078aa993195cafb1c351e056c0df6e557570a271949e62702a6ba62e3,"[""18ab89a63b63f6c96a0e0aa4807fcf152aed251b441ab77a8b593bcb35929ba0"",""21e23108a07ad69f63b35b73bded71cc0c146202b85af1117ff8f2956582759c""]",76e0c3d578c4dba56e91d15ad643d8740037788a,0.993535949475491,0.0009278253355740362,"[0.9903916411770711,0.9952167227097748]",0.9926559259504573,0.0014058162266313012,"[0.9910573497774843,0.9934032661379127]",family-cluster sensitivity intervals over the constructed families; not a population confidence interval
15-spanish-b2,EXACT_LRU,7832,loads_per_token,615.8125,0.3068975658337607,471.328125,730.703125,EXACT_REPLAY,TPS_PROJECTION,True,M2,RMSE values differ by less than 5%; prefer loads_per_token,fa7480ceb1c45449eec2bb4557ffaa0f62ef14a8fdfd0c55e274b9a281a9fd0c,9567f49ef2dab913c7446dc85c7849b6665d978c9921eb83198d0c2a5e31b49b,4731949078aa993195cafb1c351e056c0df6e557570a271949e62702a6ba62e3,"[""18ab89a63b63f6c96a0e0aa4807fcf152aed251b441ab77a8b593bcb35929ba0"",""21e23108a07ad69f63b35b73bded71cc0c146202b85af1117ff8f2956582759c""]",76e0c3d578c4dba56e91d15ad643d8740037788a,0.993535949475491,0.0009278253355740362,"[0.9903916411770711,0.9952167227097748]",0.9926559259504573,0.0014058162266313012,"[0.9910573497774843,0.9934032661379127]",family-cluster sensitivity intervals over the constructed families; not a population confidence interval
15-spanish-b2,EXACT_LRU,7849,loads_per_token,615.296875,0.3070628036980656,471.328125,730.703125,EXACT_REPLAY,TPS_PROJECTION,True,M2,RMSE values differ by less than 5%; prefer loads_per_token,fa7480ceb1c45449eec2bb4557ffaa0f62ef14a8fdfd0c55e274b9a281a9fd0c,9567f49ef2dab913c7446dc85c7849b6665d978c9921eb83198d0c2a5e31b49b,4731949078aa993195cafb1c351e056c0df6e557570a271949e62702a6ba62e3,"[""18ab89a63b63f6c96a0e0aa4807fcf152aed251b441ab77a8b593bcb35929ba0"",""21e23108a07ad69f63b35b73bded71cc0c146202b85af1117ff8f2956582759c""]",76e0c3d578c4dba56e91d15ad643d8740037788a,0.993535949475491,0.0009278253355740362,"[0.9903916411770711,0.9952167227097748]",0.9926559259504573,0.0014058162266313012,"[0.9910573497774843,0.9934032661379127]",family-cluster sensitivity intervals over the constructed families; not a population confidence interval
15-spanish-b2,EXACT_LRU,9790,loads_per_token,564.578125,0.3233162008960586,471.328125,730.703125,EXACT_REPLAY,TPS_PROJECTION,True,M2,RMSE values differ by less than 5%; prefer loads_per_token,fa7480ceb1c45449eec2bb4557ffaa0f62ef14a8fdfd0c55e274b9a281a9fd0c,9567f49ef2dab913c7446dc85c7849b6665d978c9921eb83198d0c2a5e31b49b,4731949078aa993195cafb1c351e056c0df6e557570a271949e62702a6ba62e3,"[""18ab89a63b63f6c96a0e0aa4807fcf152aed251b441ab77a8b593bcb35929ba0"",""21e23108a07ad69f63b35b73bded71cc0c146202b85af1117ff8f2956582759c""]",76e0c3d578c4dba56e91d15ad643d8740037788a,0.993535949475491,0.0009278253355740362,"[0.9903916411770711,0.9952167227097748]",0.9926559259504573,0.0014058162266313012,"[0.9910573497774843,0.9934032661379127]",family-cluster sensitivity intervals over the constructed families; not a population confidence interval
15-spanish-b2,EXACT_LRU,11748,loads_per_token,523.3125,0.3365402372484615,471.328125,730.703125,EXACT_REPLAY,TPS_PROJECTION,True,M2,RMSE values differ by less than 5%; prefer loads_per_token,fa7480ceb1c45449eec2bb4557ffaa0f62ef14a8fdfd0c55e274b9a281a9fd0c,9567f49ef2dab913c7446dc85c7849b6665d978c9921eb83198d0c2a5e31b49b,4731949078aa993195cafb1c351e056c0df6e557570a271949e62702a6ba62e3,"[""18ab89a63b63f6c96a0e0aa4807fcf152aed251b441ab77a8b593bcb35929ba0"",""21e23108a07ad69f63b35b73bded71cc0c146202b85af1117ff8f2956582759c""]",76e0c3d578c4dba56e91d15ad643d8740037788a,0.993535949475491,0.0009278253355740362,"[0.9903916411770711,0.9952167227097748]",0.9926559259504573,0.0014058162266313012,"[0.9910573497774843,0.9934032661379127]",family-cluster sensitivity intervals over the constructed families; not a population confidence interval
15-spanish-b2,S2_P50_FIXED_ROUTE,3916,loads_per_token,707.515625,0.27751026202753115,471.328125,730.703125,FIXED_ROUTE_COUNTERFACTUAL,TPS_PROJECTION,True,M2,RMSE values differ by less than 5%; prefer loads_per_token,fa7480ceb1c45449eec2bb4557ffaa0f62ef14a8fdfd0c55e274b9a281a9fd0c,9567f49ef2dab913c7446dc85c7849b6665d978c9921eb83198d0c2a5e31b49b,4731949078aa993195cafb1c351e056c0df6e557570a271949e62702a6ba62e3,"[""b87d9461ff503e2d13675b08d0362d5675ab8b6a2481e2d19ee46027d0b0ea9d""]",76e0c3d578c4dba56e91d15ad643d8740037788a,0.993535949475491,0.0009278253355740362,"[0.9903916411770711,0.9952167227097748]",0.9926559259504573,0.0014058162266313012,"[0.9910573497774843,0.9934032661379127]",family-cluster sensitivity intervals over the constructed families; not a population confidence interval
15-spanish-b2,S2_P50_FIXED_ROUTE,5874,loads_per_token,588.984375,0.3154949419856258,471.328125,730.703125,FIXED_ROUTE_COUNTERFACTUAL,TPS_PROJECTION,True,M2,RMSE values differ by less than 5%; prefer loads_per_token,fa7480ceb1c45449eec2bb4557ffaa0f62ef14a8fdfd0c55e274b9a281a9fd0c,9567f49ef2dab913c7446dc85c7849b6665d978c9921eb83198d0c2a5e31b49b,4731949078aa993195cafb1c351e056c0df6e557570a271949e62702a6ba62e3,"[""b87d9461ff503e2d13675b08d0362d5675ab8b6a2481e2d19ee46027d0b0ea9d""]",76e0c3d578c4dba56e91d15ad643d8740037788a,0.993535949475491,0.0009278253355740362,"[0.9903916411770711,0.9952167227097748]",0.9926559259504573,0.0014058162266313012,"[0.9910573497774843,0.9934032661379127]",family-cluster sensitivity intervals over the constructed families; not a population confidence interval
15-spanish-b2,S2_P50_FIXED_ROUTE,7832,loads_per_token,525.421875,0.33586426416721404,471.328125,730.703125,FIXED_ROUTE_COUNTERFACTUAL,TPS_PROJECTION,True,M2,RMSE values differ by less than 5%; prefer loads_per_token,fa7480ceb1c45449eec2bb4557ffaa0f62ef14a8fdfd0c55e274b9a281a9fd0c,9567f49ef2dab913c7446dc85c7849b6665d978c9921eb83198d0c2a5e31b49b,4731949078aa993195cafb1c351e056c0df6e557570a271949e62702a6ba62e3,"[""b87d9461ff503e2d13675b08d0362d5675ab8b6a2481e2d19ee46027d0b0ea9d""]",76e0c3d578c4dba56e91d15ad643d8740037788a,0.993535949475491,0.0009278253355740362,"[0.9903916411770711,0.9952167227097748]",0.9926559259504573,0.0014058162266313012,"[0.9910573497774843,0.9934032661379127]",family-cluster sensitivity intervals over the constructed families; not a population confidence interval
15-spanish-b2,S2_P50_FIXED_ROUTE,7849,loads_per_token,524.765625,0.33607456690360216,471.328125,730.703125,FIXED_ROUTE_COUNTERFACTUAL,TPS_PROJECTION,True,M2,RMSE values differ by less than 5%; prefer loads_per_token,fa7480ceb1c45449eec2bb4557ffaa0f62ef14a8fdfd0c55e274b9a281a9fd0c,9567f49ef2dab913c7446dc85c7849b6665d978c9921eb83198d0c2a5e31b49b,4731949078aa993195cafb1c351e056c0df6e557570a271949e62702a6ba62e3,"[""b87d9461ff503e2d13675b08d0362d5675ab8b6a2481e2d19ee46027d0b0ea9d""]",76e0c3d578c4dba56e91d15ad643d8740037788a,0.993535949475491,0.0009278253355740362,"[0.9903916411770711,0.9952167227097748]",0.9926559259504573,0.0014058162266313012,"[0.9910573497774843,0.9934032661379127]",family-cluster sensitivity intervals over the constructed families; not a population confidence interval
15-spanish-b2,S2_P50_FIXED_ROUTE,9790,loads_per_token,476.28125,0.35161193335627383,471.328125,730.703125,FIXED_ROUTE_COUNTERFACTUAL,TPS_PROJECTION,True,M2,RMSE values differ by less than 5%; prefer loads_per_token,fa7480ceb1c45449eec2bb4557ffaa0f62ef14a8fdfd0c55e274b9a281a9fd0c,9567f49ef2dab913c7446dc85c7849b6665d978c9921eb83198d0c2a5e31b49b,4731949078aa993195cafb1c351e056c0df6e557570a271949e62702a6ba62e3,"[""b87d9461ff503e2d13675b08d0362d5675ab8b6a2481e2d19ee46027d0b0ea9d""]",76e0c3d578c4dba56e91d15ad643d8740037788a,0.993535949475491,0.0009278253355740362,"[0.9903916411770711,0.9952167227097748]",0.9926559259504573,0.0014058162266313012,"[0.9910573497774843,0.9934032661379127]",family-cluster sensitivity intervals over the constructed families; not a population confidence interval
15-spanish-b8,EXACT_LRU,5874,loads_per_token,672.34375,0.2887814872563304,471.328125,730.703125,EXACT_REPLAY,TPS_PROJECTION,True,M2,RMSE values differ by less than 5%; prefer loads_per_token,fa7480ceb1c45449eec2bb4557ffaa0f62ef14a8fdfd0c55e274b9a281a9fd0c,9567f49ef2dab913c7446dc85c7849b6665d978c9921eb83198d0c2a5e31b49b,4731949078aa993195cafb1c351e056c0df6e557570a271949e62702a6ba62e3,"[""18ab89a63b63f6c96a0e0aa4807fcf152aed251b441ab77a8b593bcb35929ba0"",""e7609656e3a646118e4e47e8156c77537d545963883bd4b37527eb00cc83b1bc""]",76e0c3d578c4dba56e91d15ad643d8740037788a,0.993535949475491,0.0009278253355740362,"[0.9903916411770711,0.9952167227097748]",0.9926559259504573,0.0014058162266313012,"[0.9910573497774843,0.9934032661379127]",family-cluster sensitivity intervals over the constructed families; not a population confidence interval
15-spanish-b8,EXACT_LRU,7832,loads_per_token,616.4375,0.3066972775133911,471.328125,730.703125,EXACT_REPLAY,TPS_PROJECTION,True,M2,RMSE values differ by less than 5%; prefer loads_per_token,fa7480ceb1c45449eec2bb4557ffaa0f62ef14a8fdfd0c55e274b9a281a9fd0c,9567f49ef2dab913c7446dc85c7849b6665d978c9921eb83198d0c2a5e31b49b,4731949078aa993195cafb1c351e056c0df6e557570a271949e62702a6ba62e3,"[""18ab89a63b63f6c96a0e0aa4807fcf152aed251b441ab77a8b593bcb35929ba0"",""e7609656e3a646118e4e47e8156c77537d545963883bd4b37527eb00cc83b1bc""]",76e0c3d578c4dba56e91d15ad643d8740037788a,0.993535949475491,0.0009278253355740362,"[0.9903916411770711,0.9952167227097748]",0.9926559259504573,0.0014058162266313012,"[0.9910573497774843,0.9934032661379127]",family-cluster sensitivity intervals over the constructed families; not a population confidence interval
15-spanish-b8,EXACT_LRU,7849,loads_per_token,616.171875,0.30678240004954815,471.328125,730.703125,EXACT_REPLAY,TPS_PROJECTION,True,M2,RMSE values differ by less than 5%; prefer loads_per_token,fa7480ceb1c45449eec2bb4557ffaa0f62ef14a8fdfd0c55e274b9a281a9fd0c,9567f49ef2dab913c7446dc85c7849b6665d978c9921eb83198d0c2a5e31b49b,4731949078aa993195cafb1c351e056c0df6e557570a271949e62702a6ba62e3,"[""18ab89a63b63f6c96a0e0aa4807fcf152aed251b441ab77a8b593bcb35929ba0"",""e7609656e3a646118e4e47e8156c77537d545963883bd4b37527eb00cc83b1bc""]",76e0c3d578c4dba56e91d15ad643d8740037788a,0.993535949475491,0.0009278253355740362,"[0.9903916411770711,0.9952167227097748]",0.9926559259504573,0.0014058162266313012,"[0.9910573497774843,0.9934032661379127]",family-cluster sensitivity intervals over the constructed families; not a population confidence interval
15-spanish-b8,EXACT_LRU,9790,loads_per_token,568.859375,0.3219442259015269,471.328125,730.703125,EXACT_REPLAY,TPS_PROJECTION,True,M2,RMSE values differ by less than 5%; prefer loads_per_token,fa7480ceb1c45449eec2bb4557ffaa0f62ef14a8fdfd0c55e274b9a281a9fd0c,9567f49ef2dab913c7446dc85c7849b6665d978c9921eb83198d0c2a5e31b49b,4731949078aa993195cafb1c351e056c0df6e557570a271949e62702a6ba62e3,"[""18ab89a63b63f6c96a0e0aa4807fcf152aed251b441ab77a8b593bcb35929ba0"",""e7609656e3a646118e4e47e8156c77537d545963883bd4b37527eb00cc83b1bc""]",76e0c3d578c4dba56e91d15ad643d8740037788a,0.993535949475491,0.0009278253355740362,"[0.9903916411770711,0.9952167227097748]",0.9926559259504573,0.0014058162266313012,"[0.9910573497774843,0.9934032661379127]",family-cluster sensitivity intervals over the constructed families; not a population confidence interval
15-spanish-b8,EXACT_LRU,11748,loads_per_token,527.25,0.335278420830133,471.328125,730.703125,EXACT_REPLAY,TPS_PROJECTION,True,M2,RMSE values differ by less than 5%; prefer loads_per_token,fa7480ceb1c45449eec2bb4557ffaa0f62ef14a8fdfd0c55e274b9a281a9fd0c,9567f49ef2dab913c7446dc85c7849b6665d978c9921eb83198d0c2a5e31b49b,4731949078aa993195cafb1c351e056c0df6e557570a271949e62702a6ba62e3,"[""18ab89a63b63f6c96a0e0aa4807fcf152aed251b441ab77a8b593bcb35929ba0"",""e7609656e3a646118e4e47e8156c77537d545963883bd4b37527eb00cc83b1bc""]",76e0c3d578c4dba56e91d15ad643d8740037788a,0.993535949475491,0.0009278253355740362,"[0.9903916411770711,0.9952167227097748]",0.9926559259504573,0.0014058162266313012,"[0.9910573497774843,0.9934032661379127]",family-cluster sensitivity intervals over the constructed families; not a population confidence interval
15-spanish-b8,S2_P50_FIXED_ROUTE,3916,loads_per_token,689.984375,0.2831283494138984,471.328125,730.703125,FIXED_ROUTE_COUNTERFACTUAL,TPS_PROJECTION,True,M2,RMSE values differ by less than 5%; prefer loads_per_token,fa7480ceb1c45449eec2bb4557ffaa0f62ef14a8fdfd0c55e274b9a281a9fd0c,9567f49ef2dab913c7446dc85c7849b6665d978c9921eb83198d0c2a5e31b49b,4731949078aa993195cafb1c351e056c0df6e557570a271949e62702a6ba62e3,"[""b87d9461ff503e2d13675b08d0362d5675ab8b6a2481e2d19ee46027d0b0ea9d""]",76e0c3d578c4dba56e91d15ad643d8740037788a,0.993535949475491,0.0009278253355740362,"[0.9903916411770711,0.9952167227097748]",0.9926559259504573,0.0014058162266313012,"[0.9910573497774843,0.9934032661379127]",family-cluster sensitivity intervals over the constructed families; not a population confidence interval
15-spanish-b8,S2_P50_FIXED_ROUTE,5874,loads_per_token,584.96875,0.31678179444400045,471.328125,730.703125,FIXED_ROUTE_COUNTERFACTUAL,TPS_PROJECTION,True,M2,RMSE values differ by less than 5%; prefer loads_per_token,fa7480ceb1c45449eec2bb4557ffaa0f62ef14a8fdfd0c55e274b9a281a9fd0c,9567f49ef2dab913c7446dc85c7849b6665d978c9921eb83198d0c2a5e31b49b,4731949078aa993195cafb1c351e056c0df6e557570a271949e62702a6ba62e3,"[""b87d9461ff503e2d13675b08d0362d5675ab8b6a2481e2d19ee46027d0b0ea9d""]",76e0c3d578c4dba56e91d15ad643d8740037788a,0.993535949475491,0.0009278253355740362,"[0.9903916411770711,0.9952167227097748]",0.9926559259504573,0.0014058162266313012,"[0.9910573497774843,0.9934032661379127]",family-cluster sensitivity intervals over the constructed families; not a population confidence interval
15-spanish-b8,S2_P50_FIXED_ROUTE,7832,loads_per_token,524.90625,0.336029502031519,471.328125,730.703125,FIXED_ROUTE_COUNTERFACTUAL,TPS_PROJECTION,True,M2,RMSE values differ by less than 5%; prefer loads_per_token,fa7480ceb1c45449eec2bb4557ffaa0f62ef14a8fdfd0c55e274b9a281a9fd0c,9567f49ef2dab913c7446dc85c7849b6665d978c9921eb83198d0c2a5e31b49b,4731949078aa993195cafb1c351e056c0df6e557570a271949e62702a6ba62e3,"[""b87d9461ff503e2d13675b08d0362d5675ab8b6a2481e2d19ee46027d0b0ea9d""]",76e0c3d578c4dba56e91d15ad643d8740037788a,0.993535949475491,0.0009278253355740362,"[0.9903916411770711,0.9952167227097748]",0.9926559259504573,0.0014058162266313012,"[0.9910573497774843,0.9934032661379127]",family-cluster sensitivity intervals over the constructed families; not a population confidence interval
15-spanish-b8,S2_P50_FIXED_ROUTE,7849,loads_per_token,524.53125,0.3361496750237407,471.328125,730.703125,FIXED_ROUTE_COUNTERFACTUAL,TPS_PROJECTION,True,M2,RMSE values differ by less than 5%; prefer loads_per_token,fa7480ceb1c45449eec2bb4557ffaa0f62ef14a8fdfd0c55e274b9a281a9fd0c,9567f49ef2dab913c7446dc85c7849b6665d978c9921eb83198d0c2a5e31b49b,4731949078aa993195cafb1c351e056c0df6e557570a271949e62702a6ba62e3,"[""b87d9461ff503e2d13675b08d0362d5675ab8b6a2481e2d19ee46027d0b0ea9d""]",76e0c3d578c4dba56e91d15ad643d8740037788a,0.993535949475491,0.0009278253355740362,"[0.9903916411770711,0.9952167227097748]",0.9926559259504573,0.0014058162266313012,"[0.9910573497774843,0.9934032661379127]",family-cluster sensitivity intervals over the constructed families; not a population confidence interval
15-spanish-b8,S2_P50_FIXED_ROUTE,9790,loads_per_token,476.03125,0.3516920486844217,471.328125,730.703125,FIXED_ROUTE_COUNTERFACTUAL,TPS_PROJECTION,True,M2,RMSE values differ by less than 5%; prefer loads_per_token,fa7480ceb1c45449eec2bb4557ffaa0f62ef14a8fdfd0c55e274b9a281a9fd0c,9567f49ef2dab913c7446dc85c7849b6665d978c9921eb83198d0c2a5e31b49b,4731949078aa993195cafb1c351e056c0df6e557570a271949e62702a6ba62e3,"[""b87d9461ff503e2d13675b08d0362d5675ab8b6a2481e2d19ee46027d0b0ea9d""]",76e0c3d578c4dba56e91d15ad643d8740037788a,0.993535949475491,0.0009278253355740362,"[0.9903916411770711,0.9952167227097748]",0.9926559259504573,0.0014058162266313012,"[0.9910573497774843,0.9934032661379127]",family-cluster sensitivity intervals over the constructed families; not a population confidence interval
16-multi-b1,EXACT_LRU,7832,loads_per_token,692.296875,0.28238728262853097,471.328125,730.703125,EXACT_REPLAY,TPS_PROJECTION,True,M2,RMSE values differ by less than 5%; prefer loads_per_token,fa7480ceb1c45449eec2bb4557ffaa0f62ef14a8fdfd0c55e274b9a281a9fd0c,9567f49ef2dab913c7446dc85c7849b6665d978c9921eb83198d0c2a5e31b49b,4731949078aa993195cafb1c351e056c0df6e557570a271949e62702a6ba62e3,"[""12d850801662811e8e418a9c28e50835d53c620ae0a6e11c8acadf36e9d3e431"",""18ab89a63b63f6c96a0e0aa4807fcf152aed251b441ab77a8b593bcb35929ba0""]",76e0c3d578c4dba56e91d15ad643d8740037788a,0.993535949475491,0.0009278253355740362,"[0.9903916411770711,0.9952167227097748]",0.9926559259504573,0.0014058162266313012,"[0.9910573497774843,0.9934032661379127]",family-cluster sensitivity intervals over the constructed families; not a population confidence interval
16-multi-b1,EXACT_LRU,7849,loads_per_token,692.09375,0.2824523763326511,471.328125,730.703125,EXACT_REPLAY,TPS_PROJECTION,True,M2,RMSE values differ by less than 5%; prefer loads_per_token,fa7480ceb1c45449eec2bb4557ffaa0f62ef14a8fdfd0c55e274b9a281a9fd0c,9567f49ef2dab913c7446dc85c7849b6665d978c9921eb83198d0c2a5e31b49b,4731949078aa993195cafb1c351e056c0df6e557570a271949e62702a6ba62e3,"[""12d850801662811e8e418a9c28e50835d53c620ae0a6e11c8acadf36e9d3e431"",""18ab89a63b63f6c96a0e0aa4807fcf152aed251b441ab77a8b593bcb35929ba0""]",76e0c3d578c4dba56e91d15ad643d8740037788a,0.993535949475491,0.0009278253355740362,"[0.9903916411770711,0.9952167227097748]",0.9926559259504573,0.0014058162266313012,"[0.9910573497774843,0.9934032661379127]",family-cluster sensitivity intervals over the constructed families; not a population confidence interval
16-multi-b1,EXACT_LRU,9790,loads_per_token,634.0625,0.3010491468789684,471.328125,730.703125,EXACT_REPLAY,TPS_PROJECTION,True,M2,RMSE values differ by less than 5%; prefer loads_per_token,fa7480ceb1c45449eec2bb4557ffaa0f62ef14a8fdfd0c55e274b9a281a9fd0c,9567f49ef2dab913c7446dc85c7849b6665d978c9921eb83198d0c2a5e31b49b,4731949078aa993195cafb1c351e056c0df6e557570a271949e62702a6ba62e3,"[""12d850801662811e8e418a9c28e50835d53c620ae0a6e11c8acadf36e9d3e431"",""18ab89a63b63f6c96a0e0aa4807fcf152aed251b441ab77a8b593bcb35929ba0""]",76e0c3d578c4dba56e91d15ad643d8740037788a,0.993535949475491,0.0009278253355740362,"[0.9903916411770711,0.9952167227097748]",0.9926559259504573,0.0014058162266313012,"[0.9910573497774843,0.9934032661379127]",family-cluster sensitivity intervals over the constructed families; not a population confidence interval
16-multi-b1,EXACT_LRU,11748,loads_per_token,583.15625,0.3173626305730723,471.328125,730.703125,EXACT_REPLAY,TPS_PROJECTION,True,M2,RMSE values differ by less than 5%; prefer loads_per_token,fa7480ceb1c45449eec2bb4557ffaa0f62ef14a8fdfd0c55e274b9a281a9fd0c,9567f49ef2dab913c7446dc85c7849b6665d978c9921eb83198d0c2a5e31b49b,4731949078aa993195cafb1c351e056c0df6e557570a271949e62702a6ba62e3,"[""12d850801662811e8e418a9c28e50835d53c620ae0a6e11c8acadf36e9d3e431"",""18ab89a63b63f6c96a0e0aa4807fcf152aed251b441ab77a8b593bcb35929ba0""]",76e0c3d578c4dba56e91d15ad643d8740037788a,0.993535949475491,0.0009278253355740362,"[0.9903916411770711,0.9952167227097748]",0.9926559259504573,0.0014058162266313012,"[0.9910573497774843,0.9934032661379127]",family-cluster sensitivity intervals over the constructed families; not a population confidence interval
16-multi-b1,EXACT_LRU,15665,loads_per_token,493.40625,0.3461240333781468,471.328125,730.703125,EXACT_REPLAY,TPS_PROJECTION,True,M2,RMSE values differ by less than 5%; prefer loads_per_token,fa7480ceb1c45449eec2bb4557ffaa0f62ef14a8fdfd0c55e274b9a281a9fd0c,9567f49ef2dab913c7446dc85c7849b6665d978c9921eb83198d0c2a5e31b49b,4731949078aa993195cafb1c351e056c0df6e557570a271949e62702a6ba62e3,"[""12d850801662811e8e418a9c28e50835d53c620ae0a6e11c8acadf36e9d3e431"",""18ab89a63b63f6c96a0e0aa4807fcf152aed251b441ab77a8b593bcb35929ba0""]",76e0c3d578c4dba56e91d15ad643d8740037788a,0.993535949475491,0.0009278253355740362,"[0.9903916411770711,0.9952167227097748]",0.9926559259504573,0.0014058162266313012,"[0.9910573497774843,0.9934032661379127]",family-cluster sensitivity intervals over the constructed families; not a population confidence interval
16-multi-b1,S2_P50_FIXED_ROUTE,5874,loads_per_token,675.578125,0.28774499519841773,471.328125,730.703125,FIXED_ROUTE_COUNTERFACTUAL,TPS_PROJECTION,True,M2,RMSE values differ by less than 5%; prefer loads_per_token,fa7480ceb1c45449eec2bb4557ffaa0f62ef14a8fdfd0c55e274b9a281a9fd0c,9567f49ef2dab913c7446dc85c7849b6665d978c9921eb83198d0c2a5e31b49b,4731949078aa993195cafb1c351e056c0df6e557570a271949e62702a6ba62e3,"[""b87d9461ff503e2d13675b08d0362d5675ab8b6a2481e2d19ee46027d0b0ea9d""]",76e0c3d578c4dba56e91d15ad643d8740037788a,0.993535949475491,0.0009278253355740362,"[0.9903916411770711,0.9952167227097748]",0.9926559259504573,0.0014058162266313012,"[0.9910573497774843,0.9934032661379127]",family-cluster sensitivity intervals over the constructed families; not a population confidence interval
16-multi-b1,S2_P50_FIXED_ROUTE,7832,loads_per_token,595.796875,0.3133117992935971,471.328125,730.703125,FIXED_ROUTE_COUNTERFACTUAL,TPS_PROJECTION,True,M2,RMSE values differ by less than 5%; prefer loads_per_token,fa7480ceb1c45449eec2bb4557ffaa0f62ef14a8fdfd0c55e274b9a281a9fd0c,9567f49ef2dab913c7446dc85c7849b6665d978c9921eb83198d0c2a5e31b49b,4731949078aa993195cafb1c351e056c0df6e557570a271949e62702a6ba62e3,"[""b87d9461ff503e2d13675b08d0362d5675ab8b6a2481e2d19ee46027d0b0ea9d""]",76e0c3d578c4dba56e91d15ad643d8740037788a,0.993535949475491,0.0009278253355740362,"[0.9903916411770711,0.9952167227097748]",0.9926559259504573,0.0014058162266313012,"[0.9910573497774843,0.9934032661379127]",family-cluster sensitivity intervals over the constructed families; not a population confidence interval
16-multi-b1,S2_P50_FIXED_ROUTE,7849,loads_per_token,595.046875,0.31355214527804065,471.328125,730.703125,FIXED_ROUTE_COUNTERFACTUAL,TPS_PROJECTION,True,M2,RMSE values differ by less than 5%; prefer loads_per_token,fa7480ceb1c45449eec2bb4557ffaa0f62ef14a8fdfd0c55e274b9a281a9fd0c,9567f49ef2dab913c7446dc85c7849b6665d978c9921eb83198d0c2a5e31b49b,4731949078aa993195cafb1c351e056c0df6e557570a271949e62702a6ba62e3,"[""b87d9461ff503e2d13675b08d0362d5675ab8b6a2481e2d19ee46027d0b0ea9d""]",76e0c3d578c4dba56e91d15ad643d8740037788a,0.993535949475491,0.0009278253355740362,"[0.9903916411770711,0.9952167227097748]",0.9926559259504573,0.0014058162266313012,"[0.9910573497774843,0.9934032661379127]",family-cluster sensitivity intervals over the constructed families; not a population confidence interval
16-multi-b1,S2_P50_FIXED_ROUTE,9790,loads_per_token,535.875,0.3325144420090325,471.328125,730.703125,FIXED_ROUTE_COUNTERFACTUAL,TPS_PROJECTION,True,M2,RMSE values differ by less than 5%; prefer loads_per_token,fa7480ceb1c45449eec2bb4557ffaa0f62ef14a8fdfd0c55e274b9a281a9fd0c,9567f49ef2dab913c7446dc85c7849b6665d978c9921eb83198d0c2a5e31b49b,4731949078aa993195cafb1c351e056c0df6e557570a271949e62702a6ba62e3,"[""b87d9461ff503e2d13675b08d0362d5675ab8b6a2481e2d19ee46027d0b0ea9d""]",76e0c3d578c4dba56e91d15ad643d8740037788a,0.993535949475491,0.0009278253355740362,"[0.9903916411770711,0.9952167227097748]",0.9926559259504573,0.0014058162266313012,"[0.9910573497774843,0.9934032661379127]",family-cluster sensitivity intervals over the constructed families; not a population confidence interval
16-multi-b1,S2_P50_FIXED_ROUTE,11748,loads_per_token,482.640625,0.34957399969651315,471.328125,730.703125,FIXED_ROUTE_COUNTERFACTUAL,TPS_PROJECTION,True,M2,RMSE values differ by less than 5%; prefer loads_per_token,fa7480ceb1c45449eec2bb4557ffaa0f62ef14a8fdfd0c55e274b9a281a9fd0c,9567f49ef2dab913c7446dc85c7849b6665d978c9921eb83198d0c2a5e31b49b,4731949078aa993195cafb1c351e056c0df6e557570a271949e62702a6ba62e3,"[""b87d9461ff503e2d13675b08d0362d5675ab8b6a2481e2d19ee46027d0b0ea9d""]",76e0c3d578c4dba56e91d15ad643d8740037788a,0.993535949475491,0.0009278253355740362,"[0.9903916411770711,0.9952167227097748]",0.9926559259504573,0.0014058162266313012,"[0.9910573497774843,0.9934032661379127]",family-cluster sensitivity intervals over the constructed families; not a population confidence interval
16-multi-b2,COMMITTEE_PIN_FIXED_ROUTE,23497,loads_per_token,555.921875,0.3260901941331776,471.328125,730.703125,FIXED_ROUTE_COUNTERFACTUAL,TPS_PROJECTION,True,M2,RMSE values differ by less than 5%; prefer loads_per_token,fa7480ceb1c45449eec2bb4557ffaa0f62ef14a8fdfd0c55e274b9a281a9fd0c,9567f49ef2dab913c7446dc85c7849b6665d978c9921eb83198d0c2a5e31b49b,4731949078aa993195cafb1c351e056c0df6e557570a271949e62702a6ba62e3,"[""0927db654db7b106584a5099415733edc65ed505a631836268158dc94d876889""]",76e0c3d578c4dba56e91d15ad643d8740037788a,0.993535949475491,0.0009278253355740362,"[0.9903916411770711,0.9952167227097748]",0.9926559259504573,0.0014058162266313012,"[0.9910573497774843,0.9934032661379127]",family-cluster sensitivity intervals over the constructed families; not a population confidence interval
16-multi-b2,COMMITTEE_PIN_FIXED_ROUTE,9790,loads_per_token,623.9375,0.3042938176689559,471.328125,730.703125,FIXED_ROUTE_COUNTERFACTUAL,TPS_PROJECTION,True,M2,RMSE values differ by less than 5%; prefer loads_per_token,fa7480ceb1c45449eec2bb4557ffaa0f62ef14a8fdfd0c55e274b9a281a9fd0c,9567f49ef2dab913c7446dc85c7849b6665d978c9921eb83198d0c2a5e31b49b,4731949078aa993195cafb1c351e056c0df6e557570a271949e62702a6ba62e3,"[""0927db654db7b106584a5099415733edc65ed505a631836268158dc94d876889""]",76e0c3d578c4dba56e91d15ad643d8740037788a,0.993535949475491,0.0009278253355740362,"[0.9903916411770711,0.9952167227097748]",0.9926559259504573,0.0014058162266313012,"[0.9910573497774843,0.9934032661379127]",family-cluster sensitivity intervals over the constructed families; not a population confidence interval
16-multi-b2,COMMITTEE_PIN_FIXED_ROUTE,11748,loads_per_token,532.765625,0.33351087640287125,471.328125,730.703125,FIXED_ROUTE_COUNTERFACTUAL,TPS_PROJECTION,True,M2,RMSE values differ by less than 5%; prefer loads_per_token,fa7480ceb1c45449eec2bb4557ffaa0f62ef14a8fdfd0c55e274b9a281a9fd0c,9567f49ef2dab913c7446dc85c7849b6665d978c9921eb83198d0c2a5e31b49b,4731949078aa993195cafb1c351e056c0df6e557570a271949e62702a6ba62e3,"[""0927db654db7b106584a5099415733edc65ed505a631836268158dc94d876889""]",76e0c3d578c4dba56e91d15ad643d8740037788a,0.993535949475491,0.0009278253355740362,"[0.9903916411770711,0.9952167227097748]",0.9926559259504573,0.0014058162266313012,"[0.9910573497774843,0.9934032661379127]",family-cluster sensitivity intervals over the constructed families; not a population confidence interval
16-multi-b2,COMMITTEE_PIN_FIXED_ROUTE,9790,loads_per_token,623.9375,0.3042938176689559,471.328125,730.703125,FIXED_ROUTE_COUNTERFACTUAL,TPS_PROJECTION,True,M2,RMSE values differ by less than 5%; prefer loads_per_token,fa7480ceb1c45449eec2bb4557ffaa0f62ef14a8fdfd0c55e274b9a281a9fd0c,9567f49ef2dab913c7446dc85c7849b6665d978c9921eb83198d0c2a5e31b49b,4731949078aa993195cafb1c351e056c0df6e557570a271949e62702a6ba62e3,"[""0927db654db7b106584a5099415733edc65ed505a631836268158dc94d876889""]",76e0c3d578c4dba56e91d15ad643d8740037788a,0.993535949475491,0.0009278253355740362,"[0.9903916411770711,0.9952167227097748]",0.9926559259504573,0.0014058162266313012,"[0.9910573497774843,0.9934032661379127]",family-cluster sensitivity intervals over the constructed families; not a population confidence interval
16-multi-b2,COMMITTEE_PIN_FIXED_ROUTE,11748,loads_per_token,532.765625,0.33351087640287125,471.328125,730.703125,FIXED_ROUTE_COUNTERFACTUAL,TPS_PROJECTION,True,M2,RMSE values differ by less than 5%; prefer loads_per_token,fa7480ceb1c45449eec2bb4557ffaa0f62ef14a8fdfd0c55e274b9a281a9fd0c,9567f49ef2dab913c7446dc85c7849b6665d978c9921eb83198d0c2a5e31b49b,4731949078aa993195cafb1c351e056c0df6e557570a271949e62702a6ba62e3,"[""0927db654db7b106584a5099415733edc65ed505a631836268158dc94d876889""]",76e0c3d578c4dba56e91d15ad643d8740037788a,0.993535949475491,0.0009278253355740362,"[0.9903916411770711,0.9952167227097748]",0.9926559259504573,0.0014058162266313012,"[0.9910573497774843,0.9934032661379127]",family-cluster sensitivity intervals over the constructed families; not a population confidence interval
16-multi-b2,COMMITTEE_PIN_FIXED_ROUTE,5874,loads_per_token,726.09375,0.27155669170454483,471.328125,730.703125,FIXED_ROUTE_COUNTERFACTUAL,TPS_PROJECTION,True,M2,RMSE values differ by less than 5%; prefer loads_per_token,fa7480ceb1c45449eec2bb4557ffaa0f62ef14a8fdfd0c55e274b9a281a9fd0c,9567f49ef2dab913c7446dc85c7849b6665d978c9921eb83198d0c2a5e31b49b,4731949078aa993195cafb1c351e056c0df6e557570a271949e62702a6ba62e3,"[""0927db654db7b106584a5099415733edc65ed505a631836268158dc94d876889""]",76e0c3d578c4dba56e91d15ad643d8740037788a,0.993535949475491,0.0009278253355740362,"[0.9903916411770711,0.9952167227097748]",0.9926559259504573,0.0014058162266313012,"[0.9910573497774843,0.9934032661379127]",family-cluster sensitivity intervals over the constructed families; not a population confidence interval
16-multi-b2,COMMITTEE_PIN_FIXED_ROUTE,7832,loads_per_token,631.265625,0.30194543711262234,471.328125,730.703125,FIXED_ROUTE_COUNTERFACTUAL,TPS_PROJECTION,True,M2,RMSE values differ by less than 5%; prefer loads_per_token,fa7480ceb1c45449eec2bb4557ffaa0f62ef14a8fdfd0c55e274b9a281a9fd0c,9567f49ef2dab913c7446dc85c7849b6665d978c9921eb83198d0c2a5e31b49b,4731949078aa993195cafb1c351e056c0df6e557570a271949e62702a6ba62e3,"[""0927db654db7b106584a5099415733edc65ed505a631836268158dc94d876889""]",76e0c3d578c4dba56e91d15ad643d8740037788a,0.993535949475491,0.0009278253355740362,"[0.9903916411770711,0.9952167227097748]",0.9926559259504573,0.0014058162266313012,"[0.9910573497774843,0.9934032661379127]",family-cluster sensitivity intervals over the constructed families; not a population confidence interval
16-multi-b2,COMMITTEE_PIN_FIXED_ROUTE,7849,loads_per_token,631.015625,0.3020255524407702,471.328125,730.703125,FIXED_ROUTE_COUNTERFACTUAL,TPS_PROJECTION,True,M2,RMSE values differ by less than 5%; prefer loads_per_token,fa7480ceb1c45449eec2bb4557ffaa0f62ef14a8fdfd0c55e274b9a281a9fd0c,9567f49ef2dab913c7446dc85c7849b6665d978c9921eb83198d0c2a5e31b49b,4731949078aa993195cafb1c351e056c0df6e557570a271949e62702a6ba62e3,"[""0927db654db7b106584a5099415733edc65ed505a631836268158dc94d876889""]",76e0c3d578c4dba56e91d15ad643d8740037788a,0.993535949475491,0.0009278253355740362,"[0.9903916411770711,0.9952167227097748]",0.9926559259504573,0.0014058162266313012,"[0.9910573497774843,0.9934032661379127]",family-cluster sensitivity intervals over the constructed families; not a population confidence interval
16-multi-b2,COMMITTEE_PIN_FIXED_ROUTE,9790,loads_per_token,569.84375,0.32162877179694477,471.328125,730.703125,FIXED_ROUTE_COUNTERFACTUAL,TPS_PROJECTION,True,M2,RMSE values differ by less than 5%; prefer loads_per_token,fa7480ceb1c45449eec2bb4557ffaa0f62ef14a8fdfd0c55e274b9a281a9fd0c,9567f49ef2dab913c7446dc85c7849b6665d978c9921eb83198d0c2a5e31b49b,4731949078aa993195cafb1c351e056c0df6e557570a271949e62702a6ba62e3,"[""0927db654db7b106584a5099415733edc65ed505a631836268158dc94d876889""]",76e0c3d578c4dba56e91d15ad643d8740037788a,0.993535949475491,0.0009278253355740362,"[0.9903916411770711,0.9952167227097748]",0.9926559259504573,0.0014058162266313012,"[0.9910573497774843,0.9934032661379127]",family-cluster sensitivity intervals over the constructed families; not a population confidence interval
16-multi-b2,COMMITTEE_PIN_FIXED_ROUTE,11748,loads_per_token,525.859375,0.3357240623429554,471.328125,730.703125,FIXED_ROUTE_COUNTERFACTUAL,TPS_PROJECTION,True,M2,RMSE values differ by less than 5%; prefer loads_per_token,fa7480ceb1c45449eec2bb4557ffaa0f62ef14a8fdfd0c55e274b9a281a9fd0c,9567f49ef2dab913c7446dc85c7849b6665d978c9921eb83198d0c2a5e31b49b,4731949078aa993195cafb1c351e056c0df6e557570a271949e62702a6ba62e3,"[""0927db654db7b106584a5099415733edc65ed505a631836268158dc94d876889""]",76e0c3d578c4dba56e91d15ad643d8740037788a,0.993535949475491,0.0009278253355740362,"[0.9903916411770711,0.9952167227097748]",0.9926559259504573,0.0014058162266313012,"[0.9910573497774843,0.9934032661379127]",family-cluster sensitivity intervals over the constructed families; not a population confidence interval
16-multi-b2,COMMITTEE_PIN_FIXED_ROUTE,5874,loads_per_token,698.453125,0.2804144426728904,471.328125,730.703125,FIXED_ROUTE_COUNTERFACTUAL,TPS_PROJECTION,True,M2,RMSE values differ by less than 5%; prefer loads_per_token,fa7480ceb1c45449eec2bb4557ffaa0f62ef14a8fdfd0c55e274b9a281a9fd0c,9567f49ef2dab913c7446dc85c7849b6665d978c9921eb83198d0c2a5e31b49b,4731949078aa993195cafb1c351e056c0df6e557570a271949e62702a6ba62e3,"[""0927db654db7b106584a5099415733edc65ed505a631836268158dc94d876889""]",76e0c3d578c4dba56e91d15ad643d8740037788a,0.993535949475491,0.0009278253355740362,"[0.9903916411770711,0.9952167227097748]",0.9926559259504573,0.0014058162266313012,"[0.9910573497774843,0.9934032661379127]",family-cluster sensitivity intervals over the constructed families; not a population confidence interval
16-multi-b2,COMMITTEE_PIN_FIXED_ROUTE,7832,loads_per_token,631.234375,0.3019554515286408,471.328125,730.703125,FIXED_ROUTE_COUNTERFACTUAL,TPS_PROJECTION,True,M2,RMSE values differ by less than 5%; prefer loads_per_token,fa7480ceb1c45449eec2bb4557ffaa0f62ef14a8fdfd0c55e274b9a281a9fd0c,9567f49ef2dab913c7446dc85c7849b6665d978c9921eb83198d0c2a5e31b49b,4731949078aa993195cafb1c351e056c0df6e557570a271949e62702a6ba62e3,"[""0927db654db7b106584a5099415733edc65ed505a631836268158dc94d876889""]",76e0c3d578c4dba56e91d15ad643d8740037788a,0.993535949475491,0.0009278253355740362,"[0.9903916411770711,0.9952167227097748]",0.9926559259504573,0.0014058162266313012,"[0.9910573497774843,0.9934032661379127]",family-cluster sensitivity intervals over the constructed families; not a population confidence interval
16-multi-b2,COMMITTEE_PIN_FIXED_ROUTE,7849,loads_per_token,630.890625,0.3020656101048441,471.328125,730.703125,FIXED_ROUTE_COUNTERFACTUAL,TPS_PROJECTION,True,M2,RMSE values differ by less than 5%; prefer loads_per_token,fa7480ceb1c45449eec2bb4557ffaa0f62ef14a8fdfd0c55e274b9a281a9fd0c,9567f49ef2dab913c7446dc85c7849b6665d978c9921eb83198d0c2a5e31b49b,4731949078aa993195cafb1c351e056c0df6e557570a271949e62702a6ba62e3,"[""0927db654db7b106584a5099415733edc65ed505a631836268158dc94d876889""]",76e0c3d578c4dba56e91d15ad643d8740037788a,0.993535949475491,0.0009278253355740362,"[0.9903916411770711,0.9952167227097748]",0.9926559259504573,0.0014058162266313012,"[0.9910573497774843,0.9934032661379127]",family-cluster sensitivity intervals over the constructed families; not a population confidence interval
16-multi-b2,COMMITTEE_PIN_FIXED_ROUTE,9790,loads_per_token,577.078125,0.31931043448866664,471.328125,730.703125,FIXED_ROUTE_COUNTERFACTUAL,TPS_PROJECTION,True,M2,RMSE values differ by less than 5%; prefer loads_per_token,fa7480ceb1c45449eec2bb4557ffaa0f62ef14a8fdfd0c55e274b9a281a9fd0c,9567f49ef2dab913c7446dc85c7849b6665d978c9921eb83198d0c2a5e31b49b,4731949078aa993195cafb1c351e056c0df6e557570a271949e62702a6ba62e3,"[""0927db654db7b106584a5099415733edc65ed505a631836268158dc94d876889""]",76e0c3d578c4dba56e91d15ad643d8740037788a,0.993535949475491,0.0009278253355740362,"[0.9903916411770711,0.9952167227097748]",0.9926559259504573,0.0014058162266313012,"[0.9910573497774843,0.9934032661379127]",family-cluster sensitivity intervals over the constructed families; not a population confidence interval
16-multi-b2,COMMITTEE_PIN_FIXED_ROUTE,11748,loads_per_token,536.875,0.3321939806964411,471.328125,730.703125,FIXED_ROUTE_COUNTERFACTUAL,TPS_PROJECTION,True,M2,RMSE values differ by less than 5%; prefer loads_per_token,fa7480ceb1c45449eec2bb4557ffaa0f62ef14a8fdfd0c55e274b9a281a9fd0c,9567f49ef2dab913c7446dc85c7849b6665d978c9921eb83198d0c2a5e31b49b,4731949078aa993195cafb1c351e056c0df6e557570a271949e62702a6ba62e3,"[""0927db654db7b106584a5099415733edc65ed505a631836268158dc94d876889""]",76e0c3d578c4dba56e91d15ad643d8740037788a,0.993535949475491,0.0009278253355740362,"[0.9903916411770711,0.9952167227097748]",0.9926559259504573,0.0014058162266313012,"[0.9910573497774843,0.9934032661379127]",family-cluster sensitivity intervals over the constructed families; not a population confidence interval
16-multi-b2,EXACT_LRU,5874,loads_per_token,717.46875,0.2743206705256453,471.328125,730.703125,EXACT_REPLAY,TPS_PROJECTION,True,M2,RMSE values differ by less than 5%; prefer loads_per_token,fa7480ceb1c45449eec2bb4557ffaa0f62ef14a8fdfd0c55e274b9a281a9fd0c,9567f49ef2dab913c7446dc85c7849b6665d978c9921eb83198d0c2a5e31b49b,4731949078aa993195cafb1c351e056c0df6e557570a271949e62702a6ba62e3,"[""18ab89a63b63f6c96a0e0aa4807fcf152aed251b441ab77a8b593bcb35929ba0"",""1c67745a4f933322d5698b09e61b0c133a99ea9214149400206fe2e0c3e004ef""]",76e0c3d578c4dba56e91d15ad643d8740037788a,0.993535949475491,0.0009278253355740362,"[0.9903916411770711,0.9952167227097748]",0.9926559259504573,0.0014058162266313012,"[0.9910573497774843,0.9934032661379127]",family-cluster sensitivity intervals over the constructed families; not a population confidence interval
16-multi-b2,EXACT_LRU,7832,loads_per_token,642.71875,0.2982751536418494,471.328125,730.703125,EXACT_REPLAY,TPS_PROJECTION,True,M2,RMSE values differ by less than 5%; prefer loads_per_token,fa7480ceb1c45449eec2bb4557ffaa0f62ef14a8fdfd0c55e274b9a281a9fd0c,9567f49ef2dab913c7446dc85c7849b6665d978c9921eb83198d0c2a5e31b49b,4731949078aa993195cafb1c351e056c0df6e557570a271949e62702a6ba62e3,"[""18ab89a63b63f6c96a0e0aa4807fcf152aed251b441ab77a8b593bcb35929ba0"",""1c67745a4f933322d5698b09e61b0c133a99ea9214149400206fe2e0c3e004ef""]",76e0c3d578c4dba56e91d15ad643d8740037788a,0.993535949475491,0.0009278253355740362,"[0.9903916411770711,0.9952167227097748]",0.9926559259504573,0.0014058162266313012,"[0.9910573497774843,0.9934032661379127]",family-cluster sensitivity intervals over the constructed families; not a population confidence interval
16-multi-b2,EXACT_LRU,7849,loads_per_token,642.5,0.29834525455397876,471.328125,730.703125,EXACT_REPLAY,TPS_PROJECTION,True,M2,RMSE values differ by less than 5%; prefer loads_per_token,fa7480ceb1c45449eec2bb4557ffaa0f62ef14a8fdfd0c55e274b9a281a9fd0c,9567f49ef2dab913c7446dc85c7849b6665d978c9921eb83198d0c2a5e31b49b,4731949078aa993195cafb1c351e056c0df6e557570a271949e62702a6ba62e3,"[""18ab89a63b63f6c96a0e0aa4807fcf152aed251b441ab77a8b593bcb35929ba0"",""1c67745a4f933322d5698b09e61b0c133a99ea9214149400206fe2e0c3e004ef""]",76e0c3d578c4dba56e91d15ad643d8740037788a,0.993535949475491,0.0009278253355740362,"[0.9903916411770711,0.9952167227097748]",0.9926559259504573,0.0014058162266313012,"[0.9910573497774843,0.9934032661379127]",family-cluster sensitivity intervals over the constructed families; not a population confidence interval
16-multi-b2,EXACT_LRU,9790,loads_per_token,592.53125,0.3143583057675283,471.328125,730.703125,EXACT_REPLAY,TPS_PROJECTION,True,M2,RMSE values differ by less than 5%; prefer loads_per_token,fa7480ceb1c45449eec2bb4557ffaa0f62ef14a8fdfd0c55e274b9a281a9fd0c,9567f49ef2dab913c7446dc85c7849b6665d978c9921eb83198d0c2a5e31b49b,4731949078aa993195cafb1c351e056c0df6e557570a271949e62702a6ba62e3,"[""18ab89a63b63f6c96a0e0aa4807fcf152aed251b441ab77a8b593bcb35929ba0"",""1c67745a4f933322d5698b09e61b0c133a99ea9214149400206fe2e0c3e004ef""]",76e0c3d578c4dba56e91d15ad643d8740037788a,0.993535949475491,0.0009278253355740362,"[0.9903916411770711,0.9952167227097748]",0.9926559259504573,0.0014058162266313012,"[0.9910573497774843,0.9934032661379127]",family-cluster sensitivity intervals over the constructed families; not a population confidence interval
16-multi-b2,EXACT_LRU,11748,loads_per_token,544.953125,0.3296052541556641,471.328125,730.703125,EXACT_REPLAY,TPS_PROJECTION,True,M2,RMSE values differ by less than 5%; prefer loads_per_token,fa7480ceb1c45449eec2bb4557ffaa0f62ef14a8fdfd0c55e274b9a281a9fd0c,9567f49ef2dab913c7446dc85c7849b6665d978c9921eb83198d0c2a5e31b49b,4731949078aa993195cafb1c351e056c0df6e557570a271949e62702a6ba62e3,"[""18ab89a63b63f6c96a0e0aa4807fcf152aed251b441ab77a8b593bcb35929ba0"",""1c67745a4f933322d5698b09e61b0c133a99ea9214149400206fe2e0c3e004ef""]",76e0c3d578c4dba56e91d15ad643d8740037788a,0.993535949475491,0.0009278253355740362,"[0.9903916411770711,0.9952167227097748]",0.9926559259504573,0.0014058162266313012,"[0.9910573497774843,0.9934032661379127]",family-cluster sensitivity intervals over the constructed families; not a population confidence interval
16-multi-b2,S2_P50_FIXED_ROUTE,3916,loads_per_token,722.671875,0.27265327025856834,471.328125,730.703125,FIXED_ROUTE_COUNTERFACTUAL,TPS_PROJECTION,True,M2,RMSE values differ by less than 5%; prefer loads_per_token,fa7480ceb1c45449eec2bb4557ffaa0f62ef14a8fdfd0c55e274b9a281a9fd0c,9567f49ef2dab913c7446dc85c7849b6665d978c9921eb83198d0c2a5e31b49b,4731949078aa993195cafb1c351e056c0df6e557570a271949e62702a6ba62e3,"[""b87d9461ff503e2d13675b08d0362d5675ab8b6a2481e2d19ee46027d0b0ea9d""]",76e0c3d578c4dba56e91d15ad643d8740037788a,0.993535949475491,0.0009278253355740362,"[0.9903916411770711,0.9952167227097748]",0.9926559259504573,0.0014058162266313012,"[0.9910573497774843,0.9934032661379127]",family-cluster sensitivity intervals over the constructed families; not a population confidence interval
16-multi-b2,S2_P50_FIXED_ROUTE,5874,loads_per_token,624.71875,0.3040434572684939,471.328125,730.703125,FIXED_ROUTE_COUNTERFACTUAL,TPS_PROJECTION,True,M2,RMSE values differ by less than 5%; prefer loads_per_token,fa7480ceb1c45449eec2bb4557ffaa0f62ef14a8fdfd0c55e274b9a281a9fd0c,9567f49ef2dab913c7446dc85c7849b6665d978c9921eb83198d0c2a5e31b49b,4731949078aa993195cafb1c351e056c0df6e557570a271949e62702a6ba62e3,"[""b87d9461ff503e2d13675b08d0362d5675ab8b6a2481e2d19ee46027d0b0ea9d""]",76e0c3d578c4dba56e91d15ad643d8740037788a,0.993535949475491,0.0009278253355740362,"[0.9903916411770711,0.9952167227097748]",0.9926559259504573,0.0014058162266313012,"[0.9910573497774843,0.9934032661379127]",family-cluster sensitivity intervals over the constructed families; not a population confidence interval
16-multi-b2,S2_P50_FIXED_ROUTE,7832,loads_per_token,551.234375,0.3275923565359496,471.328125,730.703125,FIXED_ROUTE_COUNTERFACTUAL,TPS_PROJECTION,True,M2,RMSE values differ by less than 5%; prefer loads_per_token,fa7480ceb1c45449eec2bb4557ffaa0f62ef14a8fdfd0c55e274b9a281a9fd0c,9567f49ef2dab913c7446dc85c7849b6665d978c9921eb83198d0c2a5e31b49b,4731949078aa993195cafb1c351e056c0df6e557570a271949e62702a6ba62e3,"[""b87d9461ff503e2d13675b08d0362d5675ab8b6a2481e2d19ee46027d0b0ea9d""]",76e0c3d578c4dba56e91d15ad643d8740037788a,0.993535949475491,0.0009278253355740362,"[0.9903916411770711,0.9952167227097748]",0.9926559259504573,0.0014058162266313012,"[0.9910573497774843,0.9934032661379127]",family-cluster sensitivity intervals over the constructed families; not a population confidence interval
16-multi-b2,S2_P50_FIXED_ROUTE,7849,loads_per_token,549.9375,0.32800795480071654,471.328125,730.703125,FIXED_ROUTE_COUNTERFACTUAL,TPS_PROJECTION,True,M2,RMSE values differ by less than 5%; prefer loads_per_token,fa7480ceb1c45449eec2bb4557ffaa0f62ef14a8fdfd0c55e274b9a281a9fd0c,9567f49ef2dab913c7446dc85c7849b6665d978c9921eb83198d0c2a5e31b49b,4731949078aa993195cafb1c351e056c0df6e557570a271949e62702a6ba62e3,"[""b87d9461ff503e2d13675b08d0362d5675ab8b6a2481e2d19ee46027d0b0ea9d""]",76e0c3d578c4dba56e91d15ad643d8740037788a,0.993535949475491,0.0009278253355740362,"[0.9903916411770711,0.9952167227097748]",0.9926559259504573,0.0014058162266313012,"[0.9910573497774843,0.9934032661379127]",family-cluster sensitivity intervals over the constructed families; not a population confidence interval
16-multi-b2,S2_P50_FIXED_ROUTE,9790,loads_per_token,500.96875,0.34370054470167466,471.328125,730.703125,FIXED_ROUTE_COUNTERFACTUAL,TPS_PROJECTION,True,M2,RMSE values differ by less than 5%; prefer loads_per_token,fa7480ceb1c45449eec2bb4557ffaa0f62ef14a8fdfd0c55e274b9a281a9fd0c,9567f49ef2dab913c7446dc85c7849b6665d978c9921eb83198d0c2a5e31b49b,4731949078aa993195cafb1c351e056c0df6e557570a271949e62702a6ba62e3,"[""b87d9461ff503e2d13675b08d0362d5675ab8b6a2481e2d19ee46027d0b0ea9d""]",76e0c3d578c4dba56e91d15ad643d8740037788a,0.993535949475491,0.0009278253355740362,"[0.9903916411770711,0.9952167227097748]",0.9926559259504573,0.0014058162266313012,"[0.9910573497774843,0.9934032661379127]",family-cluster sensitivity intervals over the constructed families; not a population confidence interval
16-multi-b8,EXACT_LRU,5874,loads_per_token,713.921875,0.2754573067437428,471.328125,730.703125,EXACT_REPLAY,TPS_PROJECTION,True,M2,RMSE values differ by less than 5%; prefer loads_per_token,fa7480ceb1c45449eec2bb4557ffaa0f62ef14a8fdfd0c55e274b9a281a9fd0c,9567f49ef2dab913c7446dc85c7849b6665d978c9921eb83198d0c2a5e31b49b,4731949078aa993195cafb1c351e056c0df6e557570a271949e62702a6ba62e3,"[""18ab89a63b63f6c96a0e0aa4807fcf152aed251b441ab77a8b593bcb35929ba0"",""a6ccd8684295aa648007171379dfa20284a6e7a673478d5ec37d5e64f4a1e761""]",76e0c3d578c4dba56e91d15ad643d8740037788a,0.993535949475491,0.0009278253355740362,"[0.9903916411770711,0.9952167227097748]",0.9926559259504573,0.0014058162266313012,"[0.9910573497774843,0.9934032661379127]",family-cluster sensitivity intervals over the constructed families; not a population confidence interval
16-multi-b8,EXACT_LRU,7832,loads_per_token,642.40625,0.2983752978020342,471.328125,730.703125,EXACT_REPLAY,TPS_PROJECTION,True,M2,RMSE values differ by less than 5%; prefer loads_per_token,fa7480ceb1c45449eec2bb4557ffaa0f62ef14a8fdfd0c55e274b9a281a9fd0c,9567f49ef2dab913c7446dc85c7849b6665d978c9921eb83198d0c2a5e31b49b,4731949078aa993195cafb1c351e056c0df6e557570a271949e62702a6ba62e3,"[""18ab89a63b63f6c96a0e0aa4807fcf152aed251b441ab77a8b593bcb35929ba0"",""a6ccd8684295aa648007171379dfa20284a6e7a673478d5ec37d5e64f4a1e761""]",76e0c3d578c4dba56e91d15ad643d8740037788a,0.993535949475491,0.0009278253355740362,"[0.9903916411770711,0.9952167227097748]",0.9926559259504573,0.0014058162266313012,"[0.9910573497774843,0.9934032661379127]",family-cluster sensitivity intervals over the constructed families; not a population confidence interval
16-multi-b8,EXACT_LRU,7849,loads_per_token,641.59375,0.2986356726185147,471.328125,730.703125,EXACT_REPLAY,TPS_PROJECTION,True,M2,RMSE values differ by less than 5%; prefer loads_per_token,fa7480ceb1c45449eec2bb4557ffaa0f62ef14a8fdfd0c55e274b9a281a9fd0c,9567f49ef2dab913c7446dc85c7849b6665d978c9921eb83198d0c2a5e31b49b,4731949078aa993195cafb1c351e056c0df6e557570a271949e62702a6ba62e3,"[""18ab89a63b63f6c96a0e0aa4807fcf152aed251b441ab77a8b593bcb35929ba0"",""a6ccd8684295aa648007171379dfa20284a6e7a673478d5ec37d5e64f4a1e761""]",76e0c3d578c4dba56e91d15ad643d8740037788a,0.993535949475491,0.0009278253355740362,"[0.9903916411770711,0.9952167227097748]",0.9926559259504573,0.0014058162266313012,"[0.9910573497774843,0.9934032661379127]",family-cluster sensitivity intervals over the constructed families; not a population confidence interval
16-multi-b8,EXACT_LRU,9790,loads_per_token,582.640625,0.31752786843737724,471.328125,730.703125,EXACT_REPLAY,TPS_PROJECTION,True,M2,RMSE values differ by less than 5%; prefer loads_per_token,fa7480ceb1c45449eec2bb4557ffaa0f62ef14a8fdfd0c55e274b9a281a9fd0c,9567f49ef2dab913c7446dc85c7849b6665d978c9921eb83198d0c2a5e31b49b,4731949078aa993195cafb1c351e056c0df6e557570a271949e62702a6ba62e3,"[""18ab89a63b63f6c96a0e0aa4807fcf152aed251b441ab77a8b593bcb35929ba0"",""a6ccd8684295aa648007171379dfa20284a6e7a673478d5ec37d5e64f4a1e761""]",76e0c3d578c4dba56e91d15ad643d8740037788a,0.993535949475491,0.0009278253355740362,"[0.9903916411770711,0.9952167227097748]",0.9926559259504573,0.0014058162266313012,"[0.9910573497774843,0.9934032661379127]",family-cluster sensitivity intervals over the constructed families; not a population confidence interval
16-multi-b8,EXACT_LRU,11748,loads_per_token,539.09375,0.33148295715912907,471.328125,730.703125,EXACT_REPLAY,TPS_PROJECTION,True,M2,RMSE values differ by less than 5%; prefer loads_per_token,fa7480ceb1c45449eec2bb4557ffaa0f62ef14a8fdfd0c55e274b9a281a9fd0c,9567f49ef2dab913c7446dc85c7849b6665d978c9921eb83198d0c2a5e31b49b,4731949078aa993195cafb1c351e056c0df6e557570a271949e62702a6ba62e3,"[""18ab89a63b63f6c96a0e0aa4807fcf152aed251b441ab77a8b593bcb35929ba0"",""a6ccd8684295aa648007171379dfa20284a6e7a673478d5ec37d5e64f4a1e761""]",76e0c3d578c4dba56e91d15ad643d8740037788a,0.993535949475491,0.0009278253355740362,"[0.9903916411770711,0.9952167227097748]",0.9926559259504573,0.0014058162266313012,"[0.9910573497774843,0.9934032661379127]",family-cluster sensitivity intervals over the constructed families; not a population confidence interval
16-multi-b8,S2_P50_FIXED_ROUTE,5874,loads_per_token,622.921875,0.30461928618955647,471.328125,730.703125,FIXED_ROUTE_COUNTERFACTUAL,TPS_PROJECTION,True,M2,RMSE values differ by less than 5%; prefer loads_per_token,fa7480ceb1c45449eec2bb4557ffaa0f62ef14a8fdfd0c55e274b9a281a9fd0c,9567f49ef2dab913c7446dc85c7849b6665d978c9921eb83198d0c2a5e31b49b,4731949078aa993195cafb1c351e056c0df6e557570a271949e62702a6ba62e3,"[""b87d9461ff503e2d13675b08d0362d5675ab8b6a2481e2d19ee46027d0b0ea9d""]",76e0c3d578c4dba56e91d15ad643d8740037788a,0.993535949475491,0.0009278253355740362,"[0.9903916411770711,0.9952167227097748]",0.9926559259504573,0.0014058162266313012,"[0.9910573497774843,0.9934032661379127]",family-cluster sensitivity intervals over the constructed families; not a population confidence interval
16-multi-b8,S2_P50_FIXED_ROUTE,7832,loads_per_token,540.765625,0.3309471859021404,471.328125,730.703125,FIXED_ROUTE_COUNTERFACTUAL,TPS_PROJECTION,True,M2,RMSE values differ by less than 5%; prefer loads_per_token,fa7480ceb1c45449eec2bb4557ffaa0f62ef14a8fdfd0c55e274b9a281a9fd0c,9567f49ef2dab913c7446dc85c7849b6665d978c9921eb83198d0c2a5e31b49b,4731949078aa993195cafb1c351e056c0df6e557570a271949e62702a6ba62e3,"[""b87d9461ff503e2d13675b08d0362d5675ab8b6a2481e2d19ee46027d0b0ea9d""]",76e0c3d578c4dba56e91d15ad643d8740037788a,0.993535949475491,0.0009278253355740362,"[0.9903916411770711,0.9952167227097748]",0.9926559259504573,0.0014058162266313012,"[0.9910573497774843,0.9934032661379127]",family-cluster sensitivity intervals over the constructed families; not a population confidence interval
16-multi-b8,S2_P50_FIXED_ROUTE,7849,loads_per_token,540.203125,0.331127445390473,471.328125,730.703125,FIXED_ROUTE_COUNTERFACTUAL,TPS_PROJECTION,True,M2,RMSE values differ by less than 5%; prefer loads_per_token,fa7480ceb1c45449eec2bb4557ffaa0f62ef14a8fdfd0c55e274b9a281a9fd0c,9567f49ef2dab913c7446dc85c7849b6665d978c9921eb83198d0c2a5e31b49b,4731949078aa993195cafb1c351e056c0df6e557570a271949e62702a6ba62e3,"[""b87d9461ff503e2d13675b08d0362d5675ab8b6a2481e2d19ee46027d0b0ea9d""]",76e0c3d578c4dba56e91d15ad643d8740037788a,0.993535949475491,0.0009278253355740362,"[0.9903916411770711,0.9952167227097748]",0.9926559259504573,0.0014058162266313012,"[0.9910573497774843,0.9934032661379127]",family-cluster sensitivity intervals over the constructed families; not a population confidence interval
16-multi-b8,S2_P50_FIXED_ROUTE,9790,loads_per_token,488.8125,0.34759615253286336,471.328125,730.703125,FIXED_ROUTE_COUNTERFACTUAL,TPS_PROJECTION,True,M2,RMSE values differ by less than 5%; prefer loads_per_token,fa7480ceb1c45449eec2bb4557ffaa0f62ef14a8fdfd0c55e274b9a281a9fd0c,9567f49ef2dab913c7446dc85c7849b6665d978c9921eb83198d0c2a5e31b49b,4731949078aa993195cafb1c351e056c0df6e557570a271949e62702a6ba62e3,"[""b87d9461ff503e2d13675b08d0362d5675ab8b6a2481e2d19ee46027d0b0ea9d""]",76e0c3d578c4dba56e91d15ad643d8740037788a,0.993535949475491,0.0009278253355740362,"[0.9903916411770711,0.9952167227097748]",0.9926559259504573,0.0014058162266313012,"[0.9910573497774843,0.9934032661379127]",family-cluster sensitivity intervals over the constructed families; not a population confidence interval
