case_id,semantic_family,phase,gamma,capacity_slots,capacity_bytes,status,committee_hit_ratio,exact_hit_ratio,hit_ratio_delta,regresses,source_evidence_class,post_hoc_exploratory
01-math-b1,mathematical reasoning,DECODE,0.5,3916,68715085824,INFEASIBLE_CORE_EXCEEDS_CAPACITY,,0.46065090013586957,,False,FIXED_ROUTE_COUNTERFACTUAL,True
01-math-b1,mathematical reasoning,DECODE,0.5,5874,103072628736,INFEASIBLE_CORE_EXCEEDS_CAPACITY,,0.5456436820652174,,False,FIXED_ROUTE_COUNTERFACTUAL,True
01-math-b1,mathematical reasoning,DECODE,0.5,7832,137430171648,INFEASIBLE_CORE_EXCEEDS_CAPACITY,,0.5977305536684783,,False,FIXED_ROUTE_COUNTERFACTUAL,True
01-math-b1,mathematical reasoning,DECODE,0.5,7849,137728475136,INFEASIBLE_CORE_EXCEEDS_CAPACITY,,0.5981020720108695,,False,FIXED_ROUTE_COUNTERFACTUAL,True
01-math-b1,mathematical reasoning,DECODE,0.5,9790,171787714560,INFEASIBLE_CORE_EXCEEDS_CAPACITY,,0.6291928498641305,,False,FIXED_ROUTE_COUNTERFACTUAL,True
01-math-b1,mathematical reasoning,DECODE,0.5,11748,206145257472,INFEASIBLE_CORE_EXCEEDS_CAPACITY,,0.6551885190217391,,False,FIXED_ROUTE_COUNTERFACTUAL,True
01-math-b1,mathematical reasoning,DECODE,0.5,15665,274877890560,INFEASIBLE_CORE_EXCEEDS_CAPACITY,,0.7012992527173914,,False,FIXED_ROUTE_COUNTERFACTUAL,True
01-math-b1,mathematical reasoning,DECODE,0.5,19581,343592976384,INFEASIBLE_CORE_EXCEEDS_CAPACITY,,0.740828804347826,,False,FIXED_ROUTE_COUNTERFACTUAL,True
01-math-b1,mathematical reasoning,DECODE,0.5,23497,412308062208,pass,0.5935483186141305,0.7757196841032609,-0.18217136548913038,True,FIXED_ROUTE_COUNTERFACTUAL,True
01-math-b1,mathematical reasoning,DECODE,0.5,27413,481023148032,pass,0.7927458389945652,0.810196586277174,-0.01745074728260876,True,FIXED_ROUTE_COUNTERFACTUAL,True
01-math-b1,mathematical reasoning,DECODE,0.5,31330,549755781120,pass,0.8302055027173914,0.8531122622282609,-0.022906759510869512,True,FIXED_ROUTE_COUNTERFACTUAL,True
01-math-b1,mathematical reasoning,DECODE,0.5,39162,687185952768,pass,0.8843304177989131,0.8923233695652174,-0.007992951766304324,True,FIXED_ROUTE_COUNTERFACTUAL,True
01-math-b1,mathematical reasoning,DECODE,0.5,46995,824633671680,pass,0.9210788892663043,0.9259404721467391,-0.004861582880434812,True,FIXED_ROUTE_COUNTERFACTUAL,True
01-math-b1,mathematical reasoning,DECODE,0.5,54827,962063843328,pass,0.9384234884510869,0.9423828125,-0.003959324048913082,True,FIXED_ROUTE_COUNTERFACTUAL,True
01-math-b1,mathematical reasoning,DECODE,0.5,62660,1099511562240,pass,0.9432107676630435,0.9432107676630435,0.0,False,FIXED_ROUTE_COUNTERFACTUAL,True
01-math-b1,mathematical reasoning,DECODE,0.5,70492,1236941733888,pass,0.9432107676630435,0.9432107676630435,0.0,False,FIXED_ROUTE_COUNTERFACTUAL,True
01-math-b1,mathematical reasoning,DECODE,0.5,78325,1374389452800,pass,0.9432107676630435,0.9432107676630435,0.0,False,FIXED_ROUTE_COUNTERFACTUAL,True
01-math-b1,mathematical reasoning,DECODE,0.5,82432,1446456066048,pass,0.9432107676630435,0.9432107676630435,0.0,False,FIXED_ROUTE_COUNTERFACTUAL,True
01-math-b1,mathematical reasoning,DECODE,0.75,3916,68715085824,INFEASIBLE_CORE_EXCEEDS_CAPACITY,,0.46065090013586957,,False,FIXED_ROUTE_COUNTERFACTUAL,True
01-math-b1,mathematical reasoning,DECODE,0.75,5874,103072628736,INFEASIBLE_CORE_EXCEEDS_CAPACITY,,0.5456436820652174,,False,FIXED_ROUTE_COUNTERFACTUAL,True
01-math-b1,mathematical reasoning,DECODE,0.75,7832,137430171648,pass,0.3202063519021739,0.5977305536684783,-0.2775242017663044,True,FIXED_ROUTE_COUNTERFACTUAL,True
01-math-b1,mathematical reasoning,DECODE,0.75,7849,137728475136,pass,0.3202063519021739,0.5981020720108695,-0.2778957201086956,True,FIXED_ROUTE_COUNTERFACTUAL,True
01-math-b1,mathematical reasoning,DECODE,0.75,9790,171787714560,pass,0.5472783627717391,0.6291928498641305,-0.08191448709239135,True,FIXED_ROUTE_COUNTERFACTUAL,True
01-math-b1,mathematical reasoning,DECODE,0.75,11748,206145257472,pass,0.6365064538043478,0.6551885190217391,-0.018682065217391353,True,FIXED_ROUTE_COUNTERFACTUAL,True
01-math-b1,mathematical reasoning,DECODE,0.75,15665,274877890560,pass,0.7085597826086957,0.7012992527173914,0.007260529891304324,False,FIXED_ROUTE_COUNTERFACTUAL,True
01-math-b1,mathematical reasoning,DECODE,0.75,19581,343592976384,pass,0.7488217561141305,0.740828804347826,0.007992951766304435,False,FIXED_ROUTE_COUNTERFACTUAL,True
01-math-b1,mathematical reasoning,DECODE,0.75,23497,412308062208,pass,0.7808572520380435,0.7757196841032609,0.005137567934782594,False,FIXED_ROUTE_COUNTERFACTUAL,True
01-math-b1,mathematical reasoning,DECODE,0.75,27413,481023148032,pass,0.8129245923913043,0.810196586277174,0.002728006114130377,False,FIXED_ROUTE_COUNTERFACTUAL,True
01-math-b1,mathematical reasoning,DECODE,0.75,31330,549755781120,pass,0.8515200407608695,0.8531122622282609,-0.0015922214673913526,True,FIXED_ROUTE_COUNTERFACTUAL,True
01-math-b1,mathematical reasoning,DECODE,0.75,39162,687185952768,pass,0.8922596807065217,0.8923233695652174,-6.368885869567631e-05,True,FIXED_ROUTE_COUNTERFACTUAL,True
01-math-b1,mathematical reasoning,DECODE,0.75,46995,824633671680,pass,0.9256644870923914,0.9259404721467391,-0.00027598505434778264,True,FIXED_ROUTE_COUNTERFACTUAL,True
01-math-b1,mathematical reasoning,DECODE,0.75,54827,962063843328,pass,0.9420537533967391,0.9423828125,-0.00032905910326086474,True,FIXED_ROUTE_COUNTERFACTUAL,True
01-math-b1,mathematical reasoning,DECODE,0.75,62660,1099511562240,pass,0.9432107676630435,0.9432107676630435,0.0,False,FIXED_ROUTE_COUNTERFACTUAL,True
01-math-b1,mathematical reasoning,DECODE,0.75,70492,1236941733888,pass,0.9432107676630435,0.9432107676630435,0.0,False,FIXED_ROUTE_COUNTERFACTUAL,True
01-math-b1,mathematical reasoning,DECODE,0.75,78325,1374389452800,pass,0.9432107676630435,0.9432107676630435,0.0,False,FIXED_ROUTE_COUNTERFACTUAL,True
01-math-b1,mathematical reasoning,DECODE,0.75,82432,1446456066048,pass,0.9432107676630435,0.9432107676630435,0.0,False,FIXED_ROUTE_COUNTERFACTUAL,True
01-math-b1,mathematical reasoning,DECODE,0.8,3916,68715085824,INFEASIBLE_CORE_EXCEEDS_CAPACITY,,0.46065090013586957,,False,FIXED_ROUTE_COUNTERFACTUAL,True
01-math-b1,mathematical reasoning,DECODE,0.8,5874,103072628736,INFEASIBLE_CORE_EXCEEDS_CAPACITY,,0.5456436820652174,,False,FIXED_ROUTE_COUNTERFACTUAL,True
01-math-b1,mathematical reasoning,DECODE,0.8,7832,137430171648,pass,0.3202063519021739,0.5977305536684783,-0.2775242017663044,True,FIXED_ROUTE_COUNTERFACTUAL,True
01-math-b1,mathematical reasoning,DECODE,0.8,7849,137728475136,pass,0.3202063519021739,0.5981020720108695,-0.2778957201086956,True,FIXED_ROUTE_COUNTERFACTUAL,True
01-math-b1,mathematical reasoning,DECODE,0.8,9790,171787714560,pass,0.5472783627717391,0.6291928498641305,-0.08191448709239135,True,FIXED_ROUTE_COUNTERFACTUAL,True
01-math-b1,mathematical reasoning,DECODE,0.8,11748,206145257472,pass,0.6365064538043478,0.6551885190217391,-0.018682065217391353,True,FIXED_ROUTE_COUNTERFACTUAL,True
01-math-b1,mathematical reasoning,DECODE,0.8,15665,274877890560,pass,0.7085597826086957,0.7012992527173914,0.007260529891304324,False,FIXED_ROUTE_COUNTERFACTUAL,True
01-math-b1,mathematical reasoning,DECODE,0.8,19581,343592976384,pass,0.7488217561141305,0.740828804347826,0.007992951766304435,False,FIXED_ROUTE_COUNTERFACTUAL,True
01-math-b1,mathematical reasoning,DECODE,0.8,23497,412308062208,pass,0.7808572520380435,0.7757196841032609,0.005137567934782594,False,FIXED_ROUTE_COUNTERFACTUAL,True
01-math-b1,mathematical reasoning,DECODE,0.8,27413,481023148032,pass,0.8129245923913043,0.810196586277174,0.002728006114130377,False,FIXED_ROUTE_COUNTERFACTUAL,True
01-math-b1,mathematical reasoning,DECODE,0.8,31330,549755781120,pass,0.8515200407608695,0.8531122622282609,-0.0015922214673913526,True,FIXED_ROUTE_COUNTERFACTUAL,True
01-math-b1,mathematical reasoning,DECODE,0.8,39162,687185952768,pass,0.8922596807065217,0.8923233695652174,-6.368885869567631e-05,True,FIXED_ROUTE_COUNTERFACTUAL,True
01-math-b1,mathematical reasoning,DECODE,0.8,46995,824633671680,pass,0.9256644870923914,0.9259404721467391,-0.00027598505434778264,True,FIXED_ROUTE_COUNTERFACTUAL,True
01-math-b1,mathematical reasoning,DECODE,0.8,54827,962063843328,pass,0.9420537533967391,0.9423828125,-0.00032905910326086474,True,FIXED_ROUTE_COUNTERFACTUAL,True
01-math-b1,mathematical reasoning,DECODE,0.8,62660,1099511562240,pass,0.9432107676630435,0.9432107676630435,0.0,False,FIXED_ROUTE_COUNTERFACTUAL,True
01-math-b1,mathematical reasoning,DECODE,0.8,70492,1236941733888,pass,0.9432107676630435,0.9432107676630435,0.0,False,FIXED_ROUTE_COUNTERFACTUAL,True
01-math-b1,mathematical reasoning,DECODE,0.8,78325,1374389452800,pass,0.9432107676630435,0.9432107676630435,0.0,False,FIXED_ROUTE_COUNTERFACTUAL,True
01-math-b1,mathematical reasoning,DECODE,0.8,82432,1446456066048,pass,0.9432107676630435,0.9432107676630435,0.0,False,FIXED_ROUTE_COUNTERFACTUAL,True
01-math-b1,mathematical reasoning,DECODE,0.9,3916,68715085824,pass,0.20133109714673914,0.46065090013586957,-0.25931980298913043,True,FIXED_ROUTE_COUNTERFACTUAL,True
01-math-b1,mathematical reasoning,DECODE,0.9,5874,103072628736,pass,0.4976222826086957,0.5456436820652174,-0.04802139945652173,True,FIXED_ROUTE_COUNTERFACTUAL,True
01-math-b1,mathematical reasoning,DECODE,0.9,7832,137430171648,pass,0.580810546875,0.5977305536684783,-0.01692000679347827,True,FIXED_ROUTE_COUNTERFACTUAL,True
01-math-b1,mathematical reasoning,DECODE,0.9,7849,137728475136,pass,0.5813943614130435,0.5981020720108695,-0.016707710597826053,True,FIXED_ROUTE_COUNTERFACTUAL,True
01-math-b1,mathematical reasoning,DECODE,0.9,9790,171787714560,pass,0.6315811820652174,0.6291928498641305,0.002388332201086918,False,FIXED_ROUTE_COUNTERFACTUAL,True
01-math-b1,mathematical reasoning,DECODE,0.9,11748,206145257472,pass,0.6614512567934783,0.6551885190217391,0.006262737771739135,False,FIXED_ROUTE_COUNTERFACTUAL,True
01-math-b1,mathematical reasoning,DECODE,0.9,15665,274877890560,pass,0.708145805027174,0.7012992527173914,0.006846552309782594,False,FIXED_ROUTE_COUNTERFACTUAL,True
01-math-b1,mathematical reasoning,DECODE,0.9,19581,343592976384,pass,0.7465183423913043,0.740828804347826,0.0056895380434782705,False,FIXED_ROUTE_COUNTERFACTUAL,True
01-math-b1,mathematical reasoning,DECODE,0.9,23497,412308062208,pass,0.7797108525815217,0.7757196841032609,0.003991168478260865,False,FIXED_ROUTE_COUNTERFACTUAL,True
01-math-b1,mathematical reasoning,DECODE,0.9,27413,481023148032,pass,0.812393851902174,0.810196586277174,0.002197265625,False,FIXED_ROUTE_COUNTERFACTUAL,True
01-math-b1,mathematical reasoning,DECODE,0.9,31330,549755781120,pass,0.8549698539402174,0.8531122622282609,0.001857591711956541,False,FIXED_ROUTE_COUNTERFACTUAL,True
01-math-b1,mathematical reasoning,DECODE,0.9,39162,687185952768,pass,0.8927373471467391,0.8923233695652174,0.0004139775815217295,False,FIXED_ROUTE_COUNTERFACTUAL,True
01-math-b1,mathematical reasoning,DECODE,0.9,46995,824633671680,pass,0.925919242527174,0.9259404721467391,-2.122961956518843e-05,True,FIXED_ROUTE_COUNTERFACTUAL,True
01-math-b1,mathematical reasoning,DECODE,0.9,54827,962063843328,pass,0.9422872792119565,0.9423828125,-9.553328804345895e-05,True,FIXED_ROUTE_COUNTERFACTUAL,True
01-math-b1,mathematical reasoning,DECODE,0.9,62660,1099511562240,pass,0.9432107676630435,0.9432107676630435,0.0,False,FIXED_ROUTE_COUNTERFACTUAL,True
01-math-b1,mathematical reasoning,DECODE,0.9,70492,1236941733888,pass,0.9432107676630435,0.9432107676630435,0.0,False,FIXED_ROUTE_COUNTERFACTUAL,True
01-math-b1,mathematical reasoning,DECODE,0.9,78325,1374389452800,pass,0.9432107676630435,0.9432107676630435,0.0,False,FIXED_ROUTE_COUNTERFACTUAL,True
01-math-b1,mathematical reasoning,DECODE,0.9,82432,1446456066048,pass,0.9432107676630435,0.9432107676630435,0.0,False,FIXED_ROUTE_COUNTERFACTUAL,True
01-math-b1,mathematical reasoning,DECODE,1.0,3916,68715085824,pass,0.43466584578804346,0.46065090013586957,-0.02598505434782611,True,FIXED_ROUTE_COUNTERFACTUAL,True
01-math-b1,mathematical reasoning,DECODE,1.0,5874,103072628736,pass,0.5377462635869565,0.5456436820652174,-0.007897418478260865,True,FIXED_ROUTE_COUNTERFACTUAL,True
01-math-b1,mathematical reasoning,DECODE,1.0,7832,137430171648,pass,0.5955332880434783,0.5977305536684783,-0.002197265625,True,FIXED_ROUTE_COUNTERFACTUAL,True
01-math-b1,mathematical reasoning,DECODE,1.0,7849,137728475136,pass,0.5958623471467391,0.5981020720108695,-0.002239724864130377,True,FIXED_ROUTE_COUNTERFACTUAL,True
01-math-b1,mathematical reasoning,DECODE,1.0,9790,171787714560,pass,0.632918648097826,0.6291928498641305,0.0037257982336955653,False,FIXED_ROUTE_COUNTERFACTUAL,True
01-math-b1,mathematical reasoning,DECODE,1.0,11748,206145257472,pass,0.6603473165760869,0.6551885190217391,0.005158797554347783,False,FIXED_ROUTE_COUNTERFACTUAL,True
01-math-b1,mathematical reasoning,DECODE,1.0,15665,274877890560,pass,0.705322265625,0.7012992527173914,0.004023012907608647,False,FIXED_ROUTE_COUNTERFACTUAL,True
01-math-b1,mathematical reasoning,DECODE,1.0,19581,343592976384,pass,0.7434931216032609,0.740828804347826,0.0026643172554348116,False,FIXED_ROUTE_COUNTERFACTUAL,True
01-math-b1,mathematical reasoning,DECODE,1.0,23497,412308062208,pass,0.777237601902174,0.7757196841032609,0.001517917798913082,False,FIXED_ROUTE_COUNTERFACTUAL,True
01-math-b1,mathematical reasoning,DECODE,1.0,27413,481023148032,pass,0.8111943783967391,0.810196586277174,0.0009977921195651884,False,FIXED_ROUTE_COUNTERFACTUAL,True
01-math-b1,mathematical reasoning,DECODE,1.0,31330,549755781120,pass,0.8540463654891305,0.8531122622282609,0.0009341032608696231,False,FIXED_ROUTE_COUNTERFACTUAL,True
01-math-b1,mathematical reasoning,DECODE,1.0,39162,687185952768,pass,0.8924825917119565,0.8923233695652174,0.00015922214673913526,False,FIXED_ROUTE_COUNTERFACTUAL,True
01-math-b1,mathematical reasoning,DECODE,1.0,46995,824633671680,pass,0.9259404721467391,0.9259404721467391,0.0,False,FIXED_ROUTE_COUNTERFACTUAL,True
01-math-b1,mathematical reasoning,DECODE,1.0,54827,962063843328,pass,0.9423615828804348,0.9423828125,-2.122961956518843e-05,True,FIXED_ROUTE_COUNTERFACTUAL,True
01-math-b1,mathematical reasoning,DECODE,1.0,62660,1099511562240,pass,0.9432107676630435,0.9432107676630435,0.0,False,FIXED_ROUTE_COUNTERFACTUAL,True
01-math-b1,mathematical reasoning,DECODE,1.0,70492,1236941733888,pass,0.9432107676630435,0.9432107676630435,0.0,False,FIXED_ROUTE_COUNTERFACTUAL,True
01-math-b1,mathematical reasoning,DECODE,1.0,78325,1374389452800,pass,0.9432107676630435,0.9432107676630435,0.0,False,FIXED_ROUTE_COUNTERFACTUAL,True
01-math-b1,mathematical reasoning,DECODE,1.0,82432,1446456066048,pass,0.9432107676630435,0.9432107676630435,0.0,False,FIXED_ROUTE_COUNTERFACTUAL,True
02-formal-b3,formal logic / proof-style reasoning,DECODE,0.5,3916,68715085824,INFEASIBLE_CORE_EXCEEDS_CAPACITY,,0.4647057574728261,,False,FIXED_ROUTE_COUNTERFACTUAL,True
02-formal-b3,formal logic / proof-style reasoning,DECODE,0.5,5874,103072628736,INFEASIBLE_CORE_EXCEEDS_CAPACITY,,0.5402407438858695,,False,FIXED_ROUTE_COUNTERFACTUAL,True
02-formal-b3,formal logic / proof-style reasoning,DECODE,0.5,7832,137430171648,INFEASIBLE_CORE_EXCEEDS_CAPACITY,,0.5835067085597826,,False,FIXED_ROUTE_COUNTERFACTUAL,True
02-formal-b3,formal logic / proof-style reasoning,DECODE,0.5,7849,137728475136,INFEASIBLE_CORE_EXCEEDS_CAPACITY,,0.5836447010869565,,False,FIXED_ROUTE_COUNTERFACTUAL,True
02-formal-b3,formal logic / proof-style reasoning,DECODE,0.5,9790,171787714560,INFEASIBLE_CORE_EXCEEDS_CAPACITY,,0.6161897078804348,,False,FIXED_ROUTE_COUNTERFACTUAL,True
02-formal-b3,formal logic / proof-style reasoning,DECODE,0.5,11748,206145257472,INFEASIBLE_CORE_EXCEEDS_CAPACITY,,0.6463676120923914,,False,FIXED_ROUTE_COUNTERFACTUAL,True
02-formal-b3,formal logic / proof-style reasoning,DECODE,0.5,15665,274877890560,INFEASIBLE_CORE_EXCEEDS_CAPACITY,,0.6970108695652174,,False,FIXED_ROUTE_COUNTERFACTUAL,True
02-formal-b3,formal logic / proof-style reasoning,DECODE,0.5,19581,343592976384,INFEASIBLE_CORE_EXCEEDS_CAPACITY,,0.7465395720108695,,False,FIXED_ROUTE_COUNTERFACTUAL,True
02-formal-b3,formal logic / proof-style reasoning,DECODE,0.5,23497,412308062208,pass,0.6162215523097826,0.7788616677989131,-0.1626401154891305,True,FIXED_ROUTE_COUNTERFACTUAL,True
02-formal-b3,formal logic / proof-style reasoning,DECODE,0.5,27413,481023148032,pass,0.7985309103260869,0.807755180027174,-0.009224269701087029,True,FIXED_ROUTE_COUNTERFACTUAL,True
02-formal-b3,formal logic / proof-style reasoning,DECODE,0.5,31330,549755781120,pass,0.8380923063858695,0.8337508491847826,0.004341457201086918,False,FIXED_ROUTE_COUNTERFACTUAL,True
02-formal-b3,formal logic / proof-style reasoning,DECODE,0.5,39162,687185952768,pass,0.882186226222826,0.8778766134510869,0.004309612771739135,False,FIXED_ROUTE_COUNTERFACTUAL,True
02-formal-b3,formal logic / proof-style reasoning,DECODE,0.5,46995,824633671680,pass,0.9188285495923914,0.9285304857336957,-0.009701936141304324,True,FIXED_ROUTE_COUNTERFACTUAL,True
02-formal-b3,formal logic / proof-style reasoning,DECODE,0.5,54827,962063843328,pass,0.9440811820652174,0.9479768172554348,-0.003895635190217406,True,FIXED_ROUTE_COUNTERFACTUAL,True
02-formal-b3,formal logic / proof-style reasoning,DECODE,0.5,62660,1099511562240,pass,0.9512143342391305,0.9512143342391305,0.0,False,FIXED_ROUTE_COUNTERFACTUAL,True
02-formal-b3,formal logic / proof-style reasoning,DECODE,0.5,70492,1236941733888,pass,0.9512143342391305,0.9512143342391305,0.0,False,FIXED_ROUTE_COUNTERFACTUAL,True
02-formal-b3,formal logic / proof-style reasoning,DECODE,0.5,78325,1374389452800,pass,0.9512143342391305,0.9512143342391305,0.0,False,FIXED_ROUTE_COUNTERFACTUAL,True
02-formal-b3,formal logic / proof-style reasoning,DECODE,0.5,82432,1446456066048,pass,0.9512143342391305,0.9512143342391305,0.0,False,FIXED_ROUTE_COUNTERFACTUAL,True
02-formal-b3,formal logic / proof-style reasoning,DECODE,0.75,3916,68715085824,INFEASIBLE_CORE_EXCEEDS_CAPACITY,,0.4647057574728261,,False,FIXED_ROUTE_COUNTERFACTUAL,True
02-formal-b3,formal logic / proof-style reasoning,DECODE,0.75,5874,103072628736,INFEASIBLE_CORE_EXCEEDS_CAPACITY,,0.5402407438858695,,False,FIXED_ROUTE_COUNTERFACTUAL,True
02-formal-b3,formal logic / proof-style reasoning,DECODE,0.75,7832,137430171648,pass,0.27170728600543476,0.5835067085597826,-0.31179942255434784,True,FIXED_ROUTE_COUNTERFACTUAL,True
02-formal-b3,formal logic / proof-style reasoning,DECODE,0.75,7849,137728475136,pass,0.27170728600543476,0.5836447010869565,-0.3119374150815218,True,FIXED_ROUTE_COUNTERFACTUAL,True
02-formal-b3,formal logic / proof-style reasoning,DECODE,0.75,9790,171787714560,pass,0.5498153023097826,0.6161897078804348,-0.06637440557065222,True,FIXED_ROUTE_COUNTERFACTUAL,True
02-formal-b3,formal logic / proof-style reasoning,DECODE,0.75,11748,206145257472,pass,0.6311565896739131,0.6463676120923914,-0.01521102241847827,True,FIXED_ROUTE_COUNTERFACTUAL,True
02-formal-b3,formal logic / proof-style reasoning,DECODE,0.75,15665,274877890560,pass,0.7019361413043478,0.6970108695652174,0.004925271739130377,False,FIXED_ROUTE_COUNTERFACTUAL,True
02-formal-b3,formal logic / proof-style reasoning,DECODE,0.75,19581,343592976384,pass,0.7472295346467391,0.7465395720108695,0.0006899626358696231,False,FIXED_ROUTE_COUNTERFACTUAL,True
02-formal-b3,formal logic / proof-style reasoning,DECODE,0.75,23497,412308062208,pass,0.7852836277173914,0.7788616677989131,0.0064219599184782705,False,FIXED_ROUTE_COUNTERFACTUAL,True
02-formal-b3,formal logic / proof-style reasoning,DECODE,0.75,27413,481023148032,pass,0.8150263247282609,0.807755180027174,0.007271144701086918,False,FIXED_ROUTE_COUNTERFACTUAL,True
02-formal-b3,formal logic / proof-style reasoning,DECODE,0.75,31330,549755781120,pass,0.8387398097826086,0.8337508491847826,0.004988960597826053,False,FIXED_ROUTE_COUNTERFACTUAL,True
02-formal-b3,formal logic / proof-style reasoning,DECODE,0.75,39162,687185952768,pass,0.8811247452445652,0.8778766134510869,0.0032481317934782705,False,FIXED_ROUTE_COUNTERFACTUAL,True
02-formal-b3,formal logic / proof-style reasoning,DECODE,0.75,46995,824633671680,pass,0.9286366338315217,0.9285304857336957,0.00010614809782605317,False,FIXED_ROUTE_COUNTERFACTUAL,True
02-formal-b3,formal logic / proof-style reasoning,DECODE,0.75,54827,962063843328,pass,0.9475416100543478,0.9479768172554348,-0.00043520720108702893,True,FIXED_ROUTE_COUNTERFACTUAL,True
02-formal-b3,formal logic / proof-style reasoning,DECODE,0.75,62660,1099511562240,pass,0.9512143342391305,0.9512143342391305,0.0,False,FIXED_ROUTE_COUNTERFACTUAL,True
02-formal-b3,formal logic / proof-style reasoning,DECODE,0.75,70492,1236941733888,pass,0.9512143342391305,0.9512143342391305,0.0,False,FIXED_ROUTE_COUNTERFACTUAL,True
02-formal-b3,formal logic / proof-style reasoning,DECODE,0.75,78325,1374389452800,pass,0.9512143342391305,0.9512143342391305,0.0,False,FIXED_ROUTE_COUNTERFACTUAL,True
02-formal-b3,formal logic / proof-style reasoning,DECODE,0.75,82432,1446456066048,pass,0.9512143342391305,0.9512143342391305,0.0,False,FIXED_ROUTE_COUNTERFACTUAL,True
02-formal-b3,formal logic / proof-style reasoning,DECODE,0.8,3916,68715085824,INFEASIBLE_CORE_EXCEEDS_CAPACITY,,0.4647057574728261,,False,FIXED_ROUTE_COUNTERFACTUAL,True
02-formal-b3,formal logic / proof-style reasoning,DECODE,0.8,5874,103072628736,INFEASIBLE_CORE_EXCEEDS_CAPACITY,,0.5402407438858695,,False,FIXED_ROUTE_COUNTERFACTUAL,True
02-formal-b3,formal logic / proof-style reasoning,DECODE,0.8,7832,137430171648,pass,0.27170728600543476,0.5835067085597826,-0.31179942255434784,True,FIXED_ROUTE_COUNTERFACTUAL,True
02-formal-b3,formal logic / proof-style reasoning,DECODE,0.8,7849,137728475136,pass,0.27170728600543476,0.5836447010869565,-0.3119374150815218,True,FIXED_ROUTE_COUNTERFACTUAL,True
02-formal-b3,formal logic / proof-style reasoning,DECODE,0.8,9790,171787714560,pass,0.5498153023097826,0.6161897078804348,-0.06637440557065222,True,FIXED_ROUTE_COUNTERFACTUAL,True
02-formal-b3,formal logic / proof-style reasoning,DECODE,0.8,11748,206145257472,pass,0.6311565896739131,0.6463676120923914,-0.01521102241847827,True,FIXED_ROUTE_COUNTERFACTUAL,True
02-formal-b3,formal logic / proof-style reasoning,DECODE,0.8,15665,274877890560,pass,0.7019361413043478,0.6970108695652174,0.004925271739130377,False,FIXED_ROUTE_COUNTERFACTUAL,True
02-formal-b3,formal logic / proof-style reasoning,DECODE,0.8,19581,343592976384,pass,0.7472295346467391,0.7465395720108695,0.0006899626358696231,False,FIXED_ROUTE_COUNTERFACTUAL,True
02-formal-b3,formal logic / proof-style reasoning,DECODE,0.8,23497,412308062208,pass,0.7852836277173914,0.7788616677989131,0.0064219599184782705,False,FIXED_ROUTE_COUNTERFACTUAL,True
02-formal-b3,formal logic / proof-style reasoning,DECODE,0.8,27413,481023148032,pass,0.8150263247282609,0.807755180027174,0.007271144701086918,False,FIXED_ROUTE_COUNTERFACTUAL,True
02-formal-b3,formal logic / proof-style reasoning,DECODE,0.8,31330,549755781120,pass,0.8387398097826086,0.8337508491847826,0.004988960597826053,False,FIXED_ROUTE_COUNTERFACTUAL,True
02-formal-b3,formal logic / proof-style reasoning,DECODE,0.8,39162,687185952768,pass,0.8811247452445652,0.8778766134510869,0.0032481317934782705,False,FIXED_ROUTE_COUNTERFACTUAL,True
02-formal-b3,formal logic / proof-style reasoning,DECODE,0.8,46995,824633671680,pass,0.9286366338315217,0.9285304857336957,0.00010614809782605317,False,FIXED_ROUTE_COUNTERFACTUAL,True
02-formal-b3,formal logic / proof-style reasoning,DECODE,0.8,54827,962063843328,pass,0.9475416100543478,0.9479768172554348,-0.00043520720108702893,True,FIXED_ROUTE_COUNTERFACTUAL,True
02-formal-b3,formal logic / proof-style reasoning,DECODE,0.8,62660,1099511562240,pass,0.9512143342391305,0.9512143342391305,0.0,False,FIXED_ROUTE_COUNTERFACTUAL,True
02-formal-b3,formal logic / proof-style reasoning,DECODE,0.8,70492,1236941733888,pass,0.9512143342391305,0.9512143342391305,0.0,False,FIXED_ROUTE_COUNTERFACTUAL,True
02-formal-b3,formal logic / proof-style reasoning,DECODE,0.8,78325,1374389452800,pass,0.9512143342391305,0.9512143342391305,0.0,False,FIXED_ROUTE_COUNTERFACTUAL,True
02-formal-b3,formal logic / proof-style reasoning,DECODE,0.8,82432,1446456066048,pass,0.9512143342391305,0.9512143342391305,0.0,False,FIXED_ROUTE_COUNTERFACTUAL,True
02-formal-b3,formal logic / proof-style reasoning,DECODE,0.9,3916,68715085824,pass,0.15586786684782608,0.4647057574728261,-0.308837890625,True,FIXED_ROUTE_COUNTERFACTUAL,True
02-formal-b3,formal logic / proof-style reasoning,DECODE,0.9,5874,103072628736,pass,0.49391771399456524,0.5402407438858695,-0.04632302989130427,True,FIXED_ROUTE_COUNTERFACTUAL,True
02-formal-b3,formal logic / proof-style reasoning,DECODE,0.9,7832,137430171648,pass,0.5737410835597826,0.5835067085597826,-0.009765625,True,FIXED_ROUTE_COUNTERFACTUAL,True
02-formal-b3,formal logic / proof-style reasoning,DECODE,0.9,7849,137728475136,pass,0.5747388756793478,0.5836447010869565,-0.008905825407608758,True,FIXED_ROUTE_COUNTERFACTUAL,True
02-formal-b3,formal logic / proof-style reasoning,DECODE,0.9,9790,171787714560,pass,0.6194378396739131,0.6161897078804348,0.0032481317934782705,False,FIXED_ROUTE_COUNTERFACTUAL,True
02-formal-b3,formal logic / proof-style reasoning,DECODE,0.9,11748,206145257472,pass,0.651749320652174,0.6463676120923914,0.005381708559782594,False,FIXED_ROUTE_COUNTERFACTUAL,True
02-formal-b3,formal logic / proof-style reasoning,DECODE,0.9,15665,274877890560,pass,0.7024668817934783,0.6970108695652174,0.005456012228260865,False,FIXED_ROUTE_COUNTERFACTUAL,True
02-formal-b3,formal logic / proof-style reasoning,DECODE,0.9,19581,343592976384,pass,0.7504670516304348,0.7465395720108695,0.0039274796195652995,False,FIXED_ROUTE_COUNTERFACTUAL,True
02-formal-b3,formal logic / proof-style reasoning,DECODE,0.9,23497,412308062208,pass,0.7810483186141305,0.7788616677989131,0.002186650815217406,False,FIXED_ROUTE_COUNTERFACTUAL,True
02-formal-b3,formal logic / proof-style reasoning,DECODE,0.9,27413,481023148032,pass,0.8124575407608695,0.807755180027174,0.004702360733695565,False,FIXED_ROUTE_COUNTERFACTUAL,True
02-formal-b3,formal logic / proof-style reasoning,DECODE,0.9,31330,549755781120,pass,0.8362771739130435,0.8337508491847826,0.0025263247282608647,False,FIXED_ROUTE_COUNTERFACTUAL,True
02-formal-b3,formal logic / proof-style reasoning,DECODE,0.9,39162,687185952768,pass,0.8794157608695652,0.8778766134510869,0.0015391474184782705,False,FIXED_ROUTE_COUNTERFACTUAL,True
02-formal-b3,formal logic / proof-style reasoning,DECODE,0.9,46995,824633671680,pass,0.9287533967391305,0.9285304857336957,0.00022291100543481157,False,FIXED_ROUTE_COUNTERFACTUAL,True
02-formal-b3,formal logic / proof-style reasoning,DECODE,0.9,54827,962063843328,pass,0.947891898777174,0.9479768172554348,-8.491847826086474e-05,True,FIXED_ROUTE_COUNTERFACTUAL,True
02-formal-b3,formal logic / proof-style reasoning,DECODE,0.9,62660,1099511562240,pass,0.9512143342391305,0.9512143342391305,0.0,False,FIXED_ROUTE_COUNTERFACTUAL,True
02-formal-b3,formal logic / proof-style reasoning,DECODE,0.9,70492,1236941733888,pass,0.9512143342391305,0.9512143342391305,0.0,False,FIXED_ROUTE_COUNTERFACTUAL,True
02-formal-b3,formal logic / proof-style reasoning,DECODE,0.9,78325,1374389452800,pass,0.9512143342391305,0.9512143342391305,0.0,False,FIXED_ROUTE_COUNTERFACTUAL,True
02-formal-b3,formal logic / proof-style reasoning,DECODE,0.9,82432,1446456066048,pass,0.9512143342391305,0.9512143342391305,0.0,False,FIXED_ROUTE_COUNTERFACTUAL,True
02-formal-b3,formal logic / proof-style reasoning,DECODE,1.0,3916,68715085824,pass,0.406685207201087,0.4647057574728261,-0.058020550271739135,True,FIXED_ROUTE_COUNTERFACTUAL,True
02-formal-b3,formal logic / proof-style reasoning,DECODE,1.0,5874,103072628736,pass,0.5296259341032609,0.5402407438858695,-0.010614809782608647,True,FIXED_ROUTE_COUNTERFACTUAL,True
02-formal-b3,formal logic / proof-style reasoning,DECODE,1.0,7832,137430171648,pass,0.5836128566576086,0.5835067085597826,0.00010614809782605317,False,FIXED_ROUTE_COUNTERFACTUAL,True
02-formal-b3,formal logic / proof-style reasoning,DECODE,1.0,7849,137728475136,pass,0.584366508152174,0.5836447010869565,0.0007218070652174058,False,FIXED_ROUTE_COUNTERFACTUAL,True
02-formal-b3,formal logic / proof-style reasoning,DECODE,1.0,9790,171787714560,pass,0.6184931216032609,0.6161897078804348,0.002303413722826053,False,FIXED_ROUTE_COUNTERFACTUAL,True
02-formal-b3,formal logic / proof-style reasoning,DECODE,1.0,11748,206145257472,pass,0.6497218919836957,0.6463676120923914,0.0033542798913043237,False,FIXED_ROUTE_COUNTERFACTUAL,True
02-formal-b3,formal logic / proof-style reasoning,DECODE,1.0,15665,274877890560,pass,0.6989427649456522,0.6970108695652174,0.0019318953804348116,False,FIXED_ROUTE_COUNTERFACTUAL,True
02-formal-b3,formal logic / proof-style reasoning,DECODE,1.0,19581,343592976384,pass,0.7481636379076086,0.7465395720108695,0.0016240658967391353,False,FIXED_ROUTE_COUNTERFACTUAL,True
02-formal-b3,formal logic / proof-style reasoning,DECODE,1.0,23497,412308062208,pass,0.7789359714673914,0.7788616677989131,7.430366847827052e-05,False,FIXED_ROUTE_COUNTERFACTUAL,True
02-formal-b3,formal logic / proof-style reasoning,DECODE,1.0,27413,481023148032,pass,0.8098781419836957,0.807755180027174,0.0021229619565217295,False,FIXED_ROUTE_COUNTERFACTUAL,True
02-formal-b3,formal logic / proof-style reasoning,DECODE,1.0,31330,549755781120,pass,0.8350246263586957,0.8337508491847826,0.001273777173913082,False,FIXED_ROUTE_COUNTERFACTUAL,True
02-formal-b3,formal logic / proof-style reasoning,DECODE,1.0,39162,687185952768,pass,0.878524116847826,0.8778766134510869,0.0006475033967391353,False,FIXED_ROUTE_COUNTERFACTUAL,True
02-formal-b3,formal logic / proof-style reasoning,DECODE,1.0,46995,824633671680,pass,0.9286578634510869,0.9285304857336957,0.0001273777173912416,False,FIXED_ROUTE_COUNTERFACTUAL,True
02-formal-b3,formal logic / proof-style reasoning,DECODE,1.0,54827,962063843328,pass,0.9479768172554348,0.9479768172554348,0.0,False,FIXED_ROUTE_COUNTERFACTUAL,True
02-formal-b3,formal logic / proof-style reasoning,DECODE,1.0,62660,1099511562240,pass,0.9512143342391305,0.9512143342391305,0.0,False,FIXED_ROUTE_COUNTERFACTUAL,True
02-formal-b3,formal logic / proof-style reasoning,DECODE,1.0,70492,1236941733888,pass,0.9512143342391305,0.9512143342391305,0.0,False,FIXED_ROUTE_COUNTERFACTUAL,True
02-formal-b3,formal logic / proof-style reasoning,DECODE,1.0,78325,1374389452800,pass,0.9512143342391305,0.9512143342391305,0.0,False,FIXED_ROUTE_COUNTERFACTUAL,True
02-formal-b3,formal logic / proof-style reasoning,DECODE,1.0,82432,1446456066048,pass,0.9512143342391305,0.9512143342391305,0.0,False,FIXED_ROUTE_COUNTERFACTUAL,True
03-science-b3,physics / scientific reasoning,DECODE,0.5,3916,68715085824,INFEASIBLE_CORE_EXCEEDS_CAPACITY,,0.43178923233695654,,False,FIXED_ROUTE_COUNTERFACTUAL,True
03-science-b3,physics / scientific reasoning,DECODE,0.5,5874,103072628736,INFEASIBLE_CORE_EXCEEDS_CAPACITY,,0.5084812330163043,,False,FIXED_ROUTE_COUNTERFACTUAL,True
03-science-b3,physics / scientific reasoning,DECODE,0.5,7832,137430171648,INFEASIBLE_CORE_EXCEEDS_CAPACITY,,0.561173148777174,,False,FIXED_ROUTE_COUNTERFACTUAL,True
03-science-b3,physics / scientific reasoning,DECODE,0.5,7849,137728475136,INFEASIBLE_CORE_EXCEEDS_CAPACITY,,0.561661430027174,,False,FIXED_ROUTE_COUNTERFACTUAL,True
03-science-b3,physics / scientific reasoning,DECODE,0.5,9790,171787714560,INFEASIBLE_CORE_EXCEEDS_CAPACITY,,0.6094493036684783,,False,FIXED_ROUTE_COUNTERFACTUAL,True
03-science-b3,physics / scientific reasoning,DECODE,0.5,11748,206145257472,INFEASIBLE_CORE_EXCEEDS_CAPACITY,,0.6411663552989131,,False,FIXED_ROUTE_COUNTERFACTUAL,True
03-science-b3,physics / scientific reasoning,DECODE,0.5,15665,274877890560,INFEASIBLE_CORE_EXCEEDS_CAPACITY,,0.6989958389945652,,False,FIXED_ROUTE_COUNTERFACTUAL,True
03-science-b3,physics / scientific reasoning,DECODE,0.5,19581,343592976384,INFEASIBLE_CORE_EXCEEDS_CAPACITY,,0.7416036854619565,,False,FIXED_ROUTE_COUNTERFACTUAL,True
03-science-b3,physics / scientific reasoning,DECODE,0.5,23497,412308062208,pass,0.661971382472826,0.7747325067934783,-0.11276112432065222,True,FIXED_ROUTE_COUNTERFACTUAL,True
03-science-b3,physics / scientific reasoning,DECODE,0.5,27413,481023148032,pass,0.8100479789402174,0.8060355808423914,0.004012398097826053,False,FIXED_ROUTE_COUNTERFACTUAL,True
03-science-b3,physics / scientific reasoning,DECODE,0.5,31330,549755781120,pass,0.8461595618206522,0.8372431216032609,0.008916440217391353,False,FIXED_ROUTE_COUNTERFACTUAL,True
03-science-b3,physics / scientific reasoning,DECODE,0.5,39162,687185952768,pass,0.8899774966032609,0.8907948369565217,-0.0008173403532608647,True,FIXED_ROUTE_COUNTERFACTUAL,True
03-science-b3,physics / scientific reasoning,DECODE,0.5,46995,824633671680,pass,0.9370541779891305,0.943741508152174,-0.006687330163043459,True,FIXED_ROUTE_COUNTERFACTUAL,True
03-science-b3,physics / scientific reasoning,DECODE,0.5,54827,962063843328,pass,0.955216117527174,0.9580078125,-0.002791694972826053,True,FIXED_ROUTE_COUNTERFACTUAL,True
03-science-b3,physics / scientific reasoning,DECODE,0.5,62660,1099511562240,pass,0.9602156929347826,0.9602156929347826,0.0,False,FIXED_ROUTE_COUNTERFACTUAL,True
03-science-b3,physics / scientific reasoning,DECODE,0.5,70492,1236941733888,pass,0.9602156929347826,0.9602156929347826,0.0,False,FIXED_ROUTE_COUNTERFACTUAL,True
03-science-b3,physics / scientific reasoning,DECODE,0.5,78325,1374389452800,pass,0.9602156929347826,0.9602156929347826,0.0,False,FIXED_ROUTE_COUNTERFACTUAL,True
03-science-b3,physics / scientific reasoning,DECODE,0.5,82432,1446456066048,pass,0.9602156929347826,0.9602156929347826,0.0,False,FIXED_ROUTE_COUNTERFACTUAL,True
03-science-b3,physics / scientific reasoning,DECODE,0.75,3916,68715085824,INFEASIBLE_CORE_EXCEEDS_CAPACITY,,0.43178923233695654,,False,FIXED_ROUTE_COUNTERFACTUAL,True
03-science-b3,physics / scientific reasoning,DECODE,0.75,5874,103072628736,INFEASIBLE_CORE_EXCEEDS_CAPACITY,,0.5084812330163043,,False,FIXED_ROUTE_COUNTERFACTUAL,True
03-science-b3,physics / scientific reasoning,DECODE,0.75,7832,137430171648,pass,0.34397291100543476,0.561173148777174,-0.2172002377717392,True,FIXED_ROUTE_COUNTERFACTUAL,True
03-science-b3,physics / scientific reasoning,DECODE,0.75,7849,137728475136,pass,0.34397291100543476,0.561661430027174,-0.2176885190217392,True,FIXED_ROUTE_COUNTERFACTUAL,True
03-science-b3,physics / scientific reasoning,DECODE,0.75,9790,171787714560,pass,0.5577764096467391,0.6094493036684783,-0.051672894021739135,True,FIXED_ROUTE_COUNTERFACTUAL,True
03-science-b3,physics / scientific reasoning,DECODE,0.75,11748,206145257472,pass,0.627059273097826,0.6411663552989131,-0.014107082201087029,True,FIXED_ROUTE_COUNTERFACTUAL,True
03-science-b3,physics / scientific reasoning,DECODE,0.75,15665,274877890560,pass,0.7044412364130435,0.6989958389945652,0.0054453974184782705,False,FIXED_ROUTE_COUNTERFACTUAL,True
03-science-b3,physics / scientific reasoning,DECODE,0.75,19581,343592976384,pass,0.7520061990489131,0.7416036854619565,0.010402513586956541,False,FIXED_ROUTE_COUNTERFACTUAL,True
03-science-b3,physics / scientific reasoning,DECODE,0.75,23497,412308062208,pass,0.7878205672554348,0.7747325067934783,0.013088060461956541,False,FIXED_ROUTE_COUNTERFACTUAL,True
03-science-b3,physics / scientific reasoning,DECODE,0.75,27413,481023148032,pass,0.8147821841032609,0.8060355808423914,0.008746603260869512,False,FIXED_ROUTE_COUNTERFACTUAL,True
03-science-b3,physics / scientific reasoning,DECODE,0.75,31330,549755781120,pass,0.8407778532608695,0.8372431216032609,0.0035347316576086474,False,FIXED_ROUTE_COUNTERFACTUAL,True
03-science-b3,physics / scientific reasoning,DECODE,0.75,39162,687185952768,pass,0.8913786514945652,0.8907948369565217,0.000583814538043459,False,FIXED_ROUTE_COUNTERFACTUAL,True
03-science-b3,physics / scientific reasoning,DECODE,0.75,46995,824633671680,pass,0.9444845448369565,0.943741508152174,0.0007430366847825942,False,FIXED_ROUTE_COUNTERFACTUAL,True
03-science-b3,physics / scientific reasoning,DECODE,0.75,54827,962063843328,pass,0.9575089164402174,0.9580078125,-0.0004988960597825942,True,FIXED_ROUTE_COUNTERFACTUAL,True
03-science-b3,physics / scientific reasoning,DECODE,0.75,62660,1099511562240,pass,0.9602156929347826,0.9602156929347826,0.0,False,FIXED_ROUTE_COUNTERFACTUAL,True
03-science-b3,physics / scientific reasoning,DECODE,0.75,70492,1236941733888,pass,0.9602156929347826,0.9602156929347826,0.0,False,FIXED_ROUTE_COUNTERFACTUAL,True
03-science-b3,physics / scientific reasoning,DECODE,0.75,78325,1374389452800,pass,0.9602156929347826,0.9602156929347826,0.0,False,FIXED_ROUTE_COUNTERFACTUAL,True
03-science-b3,physics / scientific reasoning,DECODE,0.75,82432,1446456066048,pass,0.9602156929347826,0.9602156929347826,0.0,False,FIXED_ROUTE_COUNTERFACTUAL,True
03-science-b3,physics / scientific reasoning,DECODE,0.8,3916,68715085824,INFEASIBLE_CORE_EXCEEDS_CAPACITY,,0.43178923233695654,,False,FIXED_ROUTE_COUNTERFACTUAL,True
03-science-b3,physics / scientific reasoning,DECODE,0.8,5874,103072628736,INFEASIBLE_CORE_EXCEEDS_CAPACITY,,0.5084812330163043,,False,FIXED_ROUTE_COUNTERFACTUAL,True
03-science-b3,physics / scientific reasoning,DECODE,0.8,7832,137430171648,pass,0.34397291100543476,0.561173148777174,-0.2172002377717392,True,FIXED_ROUTE_COUNTERFACTUAL,True
03-science-b3,physics / scientific reasoning,DECODE,0.8,7849,137728475136,pass,0.34397291100543476,0.561661430027174,-0.2176885190217392,True,FIXED_ROUTE_COUNTERFACTUAL,True
03-science-b3,physics / scientific reasoning,DECODE,0.8,9790,171787714560,pass,0.5577764096467391,0.6094493036684783,-0.051672894021739135,True,FIXED_ROUTE_COUNTERFACTUAL,True
03-science-b3,physics / scientific reasoning,DECODE,0.8,11748,206145257472,pass,0.627059273097826,0.6411663552989131,-0.014107082201087029,True,FIXED_ROUTE_COUNTERFACTUAL,True
03-science-b3,physics / scientific reasoning,DECODE,0.8,15665,274877890560,pass,0.7044412364130435,0.6989958389945652,0.0054453974184782705,False,FIXED_ROUTE_COUNTERFACTUAL,True
03-science-b3,physics / scientific reasoning,DECODE,0.8,19581,343592976384,pass,0.7520061990489131,0.7416036854619565,0.010402513586956541,False,FIXED_ROUTE_COUNTERFACTUAL,True
03-science-b3,physics / scientific reasoning,DECODE,0.8,23497,412308062208,pass,0.7878205672554348,0.7747325067934783,0.013088060461956541,False,FIXED_ROUTE_COUNTERFACTUAL,True
03-science-b3,physics / scientific reasoning,DECODE,0.8,27413,481023148032,pass,0.8147821841032609,0.8060355808423914,0.008746603260869512,False,FIXED_ROUTE_COUNTERFACTUAL,True
03-science-b3,physics / scientific reasoning,DECODE,0.8,31330,549755781120,pass,0.8407778532608695,0.8372431216032609,0.0035347316576086474,False,FIXED_ROUTE_COUNTERFACTUAL,True
03-science-b3,physics / scientific reasoning,DECODE,0.8,39162,687185952768,pass,0.8913786514945652,0.8907948369565217,0.000583814538043459,False,FIXED_ROUTE_COUNTERFACTUAL,True
03-science-b3,physics / scientific reasoning,DECODE,0.8,46995,824633671680,pass,0.9444845448369565,0.943741508152174,0.0007430366847825942,False,FIXED_ROUTE_COUNTERFACTUAL,True
03-science-b3,physics / scientific reasoning,DECODE,0.8,54827,962063843328,pass,0.9575089164402174,0.9580078125,-0.0004988960597825942,True,FIXED_ROUTE_COUNTERFACTUAL,True
03-science-b3,physics / scientific reasoning,DECODE,0.8,62660,1099511562240,pass,0.9602156929347826,0.9602156929347826,0.0,False,FIXED_ROUTE_COUNTERFACTUAL,True
03-science-b3,physics / scientific reasoning,DECODE,0.8,70492,1236941733888,pass,0.9602156929347826,0.9602156929347826,0.0,False,FIXED_ROUTE_COUNTERFACTUAL,True
03-science-b3,physics / scientific reasoning,DECODE,0.8,78325,1374389452800,pass,0.9602156929347826,0.9602156929347826,0.0,False,FIXED_ROUTE_COUNTERFACTUAL,True
03-science-b3,physics / scientific reasoning,DECODE,0.8,82432,1446456066048,pass,0.9602156929347826,0.9602156929347826,0.0,False,FIXED_ROUTE_COUNTERFACTUAL,True
03-science-b3,physics / scientific reasoning,DECODE,0.9,3916,68715085824,pass,0.21772036345108695,0.43178923233695654,-0.2140688688858696,True,FIXED_ROUTE_COUNTERFACTUAL,True
03-science-b3,physics / scientific reasoning,DECODE,0.9,5874,103072628736,pass,0.47795304008152173,0.5084812330163043,-0.030528192934782594,True,FIXED_ROUTE_COUNTERFACTUAL,True
03-science-b3,physics / scientific reasoning,DECODE,0.9,7832,137430171648,pass,0.559220023777174,0.561173148777174,-0.001953125,True,FIXED_ROUTE_COUNTERFACTUAL,True
03-science-b3,physics / scientific reasoning,DECODE,0.9,7849,137728475136,pass,0.5594535495923914,0.561661430027174,-0.002207880434782594,True,FIXED_ROUTE_COUNTERFACTUAL,True
03-science-b3,physics / scientific reasoning,DECODE,0.9,9790,171787714560,pass,0.6031228770380435,0.6094493036684783,-0.006326426630434812,True,FIXED_ROUTE_COUNTERFACTUAL,True
03-science-b3,physics / scientific reasoning,DECODE,0.9,11748,206145257472,pass,0.648055366847826,0.6411663552989131,0.006889011548912971,False,FIXED_ROUTE_COUNTERFACTUAL,True
03-science-b3,physics / scientific reasoning,DECODE,0.9,15665,274877890560,pass,0.7032205332880435,0.6989958389945652,0.0042246942934782705,False,FIXED_ROUTE_COUNTERFACTUAL,True
03-science-b3,physics / scientific reasoning,DECODE,0.9,19581,343592976384,pass,0.7462635869565217,0.7416036854619565,0.004659901494565188,False,FIXED_ROUTE_COUNTERFACTUAL,True
03-science-b3,physics / scientific reasoning,DECODE,0.9,23497,412308062208,pass,0.780411430027174,0.7747325067934783,0.005678923233695676,False,FIXED_ROUTE_COUNTERFACTUAL,True
03-science-b3,physics / scientific reasoning,DECODE,0.9,27413,481023148032,pass,0.8099736752717391,0.8060355808423914,0.003938094429347783,False,FIXED_ROUTE_COUNTERFACTUAL,True
03-science-b3,physics / scientific reasoning,DECODE,0.9,31330,549755781120,pass,0.8390688688858695,0.8372431216032609,0.0018257472826086474,False,FIXED_ROUTE_COUNTERFACTUAL,True
03-science-b3,physics / scientific reasoning,DECODE,0.9,39162,687185952768,pass,0.8917183254076086,0.8907948369565217,0.0009234884510869179,False,FIXED_ROUTE_COUNTERFACTUAL,True
03-science-b3,physics / scientific reasoning,DECODE,0.9,46995,824633671680,pass,0.9442085597826086,0.943741508152174,0.00046705163043470055,False,FIXED_ROUTE_COUNTERFACTUAL,True
03-science-b3,physics / scientific reasoning,DECODE,0.9,54827,962063843328,pass,0.9579335088315217,0.9580078125,-7.430366847827052e-05,True,FIXED_ROUTE_COUNTERFACTUAL,True
03-science-b3,physics / scientific reasoning,DECODE,0.9,62660,1099511562240,pass,0.9602156929347826,0.9602156929347826,0.0,False,FIXED_ROUTE_COUNTERFACTUAL,True
03-science-b3,physics / scientific reasoning,DECODE,0.9,70492,1236941733888,pass,0.9602156929347826,0.9602156929347826,0.0,False,FIXED_ROUTE_COUNTERFACTUAL,True
03-science-b3,physics / scientific reasoning,DECODE,0.9,78325,1374389452800,pass,0.9602156929347826,0.9602156929347826,0.0,False,FIXED_ROUTE_COUNTERFACTUAL,True
03-science-b3,physics / scientific reasoning,DECODE,0.9,82432,1446456066048,pass,0.9602156929347826,0.9602156929347826,0.0,False,FIXED_ROUTE_COUNTERFACTUAL,True
03-science-b3,physics / scientific reasoning,DECODE,1.0,3916,68715085824,pass,0.408012058423913,0.43178923233695654,-0.023777173913043514,True,FIXED_ROUTE_COUNTERFACTUAL,True
03-science-b3,physics / scientific reasoning,DECODE,1.0,5874,103072628736,pass,0.5088845957880435,0.5084812330163043,0.00040336277173913526,False,FIXED_ROUTE_COUNTERFACTUAL,True
03-science-b3,physics / scientific reasoning,DECODE,1.0,7832,137430171648,pass,0.559952445652174,0.561173148777174,-0.001220703125,True,FIXED_ROUTE_COUNTERFACTUAL,True
03-science-b3,physics / scientific reasoning,DECODE,1.0,7849,137728475136,pass,0.5604725713315217,0.561661430027174,-0.0011888586956522174,True,FIXED_ROUTE_COUNTERFACTUAL,True
03-science-b3,physics / scientific reasoning,DECODE,1.0,9790,171787714560,pass,0.608536430027174,0.6094493036684783,-0.0009128736413043237,True,FIXED_ROUTE_COUNTERFACTUAL,True
03-science-b3,physics / scientific reasoning,DECODE,1.0,11748,206145257472,pass,0.6454122792119565,0.6411663552989131,0.004245923913043459,False,FIXED_ROUTE_COUNTERFACTUAL,True
03-science-b3,physics / scientific reasoning,DECODE,1.0,15665,274877890560,pass,0.7002271569293478,0.6989958389945652,0.0012313179347825942,False,FIXED_ROUTE_COUNTERFACTUAL,True
03-science-b3,physics / scientific reasoning,DECODE,1.0,19581,343592976384,pass,0.744140625,0.7416036854619565,0.002536939538043459,False,FIXED_ROUTE_COUNTERFACTUAL,True
03-science-b3,physics / scientific reasoning,DECODE,1.0,23497,412308062208,pass,0.7770040760869565,0.7747325067934783,0.0022715692934782705,False,FIXED_ROUTE_COUNTERFACTUAL,True
03-science-b3,physics / scientific reasoning,DECODE,1.0,27413,481023148032,pass,0.8076702615489131,0.8060355808423914,0.0016346807065217295,False,FIXED_ROUTE_COUNTERFACTUAL,True
03-science-b3,physics / scientific reasoning,DECODE,1.0,31330,549755781120,pass,0.8382939877717391,0.8372431216032609,0.0010508661684782705,False,FIXED_ROUTE_COUNTERFACTUAL,True
03-science-b3,physics / scientific reasoning,DECODE,1.0,39162,687185952768,pass,0.8912300441576086,0.8907948369565217,0.0004352072010869179,False,FIXED_ROUTE_COUNTERFACTUAL,True
03-science-b3,physics / scientific reasoning,DECODE,1.0,46995,824633671680,pass,0.9439431895380435,0.943741508152174,0.00020168138586951212,False,FIXED_ROUTE_COUNTERFACTUAL,True
03-science-b3,physics / scientific reasoning,DECODE,1.0,54827,962063843328,pass,0.9579865828804348,0.9580078125,-2.122961956518843e-05,True,FIXED_ROUTE_COUNTERFACTUAL,True
03-science-b3,physics / scientific reasoning,DECODE,1.0,62660,1099511562240,pass,0.9602156929347826,0.9602156929347826,0.0,False,FIXED_ROUTE_COUNTERFACTUAL,True
03-science-b3,physics / scientific reasoning,DECODE,1.0,70492,1236941733888,pass,0.9602156929347826,0.9602156929347826,0.0,False,FIXED_ROUTE_COUNTERFACTUAL,True
03-science-b3,physics / scientific reasoning,DECODE,1.0,78325,1374389452800,pass,0.9602156929347826,0.9602156929347826,0.0,False,FIXED_ROUTE_COUNTERFACTUAL,True
03-science-b3,physics / scientific reasoning,DECODE,1.0,82432,1446456066048,pass,0.9602156929347826,0.9602156929347826,0.0,False,FIXED_ROUTE_COUNTERFACTUAL,True
04-factual-b2,factual / explanatory knowledge,DECODE,0.5,3916,68715085824,INFEASIBLE_CORE_EXCEEDS_CAPACITY,,0.44040845788043476,,False,FIXED_ROUTE_COUNTERFACTUAL,True
04-factual-b2,factual / explanatory knowledge,DECODE,0.5,5874,103072628736,INFEASIBLE_CORE_EXCEEDS_CAPACITY,,0.5094577955163043,,False,FIXED_ROUTE_COUNTERFACTUAL,True
04-factual-b2,factual / explanatory knowledge,DECODE,0.5,7832,137430171648,INFEASIBLE_CORE_EXCEEDS_CAPACITY,,0.5589864979619565,,False,FIXED_ROUTE_COUNTERFACTUAL,True
04-factual-b2,factual / explanatory knowledge,DECODE,0.5,7849,137728475136,INFEASIBLE_CORE_EXCEEDS_CAPACITY,,0.5594110903532609,,False,FIXED_ROUTE_COUNTERFACTUAL,True
04-factual-b2,factual / explanatory knowledge,DECODE,0.5,9790,171787714560,INFEASIBLE_CORE_EXCEEDS_CAPACITY,,0.5907460088315217,,False,FIXED_ROUTE_COUNTERFACTUAL,True
04-factual-b2,factual / explanatory knowledge,DECODE,0.5,11748,206145257472,INFEASIBLE_CORE_EXCEEDS_CAPACITY,,0.6255838145380435,,False,FIXED_ROUTE_COUNTERFACTUAL,True
04-factual-b2,factual / explanatory knowledge,DECODE,0.5,15665,274877890560,INFEASIBLE_CORE_EXCEEDS_CAPACITY,,0.6864066745923914,,False,FIXED_ROUTE_COUNTERFACTUAL,True
04-factual-b2,factual / explanatory knowledge,DECODE,0.5,19581,343592976384,INFEASIBLE_CORE_EXCEEDS_CAPACITY,,0.7370074728260869,,False,FIXED_ROUTE_COUNTERFACTUAL,True
04-factual-b2,factual / explanatory knowledge,DECODE,0.5,23497,412308062208,pass,0.7470596976902174,0.7727263077445652,-0.025666610054347783,True,FIXED_ROUTE_COUNTERFACTUAL,True
04-factual-b2,factual / explanatory knowledge,DECODE,0.5,27413,481023148032,pass,0.8258534307065217,0.8030634341032609,0.022789996603260865,False,FIXED_ROUTE_COUNTERFACTUAL,True
04-factual-b2,factual / explanatory knowledge,DECODE,0.5,31330,549755781120,pass,0.8582179857336957,0.8298764436141305,0.02834154211956519,False,FIXED_ROUTE_COUNTERFACTUAL,True
04-factual-b2,factual / explanatory knowledge,DECODE,0.5,39162,687185952768,pass,0.8923764436141305,0.8923552139945652,2.122961956529945e-05,False,FIXED_ROUTE_COUNTERFACTUAL,True
04-factual-b2,factual / explanatory knowledge,DECODE,0.5,46995,824633671680,pass,0.9372877038043478,0.9348569123641305,0.0024307914402172948,False,FIXED_ROUTE_COUNTERFACTUAL,True
04-factual-b2,factual / explanatory knowledge,DECODE,0.5,54827,962063843328,pass,0.9486030910326086,0.9512249490489131,-0.0026218580163044347,True,FIXED_ROUTE_COUNTERFACTUAL,True
04-factual-b2,factual / explanatory knowledge,DECODE,0.5,62660,1099511562240,pass,0.9518193783967391,0.9518193783967391,0.0,False,FIXED_ROUTE_COUNTERFACTUAL,True
04-factual-b2,factual / explanatory knowledge,DECODE,0.5,70492,1236941733888,pass,0.9518193783967391,0.9518193783967391,0.0,False,FIXED_ROUTE_COUNTERFACTUAL,True
04-factual-b2,factual / explanatory knowledge,DECODE,0.5,78325,1374389452800,pass,0.9518193783967391,0.9518193783967391,0.0,False,FIXED_ROUTE_COUNTERFACTUAL,True
04-factual-b2,factual / explanatory knowledge,DECODE,0.5,82432,1446456066048,pass,0.9518193783967391,0.9518193783967391,0.0,False,FIXED_ROUTE_COUNTERFACTUAL,True
04-factual-b2,factual / explanatory knowledge,DECODE,0.75,3916,68715085824,INFEASIBLE_CORE_EXCEEDS_CAPACITY,,0.44040845788043476,,False,FIXED_ROUTE_COUNTERFACTUAL,True
04-factual-b2,factual / explanatory knowledge,DECODE,0.75,5874,103072628736,INFEASIBLE_CORE_EXCEEDS_CAPACITY,,0.5094577955163043,,False,FIXED_ROUTE_COUNTERFACTUAL,True
04-factual-b2,factual / explanatory knowledge,DECODE,0.75,7832,137430171648,pass,0.37978727921195654,0.5589864979619565,-0.17919921875,True,FIXED_ROUTE_COUNTERFACTUAL,True
04-factual-b2,factual / explanatory knowledge,DECODE,0.75,7849,137728475136,pass,0.3798828125,0.5594110903532609,-0.17952827785326086,True,FIXED_ROUTE_COUNTERFACTUAL,True
04-factual-b2,factual / explanatory knowledge,DECODE,0.75,9790,171787714560,pass,0.5970724354619565,0.5907460088315217,0.006326426630434812,False,FIXED_ROUTE_COUNTERFACTUAL,True
04-factual-b2,factual / explanatory knowledge,DECODE,0.75,11748,206145257472,pass,0.6562606148097826,0.6255838145380435,0.030676800271739135,False,FIXED_ROUTE_COUNTERFACTUAL,True
04-factual-b2,factual / explanatory knowledge,DECODE,0.75,15665,274877890560,pass,0.7101413892663043,0.6864066745923914,0.02373471467391297,False,FIXED_ROUTE_COUNTERFACTUAL,True
04-factual-b2,factual / explanatory knowledge,DECODE,0.75,19581,343592976384,pass,0.7540760869565217,0.7370074728260869,0.01706861413043481,False,FIXED_ROUTE_COUNTERFACTUAL,True
04-factual-b2,factual / explanatory knowledge,DECODE,0.75,23497,412308062208,pass,0.7914826766304348,0.7727263077445652,0.018756368885869623,False,FIXED_ROUTE_COUNTERFACTUAL,True
04-factual-b2,factual / explanatory knowledge,DECODE,0.75,27413,481023148032,pass,0.8181470788043478,0.8030634341032609,0.015083644701086918,False,FIXED_ROUTE_COUNTERFACTUAL,True
04-factual-b2,factual / explanatory knowledge,DECODE,0.75,31330,549755781120,pass,0.8407353940217391,0.8298764436141305,0.010858950407608647,False,FIXED_ROUTE_COUNTERFACTUAL,True
04-factual-b2,factual / explanatory knowledge,DECODE,0.75,39162,687185952768,pass,0.895263671875,0.8923552139945652,0.0029084578804348116,False,FIXED_ROUTE_COUNTERFACTUAL,True
04-factual-b2,factual / explanatory knowledge,DECODE,0.75,46995,824633671680,pass,0.9357060971467391,0.9348569123641305,0.0008491847826086474,False,FIXED_ROUTE_COUNTERFACTUAL,True
04-factual-b2,factual / explanatory knowledge,DECODE,0.75,54827,962063843328,pass,0.951065726902174,0.9512249490489131,-0.00015922214673913526,True,FIXED_ROUTE_COUNTERFACTUAL,True
04-factual-b2,factual / explanatory knowledge,DECODE,0.75,62660,1099511562240,pass,0.9518193783967391,0.9518193783967391,0.0,False,FIXED_ROUTE_COUNTERFACTUAL,True
04-factual-b2,factual / explanatory knowledge,DECODE,0.75,70492,1236941733888,pass,0.9518193783967391,0.9518193783967391,0.0,False,FIXED_ROUTE_COUNTERFACTUAL,True
04-factual-b2,factual / explanatory knowledge,DECODE,0.75,78325,1374389452800,pass,0.9518193783967391,0.9518193783967391,0.0,False,FIXED_ROUTE_COUNTERFACTUAL,True
04-factual-b2,factual / explanatory knowledge,DECODE,0.75,82432,1446456066048,pass,0.9518193783967391,0.9518193783967391,0.0,False,FIXED_ROUTE_COUNTERFACTUAL,True
04-factual-b2,factual / explanatory knowledge,DECODE,0.8,3916,68715085824,INFEASIBLE_CORE_EXCEEDS_CAPACITY,,0.44040845788043476,,False,FIXED_ROUTE_COUNTERFACTUAL,True
04-factual-b2,factual / explanatory knowledge,DECODE,0.8,5874,103072628736,INFEASIBLE_CORE_EXCEEDS_CAPACITY,,0.5094577955163043,,False,FIXED_ROUTE_COUNTERFACTUAL,True
04-factual-b2,factual / explanatory knowledge,DECODE,0.8,7832,137430171648,pass,0.37978727921195654,0.5589864979619565,-0.17919921875,True,FIXED_ROUTE_COUNTERFACTUAL,True
04-factual-b2,factual / explanatory knowledge,DECODE,0.8,7849,137728475136,pass,0.3798828125,0.5594110903532609,-0.17952827785326086,True,FIXED_ROUTE_COUNTERFACTUAL,True
04-factual-b2,factual / explanatory knowledge,DECODE,0.8,9790,171787714560,pass,0.5970724354619565,0.5907460088315217,0.006326426630434812,False,FIXED_ROUTE_COUNTERFACTUAL,True
04-factual-b2,factual / explanatory knowledge,DECODE,0.8,11748,206145257472,pass,0.6562606148097826,0.6255838145380435,0.030676800271739135,False,FIXED_ROUTE_COUNTERFACTUAL,True
04-factual-b2,factual / explanatory knowledge,DECODE,0.8,15665,274877890560,pass,0.7101413892663043,0.6864066745923914,0.02373471467391297,False,FIXED_ROUTE_COUNTERFACTUAL,True
04-factual-b2,factual / explanatory knowledge,DECODE,0.8,19581,343592976384,pass,0.7540760869565217,0.7370074728260869,0.01706861413043481,False,FIXED_ROUTE_COUNTERFACTUAL,True
04-factual-b2,factual / explanatory knowledge,DECODE,0.8,23497,412308062208,pass,0.7914826766304348,0.7727263077445652,0.018756368885869623,False,FIXED_ROUTE_COUNTERFACTUAL,True
04-factual-b2,factual / explanatory knowledge,DECODE,0.8,27413,481023148032,pass,0.8181470788043478,0.8030634341032609,0.015083644701086918,False,FIXED_ROUTE_COUNTERFACTUAL,True
04-factual-b2,factual / explanatory knowledge,DECODE,0.8,31330,549755781120,pass,0.8407353940217391,0.8298764436141305,0.010858950407608647,False,FIXED_ROUTE_COUNTERFACTUAL,True
04-factual-b2,factual / explanatory knowledge,DECODE,0.8,39162,687185952768,pass,0.895263671875,0.8923552139945652,0.0029084578804348116,False,FIXED_ROUTE_COUNTERFACTUAL,True
04-factual-b2,factual / explanatory knowledge,DECODE,0.8,46995,824633671680,pass,0.9357060971467391,0.9348569123641305,0.0008491847826086474,False,FIXED_ROUTE_COUNTERFACTUAL,True
04-factual-b2,factual / explanatory knowledge,DECODE,0.8,54827,962063843328,pass,0.951065726902174,0.9512249490489131,-0.00015922214673913526,True,FIXED_ROUTE_COUNTERFACTUAL,True
04-factual-b2,factual / explanatory knowledge,DECODE,0.8,62660,1099511562240,pass,0.9518193783967391,0.9518193783967391,0.0,False,FIXED_ROUTE_COUNTERFACTUAL,True
04-factual-b2,factual / explanatory knowledge,DECODE,0.8,70492,1236941733888,pass,0.9518193783967391,0.9518193783967391,0.0,False,FIXED_ROUTE_COUNTERFACTUAL,True
04-factual-b2,factual / explanatory knowledge,DECODE,0.8,78325,1374389452800,pass,0.9518193783967391,0.9518193783967391,0.0,False,FIXED_ROUTE_COUNTERFACTUAL,True
04-factual-b2,factual / explanatory knowledge,DECODE,0.8,82432,1446456066048,pass,0.9518193783967391,0.9518193783967391,0.0,False,FIXED_ROUTE_COUNTERFACTUAL,True
04-factual-b2,factual / explanatory knowledge,DECODE,0.9,3916,68715085824,pass,0.23383364470108695,0.44040845788043476,-0.2065748131793478,True,FIXED_ROUTE_COUNTERFACTUAL,True
04-factual-b2,factual / explanatory knowledge,DECODE,0.9,5874,103072628736,pass,0.49935249660326086,0.5094577955163043,-0.010105298913043459,True,FIXED_ROUTE_COUNTERFACTUAL,True
04-factual-b2,factual / explanatory knowledge,DECODE,0.9,7832,137430171648,pass,0.5735181725543478,0.5589864979619565,0.014531674592391242,False,FIXED_ROUTE_COUNTERFACTUAL,True
04-factual-b2,factual / explanatory knowledge,DECODE,0.9,7849,137728475136,pass,0.5736986243206522,0.5594110903532609,0.014287533967391353,False,FIXED_ROUTE_COUNTERFACTUAL,True
04-factual-b2,factual / explanatory knowledge,DECODE,0.9,9790,171787714560,pass,0.6134298573369565,0.5907460088315217,0.02268384850543481,False,FIXED_ROUTE_COUNTERFACTUAL,True
04-factual-b2,factual / explanatory knowledge,DECODE,0.9,11748,206145257472,pass,0.6399138077445652,0.6255838145380435,0.01432999320652173,False,FIXED_ROUTE_COUNTERFACTUAL,True
04-factual-b2,factual / explanatory knowledge,DECODE,0.9,15665,274877890560,pass,0.6988578464673914,0.6864066745923914,0.012451171875,False,FIXED_ROUTE_COUNTERFACTUAL,True
04-factual-b2,factual / explanatory knowledge,DECODE,0.9,19581,343592976384,pass,0.7461362092391305,0.7370074728260869,0.00912873641304357,False,FIXED_ROUTE_COUNTERFACTUAL,True
04-factual-b2,factual / explanatory knowledge,DECODE,0.9,23497,412308062208,pass,0.7797320822010869,0.7727263077445652,0.0070057744565217295,False,FIXED_ROUTE_COUNTERFACTUAL,True
04-factual-b2,factual / explanatory knowledge,DECODE,0.9,27413,481023148032,pass,0.8082222316576086,0.8030634341032609,0.005158797554347783,False,FIXED_ROUTE_COUNTERFACTUAL,True
04-factual-b2,factual / explanatory knowledge,DECODE,0.9,31330,549755781120,pass,0.8339100713315217,0.8298764436141305,0.004033627717391242,False,FIXED_ROUTE_COUNTERFACTUAL,True
04-factual-b2,factual / explanatory knowledge,DECODE,0.9,39162,687185952768,pass,0.8936077615489131,0.8923552139945652,0.0012525475543478937,False,FIXED_ROUTE_COUNTERFACTUAL,True
04-factual-b2,factual / explanatory knowledge,DECODE,0.9,46995,824633671680,pass,0.9352284307065217,0.9348569123641305,0.0003715183423912416,False,FIXED_ROUTE_COUNTERFACTUAL,True
04-factual-b2,factual / explanatory knowledge,DECODE,0.9,54827,962063843328,pass,0.951171875,0.9512249490489131,-5.3074048913082095e-05,True,FIXED_ROUTE_COUNTERFACTUAL,True
04-factual-b2,factual / explanatory knowledge,DECODE,0.9,62660,1099511562240,pass,0.9518193783967391,0.9518193783967391,0.0,False,FIXED_ROUTE_COUNTERFACTUAL,True
04-factual-b2,factual / explanatory knowledge,DECODE,0.9,70492,1236941733888,pass,0.9518193783967391,0.9518193783967391,0.0,False,FIXED_ROUTE_COUNTERFACTUAL,True
04-factual-b2,factual / explanatory knowledge,DECODE,0.9,78325,1374389452800,pass,0.9518193783967391,0.9518193783967391,0.0,False,FIXED_ROUTE_COUNTERFACTUAL,True
04-factual-b2,factual / explanatory knowledge,DECODE,0.9,82432,1446456066048,pass,0.9518193783967391,0.9518193783967391,0.0,False,FIXED_ROUTE_COUNTERFACTUAL,True
04-factual-b2,factual / explanatory knowledge,DECODE,1.0,3916,68715085824,pass,0.4359714673913043,0.44040845788043476,-0.004436990489130432,True,FIXED_ROUTE_COUNTERFACTUAL,True
04-factual-b2,factual / explanatory knowledge,DECODE,1.0,5874,103072628736,pass,0.5197117017663043,0.5094577955163043,0.01025390625,False,FIXED_ROUTE_COUNTERFACTUAL,True
04-factual-b2,factual / explanatory knowledge,DECODE,1.0,7832,137430171648,pass,0.5676694123641305,0.5589864979619565,0.008682914402173947,False,FIXED_ROUTE_COUNTERFACTUAL,True
04-factual-b2,factual / explanatory knowledge,DECODE,1.0,7849,137728475136,pass,0.5682426120923914,0.5594110903532609,0.008831521739130488,False,FIXED_ROUTE_COUNTERFACTUAL,True
04-factual-b2,factual / explanatory knowledge,DECODE,1.0,9790,171787714560,pass,0.6015625,0.5907460088315217,0.01081649116847827,False,FIXED_ROUTE_COUNTERFACTUAL,True
04-factual-b2,factual / explanatory knowledge,DECODE,1.0,11748,206145257472,pass,0.6318040930706522,0.6255838145380435,0.006220278532608758,False,FIXED_ROUTE_COUNTERFACTUAL,True
04-factual-b2,factual / explanatory knowledge,DECODE,1.0,15665,274877890560,pass,0.6912257982336957,0.6864066745923914,0.004819123641304324,False,FIXED_ROUTE_COUNTERFACTUAL,True
04-factual-b2,factual / explanatory knowledge,DECODE,1.0,19581,343592976384,pass,0.740860648777174,0.7370074728260869,0.003853175951087029,False,FIXED_ROUTE_COUNTERFACTUAL,True
04-factual-b2,factual / explanatory knowledge,DECODE,1.0,23497,412308062208,pass,0.7752738620923914,0.7727263077445652,0.002547554347826164,False,FIXED_ROUTE_COUNTERFACTUAL,True
04-factual-b2,factual / explanatory knowledge,DECODE,1.0,27413,481023148032,pass,0.8050802479619565,0.8030634341032609,0.0020168138586956763,False,FIXED_ROUTE_COUNTERFACTUAL,True
04-factual-b2,factual / explanatory knowledge,DECODE,1.0,31330,549755781120,pass,0.8316703464673914,0.8298764436141305,0.0017939028532608647,False,FIXED_ROUTE_COUNTERFACTUAL,True
04-factual-b2,factual / explanatory knowledge,DECODE,1.0,39162,687185952768,pass,0.8929071841032609,0.8923552139945652,0.0005519701086956763,False,FIXED_ROUTE_COUNTERFACTUAL,True
04-factual-b2,factual / explanatory knowledge,DECODE,1.0,46995,824633671680,pass,0.9350161345108695,0.9348569123641305,0.00015922214673902424,False,FIXED_ROUTE_COUNTERFACTUAL,True
04-factual-b2,factual / explanatory knowledge,DECODE,1.0,54827,962063843328,pass,0.9512143342391305,0.9512249490489131,-1.0614809782594214e-05,True,FIXED_ROUTE_COUNTERFACTUAL,True
04-factual-b2,factual / explanatory knowledge,DECODE,1.0,62660,1099511562240,pass,0.9518193783967391,0.9518193783967391,0.0,False,FIXED_ROUTE_COUNTERFACTUAL,True
04-factual-b2,factual / explanatory knowledge,DECODE,1.0,70492,1236941733888,pass,0.9518193783967391,0.9518193783967391,0.0,False,FIXED_ROUTE_COUNTERFACTUAL,True
04-factual-b2,factual / explanatory knowledge,DECODE,1.0,78325,1374389452800,pass,0.9518193783967391,0.9518193783967391,0.0,False,FIXED_ROUTE_COUNTERFACTUAL,True
04-factual-b2,factual / explanatory knowledge,DECODE,1.0,82432,1446456066048,pass,0.9518193783967391,0.9518193783967391,0.0,False,FIXED_ROUTE_COUNTERFACTUAL,True
05-codegen-b5,code generation,DECODE,0.5,3916,68715085824,INFEASIBLE_CORE_EXCEEDS_CAPACITY,,0.407035495923913,,False,FIXED_ROUTE_COUNTERFACTUAL,True
05-codegen-b5,code generation,DECODE,0.5,5874,103072628736,INFEASIBLE_CORE_EXCEEDS_CAPACITY,,0.48811141304347827,,False,FIXED_ROUTE_COUNTERFACTUAL,True
05-codegen-b5,code generation,DECODE,0.5,7832,137430171648,INFEASIBLE_CORE_EXCEEDS_CAPACITY,,0.560196586277174,,False,FIXED_ROUTE_COUNTERFACTUAL,True
05-codegen-b5,code generation,DECODE,0.5,7849,137728475136,INFEASIBLE_CORE_EXCEEDS_CAPACITY,,0.5603558084239131,,False,FIXED_ROUTE_COUNTERFACTUAL,True
05-codegen-b5,code generation,DECODE,0.5,9790,171787714560,INFEASIBLE_CORE_EXCEEDS_CAPACITY,,0.6121136209239131,,False,FIXED_ROUTE_COUNTERFACTUAL,True
05-codegen-b5,code generation,DECODE,0.5,11748,206145257472,INFEASIBLE_CORE_EXCEEDS_CAPACITY,,0.6503693953804348,,False,FIXED_ROUTE_COUNTERFACTUAL,True
05-codegen-b5,code generation,DECODE,0.5,15665,274877890560,INFEASIBLE_CORE_EXCEEDS_CAPACITY,,0.7020741338315217,,False,FIXED_ROUTE_COUNTERFACTUAL,True
05-codegen-b5,code generation,DECODE,0.5,19581,343592976384,INFEASIBLE_CORE_EXCEEDS_CAPACITY,,0.7444166100543478,,False,FIXED_ROUTE_COUNTERFACTUAL,True
05-codegen-b5,code generation,DECODE,0.5,23497,412308062208,pass,0.724609375,0.7787236752717391,-0.054114300271739135,True,FIXED_ROUTE_COUNTERFACTUAL,True
05-codegen-b5,code generation,DECODE,0.5,27413,481023148032,pass,0.829451851222826,0.8053880774456522,0.024063773777173836,False,FIXED_ROUTE_COUNTERFACTUAL,True
05-codegen-b5,code generation,DECODE,0.5,31330,549755781120,pass,0.8626231317934783,0.8363727072010869,0.026250424592391353,False,FIXED_ROUTE_COUNTERFACTUAL,True
05-codegen-b5,code generation,DECODE,0.5,39162,687185952768,pass,0.901749320652174,0.8883109714673914,0.013438349184782594,False,FIXED_ROUTE_COUNTERFACTUAL,True
05-codegen-b5,code generation,DECODE,0.5,46995,824633671680,pass,0.9326808763586957,0.9287852411684783,0.003895635190217406,False,FIXED_ROUTE_COUNTERFACTUAL,True
05-codegen-b5,code generation,DECODE,0.5,54827,962063843328,pass,0.9593134341032609,0.9589949898097826,0.0003184442934782705,False,FIXED_ROUTE_COUNTERFACTUAL,True
05-codegen-b5,code generation,DECODE,0.5,62660,1099511562240,pass,0.9661069123641305,0.9661069123641305,0.0,False,FIXED_ROUTE_COUNTERFACTUAL,True
05-codegen-b5,code generation,DECODE,0.5,70492,1236941733888,pass,0.9661069123641305,0.9661069123641305,0.0,False,FIXED_ROUTE_COUNTERFACTUAL,True
05-codegen-b5,code generation,DECODE,0.5,78325,1374389452800,pass,0.9661069123641305,0.9661069123641305,0.0,False,FIXED_ROUTE_COUNTERFACTUAL,True
05-codegen-b5,code generation,DECODE,0.5,82432,1446456066048,pass,0.9661069123641305,0.9661069123641305,0.0,False,FIXED_ROUTE_COUNTERFACTUAL,True
05-codegen-b5,code generation,DECODE,0.75,3916,68715085824,INFEASIBLE_CORE_EXCEEDS_CAPACITY,,0.407035495923913,,False,FIXED_ROUTE_COUNTERFACTUAL,True
05-codegen-b5,code generation,DECODE,0.75,5874,103072628736,INFEASIBLE_CORE_EXCEEDS_CAPACITY,,0.48811141304347827,,False,FIXED_ROUTE_COUNTERFACTUAL,True
05-codegen-b5,code generation,DECODE,0.75,7832,137430171648,pass,0.341361667798913,0.560196586277174,-0.21883491847826092,True,FIXED_ROUTE_COUNTERFACTUAL,True
05-codegen-b5,code generation,DECODE,0.75,7849,137728475136,pass,0.341361667798913,0.5603558084239131,-0.21899414062500006,True,FIXED_ROUTE_COUNTERFACTUAL,True
05-codegen-b5,code generation,DECODE,0.75,9790,171787714560,pass,0.560302734375,0.6121136209239131,-0.05181088654891308,True,FIXED_ROUTE_COUNTERFACTUAL,True
05-codegen-b5,code generation,DECODE,0.75,11748,206145257472,pass,0.6252122961956522,0.6503693953804348,-0.025157099184782594,True,FIXED_ROUTE_COUNTERFACTUAL,True
05-codegen-b5,code generation,DECODE,0.75,15665,274877890560,pass,0.7188667629076086,0.7020741338315217,0.016792629076086918,False,FIXED_ROUTE_COUNTERFACTUAL,True
05-codegen-b5,code generation,DECODE,0.75,19581,343592976384,pass,0.7653171705163043,0.7444166100543478,0.02090056046195654,False,FIXED_ROUTE_COUNTERFACTUAL,True
05-codegen-b5,code generation,DECODE,0.75,23497,412308062208,pass,0.7977560292119565,0.7787236752717391,0.019032353940217406,False,FIXED_ROUTE_COUNTERFACTUAL,True
05-codegen-b5,code generation,DECODE,0.75,27413,481023148032,pass,0.8234438688858695,0.8053880774456522,0.018055791440217295,False,FIXED_ROUTE_COUNTERFACTUAL,True
05-codegen-b5,code generation,DECODE,0.75,31330,549755781120,pass,0.8471148947010869,0.8363727072010869,0.0107421875,False,FIXED_ROUTE_COUNTERFACTUAL,True
05-codegen-b5,code generation,DECODE,0.75,39162,687185952768,pass,0.8951999830163043,0.8883109714673914,0.006889011548912971,False,FIXED_ROUTE_COUNTERFACTUAL,True
05-codegen-b5,code generation,DECODE,0.75,46995,824633671680,pass,0.931258491847826,0.9287852411684783,0.0024732506793477826,False,FIXED_ROUTE_COUNTERFACTUAL,True
05-codegen-b5,code generation,DECODE,0.75,54827,962063843328,pass,0.959366508152174,0.9589949898097826,0.0003715183423913526,False,FIXED_ROUTE_COUNTERFACTUAL,True
05-codegen-b5,code generation,DECODE,0.75,62660,1099511562240,pass,0.9661069123641305,0.9661069123641305,0.0,False,FIXED_ROUTE_COUNTERFACTUAL,True
05-codegen-b5,code generation,DECODE,0.75,70492,1236941733888,pass,0.9661069123641305,0.9661069123641305,0.0,False,FIXED_ROUTE_COUNTERFACTUAL,True
05-codegen-b5,code generation,DECODE,0.75,78325,1374389452800,pass,0.9661069123641305,0.9661069123641305,0.0,False,FIXED_ROUTE_COUNTERFACTUAL,True
05-codegen-b5,code generation,DECODE,0.75,82432,1446456066048,pass,0.9661069123641305,0.9661069123641305,0.0,False,FIXED_ROUTE_COUNTERFACTUAL,True
05-codegen-b5,code generation,DECODE,0.8,3916,68715085824,INFEASIBLE_CORE_EXCEEDS_CAPACITY,,0.407035495923913,,False,FIXED_ROUTE_COUNTERFACTUAL,True
05-codegen-b5,code generation,DECODE,0.8,5874,103072628736,INFEASIBLE_CORE_EXCEEDS_CAPACITY,,0.48811141304347827,,False,FIXED_ROUTE_COUNTERFACTUAL,True
05-codegen-b5,code generation,DECODE,0.8,7832,137430171648,pass,0.341361667798913,0.560196586277174,-0.21883491847826092,True,FIXED_ROUTE_COUNTERFACTUAL,True
05-codegen-b5,code generation,DECODE,0.8,7849,137728475136,pass,0.341361667798913,0.5603558084239131,-0.21899414062500006,True,FIXED_ROUTE_COUNTERFACTUAL,True
05-codegen-b5,code generation,DECODE,0.8,9790,171787714560,pass,0.560302734375,0.6121136209239131,-0.05181088654891308,True,FIXED_ROUTE_COUNTERFACTUAL,True
05-codegen-b5,code generation,DECODE,0.8,11748,206145257472,pass,0.6252122961956522,0.6503693953804348,-0.025157099184782594,True,FIXED_ROUTE_COUNTERFACTUAL,True
05-codegen-b5,code generation,DECODE,0.8,15665,274877890560,pass,0.7188667629076086,0.7020741338315217,0.016792629076086918,False,FIXED_ROUTE_COUNTERFACTUAL,True
05-codegen-b5,code generation,DECODE,0.8,19581,343592976384,pass,0.7653171705163043,0.7444166100543478,0.02090056046195654,False,FIXED_ROUTE_COUNTERFACTUAL,True
05-codegen-b5,code generation,DECODE,0.8,23497,412308062208,pass,0.7977560292119565,0.7787236752717391,0.019032353940217406,False,FIXED_ROUTE_COUNTERFACTUAL,True
05-codegen-b5,code generation,DECODE,0.8,27413,481023148032,pass,0.8234438688858695,0.8053880774456522,0.018055791440217295,False,FIXED_ROUTE_COUNTERFACTUAL,True
05-codegen-b5,code generation,DECODE,0.8,31330,549755781120,pass,0.8471148947010869,0.8363727072010869,0.0107421875,False,FIXED_ROUTE_COUNTERFACTUAL,True
05-codegen-b5,code generation,DECODE,0.8,39162,687185952768,pass,0.8951999830163043,0.8883109714673914,0.006889011548912971,False,FIXED_ROUTE_COUNTERFACTUAL,True
05-codegen-b5,code generation,DECODE,0.8,46995,824633671680,pass,0.931258491847826,0.9287852411684783,0.0024732506793477826,False,FIXED_ROUTE_COUNTERFACTUAL,True
05-codegen-b5,code generation,DECODE,0.8,54827,962063843328,pass,0.959366508152174,0.9589949898097826,0.0003715183423913526,False,FIXED_ROUTE_COUNTERFACTUAL,True
05-codegen-b5,code generation,DECODE,0.8,62660,1099511562240,pass,0.9661069123641305,0.9661069123641305,0.0,False,FIXED_ROUTE_COUNTERFACTUAL,True
05-codegen-b5,code generation,DECODE,0.8,70492,1236941733888,pass,0.9661069123641305,0.9661069123641305,0.0,False,FIXED_ROUTE_COUNTERFACTUAL,True
05-codegen-b5,code generation,DECODE,0.8,78325,1374389452800,pass,0.9661069123641305,0.9661069123641305,0.0,False,FIXED_ROUTE_COUNTERFACTUAL,True
05-codegen-b5,code generation,DECODE,0.8,82432,1446456066048,pass,0.9661069123641305,0.9661069123641305,0.0,False,FIXED_ROUTE_COUNTERFACTUAL,True
05-codegen-b5,code generation,DECODE,0.9,3916,68715085824,pass,0.19852878736413043,0.407035495923913,-0.2085067085597826,True,FIXED_ROUTE_COUNTERFACTUAL,True
05-codegen-b5,code generation,DECODE,0.9,5874,103072628736,pass,0.46964164402173914,0.48811141304347827,-0.018469769021739135,True,FIXED_ROUTE_COUNTERFACTUAL,True
05-codegen-b5,code generation,DECODE,0.9,7832,137430171648,pass,0.5480001698369565,0.560196586277174,-0.012196416440217406,True,FIXED_ROUTE_COUNTERFACTUAL,True
05-codegen-b5,code generation,DECODE,0.9,7849,137728475136,pass,0.5484566066576086,0.5603558084239131,-0.011899201766304435,True,FIXED_ROUTE_COUNTERFACTUAL,True
05-codegen-b5,code generation,DECODE,0.9,9790,171787714560,pass,0.6111052139945652,0.6121136209239131,-0.0010084069293478937,True,FIXED_ROUTE_COUNTERFACTUAL,True
05-codegen-b5,code generation,DECODE,0.9,11748,206145257472,pass,0.6580120584239131,0.6503693953804348,0.0076426630434782705,False,FIXED_ROUTE_COUNTERFACTUAL,True
05-codegen-b5,code generation,DECODE,0.9,15665,274877890560,pass,0.7149180536684783,0.7020741338315217,0.012843919836956541,False,FIXED_ROUTE_COUNTERFACTUAL,True
05-codegen-b5,code generation,DECODE,0.9,19581,343592976384,pass,0.7542353091032609,0.7444166100543478,0.009818699048913082,False,FIXED_ROUTE_COUNTERFACTUAL,True
05-codegen-b5,code generation,DECODE,0.9,23497,412308062208,pass,0.7863981827445652,0.7787236752717391,0.007674507472826053,False,FIXED_ROUTE_COUNTERFACTUAL,True
05-codegen-b5,code generation,DECODE,0.9,27413,481023148032,pass,0.8122770889945652,0.8053880774456522,0.006889011548912971,False,FIXED_ROUTE_COUNTERFACTUAL,True
05-codegen-b5,code generation,DECODE,0.9,31330,549755781120,pass,0.8407566236413043,0.8363727072010869,0.004383916440217406,False,FIXED_ROUTE_COUNTERFACTUAL,True
05-codegen-b5,code generation,DECODE,0.9,39162,687185952768,pass,0.8909965183423914,0.8883109714673914,0.002685546875,False,FIXED_ROUTE_COUNTERFACTUAL,True
05-codegen-b5,code generation,DECODE,0.9,46995,824633671680,pass,0.9299104110054348,0.9287852411684783,0.001125169836956541,False,FIXED_ROUTE_COUNTERFACTUAL,True
05-codegen-b5,code generation,DECODE,0.9,54827,962063843328,pass,0.9591648267663043,0.9589949898097826,0.00016983695652172948,False,FIXED_ROUTE_COUNTERFACTUAL,True
05-codegen-b5,code generation,DECODE,0.9,62660,1099511562240,pass,0.9661069123641305,0.9661069123641305,0.0,False,FIXED_ROUTE_COUNTERFACTUAL,True
05-codegen-b5,code generation,DECODE,0.9,70492,1236941733888,pass,0.9661069123641305,0.9661069123641305,0.0,False,FIXED_ROUTE_COUNTERFACTUAL,True
05-codegen-b5,code generation,DECODE,0.9,78325,1374389452800,pass,0.9661069123641305,0.9661069123641305,0.0,False,FIXED_ROUTE_COUNTERFACTUAL,True
05-codegen-b5,code generation,DECODE,0.9,82432,1446456066048,pass,0.9661069123641305,0.9661069123641305,0.0,False,FIXED_ROUTE_COUNTERFACTUAL,True
05-codegen-b5,code generation,DECODE,1.0,3916,68715085824,pass,0.416068699048913,0.407035495923913,0.009033203125,False,FIXED_ROUTE_COUNTERFACTUAL,True
05-codegen-b5,code generation,DECODE,1.0,5874,103072628736,pass,0.48856784986413043,0.48811141304347827,0.00045643682065216185,False,FIXED_ROUTE_COUNTERFACTUAL,True
05-codegen-b5,code generation,DECODE,1.0,7832,137430171648,pass,0.5653341542119565,0.560196586277174,0.005137567934782594,False,FIXED_ROUTE_COUNTERFACTUAL,True
05-codegen-b5,code generation,DECODE,1.0,7849,137728475136,pass,0.5657481317934783,0.5603558084239131,0.005392323369565188,False,FIXED_ROUTE_COUNTERFACTUAL,True
05-codegen-b5,code generation,DECODE,1.0,9790,171787714560,pass,0.610733695652174,0.6121136209239131,-0.0013799252717391353,True,FIXED_ROUTE_COUNTERFACTUAL,True
05-codegen-b5,code generation,DECODE,1.0,11748,206145257472,pass,0.6556449558423914,0.6503693953804348,0.005275560461956541,False,FIXED_ROUTE_COUNTERFACTUAL,True
05-codegen-b5,code generation,DECODE,1.0,15665,274877890560,pass,0.7077849014945652,0.7020741338315217,0.005710767663043459,False,FIXED_ROUTE_COUNTERFACTUAL,True
05-codegen-b5,code generation,DECODE,1.0,19581,343592976384,pass,0.7484820822010869,0.7444166100543478,0.004065472146739135,False,FIXED_ROUTE_COUNTERFACTUAL,True
05-codegen-b5,code generation,DECODE,1.0,23497,412308062208,pass,0.7813986073369565,0.7787236752717391,0.002674932065217406,False,FIXED_ROUTE_COUNTERFACTUAL,True
05-codegen-b5,code generation,DECODE,1.0,27413,481023148032,pass,0.8079887058423914,0.8053880774456522,0.0026006283967391353,False,FIXED_ROUTE_COUNTERFACTUAL,True
05-codegen-b5,code generation,DECODE,1.0,31330,549755781120,pass,0.8383895210597826,0.8363727072010869,0.0020168138586956763,False,FIXED_ROUTE_COUNTERFACTUAL,True
05-codegen-b5,code generation,DECODE,1.0,39162,687185952768,pass,0.8893512228260869,0.8883109714673914,0.0010402513586955653,False,FIXED_ROUTE_COUNTERFACTUAL,True
05-codegen-b5,code generation,DECODE,1.0,46995,824633671680,pass,0.92919921875,0.9287852411684783,0.0004139775815217295,False,FIXED_ROUTE_COUNTERFACTUAL,True
05-codegen-b5,code generation,DECODE,1.0,54827,962063843328,pass,0.9590586786684783,0.9589949898097826,6.368885869567631e-05,False,FIXED_ROUTE_COUNTERFACTUAL,True
05-codegen-b5,code generation,DECODE,1.0,62660,1099511562240,pass,0.9661069123641305,0.9661069123641305,0.0,False,FIXED_ROUTE_COUNTERFACTUAL,True
05-codegen-b5,code generation,DECODE,1.0,70492,1236941733888,pass,0.9661069123641305,0.9661069123641305,0.0,False,FIXED_ROUTE_COUNTERFACTUAL,True
05-codegen-b5,code generation,DECODE,1.0,78325,1374389452800,pass,0.9661069123641305,0.9661069123641305,0.0,False,FIXED_ROUTE_COUNTERFACTUAL,True
05-codegen-b5,code generation,DECODE,1.0,82432,1446456066048,pass,0.9661069123641305,0.9661069123641305,0.0,False,FIXED_ROUTE_COUNTERFACTUAL,True
06-debug-b4,debugging / code review,DECODE,0.5,3916,68715085824,INFEASIBLE_CORE_EXCEEDS_CAPACITY,,0.48948072350543476,,False,FIXED_ROUTE_COUNTERFACTUAL,True
06-debug-b4,debugging / code review,DECODE,0.5,5874,103072628736,INFEASIBLE_CORE_EXCEEDS_CAPACITY,,0.5749299422554348,,False,FIXED_ROUTE_COUNTERFACTUAL,True
06-debug-b4,debugging / code review,DECODE,0.5,7832,137430171648,INFEASIBLE_CORE_EXCEEDS_CAPACITY,,0.6230044157608695,,False,FIXED_ROUTE_COUNTERFACTUAL,True
06-debug-b4,debugging / code review,DECODE,0.5,7849,137728475136,INFEASIBLE_CORE_EXCEEDS_CAPACITY,,0.6233334748641305,,False,FIXED_ROUTE_COUNTERFACTUAL,True
06-debug-b4,debugging / code review,DECODE,0.5,9790,171787714560,INFEASIBLE_CORE_EXCEEDS_CAPACITY,,0.6550080672554348,,False,FIXED_ROUTE_COUNTERFACTUAL,True
06-debug-b4,debugging / code review,DECODE,0.5,11748,206145257472,INFEASIBLE_CORE_EXCEEDS_CAPACITY,,0.6865234375,,False,FIXED_ROUTE_COUNTERFACTUAL,True
06-debug-b4,debugging / code review,DECODE,0.5,15665,274877890560,INFEASIBLE_CORE_EXCEEDS_CAPACITY,,0.7328783118206522,,False,FIXED_ROUTE_COUNTERFACTUAL,True
06-debug-b4,debugging / code review,DECODE,0.5,19581,343592976384,INFEASIBLE_CORE_EXCEEDS_CAPACITY,,0.7660495923913043,,False,FIXED_ROUTE_COUNTERFACTUAL,True
06-debug-b4,debugging / code review,DECODE,0.5,23497,412308062208,pass,0.5438285495923914,0.7927564538043478,-0.24892790421195643,True,FIXED_ROUTE_COUNTERFACTUAL,True
06-debug-b4,debugging / code review,DECODE,0.5,27413,481023148032,pass,0.8154403023097826,0.8192828634510869,-0.0038425611413043237,True,FIXED_ROUTE_COUNTERFACTUAL,True
06-debug-b4,debugging / code review,DECODE,0.5,31330,549755781120,pass,0.8557659646739131,0.8432723335597826,0.012493631114130488,False,FIXED_ROUTE_COUNTERFACTUAL,True
06-debug-b4,debugging / code review,DECODE,0.5,39162,687185952768,pass,0.8955927309782609,0.894881538722826,0.0007111922554348116,False,FIXED_ROUTE_COUNTERFACTUAL,True
06-debug-b4,debugging / code review,DECODE,0.5,46995,824633671680,pass,0.9316512398097826,0.9366826596467391,-0.005031419836956541,True,FIXED_ROUTE_COUNTERFACTUAL,True
06-debug-b4,debugging / code review,DECODE,0.5,54827,962063843328,pass,0.9607464334239131,0.9614576256793478,-0.0007111922554347005,True,FIXED_ROUTE_COUNTERFACTUAL,True
06-debug-b4,debugging / code review,DECODE,0.5,62660,1099511562240,pass,0.9688986073369565,0.9688986073369565,0.0,False,FIXED_ROUTE_COUNTERFACTUAL,True
06-debug-b4,debugging / code review,DECODE,0.5,70492,1236941733888,pass,0.9688986073369565,0.9688986073369565,0.0,False,FIXED_ROUTE_COUNTERFACTUAL,True
06-debug-b4,debugging / code review,DECODE,0.5,78325,1374389452800,pass,0.9688986073369565,0.9688986073369565,0.0,False,FIXED_ROUTE_COUNTERFACTUAL,True
06-debug-b4,debugging / code review,DECODE,0.5,82432,1446456066048,pass,0.9688986073369565,0.9688986073369565,0.0,False,FIXED_ROUTE_COUNTERFACTUAL,True
06-debug-b4,debugging / code review,DECODE,0.75,3916,68715085824,INFEASIBLE_CORE_EXCEEDS_CAPACITY,,0.48948072350543476,,False,FIXED_ROUTE_COUNTERFACTUAL,True
06-debug-b4,debugging / code review,DECODE,0.75,5874,103072628736,INFEASIBLE_CORE_EXCEEDS_CAPACITY,,0.5749299422554348,,False,FIXED_ROUTE_COUNTERFACTUAL,True
06-debug-b4,debugging / code review,DECODE,0.75,7832,137430171648,INFEASIBLE_CORE_EXCEEDS_CAPACITY,,0.6230044157608695,,False,FIXED_ROUTE_COUNTERFACTUAL,True
06-debug-b4,debugging / code review,DECODE,0.75,7849,137728475136,INFEASIBLE_CORE_EXCEEDS_CAPACITY,,0.6233334748641305,,False,FIXED_ROUTE_COUNTERFACTUAL,True
06-debug-b4,debugging / code review,DECODE,0.75,9790,171787714560,pass,0.5316427479619565,0.6550080672554348,-0.12336531929347827,True,FIXED_ROUTE_COUNTERFACTUAL,True
06-debug-b4,debugging / code review,DECODE,0.75,11748,206145257472,pass,0.6453061311141305,0.6865234375,-0.04121730638586951,True,FIXED_ROUTE_COUNTERFACTUAL,True
06-debug-b4,debugging / code review,DECODE,0.75,15665,274877890560,pass,0.723494819972826,0.7328783118206522,-0.009383491847826164,True,FIXED_ROUTE_COUNTERFACTUAL,True
06-debug-b4,debugging / code review,DECODE,0.75,19581,343592976384,pass,0.7731509001358695,0.7660495923913043,0.007101307744565188,False,FIXED_ROUTE_COUNTERFACTUAL,True
06-debug-b4,debugging / code review,DECODE,0.75,23497,412308062208,pass,0.8050271739130435,0.7927564538043478,0.012270720108695676,False,FIXED_ROUTE_COUNTERFACTUAL,True
06-debug-b4,debugging / code review,DECODE,0.75,27413,481023148032,pass,0.828507133152174,0.8192828634510869,0.009224269701087029,False,FIXED_ROUTE_COUNTERFACTUAL,True
06-debug-b4,debugging / code review,DECODE,0.75,31330,549755781120,pass,0.8508725373641305,0.8432723335597826,0.007600203804347894,False,FIXED_ROUTE_COUNTERFACTUAL,True
06-debug-b4,debugging / code review,DECODE,0.75,39162,687185952768,pass,0.8971849524456522,0.894881538722826,0.002303413722826164,False,FIXED_ROUTE_COUNTERFACTUAL,True
06-debug-b4,debugging / code review,DECODE,0.75,46995,824633671680,pass,0.9345172384510869,0.9366826596467391,-0.0021654211956522174,True,FIXED_ROUTE_COUNTERFACTUAL,True
06-debug-b4,debugging / code review,DECODE,0.75,54827,962063843328,pass,0.9614363960597826,0.9614576256793478,-2.122961956518843e-05,True,FIXED_ROUTE_COUNTERFACTUAL,True
06-debug-b4,debugging / code review,DECODE,0.75,62660,1099511562240,pass,0.9688986073369565,0.9688986073369565,0.0,False,FIXED_ROUTE_COUNTERFACTUAL,True
06-debug-b4,debugging / code review,DECODE,0.75,70492,1236941733888,pass,0.9688986073369565,0.9688986073369565,0.0,False,FIXED_ROUTE_COUNTERFACTUAL,True
06-debug-b4,debugging / code review,DECODE,0.75,78325,1374389452800,pass,0.9688986073369565,0.9688986073369565,0.0,False,FIXED_ROUTE_COUNTERFACTUAL,True
06-debug-b4,debugging / code review,DECODE,0.75,82432,1446456066048,pass,0.9688986073369565,0.9688986073369565,0.0,False,FIXED_ROUTE_COUNTERFACTUAL,True
06-debug-b4,debugging / code review,DECODE,0.8,3916,68715085824,INFEASIBLE_CORE_EXCEEDS_CAPACITY,,0.48948072350543476,,False,FIXED_ROUTE_COUNTERFACTUAL,True
06-debug-b4,debugging / code review,DECODE,0.8,5874,103072628736,INFEASIBLE_CORE_EXCEEDS_CAPACITY,,0.5749299422554348,,False,FIXED_ROUTE_COUNTERFACTUAL,True
06-debug-b4,debugging / code review,DECODE,0.8,7832,137430171648,INFEASIBLE_CORE_EXCEEDS_CAPACITY,,0.6230044157608695,,False,FIXED_ROUTE_COUNTERFACTUAL,True
06-debug-b4,debugging / code review,DECODE,0.8,7849,137728475136,INFEASIBLE_CORE_EXCEEDS_CAPACITY,,0.6233334748641305,,False,FIXED_ROUTE_COUNTERFACTUAL,True
06-debug-b4,debugging / code review,DECODE,0.8,9790,171787714560,pass,0.5316427479619565,0.6550080672554348,-0.12336531929347827,True,FIXED_ROUTE_COUNTERFACTUAL,True
06-debug-b4,debugging / code review,DECODE,0.8,11748,206145257472,pass,0.6453061311141305,0.6865234375,-0.04121730638586951,True,FIXED_ROUTE_COUNTERFACTUAL,True
06-debug-b4,debugging / code review,DECODE,0.8,15665,274877890560,pass,0.723494819972826,0.7328783118206522,-0.009383491847826164,True,FIXED_ROUTE_COUNTERFACTUAL,True
06-debug-b4,debugging / code review,DECODE,0.8,19581,343592976384,pass,0.7731509001358695,0.7660495923913043,0.007101307744565188,False,FIXED_ROUTE_COUNTERFACTUAL,True
06-debug-b4,debugging / code review,DECODE,0.8,23497,412308062208,pass,0.8050271739130435,0.7927564538043478,0.012270720108695676,False,FIXED_ROUTE_COUNTERFACTUAL,True
06-debug-b4,debugging / code review,DECODE,0.8,27413,481023148032,pass,0.828507133152174,0.8192828634510869,0.009224269701087029,False,FIXED_ROUTE_COUNTERFACTUAL,True
06-debug-b4,debugging / code review,DECODE,0.8,31330,549755781120,pass,0.8508725373641305,0.8432723335597826,0.007600203804347894,False,FIXED_ROUTE_COUNTERFACTUAL,True
06-debug-b4,debugging / code review,DECODE,0.8,39162,687185952768,pass,0.8971849524456522,0.894881538722826,0.002303413722826164,False,FIXED_ROUTE_COUNTERFACTUAL,True
06-debug-b4,debugging / code review,DECODE,0.8,46995,824633671680,pass,0.9345172384510869,0.9366826596467391,-0.0021654211956522174,True,FIXED_ROUTE_COUNTERFACTUAL,True
06-debug-b4,debugging / code review,DECODE,0.8,54827,962063843328,pass,0.9614363960597826,0.9614576256793478,-2.122961956518843e-05,True,FIXED_ROUTE_COUNTERFACTUAL,True
06-debug-b4,debugging / code review,DECODE,0.8,62660,1099511562240,pass,0.9688986073369565,0.9688986073369565,0.0,False,FIXED_ROUTE_COUNTERFACTUAL,True
06-debug-b4,debugging / code review,DECODE,0.8,70492,1236941733888,pass,0.9688986073369565,0.9688986073369565,0.0,False,FIXED_ROUTE_COUNTERFACTUAL,True
06-debug-b4,debugging / code review,DECODE,0.8,78325,1374389452800,pass,0.9688986073369565,0.9688986073369565,0.0,False,FIXED_ROUTE_COUNTERFACTUAL,True
06-debug-b4,debugging / code review,DECODE,0.8,82432,1446456066048,pass,0.9688986073369565,0.9688986073369565,0.0,False,FIXED_ROUTE_COUNTERFACTUAL,True
06-debug-b4,debugging / code review,DECODE,0.9,3916,68715085824,pass,0.1629904042119565,0.48948072350543476,-0.32649031929347827,True,FIXED_ROUTE_COUNTERFACTUAL,True
06-debug-b4,debugging / code review,DECODE,0.9,5874,103072628736,pass,0.5053604789402174,0.5749299422554348,-0.0695694633152174,True,FIXED_ROUTE_COUNTERFACTUAL,True
06-debug-b4,debugging / code review,DECODE,0.9,7832,137430171648,pass,0.6008831521739131,0.6230044157608695,-0.02212126358695643,True,FIXED_ROUTE_COUNTERFACTUAL,True
06-debug-b4,debugging / code review,DECODE,0.9,7849,137728475136,pass,0.6020295516304348,0.6233334748641305,-0.021303923233695676,True,FIXED_ROUTE_COUNTERFACTUAL,True
06-debug-b4,debugging / code review,DECODE,0.9,9790,171787714560,pass,0.650496773097826,0.6550080672554348,-0.004511294157608758,True,FIXED_ROUTE_COUNTERFACTUAL,True
06-debug-b4,debugging / code review,DECODE,0.9,11748,206145257472,pass,0.6792947520380435,0.6865234375,-0.007228685461956541,True,FIXED_ROUTE_COUNTERFACTUAL,True
06-debug-b4,debugging / code review,DECODE,0.9,15665,274877890560,pass,0.7363068953804348,0.7328783118206522,0.003428583559782594,False,FIXED_ROUTE_COUNTERFACTUAL,True
06-debug-b4,debugging / code review,DECODE,0.9,19581,343592976384,pass,0.7700513756793478,0.7660495923913043,0.004001783288043459,False,FIXED_ROUTE_COUNTERFACTUAL,True
06-debug-b4,debugging / code review,DECODE,0.9,23497,412308062208,pass,0.7978409476902174,0.7927564538043478,0.005084493885869623,False,FIXED_ROUTE_COUNTERFACTUAL,True
06-debug-b4,debugging / code review,DECODE,0.9,27413,481023148032,pass,0.824600883152174,0.8192828634510869,0.005318019701087029,False,FIXED_ROUTE_COUNTERFACTUAL,True
06-debug-b4,debugging / code review,DECODE,0.9,31330,549755781120,pass,0.846817680027174,0.8432723335597826,0.0035453464673913526,False,FIXED_ROUTE_COUNTERFACTUAL,True
06-debug-b4,debugging / code review,DECODE,0.9,39162,687185952768,pass,0.8970257302989131,0.894881538722826,0.002144191576087029,False,FIXED_ROUTE_COUNTERFACTUAL,True
06-debug-b4,debugging / code review,DECODE,0.9,46995,824633671680,pass,0.9361094599184783,0.9366826596467391,-0.0005731997282608647,True,FIXED_ROUTE_COUNTERFACTUAL,True
06-debug-b4,debugging / code review,DECODE,0.9,54827,962063843328,pass,0.9615000849184783,0.9614576256793478,4.245923913048788e-05,False,FIXED_ROUTE_COUNTERFACTUAL,True
06-debug-b4,debugging / code review,DECODE,0.9,62660,1099511562240,pass,0.9688986073369565,0.9688986073369565,0.0,False,FIXED_ROUTE_COUNTERFACTUAL,True
06-debug-b4,debugging / code review,DECODE,0.9,70492,1236941733888,pass,0.9688986073369565,0.9688986073369565,0.0,False,FIXED_ROUTE_COUNTERFACTUAL,True
06-debug-b4,debugging / code review,DECODE,0.9,78325,1374389452800,pass,0.9688986073369565,0.9688986073369565,0.0,False,FIXED_ROUTE_COUNTERFACTUAL,True
06-debug-b4,debugging / code review,DECODE,0.9,82432,1446456066048,pass,0.9688986073369565,0.9688986073369565,0.0,False,FIXED_ROUTE_COUNTERFACTUAL,True
06-debug-b4,debugging / code review,DECODE,1.0,3916,68715085824,pass,0.4317680027173913,0.48948072350543476,-0.05771272078804346,True,FIXED_ROUTE_COUNTERFACTUAL,True
06-debug-b4,debugging / code review,DECODE,1.0,5874,103072628736,pass,0.5618843410326086,0.5749299422554348,-0.013045601222826164,True,FIXED_ROUTE_COUNTERFACTUAL,True
06-debug-b4,debugging / code review,DECODE,1.0,7832,137430171648,pass,0.6191936990489131,0.6230044157608695,-0.00381071671195643,True,FIXED_ROUTE_COUNTERFACTUAL,True
06-debug-b4,debugging / code review,DECODE,1.0,7849,137728475136,pass,0.6195864470108695,0.6233334748641305,-0.0037470278532609758,True,FIXED_ROUTE_COUNTERFACTUAL,True
06-debug-b4,debugging / code review,DECODE,1.0,9790,171787714560,pass,0.6540845788043478,0.6550080672554348,-0.0009234884510870289,True,FIXED_ROUTE_COUNTERFACTUAL,True
06-debug-b4,debugging / code review,DECODE,1.0,11748,206145257472,pass,0.6834239130434783,0.6865234375,-0.0030995244565217295,True,FIXED_ROUTE_COUNTERFACTUAL,True
06-debug-b4,debugging / code review,DECODE,1.0,15665,274877890560,pass,0.7343856148097826,0.7328783118206522,0.0015073029891303769,False,FIXED_ROUTE_COUNTERFACTUAL,True
06-debug-b4,debugging / code review,DECODE,1.0,19581,343592976384,pass,0.7689155910326086,0.7660495923913043,0.0028659986413043237,False,FIXED_ROUTE_COUNTERFACTUAL,True
06-debug-b4,debugging / code review,DECODE,1.0,23497,412308062208,pass,0.7950917119565217,0.7927564538043478,0.002335258152173947,False,FIXED_ROUTE_COUNTERFACTUAL,True
06-debug-b4,debugging / code review,DECODE,1.0,27413,481023148032,pass,0.8217454993206522,0.8192828634510869,0.0024626358695652995,False,FIXED_ROUTE_COUNTERFACTUAL,True
06-debug-b4,debugging / code review,DECODE,1.0,31330,549755781120,pass,0.8448433254076086,0.8432723335597826,0.0015709918478260532,False,FIXED_ROUTE_COUNTERFACTUAL,True
06-debug-b4,debugging / code review,DECODE,1.0,39162,687185952768,pass,0.8960597826086957,0.894881538722826,0.0011782438858696231,False,FIXED_ROUTE_COUNTERFACTUAL,True
06-debug-b4,debugging / code review,DECODE,1.0,46995,824633671680,pass,0.9371390964673914,0.9366826596467391,0.00045643682065221736,False,FIXED_ROUTE_COUNTERFACTUAL,True
06-debug-b4,debugging / code review,DECODE,1.0,54827,962063843328,pass,0.9615000849184783,0.9614576256793478,4.245923913048788e-05,False,FIXED_ROUTE_COUNTERFACTUAL,True
06-debug-b4,debugging / code review,DECODE,1.0,62660,1099511562240,pass,0.9688986073369565,0.9688986073369565,0.0,False,FIXED_ROUTE_COUNTERFACTUAL,True
06-debug-b4,debugging / code review,DECODE,1.0,70492,1236941733888,pass,0.9688986073369565,0.9688986073369565,0.0,False,FIXED_ROUTE_COUNTERFACTUAL,True
06-debug-b4,debugging / code review,DECODE,1.0,78325,1374389452800,pass,0.9688986073369565,0.9688986073369565,0.0,False,FIXED_ROUTE_COUNTERFACTUAL,True
06-debug-b4,debugging / code review,DECODE,1.0,82432,1446456066048,pass,0.9688986073369565,0.9688986073369565,0.0,False,FIXED_ROUTE_COUNTERFACTUAL,True
07-algorithms-b2,algorithms / data-structure reasoning,DECODE,0.5,3916,68715085824,INFEASIBLE_CORE_EXCEEDS_CAPACITY,,0.47139308763586957,,False,FIXED_ROUTE_COUNTERFACTUAL,True
07-algorithms-b2,algorithms / data-structure reasoning,DECODE,0.5,5874,103072628736,INFEASIBLE_CORE_EXCEEDS_CAPACITY,,0.5280549422554348,,False,FIXED_ROUTE_COUNTERFACTUAL,True
07-algorithms-b2,algorithms / data-structure reasoning,DECODE,0.5,7832,137430171648,INFEASIBLE_CORE_EXCEEDS_CAPACITY,,0.5700365149456522,,False,FIXED_ROUTE_COUNTERFACTUAL,True
07-algorithms-b2,algorithms / data-structure reasoning,DECODE,0.5,7849,137728475136,INFEASIBLE_CORE_EXCEEDS_CAPACITY,,0.5705141813858695,,False,FIXED_ROUTE_COUNTERFACTUAL,True
07-algorithms-b2,algorithms / data-structure reasoning,DECODE,0.5,9790,171787714560,INFEASIBLE_CORE_EXCEEDS_CAPACITY,,0.6026239809782609,,False,FIXED_ROUTE_COUNTERFACTUAL,True
07-algorithms-b2,algorithms / data-structure reasoning,DECODE,0.5,11748,206145257472,INFEASIBLE_CORE_EXCEEDS_CAPACITY,,0.6329292629076086,,False,FIXED_ROUTE_COUNTERFACTUAL,True
07-algorithms-b2,algorithms / data-structure reasoning,DECODE,0.5,15665,274877890560,INFEASIBLE_CORE_EXCEEDS_CAPACITY,,0.6880413552989131,,False,FIXED_ROUTE_COUNTERFACTUAL,True
07-algorithms-b2,algorithms / data-structure reasoning,DECODE,0.5,19581,343592976384,INFEASIBLE_CORE_EXCEEDS_CAPACITY,,0.7386952275815217,,False,FIXED_ROUTE_COUNTERFACTUAL,True
07-algorithms-b2,algorithms / data-structure reasoning,DECODE,0.5,23497,412308062208,pass,0.6149371603260869,0.7784052309782609,-0.16346807065217395,True,FIXED_ROUTE_COUNTERFACTUAL,True
07-algorithms-b2,algorithms / data-structure reasoning,DECODE,0.5,27413,481023148032,pass,0.8050059442934783,0.8102602751358695,-0.005254330842391242,True,FIXED_ROUTE_COUNTERFACTUAL,True
07-algorithms-b2,algorithms / data-structure reasoning,DECODE,0.5,31330,549755781120,pass,0.840958305027174,0.8352475373641305,0.005710767663043459,False,FIXED_ROUTE_COUNTERFACTUAL,True
07-algorithms-b2,algorithms / data-structure reasoning,DECODE,0.5,39162,687185952768,pass,0.884627632472826,0.8870796535326086,-0.002452021059782594,True,FIXED_ROUTE_COUNTERFACTUAL,True
07-algorithms-b2,algorithms / data-structure reasoning,DECODE,0.5,46995,824633671680,pass,0.9206118376358695,0.9221828294836957,-0.0015709918478261642,True,FIXED_ROUTE_COUNTERFACTUAL,True
07-algorithms-b2,algorithms / data-structure reasoning,DECODE,0.5,54827,962063843328,pass,0.9401961616847826,0.9435822860054348,-0.0033861243206522174,True,FIXED_ROUTE_COUNTERFACTUAL,True
07-algorithms-b2,algorithms / data-structure reasoning,DECODE,0.5,62660,1099511562240,pass,0.9452594259510869,0.9452594259510869,0.0,False,FIXED_ROUTE_COUNTERFACTUAL,True
07-algorithms-b2,algorithms / data-structure reasoning,DECODE,0.5,70492,1236941733888,pass,0.9452594259510869,0.9452594259510869,0.0,False,FIXED_ROUTE_COUNTERFACTUAL,True
07-algorithms-b2,algorithms / data-structure reasoning,DECODE,0.5,78325,1374389452800,pass,0.9452594259510869,0.9452594259510869,0.0,False,FIXED_ROUTE_COUNTERFACTUAL,True
07-algorithms-b2,algorithms / data-structure reasoning,DECODE,0.5,82432,1446456066048,pass,0.9452594259510869,0.9452594259510869,0.0,False,FIXED_ROUTE_COUNTERFACTUAL,True
07-algorithms-b2,algorithms / data-structure reasoning,DECODE,0.75,3916,68715085824,INFEASIBLE_CORE_EXCEEDS_CAPACITY,,0.47139308763586957,,False,FIXED_ROUTE_COUNTERFACTUAL,True
07-algorithms-b2,algorithms / data-structure reasoning,DECODE,0.75,5874,103072628736,INFEASIBLE_CORE_EXCEEDS_CAPACITY,,0.5280549422554348,,False,FIXED_ROUTE_COUNTERFACTUAL,True
07-algorithms-b2,algorithms / data-structure reasoning,DECODE,0.75,7832,137430171648,pass,0.3348547894021739,0.5700365149456522,-0.23518172554347833,True,FIXED_ROUTE_COUNTERFACTUAL,True
07-algorithms-b2,algorithms / data-structure reasoning,DECODE,0.75,7849,137728475136,pass,0.3348547894021739,0.5705141813858695,-0.23565939198369562,True,FIXED_ROUTE_COUNTERFACTUAL,True
07-algorithms-b2,algorithms / data-structure reasoning,DECODE,0.75,9790,171787714560,pass,0.5918817934782609,0.6026239809782609,-0.0107421875,True,FIXED_ROUTE_COUNTERFACTUAL,True
07-algorithms-b2,algorithms / data-structure reasoning,DECODE,0.75,11748,206145257472,pass,0.6483101222826086,0.6329292629076086,0.015380859375,False,FIXED_ROUTE_COUNTERFACTUAL,True
07-algorithms-b2,algorithms / data-structure reasoning,DECODE,0.75,15665,274877890560,pass,0.7069887907608695,0.6880413552989131,0.01894743546195643,False,FIXED_ROUTE_COUNTERFACTUAL,True
07-algorithms-b2,algorithms / data-structure reasoning,DECODE,0.75,19581,343592976384,pass,0.7494374150815217,0.7386952275815217,0.0107421875,False,FIXED_ROUTE_COUNTERFACTUAL,True
07-algorithms-b2,algorithms / data-structure reasoning,DECODE,0.75,23497,412308062208,pass,0.787215523097826,0.7784052309782609,0.008810292119565188,False,FIXED_ROUTE_COUNTERFACTUAL,True
07-algorithms-b2,algorithms / data-structure reasoning,DECODE,0.75,27413,481023148032,pass,0.8197286854619565,0.8102602751358695,0.009468410326087029,False,FIXED_ROUTE_COUNTERFACTUAL,True
07-algorithms-b2,algorithms / data-structure reasoning,DECODE,0.75,31330,549755781120,pass,0.843123726222826,0.8352475373641305,0.007876188858695565,False,FIXED_ROUTE_COUNTERFACTUAL,True
07-algorithms-b2,algorithms / data-structure reasoning,DECODE,0.75,39162,687185952768,pass,0.8892556895380435,0.8870796535326086,0.0021760360054348116,False,FIXED_ROUTE_COUNTERFACTUAL,True
07-algorithms-b2,algorithms / data-structure reasoning,DECODE,0.75,46995,824633671680,pass,0.9229046365489131,0.9221828294836957,0.0007218070652174058,False,FIXED_ROUTE_COUNTERFACTUAL,True
07-algorithms-b2,algorithms / data-structure reasoning,DECODE,0.75,54827,962063843328,pass,0.943221382472826,0.9435822860054348,-0.0003609035326087584,True,FIXED_ROUTE_COUNTERFACTUAL,True
07-algorithms-b2,algorithms / data-structure reasoning,DECODE,0.75,62660,1099511562240,pass,0.9452594259510869,0.9452594259510869,0.0,False,FIXED_ROUTE_COUNTERFACTUAL,True
07-algorithms-b2,algorithms / data-structure reasoning,DECODE,0.75,70492,1236941733888,pass,0.9452594259510869,0.9452594259510869,0.0,False,FIXED_ROUTE_COUNTERFACTUAL,True
07-algorithms-b2,algorithms / data-structure reasoning,DECODE,0.75,78325,1374389452800,pass,0.9452594259510869,0.9452594259510869,0.0,False,FIXED_ROUTE_COUNTERFACTUAL,True
07-algorithms-b2,algorithms / data-structure reasoning,DECODE,0.75,82432,1446456066048,pass,0.9452594259510869,0.9452594259510869,0.0,False,FIXED_ROUTE_COUNTERFACTUAL,True
07-algorithms-b2,algorithms / data-structure reasoning,DECODE,0.8,3916,68715085824,INFEASIBLE_CORE_EXCEEDS_CAPACITY,,0.47139308763586957,,False,FIXED_ROUTE_COUNTERFACTUAL,True
07-algorithms-b2,algorithms / data-structure reasoning,DECODE,0.8,5874,103072628736,INFEASIBLE_CORE_EXCEEDS_CAPACITY,,0.5280549422554348,,False,FIXED_ROUTE_COUNTERFACTUAL,True
07-algorithms-b2,algorithms / data-structure reasoning,DECODE,0.8,7832,137430171648,pass,0.3348547894021739,0.5700365149456522,-0.23518172554347833,True,FIXED_ROUTE_COUNTERFACTUAL,True
07-algorithms-b2,algorithms / data-structure reasoning,DECODE,0.8,7849,137728475136,pass,0.3348547894021739,0.5705141813858695,-0.23565939198369562,True,FIXED_ROUTE_COUNTERFACTUAL,True
07-algorithms-b2,algorithms / data-structure reasoning,DECODE,0.8,9790,171787714560,pass,0.5918817934782609,0.6026239809782609,-0.0107421875,True,FIXED_ROUTE_COUNTERFACTUAL,True
07-algorithms-b2,algorithms / data-structure reasoning,DECODE,0.8,11748,206145257472,pass,0.6483101222826086,0.6329292629076086,0.015380859375,False,FIXED_ROUTE_COUNTERFACTUAL,True
07-algorithms-b2,algorithms / data-structure reasoning,DECODE,0.8,15665,274877890560,pass,0.7069887907608695,0.6880413552989131,0.01894743546195643,False,FIXED_ROUTE_COUNTERFACTUAL,True
07-algorithms-b2,algorithms / data-structure reasoning,DECODE,0.8,19581,343592976384,pass,0.7494374150815217,0.7386952275815217,0.0107421875,False,FIXED_ROUTE_COUNTERFACTUAL,True
07-algorithms-b2,algorithms / data-structure reasoning,DECODE,0.8,23497,412308062208,pass,0.787215523097826,0.7784052309782609,0.008810292119565188,False,FIXED_ROUTE_COUNTERFACTUAL,True
07-algorithms-b2,algorithms / data-structure reasoning,DECODE,0.8,27413,481023148032,pass,0.8197286854619565,0.8102602751358695,0.009468410326087029,False,FIXED_ROUTE_COUNTERFACTUAL,True
07-algorithms-b2,algorithms / data-structure reasoning,DECODE,0.8,31330,549755781120,pass,0.843123726222826,0.8352475373641305,0.007876188858695565,False,FIXED_ROUTE_COUNTERFACTUAL,True
07-algorithms-b2,algorithms / data-structure reasoning,DECODE,0.8,39162,687185952768,pass,0.8892556895380435,0.8870796535326086,0.0021760360054348116,False,FIXED_ROUTE_COUNTERFACTUAL,True
07-algorithms-b2,algorithms / data-structure reasoning,DECODE,0.8,46995,824633671680,pass,0.9229046365489131,0.9221828294836957,0.0007218070652174058,False,FIXED_ROUTE_COUNTERFACTUAL,True
07-algorithms-b2,algorithms / data-structure reasoning,DECODE,0.8,54827,962063843328,pass,0.943221382472826,0.9435822860054348,-0.0003609035326087584,True,FIXED_ROUTE_COUNTERFACTUAL,True
07-algorithms-b2,algorithms / data-structure reasoning,DECODE,0.8,62660,1099511562240,pass,0.9452594259510869,0.9452594259510869,0.0,False,FIXED_ROUTE_COUNTERFACTUAL,True
07-algorithms-b2,algorithms / data-structure reasoning,DECODE,0.8,70492,1236941733888,pass,0.9452594259510869,0.9452594259510869,0.0,False,FIXED_ROUTE_COUNTERFACTUAL,True
07-algorithms-b2,algorithms / data-structure reasoning,DECODE,0.8,78325,1374389452800,pass,0.9452594259510869,0.9452594259510869,0.0,False,FIXED_ROUTE_COUNTERFACTUAL,True
07-algorithms-b2,algorithms / data-structure reasoning,DECODE,0.8,82432,1446456066048,pass,0.9452594259510869,0.9452594259510869,0.0,False,FIXED_ROUTE_COUNTERFACTUAL,True
07-algorithms-b2,algorithms / data-structure reasoning,DECODE,0.9,3916,68715085824,pass,0.21085258152173914,0.47139308763586957,-0.26054050611413043,True,FIXED_ROUTE_COUNTERFACTUAL,True
07-algorithms-b2,algorithms / data-structure reasoning,DECODE,0.9,5874,103072628736,pass,0.5166652513586957,0.5280549422554348,-0.011389690896739135,True,FIXED_ROUTE_COUNTERFACTUAL,True
07-algorithms-b2,algorithms / data-structure reasoning,DECODE,0.9,7832,137430171648,pass,0.5831776494565217,0.5700365149456522,0.013141134510869512,False,FIXED_ROUTE_COUNTERFACTUAL,True
07-algorithms-b2,algorithms / data-structure reasoning,DECODE,0.9,7849,137728475136,pass,0.5833156419836957,0.5705141813858695,0.012801460597826164,False,FIXED_ROUTE_COUNTERFACTUAL,True
07-algorithms-b2,algorithms / data-structure reasoning,DECODE,0.9,9790,171787714560,pass,0.6213166610054348,0.6026239809782609,0.018692680027173947,False,FIXED_ROUTE_COUNTERFACTUAL,True
07-algorithms-b2,algorithms / data-structure reasoning,DECODE,0.9,11748,206145257472,pass,0.6487453294836957,0.6329292629076086,0.01581606657608703,False,FIXED_ROUTE_COUNTERFACTUAL,True
07-algorithms-b2,algorithms / data-structure reasoning,DECODE,0.9,15665,274877890560,pass,0.6991656759510869,0.6880413552989131,0.011124320652173836,False,FIXED_ROUTE_COUNTERFACTUAL,True
07-algorithms-b2,algorithms / data-structure reasoning,DECODE,0.9,19581,343592976384,pass,0.741837211277174,0.7386952275815217,0.0031419836956522174,False,FIXED_ROUTE_COUNTERFACTUAL,True
07-algorithms-b2,algorithms / data-structure reasoning,DECODE,0.9,23497,412308062208,pass,0.7842327615489131,0.7784052309782609,0.005827530570652217,False,FIXED_ROUTE_COUNTERFACTUAL,True
07-algorithms-b2,algorithms / data-structure reasoning,DECODE,0.9,27413,481023148032,pass,0.8138693104619565,0.8102602751358695,0.003609035326087029,False,FIXED_ROUTE_COUNTERFACTUAL,True
07-algorithms-b2,algorithms / data-structure reasoning,DECODE,0.9,31330,549755781120,pass,0.8386442764945652,0.8352475373641305,0.0033967391304347005,False,FIXED_ROUTE_COUNTERFACTUAL,True
07-algorithms-b2,algorithms / data-structure reasoning,DECODE,0.9,39162,687185952768,pass,0.8884171195652174,0.8870796535326086,0.0013374660326087584,False,FIXED_ROUTE_COUNTERFACTUAL,True
07-algorithms-b2,algorithms / data-structure reasoning,DECODE,0.9,46995,824633671680,pass,0.9226286514945652,0.9221828294836957,0.0004458220108695121,False,FIXED_ROUTE_COUNTERFACTUAL,True
07-algorithms-b2,algorithms / data-structure reasoning,DECODE,0.9,54827,962063843328,pass,0.9435079823369565,0.9435822860054348,-7.430366847827052e-05,True,FIXED_ROUTE_COUNTERFACTUAL,True
07-algorithms-b2,algorithms / data-structure reasoning,DECODE,0.9,62660,1099511562240,pass,0.9452594259510869,0.9452594259510869,0.0,False,FIXED_ROUTE_COUNTERFACTUAL,True
07-algorithms-b2,algorithms / data-structure reasoning,DECODE,0.9,70492,1236941733888,pass,0.9452594259510869,0.9452594259510869,0.0,False,FIXED_ROUTE_COUNTERFACTUAL,True
07-algorithms-b2,algorithms / data-structure reasoning,DECODE,0.9,78325,1374389452800,pass,0.9452594259510869,0.9452594259510869,0.0,False,FIXED_ROUTE_COUNTERFACTUAL,True
07-algorithms-b2,algorithms / data-structure reasoning,DECODE,0.9,82432,1446456066048,pass,0.9452594259510869,0.9452594259510869,0.0,False,FIXED_ROUTE_COUNTERFACTUAL,True
07-algorithms-b2,algorithms / data-structure reasoning,DECODE,1.0,3916,68715085824,pass,0.4654594089673913,0.47139308763586957,-0.0059336786684782705,True,FIXED_ROUTE_COUNTERFACTUAL,True
07-algorithms-b2,algorithms / data-structure reasoning,DECODE,1.0,5874,103072628736,pass,0.5395613960597826,0.5280549422554348,0.011506453804347783,False,FIXED_ROUTE_COUNTERFACTUAL,True
07-algorithms-b2,algorithms / data-structure reasoning,DECODE,1.0,7832,137430171648,pass,0.5809909986413043,0.5700365149456522,0.010954483695652106,False,FIXED_ROUTE_COUNTERFACTUAL,True
07-algorithms-b2,algorithms / data-structure reasoning,DECODE,1.0,7849,137728475136,pass,0.5813519021739131,0.5705141813858695,0.01083772078804357,False,FIXED_ROUTE_COUNTERFACTUAL,True
07-algorithms-b2,algorithms / data-structure reasoning,DECODE,1.0,9790,171787714560,pass,0.6138969089673914,0.6026239809782609,0.011272927989130488,False,FIXED_ROUTE_COUNTERFACTUAL,True
07-algorithms-b2,algorithms / data-structure reasoning,DECODE,1.0,11748,206145257472,pass,0.6419943104619565,0.6329292629076086,0.009065047554347894,False,FIXED_ROUTE_COUNTERFACTUAL,True
07-algorithms-b2,algorithms / data-structure reasoning,DECODE,1.0,15665,274877890560,pass,0.6928498641304348,0.6880413552989131,0.0048085088315217295,False,FIXED_ROUTE_COUNTERFACTUAL,True
07-algorithms-b2,algorithms / data-structure reasoning,DECODE,1.0,19581,343592976384,pass,0.7393002717391305,0.7386952275815217,0.0006050441576087584,False,FIXED_ROUTE_COUNTERFACTUAL,True
07-algorithms-b2,algorithms / data-structure reasoning,DECODE,1.0,23497,412308062208,pass,0.7810483186141305,0.7784052309782609,0.002643087635869623,False,FIXED_ROUTE_COUNTERFACTUAL,True
07-algorithms-b2,algorithms / data-structure reasoning,DECODE,1.0,27413,481023148032,pass,0.8115340523097826,0.8102602751358695,0.001273777173913082,False,FIXED_ROUTE_COUNTERFACTUAL,True
07-algorithms-b2,algorithms / data-structure reasoning,DECODE,1.0,31330,549755781120,pass,0.8365743885869565,0.8352475373641305,0.0013268512228260532,False,FIXED_ROUTE_COUNTERFACTUAL,True
07-algorithms-b2,algorithms / data-structure reasoning,DECODE,1.0,39162,687185952768,pass,0.8874936311141305,0.8870796535326086,0.0004139775815218405,False,FIXED_ROUTE_COUNTERFACTUAL,True
07-algorithms-b2,algorithms / data-structure reasoning,DECODE,1.0,46995,824633671680,pass,0.9223526664402174,0.9221828294836957,0.00016983695652172948,False,FIXED_ROUTE_COUNTERFACTUAL,True
07-algorithms-b2,algorithms / data-structure reasoning,DECODE,1.0,54827,962063843328,pass,0.9435822860054348,0.9435822860054348,0.0,False,FIXED_ROUTE_COUNTERFACTUAL,True
07-algorithms-b2,algorithms / data-structure reasoning,DECODE,1.0,62660,1099511562240,pass,0.9452594259510869,0.9452594259510869,0.0,False,FIXED_ROUTE_COUNTERFACTUAL,True
07-algorithms-b2,algorithms / data-structure reasoning,DECODE,1.0,70492,1236941733888,pass,0.9452594259510869,0.9452594259510869,0.0,False,FIXED_ROUTE_COUNTERFACTUAL,True
07-algorithms-b2,algorithms / data-structure reasoning,DECODE,1.0,78325,1374389452800,pass,0.9452594259510869,0.9452594259510869,0.0,False,FIXED_ROUTE_COUNTERFACTUAL,True
07-algorithms-b2,algorithms / data-structure reasoning,DECODE,1.0,82432,1446456066048,pass,0.9452594259510869,0.9452594259510869,0.0,False,FIXED_ROUTE_COUNTERFACTUAL,True
08-summary-b2,summarization / synthesis,DECODE,0.5,3916,68715085824,INFEASIBLE_CORE_EXCEEDS_CAPACITY,,0.4002101732336957,,False,FIXED_ROUTE_COUNTERFACTUAL,True
08-summary-b2,summarization / synthesis,DECODE,0.5,5874,103072628736,INFEASIBLE_CORE_EXCEEDS_CAPACITY,,0.4742484714673913,,False,FIXED_ROUTE_COUNTERFACTUAL,True
08-summary-b2,summarization / synthesis,DECODE,0.5,7832,137430171648,INFEASIBLE_CORE_EXCEEDS_CAPACITY,,0.5352093240489131,,False,FIXED_ROUTE_COUNTERFACTUAL,True
08-summary-b2,summarization / synthesis,DECODE,0.5,7849,137728475136,INFEASIBLE_CORE_EXCEEDS_CAPACITY,,0.5361115828804348,,False,FIXED_ROUTE_COUNTERFACTUAL,True
08-summary-b2,summarization / synthesis,DECODE,0.5,9790,171787714560,INFEASIBLE_CORE_EXCEEDS_CAPACITY,,0.5807680876358695,,False,FIXED_ROUTE_COUNTERFACTUAL,True
08-summary-b2,summarization / synthesis,DECODE,0.5,11748,206145257472,INFEASIBLE_CORE_EXCEEDS_CAPACITY,,0.6162852411684783,,False,FIXED_ROUTE_COUNTERFACTUAL,True
08-summary-b2,summarization / synthesis,DECODE,0.5,15665,274877890560,INFEASIBLE_CORE_EXCEEDS_CAPACITY,,0.6749320652173914,,False,FIXED_ROUTE_COUNTERFACTUAL,True
08-summary-b2,summarization / synthesis,DECODE,0.5,19581,343592976384,INFEASIBLE_CORE_EXCEEDS_CAPACITY,,0.7188455332880435,,False,FIXED_ROUTE_COUNTERFACTUAL,True
08-summary-b2,summarization / synthesis,DECODE,0.5,23497,412308062208,pass,0.7240680197010869,0.756453804347826,-0.032385784646739135,True,FIXED_ROUTE_COUNTERFACTUAL,True
08-summary-b2,summarization / synthesis,DECODE,0.5,27413,481023148032,pass,0.8073199728260869,0.7879585597826086,0.01936141304347827,False,FIXED_ROUTE_COUNTERFACTUAL,True
08-summary-b2,summarization / synthesis,DECODE,0.5,31330,549755781120,pass,0.8407884680706522,0.816544242527174,0.02424422554347827,False,FIXED_ROUTE_COUNTERFACTUAL,True
08-summary-b2,summarization / synthesis,DECODE,0.5,39162,687185952768,pass,0.8816024116847826,0.8660623301630435,0.015540081521739135,False,FIXED_ROUTE_COUNTERFACTUAL,True
08-summary-b2,summarization / synthesis,DECODE,0.5,46995,824633671680,pass,0.91748046875,0.9343580163043478,-0.016877547554347783,True,FIXED_ROUTE_COUNTERFACTUAL,True
08-summary-b2,summarization / synthesis,DECODE,0.5,54827,962063843328,pass,0.9504819123641305,0.9525624150815217,-0.0020805027173912416,True,FIXED_ROUTE_COUNTERFACTUAL,True
08-summary-b2,summarization / synthesis,DECODE,0.5,62660,1099511562240,pass,0.9558423913043478,0.9558423913043478,0.0,False,FIXED_ROUTE_COUNTERFACTUAL,True
08-summary-b2,summarization / synthesis,DECODE,0.5,70492,1236941733888,pass,0.9558423913043478,0.9558423913043478,0.0,False,FIXED_ROUTE_COUNTERFACTUAL,True
08-summary-b2,summarization / synthesis,DECODE,0.5,78325,1374389452800,pass,0.9558423913043478,0.9558423913043478,0.0,False,FIXED_ROUTE_COUNTERFACTUAL,True
08-summary-b2,summarization / synthesis,DECODE,0.5,82432,1446456066048,pass,0.9558423913043478,0.9558423913043478,0.0,False,FIXED_ROUTE_COUNTERFACTUAL,True
08-summary-b2,summarization / synthesis,DECODE,0.75,3916,68715085824,INFEASIBLE_CORE_EXCEEDS_CAPACITY,,0.4002101732336957,,False,FIXED_ROUTE_COUNTERFACTUAL,True
08-summary-b2,summarization / synthesis,DECODE,0.75,5874,103072628736,INFEASIBLE_CORE_EXCEEDS_CAPACITY,,0.4742484714673913,,False,FIXED_ROUTE_COUNTERFACTUAL,True
08-summary-b2,summarization / synthesis,DECODE,0.75,7832,137430171648,pass,0.3785984205163043,0.5352093240489131,-0.15661090353260876,True,FIXED_ROUTE_COUNTERFACTUAL,True
08-summary-b2,summarization / synthesis,DECODE,0.75,7849,137728475136,pass,0.379097316576087,0.5361115828804348,-0.15701426630434784,True,FIXED_ROUTE_COUNTERFACTUAL,True
08-summary-b2,summarization / synthesis,DECODE,0.75,9790,171787714560,pass,0.5628609035326086,0.5807680876358695,-0.017907184103260865,True,FIXED_ROUTE_COUNTERFACTUAL,True
08-summary-b2,summarization / synthesis,DECODE,0.75,11748,206145257472,pass,0.6181640625,0.6162852411684783,0.0018788213315217295,False,FIXED_ROUTE_COUNTERFACTUAL,True
08-summary-b2,summarization / synthesis,DECODE,0.75,15665,274877890560,pass,0.6951532778532609,0.6749320652173914,0.020221212635869512,False,FIXED_ROUTE_COUNTERFACTUAL,True
08-summary-b2,summarization / synthesis,DECODE,0.75,19581,343592976384,pass,0.7402449898097826,0.7188455332880435,0.021399456521739135,False,FIXED_ROUTE_COUNTERFACTUAL,True
08-summary-b2,summarization / synthesis,DECODE,0.75,23497,412308062208,pass,0.7738939368206522,0.756453804347826,0.017440132472826164,False,FIXED_ROUTE_COUNTERFACTUAL,True
08-summary-b2,summarization / synthesis,DECODE,0.75,27413,481023148032,pass,0.8019382642663043,0.7879585597826086,0.013979704483695676,False,FIXED_ROUTE_COUNTERFACTUAL,True
08-summary-b2,summarization / synthesis,DECODE,0.75,31330,549755781120,pass,0.8281993036684783,0.816544242527174,0.011655061141304324,False,FIXED_ROUTE_COUNTERFACTUAL,True
08-summary-b2,summarization / synthesis,DECODE,0.75,39162,687185952768,pass,0.872802734375,0.8660623301630435,0.006740404211956541,False,FIXED_ROUTE_COUNTERFACTUAL,True
08-summary-b2,summarization / synthesis,DECODE,0.75,46995,824633671680,pass,0.935929008152174,0.9343580163043478,0.0015709918478261642,False,FIXED_ROUTE_COUNTERFACTUAL,True
08-summary-b2,summarization / synthesis,DECODE,0.75,54827,962063843328,pass,0.9525518002717391,0.9525624150815217,-1.0614809782594214e-05,True,FIXED_ROUTE_COUNTERFACTUAL,True
08-summary-b2,summarization / synthesis,DECODE,0.75,62660,1099511562240,pass,0.9558423913043478,0.9558423913043478,0.0,False,FIXED_ROUTE_COUNTERFACTUAL,True
08-summary-b2,summarization / synthesis,DECODE,0.75,70492,1236941733888,pass,0.9558423913043478,0.9558423913043478,0.0,False,FIXED_ROUTE_COUNTERFACTUAL,True
08-summary-b2,summarization / synthesis,DECODE,0.75,78325,1374389452800,pass,0.9558423913043478,0.9558423913043478,0.0,False,FIXED_ROUTE_COUNTERFACTUAL,True
08-summary-b2,summarization / synthesis,DECODE,0.75,82432,1446456066048,pass,0.9558423913043478,0.9558423913043478,0.0,False,FIXED_ROUTE_COUNTERFACTUAL,True
08-summary-b2,summarization / synthesis,DECODE,0.8,3916,68715085824,INFEASIBLE_CORE_EXCEEDS_CAPACITY,,0.4002101732336957,,False,FIXED_ROUTE_COUNTERFACTUAL,True
08-summary-b2,summarization / synthesis,DECODE,0.8,5874,103072628736,INFEASIBLE_CORE_EXCEEDS_CAPACITY,,0.4742484714673913,,False,FIXED_ROUTE_COUNTERFACTUAL,True
08-summary-b2,summarization / synthesis,DECODE,0.8,7832,137430171648,pass,0.3785984205163043,0.5352093240489131,-0.15661090353260876,True,FIXED_ROUTE_COUNTERFACTUAL,True
08-summary-b2,summarization / synthesis,DECODE,0.8,7849,137728475136,pass,0.379097316576087,0.5361115828804348,-0.15701426630434784,True,FIXED_ROUTE_COUNTERFACTUAL,True
08-summary-b2,summarization / synthesis,DECODE,0.8,9790,171787714560,pass,0.5628609035326086,0.5807680876358695,-0.017907184103260865,True,FIXED_ROUTE_COUNTERFACTUAL,True
08-summary-b2,summarization / synthesis,DECODE,0.8,11748,206145257472,pass,0.6181640625,0.6162852411684783,0.0018788213315217295,False,FIXED_ROUTE_COUNTERFACTUAL,True
08-summary-b2,summarization / synthesis,DECODE,0.8,15665,274877890560,pass,0.6951532778532609,0.6749320652173914,0.020221212635869512,False,FIXED_ROUTE_COUNTERFACTUAL,True
08-summary-b2,summarization / synthesis,DECODE,0.8,19581,343592976384,pass,0.7402449898097826,0.7188455332880435,0.021399456521739135,False,FIXED_ROUTE_COUNTERFACTUAL,True
08-summary-b2,summarization / synthesis,DECODE,0.8,23497,412308062208,pass,0.7738939368206522,0.756453804347826,0.017440132472826164,False,FIXED_ROUTE_COUNTERFACTUAL,True
08-summary-b2,summarization / synthesis,DECODE,0.8,27413,481023148032,pass,0.8019382642663043,0.7879585597826086,0.013979704483695676,False,FIXED_ROUTE_COUNTERFACTUAL,True
08-summary-b2,summarization / synthesis,DECODE,0.8,31330,549755781120,pass,0.8281993036684783,0.816544242527174,0.011655061141304324,False,FIXED_ROUTE_COUNTERFACTUAL,True
08-summary-b2,summarization / synthesis,DECODE,0.8,39162,687185952768,pass,0.872802734375,0.8660623301630435,0.006740404211956541,False,FIXED_ROUTE_COUNTERFACTUAL,True
08-summary-b2,summarization / synthesis,DECODE,0.8,46995,824633671680,pass,0.935929008152174,0.9343580163043478,0.0015709918478261642,False,FIXED_ROUTE_COUNTERFACTUAL,True
08-summary-b2,summarization / synthesis,DECODE,0.8,54827,962063843328,pass,0.9525518002717391,0.9525624150815217,-1.0614809782594214e-05,True,FIXED_ROUTE_COUNTERFACTUAL,True
08-summary-b2,summarization / synthesis,DECODE,0.8,62660,1099511562240,pass,0.9558423913043478,0.9558423913043478,0.0,False,FIXED_ROUTE_COUNTERFACTUAL,True
08-summary-b2,summarization / synthesis,DECODE,0.8,70492,1236941733888,pass,0.9558423913043478,0.9558423913043478,0.0,False,FIXED_ROUTE_COUNTERFACTUAL,True
08-summary-b2,summarization / synthesis,DECODE,0.8,78325,1374389452800,pass,0.9558423913043478,0.9558423913043478,0.0,False,FIXED_ROUTE_COUNTERFACTUAL,True
08-summary-b2,summarization / synthesis,DECODE,0.8,82432,1446456066048,pass,0.9558423913043478,0.9558423913043478,0.0,False,FIXED_ROUTE_COUNTERFACTUAL,True
08-summary-b2,summarization / synthesis,DECODE,0.9,3916,68715085824,pass,0.23930027173913043,0.4002101732336957,-0.16090990149456524,True,FIXED_ROUTE_COUNTERFACTUAL,True
08-summary-b2,summarization / synthesis,DECODE,0.9,5874,103072628736,pass,0.47239087975543476,0.4742484714673913,-0.001857591711956541,True,FIXED_ROUTE_COUNTERFACTUAL,True
08-summary-b2,summarization / synthesis,DECODE,0.9,7832,137430171648,pass,0.5366423233695652,0.5352093240489131,0.0014329993206521063,False,FIXED_ROUTE_COUNTERFACTUAL,True
08-summary-b2,summarization / synthesis,DECODE,0.9,7849,137728475136,pass,0.5368864639945652,0.5361115828804348,0.0007748811141303769,False,FIXED_ROUTE_COUNTERFACTUAL,True
08-summary-b2,summarization / synthesis,DECODE,0.9,9790,171787714560,pass,0.5841648267663043,0.5807680876358695,0.0033967391304348116,False,FIXED_ROUTE_COUNTERFACTUAL,True
08-summary-b2,summarization / synthesis,DECODE,0.9,11748,206145257472,pass,0.6287257982336957,0.6162852411684783,0.012440557065217406,False,FIXED_ROUTE_COUNTERFACTUAL,True
08-summary-b2,summarization / synthesis,DECODE,0.9,15665,274877890560,pass,0.6856317934782609,0.6749320652173914,0.010699728260869512,False,FIXED_ROUTE_COUNTERFACTUAL,True
08-summary-b2,summarization / synthesis,DECODE,0.9,19581,343592976384,pass,0.7287809952445652,0.7188455332880435,0.00993546195652173,False,FIXED_ROUTE_COUNTERFACTUAL,True
08-summary-b2,summarization / synthesis,DECODE,0.9,23497,412308062208,pass,0.7632048233695652,0.756453804347826,0.006751019021739135,False,FIXED_ROUTE_COUNTERFACTUAL,True
08-summary-b2,summarization / synthesis,DECODE,0.9,27413,481023148032,pass,0.7937860903532609,0.7879585597826086,0.005827530570652217,False,FIXED_ROUTE_COUNTERFACTUAL,True
08-summary-b2,summarization / synthesis,DECODE,0.9,31330,549755781120,pass,0.8211192255434783,0.816544242527174,0.004574983016304324,False,FIXED_ROUTE_COUNTERFACTUAL,True
08-summary-b2,summarization / synthesis,DECODE,0.9,39162,687185952768,pass,0.8686098845108695,0.8660623301630435,0.002547554347826053,False,FIXED_ROUTE_COUNTERFACTUAL,True
08-summary-b2,summarization / synthesis,DECODE,0.9,46995,824633671680,pass,0.934920601222826,0.9343580163043478,0.0005625849184782705,False,FIXED_ROUTE_COUNTERFACTUAL,True
08-summary-b2,summarization / synthesis,DECODE,0.9,54827,962063843328,pass,0.9526261039402174,0.9525624150815217,6.368885869567631e-05,False,FIXED_ROUTE_COUNTERFACTUAL,True
08-summary-b2,summarization / synthesis,DECODE,0.9,62660,1099511562240,pass,0.9558423913043478,0.9558423913043478,0.0,False,FIXED_ROUTE_COUNTERFACTUAL,True
08-summary-b2,summarization / synthesis,DECODE,0.9,70492,1236941733888,pass,0.9558423913043478,0.9558423913043478,0.0,False,FIXED_ROUTE_COUNTERFACTUAL,True
08-summary-b2,summarization / synthesis,DECODE,0.9,78325,1374389452800,pass,0.9558423913043478,0.9558423913043478,0.0,False,FIXED_ROUTE_COUNTERFACTUAL,True
08-summary-b2,summarization / synthesis,DECODE,0.9,82432,1446456066048,pass,0.9558423913043478,0.9558423913043478,0.0,False,FIXED_ROUTE_COUNTERFACTUAL,True
08-summary-b2,summarization / synthesis,DECODE,1.0,3916,68715085824,pass,0.40041185461956524,0.4002101732336957,0.00020168138586956763,False,FIXED_ROUTE_COUNTERFACTUAL,True
08-summary-b2,summarization / synthesis,DECODE,1.0,5874,103072628736,pass,0.4791206691576087,0.4742484714673913,0.004872197690217406,False,FIXED_ROUTE_COUNTERFACTUAL,True
08-summary-b2,summarization / synthesis,DECODE,1.0,7832,137430171648,pass,0.5319611922554348,0.5352093240489131,-0.0032481317934782705,True,FIXED_ROUTE_COUNTERFACTUAL,True
08-summary-b2,summarization / synthesis,DECODE,1.0,7849,137728475136,pass,0.5323008661684783,0.5361115828804348,-0.003810716711956541,True,FIXED_ROUTE_COUNTERFACTUAL,True
08-summary-b2,summarization / synthesis,DECODE,1.0,9790,171787714560,pass,0.5835703974184783,0.5807680876358695,0.0028023097826087584,False,FIXED_ROUTE_COUNTERFACTUAL,True
08-summary-b2,summarization / synthesis,DECODE,1.0,11748,206145257472,pass,0.623779296875,0.6162852411684783,0.0074940557065217295,False,FIXED_ROUTE_COUNTERFACTUAL,True
08-summary-b2,summarization / synthesis,DECODE,1.0,15665,274877890560,pass,0.6802606997282609,0.6749320652173914,0.005328634510869512,False,FIXED_ROUTE_COUNTERFACTUAL,True
08-summary-b2,summarization / synthesis,DECODE,1.0,19581,343592976384,pass,0.722900390625,0.7188455332880435,0.004054857336956541,False,FIXED_ROUTE_COUNTERFACTUAL,True
08-summary-b2,summarization / synthesis,DECODE,1.0,23497,412308062208,pass,0.7591924252717391,0.756453804347826,0.002738620923913082,False,FIXED_ROUTE_COUNTERFACTUAL,True
08-summary-b2,summarization / synthesis,DECODE,1.0,27413,481023148032,pass,0.7903575067934783,0.7879585597826086,0.002398947010869623,False,FIXED_ROUTE_COUNTERFACTUAL,True
08-summary-b2,summarization / synthesis,DECODE,1.0,31330,549755781120,pass,0.8181789232336957,0.816544242527174,0.0016346807065217295,False,FIXED_ROUTE_COUNTERFACTUAL,True
08-summary-b2,summarization / synthesis,DECODE,1.0,39162,687185952768,pass,0.8672193444293478,0.8660623301630435,0.0011570142663043237,False,FIXED_ROUTE_COUNTERFACTUAL,True
08-summary-b2,summarization / synthesis,DECODE,1.0,46995,824633671680,pass,0.9345278532608695,0.9343580163043478,0.00016983695652172948,False,FIXED_ROUTE_COUNTERFACTUAL,True
08-summary-b2,summarization / synthesis,DECODE,1.0,54827,962063843328,pass,0.9525730298913043,0.9525624150815217,1.0614809782594214e-05,False,FIXED_ROUTE_COUNTERFACTUAL,True
08-summary-b2,summarization / synthesis,DECODE,1.0,62660,1099511562240,pass,0.9558423913043478,0.9558423913043478,0.0,False,FIXED_ROUTE_COUNTERFACTUAL,True
08-summary-b2,summarization / synthesis,DECODE,1.0,70492,1236941733888,pass,0.9558423913043478,0.9558423913043478,0.0,False,FIXED_ROUTE_COUNTERFACTUAL,True
08-summary-b2,summarization / synthesis,DECODE,1.0,78325,1374389452800,pass,0.9558423913043478,0.9558423913043478,0.0,False,FIXED_ROUTE_COUNTERFACTUAL,True
08-summary-b2,summarization / synthesis,DECODE,1.0,82432,1446456066048,pass,0.9558423913043478,0.9558423913043478,0.0,False,FIXED_ROUTE_COUNTERFACTUAL,True
09-extract-b8,structured extraction / transformation,DECODE,0.5,3916,68715085824,INFEASIBLE_CORE_EXCEEDS_CAPACITY,,0.4596000339673913,,False,FIXED_ROUTE_COUNTERFACTUAL,True
09-extract-b8,structured extraction / transformation,DECODE,0.5,5874,103072628736,INFEASIBLE_CORE_EXCEEDS_CAPACITY,,0.5195418648097826,,False,FIXED_ROUTE_COUNTERFACTUAL,True
09-extract-b8,structured extraction / transformation,DECODE,0.5,7832,137430171648,INFEASIBLE_CORE_EXCEEDS_CAPACITY,,0.5706521739130435,,False,FIXED_ROUTE_COUNTERFACTUAL,True
09-extract-b8,structured extraction / transformation,DECODE,0.5,7849,137728475136,INFEASIBLE_CORE_EXCEEDS_CAPACITY,,0.5711298403532609,,False,FIXED_ROUTE_COUNTERFACTUAL,True
09-extract-b8,structured extraction / transformation,DECODE,0.5,9790,171787714560,INFEASIBLE_CORE_EXCEEDS_CAPACITY,,0.6120287024456522,,False,FIXED_ROUTE_COUNTERFACTUAL,True
09-extract-b8,structured extraction / transformation,DECODE,0.5,11748,206145257472,INFEASIBLE_CORE_EXCEEDS_CAPACITY,,0.6416652513586957,,False,FIXED_ROUTE_COUNTERFACTUAL,True
09-extract-b8,structured extraction / transformation,DECODE,0.5,15665,274877890560,INFEASIBLE_CORE_EXCEEDS_CAPACITY,,0.694718070652174,,False,FIXED_ROUTE_COUNTERFACTUAL,True
09-extract-b8,structured extraction / transformation,DECODE,0.5,19581,343592976384,INFEASIBLE_CORE_EXCEEDS_CAPACITY,,0.7346509850543478,,False,FIXED_ROUTE_COUNTERFACTUAL,True
09-extract-b8,structured extraction / transformation,DECODE,0.5,23497,412308062208,pass,0.7239618716032609,0.7634171195652174,-0.03945524796195654,True,FIXED_ROUTE_COUNTERFACTUAL,True
09-extract-b8,structured extraction / transformation,DECODE,0.5,27413,481023148032,pass,0.8213633661684783,0.795272163722826,0.026091202445652217,False,FIXED_ROUTE_COUNTERFACTUAL,True
09-extract-b8,structured extraction / transformation,DECODE,0.5,31330,549755781120,pass,0.851806640625,0.8218728770380435,0.02993376358695654,False,FIXED_ROUTE_COUNTERFACTUAL,True
09-extract-b8,structured extraction / transformation,DECODE,0.5,39162,687185952768,pass,0.8900093410326086,0.8720703125,0.017939028532608647,False,FIXED_ROUTE_COUNTERFACTUAL,True
09-extract-b8,structured extraction / transformation,DECODE,0.5,46995,824633671680,pass,0.9216202445652174,0.9131283967391305,0.008491847826086918,False,FIXED_ROUTE_COUNTERFACTUAL,True
09-extract-b8,structured extraction / transformation,DECODE,0.5,54827,962063843328,pass,0.9475734544836957,0.9473930027173914,0.0001804517663043237,False,FIXED_ROUTE_COUNTERFACTUAL,True
09-extract-b8,structured extraction / transformation,DECODE,0.5,62660,1099511562240,pass,0.9716478430706522,0.9731551460597826,-0.0015073029891303769,True,FIXED_ROUTE_COUNTERFACTUAL,True
09-extract-b8,structured extraction / transformation,DECODE,0.5,70492,1236941733888,pass,0.9744289232336957,0.9744289232336957,0.0,False,FIXED_ROUTE_COUNTERFACTUAL,True
09-extract-b8,structured extraction / transformation,DECODE,0.5,78325,1374389452800,pass,0.9744289232336957,0.9744289232336957,0.0,False,FIXED_ROUTE_COUNTERFACTUAL,True
09-extract-b8,structured extraction / transformation,DECODE,0.5,82432,1446456066048,pass,0.9744289232336957,0.9744289232336957,0.0,False,FIXED_ROUTE_COUNTERFACTUAL,True
09-extract-b8,structured extraction / transformation,DECODE,0.75,3916,68715085824,INFEASIBLE_CORE_EXCEEDS_CAPACITY,,0.4596000339673913,,False,FIXED_ROUTE_COUNTERFACTUAL,True
09-extract-b8,structured extraction / transformation,DECODE,0.75,5874,103072628736,INFEASIBLE_CORE_EXCEEDS_CAPACITY,,0.5195418648097826,,False,FIXED_ROUTE_COUNTERFACTUAL,True
09-extract-b8,structured extraction / transformation,DECODE,0.75,7832,137430171648,pass,0.38187839673913043,0.5706521739130435,-0.18877377717391303,True,FIXED_ROUTE_COUNTERFACTUAL,True
09-extract-b8,structured extraction / transformation,DECODE,0.75,7849,137728475136,pass,0.38187839673913043,0.5711298403532609,-0.18925144361413043,True,FIXED_ROUTE_COUNTERFACTUAL,True
09-extract-b8,structured extraction / transformation,DECODE,0.75,9790,171787714560,pass,0.5810653023097826,0.6120287024456522,-0.030963400135869623,True,FIXED_ROUTE_COUNTERFACTUAL,True
09-extract-b8,structured extraction / transformation,DECODE,0.75,11748,206145257472,pass,0.6494459069293478,0.6416652513586957,0.007780655570652106,False,FIXED_ROUTE_COUNTERFACTUAL,True
09-extract-b8,structured extraction / transformation,DECODE,0.75,15665,274877890560,pass,0.715194038722826,0.694718070652174,0.020475968070652106,False,FIXED_ROUTE_COUNTERFACTUAL,True
09-extract-b8,structured extraction / transformation,DECODE,0.75,19581,343592976384,pass,0.7561672044836957,0.7346509850543478,0.021516219429347894,False,FIXED_ROUTE_COUNTERFACTUAL,True
09-extract-b8,structured extraction / transformation,DECODE,0.75,23497,412308062208,pass,0.7843495244565217,0.7634171195652174,0.020932404891304324,False,FIXED_ROUTE_COUNTERFACTUAL,True
09-extract-b8,structured extraction / transformation,DECODE,0.75,27413,481023148032,pass,0.810546875,0.795272163722826,0.015274711277173947,False,FIXED_ROUTE_COUNTERFACTUAL,True
09-extract-b8,structured extraction / transformation,DECODE,0.75,31330,549755781120,pass,0.8367123811141305,0.8218728770380435,0.014839504076087029,False,FIXED_ROUTE_COUNTERFACTUAL,True
09-extract-b8,structured extraction / transformation,DECODE,0.75,39162,687185952768,pass,0.8807638417119565,0.8720703125,0.008693529211956541,False,FIXED_ROUTE_COUNTERFACTUAL,True
09-extract-b8,structured extraction / transformation,DECODE,0.75,46995,824633671680,pass,0.9167905061141305,0.9131283967391305,0.003662109375,False,FIXED_ROUTE_COUNTERFACTUAL,True
09-extract-b8,structured extraction / transformation,DECODE,0.75,54827,962063843328,pass,0.9483907948369565,0.9473930027173914,0.0009977921195651884,False,FIXED_ROUTE_COUNTERFACTUAL,True
09-extract-b8,structured extraction / transformation,DECODE,0.75,62660,1099511562240,pass,0.9729534646739131,0.9731551460597826,-0.00020168138586951212,True,FIXED_ROUTE_COUNTERFACTUAL,True
09-extract-b8,structured extraction / transformation,DECODE,0.75,70492,1236941733888,pass,0.9744289232336957,0.9744289232336957,0.0,False,FIXED_ROUTE_COUNTERFACTUAL,True
09-extract-b8,structured extraction / transformation,DECODE,0.75,78325,1374389452800,pass,0.9744289232336957,0.9744289232336957,0.0,False,FIXED_ROUTE_COUNTERFACTUAL,True
09-extract-b8,structured extraction / transformation,DECODE,0.75,82432,1446456066048,pass,0.9744289232336957,0.9744289232336957,0.0,False,FIXED_ROUTE_COUNTERFACTUAL,True
09-extract-b8,structured extraction / transformation,DECODE,0.8,3916,68715085824,INFEASIBLE_CORE_EXCEEDS_CAPACITY,,0.4596000339673913,,False,FIXED_ROUTE_COUNTERFACTUAL,True
09-extract-b8,structured extraction / transformation,DECODE,0.8,5874,103072628736,INFEASIBLE_CORE_EXCEEDS_CAPACITY,,0.5195418648097826,,False,FIXED_ROUTE_COUNTERFACTUAL,True
09-extract-b8,structured extraction / transformation,DECODE,0.8,7832,137430171648,pass,0.38187839673913043,0.5706521739130435,-0.18877377717391303,True,FIXED_ROUTE_COUNTERFACTUAL,True
09-extract-b8,structured extraction / transformation,DECODE,0.8,7849,137728475136,pass,0.38187839673913043,0.5711298403532609,-0.18925144361413043,True,FIXED_ROUTE_COUNTERFACTUAL,True
09-extract-b8,structured extraction / transformation,DECODE,0.8,9790,171787714560,pass,0.5810653023097826,0.6120287024456522,-0.030963400135869623,True,FIXED_ROUTE_COUNTERFACTUAL,True
09-extract-b8,structured extraction / transformation,DECODE,0.8,11748,206145257472,pass,0.6494459069293478,0.6416652513586957,0.007780655570652106,False,FIXED_ROUTE_COUNTERFACTUAL,True
09-extract-b8,structured extraction / transformation,DECODE,0.8,15665,274877890560,pass,0.715194038722826,0.694718070652174,0.020475968070652106,False,FIXED_ROUTE_COUNTERFACTUAL,True
09-extract-b8,structured extraction / transformation,DECODE,0.8,19581,343592976384,pass,0.7561672044836957,0.7346509850543478,0.021516219429347894,False,FIXED_ROUTE_COUNTERFACTUAL,True
09-extract-b8,structured extraction / transformation,DECODE,0.8,23497,412308062208,pass,0.7843495244565217,0.7634171195652174,0.020932404891304324,False,FIXED_ROUTE_COUNTERFACTUAL,True
09-extract-b8,structured extraction / transformation,DECODE,0.8,27413,481023148032,pass,0.810546875,0.795272163722826,0.015274711277173947,False,FIXED_ROUTE_COUNTERFACTUAL,True
09-extract-b8,structured extraction / transformation,DECODE,0.8,31330,549755781120,pass,0.8367123811141305,0.8218728770380435,0.014839504076087029,False,FIXED_ROUTE_COUNTERFACTUAL,True
09-extract-b8,structured extraction / transformation,DECODE,0.8,39162,687185952768,pass,0.8807638417119565,0.8720703125,0.008693529211956541,False,FIXED_ROUTE_COUNTERFACTUAL,True
09-extract-b8,structured extraction / transformation,DECODE,0.8,46995,824633671680,pass,0.9167905061141305,0.9131283967391305,0.003662109375,False,FIXED_ROUTE_COUNTERFACTUAL,True
09-extract-b8,structured extraction / transformation,DECODE,0.8,54827,962063843328,pass,0.9483907948369565,0.9473930027173914,0.0009977921195651884,False,FIXED_ROUTE_COUNTERFACTUAL,True
09-extract-b8,structured extraction / transformation,DECODE,0.8,62660,1099511562240,pass,0.9729534646739131,0.9731551460597826,-0.00020168138586951212,True,FIXED_ROUTE_COUNTERFACTUAL,True
09-extract-b8,structured extraction / transformation,DECODE,0.8,70492,1236941733888,pass,0.9744289232336957,0.9744289232336957,0.0,False,FIXED_ROUTE_COUNTERFACTUAL,True
09-extract-b8,structured extraction / transformation,DECODE,0.8,78325,1374389452800,pass,0.9744289232336957,0.9744289232336957,0.0,False,FIXED_ROUTE_COUNTERFACTUAL,True
09-extract-b8,structured extraction / transformation,DECODE,0.8,82432,1446456066048,pass,0.9744289232336957,0.9744289232336957,0.0,False,FIXED_ROUTE_COUNTERFACTUAL,True
09-extract-b8,structured extraction / transformation,DECODE,0.9,3916,68715085824,pass,0.2398416270380435,0.4596000339673913,-0.2197584069293478,True,FIXED_ROUTE_COUNTERFACTUAL,True
09-extract-b8,structured extraction / transformation,DECODE,0.9,5874,103072628736,pass,0.49665633491847827,0.5195418648097826,-0.022885529891304324,True,FIXED_ROUTE_COUNTERFACTUAL,True
09-extract-b8,structured extraction / transformation,DECODE,0.9,7832,137430171648,pass,0.5816597316576086,0.5706521739130435,0.011007557744565188,False,FIXED_ROUTE_COUNTERFACTUAL,True
09-extract-b8,structured extraction / transformation,DECODE,0.9,7849,137728475136,pass,0.581787109375,0.5711298403532609,0.010657269021739135,False,FIXED_ROUTE_COUNTERFACTUAL,True
09-extract-b8,structured extraction / transformation,DECODE,0.9,9790,171787714560,pass,0.6254139775815217,0.6120287024456522,0.013385275135869512,False,FIXED_ROUTE_COUNTERFACTUAL,True
09-extract-b8,structured extraction / transformation,DECODE,0.9,11748,206145257472,pass,0.6553371263586957,0.6416652513586957,0.013671875,False,FIXED_ROUTE_COUNTERFACTUAL,True
09-extract-b8,structured extraction / transformation,DECODE,0.9,15665,274877890560,pass,0.7050568953804348,0.694718070652174,0.010338824728260865,False,FIXED_ROUTE_COUNTERFACTUAL,True
09-extract-b8,structured extraction / transformation,DECODE,0.9,19581,343592976384,pass,0.7438221807065217,0.7346509850543478,0.009171195652173947,False,FIXED_ROUTE_COUNTERFACTUAL,True
09-extract-b8,structured extraction / transformation,DECODE,0.9,23497,412308062208,pass,0.7722061820652174,0.7634171195652174,0.0087890625,False,FIXED_ROUTE_COUNTERFACTUAL,True
09-extract-b8,structured extraction / transformation,DECODE,0.9,27413,481023148032,pass,0.8017047384510869,0.795272163722826,0.006432574728260865,False,FIXED_ROUTE_COUNTERFACTUAL,True
09-extract-b8,structured extraction / transformation,DECODE,0.9,31330,549755781120,pass,0.8279127038043478,0.8218728770380435,0.006039826766304324,False,FIXED_ROUTE_COUNTERFACTUAL,True
09-extract-b8,structured extraction / transformation,DECODE,0.9,39162,687185952768,pass,0.8757430366847826,0.8720703125,0.003672724184782594,False,FIXED_ROUTE_COUNTERFACTUAL,True
09-extract-b8,structured extraction / transformation,DECODE,0.9,46995,824633671680,pass,0.9148373811141305,0.9131283967391305,0.001708984375,False,FIXED_ROUTE_COUNTERFACTUAL,True
09-extract-b8,structured extraction / transformation,DECODE,0.9,54827,962063843328,pass,0.9480192764945652,0.9473930027173914,0.0006262737771738358,False,FIXED_ROUTE_COUNTERFACTUAL,True
09-extract-b8,structured extraction / transformation,DECODE,0.9,62660,1099511562240,pass,0.97314453125,0.9731551460597826,-1.0614809782594214e-05,True,FIXED_ROUTE_COUNTERFACTUAL,True
09-extract-b8,structured extraction / transformation,DECODE,0.9,70492,1236941733888,pass,0.9744289232336957,0.9744289232336957,0.0,False,FIXED_ROUTE_COUNTERFACTUAL,True
09-extract-b8,structured extraction / transformation,DECODE,0.9,78325,1374389452800,pass,0.9744289232336957,0.9744289232336957,0.0,False,FIXED_ROUTE_COUNTERFACTUAL,True
09-extract-b8,structured extraction / transformation,DECODE,0.9,82432,1446456066048,pass,0.9744289232336957,0.9744289232336957,0.0,False,FIXED_ROUTE_COUNTERFACTUAL,True
09-extract-b8,structured extraction / transformation,DECODE,1.0,3916,68715085824,pass,0.41763969089673914,0.4596000339673913,-0.04196034307065216,True,FIXED_ROUTE_COUNTERFACTUAL,True
09-extract-b8,structured extraction / transformation,DECODE,1.0,5874,103072628736,pass,0.5324176290760869,0.5195418648097826,0.012875764266304324,False,FIXED_ROUTE_COUNTERFACTUAL,True
09-extract-b8,structured extraction / transformation,DECODE,1.0,7832,137430171648,pass,0.5796853770380435,0.5706521739130435,0.009033203125,False,FIXED_ROUTE_COUNTERFACTUAL,True
09-extract-b8,structured extraction / transformation,DECODE,1.0,7849,137728475136,pass,0.5799082880434783,0.5711298403532609,0.008778447690217406,False,FIXED_ROUTE_COUNTERFACTUAL,True
09-extract-b8,structured extraction / transformation,DECODE,1.0,9790,171787714560,pass,0.6208283797554348,0.6120287024456522,0.008799677309782594,False,FIXED_ROUTE_COUNTERFACTUAL,True
09-extract-b8,structured extraction / transformation,DECODE,1.0,11748,206145257472,pass,0.6492123811141305,0.6416652513586957,0.007547129755434812,False,FIXED_ROUTE_COUNTERFACTUAL,True
09-extract-b8,structured extraction / transformation,DECODE,1.0,15665,274877890560,pass,0.6976796025815217,0.694718070652174,0.0029615319293477826,False,FIXED_ROUTE_COUNTERFACTUAL,True
09-extract-b8,structured extraction / transformation,DECODE,1.0,19581,343592976384,pass,0.7385996942934783,0.7346509850543478,0.003948709239130488,False,FIXED_ROUTE_COUNTERFACTUAL,True
09-extract-b8,structured extraction / transformation,DECODE,1.0,23497,412308062208,pass,0.76708984375,0.7634171195652174,0.003672724184782594,False,FIXED_ROUTE_COUNTERFACTUAL,True
09-extract-b8,structured extraction / transformation,DECODE,1.0,27413,481023148032,pass,0.7979789402173914,0.795272163722826,0.0027067764945652995,False,FIXED_ROUTE_COUNTERFACTUAL,True
09-extract-b8,structured extraction / transformation,DECODE,1.0,31330,549755781120,pass,0.8241550611413043,0.8218728770380435,0.0022821841032608647,False,FIXED_ROUTE_COUNTERFACTUAL,True
09-extract-b8,structured extraction / transformation,DECODE,1.0,39162,687185952768,pass,0.8733122452445652,0.8720703125,0.0012419327445651884,False,FIXED_ROUTE_COUNTERFACTUAL,True
09-extract-b8,structured extraction / transformation,DECODE,1.0,46995,824633671680,pass,0.913818359375,0.9131283967391305,0.0006899626358695121,False,FIXED_ROUTE_COUNTERFACTUAL,True
09-extract-b8,structured extraction / transformation,DECODE,1.0,54827,962063843328,pass,0.9476796025815217,0.9473930027173914,0.00028659986413037686,False,FIXED_ROUTE_COUNTERFACTUAL,True
09-extract-b8,structured extraction / transformation,DECODE,1.0,62660,1099511562240,pass,0.97314453125,0.9731551460597826,-1.0614809782594214e-05,True,FIXED_ROUTE_COUNTERFACTUAL,True
09-extract-b8,structured extraction / transformation,DECODE,1.0,70492,1236941733888,pass,0.9744289232336957,0.9744289232336957,0.0,False,FIXED_ROUTE_COUNTERFACTUAL,True
09-extract-b8,structured extraction / transformation,DECODE,1.0,78325,1374389452800,pass,0.9744289232336957,0.9744289232336957,0.0,False,FIXED_ROUTE_COUNTERFACTUAL,True
09-extract-b8,structured extraction / transformation,DECODE,1.0,82432,1446456066048,pass,0.9744289232336957,0.9744289232336957,0.0,False,FIXED_ROUTE_COUNTERFACTUAL,True
10-planning-b4,planning / constraint satisfaction,DECODE,0.5,3916,68715085824,INFEASIBLE_CORE_EXCEEDS_CAPACITY,,0.40975288722826086,,False,FIXED_ROUTE_COUNTERFACTUAL,True
10-planning-b4,planning / constraint satisfaction,DECODE,0.5,5874,103072628736,INFEASIBLE_CORE_EXCEEDS_CAPACITY,,0.5025900135869565,,False,FIXED_ROUTE_COUNTERFACTUAL,True
10-planning-b4,planning / constraint satisfaction,DECODE,0.5,7832,137430171648,INFEASIBLE_CORE_EXCEEDS_CAPACITY,,0.5494650135869565,,False,FIXED_ROUTE_COUNTERFACTUAL,True
10-planning-b4,planning / constraint satisfaction,DECODE,0.5,7849,137728475136,INFEASIBLE_CORE_EXCEEDS_CAPACITY,,0.5499214504076086,,False,FIXED_ROUTE_COUNTERFACTUAL,True
10-planning-b4,planning / constraint satisfaction,DECODE,0.5,9790,171787714560,INFEASIBLE_CORE_EXCEEDS_CAPACITY,,0.5945779551630435,,False,FIXED_ROUTE_COUNTERFACTUAL,True
10-planning-b4,planning / constraint satisfaction,DECODE,0.5,11748,206145257472,INFEASIBLE_CORE_EXCEEDS_CAPACITY,,0.6312627377717391,,False,FIXED_ROUTE_COUNTERFACTUAL,True
10-planning-b4,planning / constraint satisfaction,DECODE,0.5,15665,274877890560,INFEASIBLE_CORE_EXCEEDS_CAPACITY,,0.6866508152173914,,False,FIXED_ROUTE_COUNTERFACTUAL,True
10-planning-b4,planning / constraint satisfaction,DECODE,0.5,19581,343592976384,INFEASIBLE_CORE_EXCEEDS_CAPACITY,,0.7300547724184783,,False,FIXED_ROUTE_COUNTERFACTUAL,True
10-planning-b4,planning / constraint satisfaction,DECODE,0.5,23497,412308062208,pass,0.7095575747282609,0.7639584748641305,-0.05440090013586962,True,FIXED_ROUTE_COUNTERFACTUAL,True
10-planning-b4,planning / constraint satisfaction,DECODE,0.5,27413,481023148032,pass,0.8113217561141305,0.789901069972826,0.021420686141304435,False,FIXED_ROUTE_COUNTERFACTUAL,True
10-planning-b4,planning / constraint satisfaction,DECODE,0.5,31330,549755781120,pass,0.8457668138586957,0.8158755095108695,0.029891304347826164,False,FIXED_ROUTE_COUNTERFACTUAL,True
10-planning-b4,planning / constraint satisfaction,DECODE,0.5,39162,687185952768,pass,0.884659476902174,0.8709769870923914,0.013682489809782594,False,FIXED_ROUTE_COUNTERFACTUAL,True
10-planning-b4,planning / constraint satisfaction,DECODE,0.5,46995,824633671680,pass,0.9214504076086957,0.9326278023097826,-0.011177394701086918,True,FIXED_ROUTE_COUNTERFACTUAL,True
10-planning-b4,planning / constraint satisfaction,DECODE,0.5,54827,962063843328,pass,0.9539104959239131,0.9544093919836957,-0.0004988960597825942,True,FIXED_ROUTE_COUNTERFACTUAL,True
10-planning-b4,planning / constraint satisfaction,DECODE,0.5,62660,1099511562240,pass,0.9608631963315217,0.9608631963315217,0.0,False,FIXED_ROUTE_COUNTERFACTUAL,True
10-planning-b4,planning / constraint satisfaction,DECODE,0.5,70492,1236941733888,pass,0.9608631963315217,0.9608631963315217,0.0,False,FIXED_ROUTE_COUNTERFACTUAL,True
10-planning-b4,planning / constraint satisfaction,DECODE,0.5,78325,1374389452800,pass,0.9608631963315217,0.9608631963315217,0.0,False,FIXED_ROUTE_COUNTERFACTUAL,True
10-planning-b4,planning / constraint satisfaction,DECODE,0.5,82432,1446456066048,pass,0.9608631963315217,0.9608631963315217,0.0,False,FIXED_ROUTE_COUNTERFACTUAL,True
10-planning-b4,planning / constraint satisfaction,DECODE,0.75,3916,68715085824,INFEASIBLE_CORE_EXCEEDS_CAPACITY,,0.40975288722826086,,False,FIXED_ROUTE_COUNTERFACTUAL,True
10-planning-b4,planning / constraint satisfaction,DECODE,0.75,5874,103072628736,INFEASIBLE_CORE_EXCEEDS_CAPACITY,,0.5025900135869565,,False,FIXED_ROUTE_COUNTERFACTUAL,True
10-planning-b4,planning / constraint satisfaction,DECODE,0.75,7832,137430171648,pass,0.33000382133152173,0.5494650135869565,-0.2194611922554348,True,FIXED_ROUTE_COUNTERFACTUAL,True
10-planning-b4,planning / constraint satisfaction,DECODE,0.75,7849,137728475136,pass,0.33056640625,0.5499214504076086,-0.21935504415760865,True,FIXED_ROUTE_COUNTERFACTUAL,True
10-planning-b4,planning / constraint satisfaction,DECODE,0.75,9790,171787714560,pass,0.5489448879076086,0.5945779551630435,-0.04563306725543481,True,FIXED_ROUTE_COUNTERFACTUAL,True
10-planning-b4,planning / constraint satisfaction,DECODE,0.75,11748,206145257472,pass,0.6259871773097826,0.6312627377717391,-0.005275560461956541,True,FIXED_ROUTE_COUNTERFACTUAL,True
10-planning-b4,planning / constraint satisfaction,DECODE,0.75,15665,274877890560,pass,0.7018193783967391,0.6866508152173914,0.015168563179347783,False,FIXED_ROUTE_COUNTERFACTUAL,True
10-planning-b4,planning / constraint satisfaction,DECODE,0.75,19581,343592976384,pass,0.7467943274456522,0.7300547724184783,0.016739555027173947,False,FIXED_ROUTE_COUNTERFACTUAL,True
10-planning-b4,planning / constraint satisfaction,DECODE,0.75,23497,412308062208,pass,0.7829377547554348,0.7639584748641305,0.018979279891304324,False,FIXED_ROUTE_COUNTERFACTUAL,True
10-planning-b4,planning / constraint satisfaction,DECODE,0.75,27413,481023148032,pass,0.8075534986413043,0.789901069972826,0.01765242866847827,False,FIXED_ROUTE_COUNTERFACTUAL,True
10-planning-b4,planning / constraint satisfaction,DECODE,0.75,31330,549755781120,pass,0.8288786514945652,0.8158755095108695,0.013003141983695676,False,FIXED_ROUTE_COUNTERFACTUAL,True
10-planning-b4,planning / constraint satisfaction,DECODE,0.75,39162,687185952768,pass,0.877685546875,0.8709769870923914,0.006708559782608647,False,FIXED_ROUTE_COUNTERFACTUAL,True
10-planning-b4,planning / constraint satisfaction,DECODE,0.75,46995,824633671680,pass,0.9340395720108695,0.9326278023097826,0.001411769701086918,False,FIXED_ROUTE_COUNTERFACTUAL,True
10-planning-b4,planning / constraint satisfaction,DECODE,0.75,54827,962063843328,pass,0.9543138586956522,0.9544093919836957,-9.553328804345895e-05,True,FIXED_ROUTE_COUNTERFACTUAL,True
10-planning-b4,planning / constraint satisfaction,DECODE,0.75,62660,1099511562240,pass,0.9608631963315217,0.9608631963315217,0.0,False,FIXED_ROUTE_COUNTERFACTUAL,True
10-planning-b4,planning / constraint satisfaction,DECODE,0.75,70492,1236941733888,pass,0.9608631963315217,0.9608631963315217,0.0,False,FIXED_ROUTE_COUNTERFACTUAL,True
10-planning-b4,planning / constraint satisfaction,DECODE,0.75,78325,1374389452800,pass,0.9608631963315217,0.9608631963315217,0.0,False,FIXED_ROUTE_COUNTERFACTUAL,True
10-planning-b4,planning / constraint satisfaction,DECODE,0.75,82432,1446456066048,pass,0.9608631963315217,0.9608631963315217,0.0,False,FIXED_ROUTE_COUNTERFACTUAL,True
10-planning-b4,planning / constraint satisfaction,DECODE,0.8,3916,68715085824,INFEASIBLE_CORE_EXCEEDS_CAPACITY,,0.40975288722826086,,False,FIXED_ROUTE_COUNTERFACTUAL,True
10-planning-b4,planning / constraint satisfaction,DECODE,0.8,5874,103072628736,INFEASIBLE_CORE_EXCEEDS_CAPACITY,,0.5025900135869565,,False,FIXED_ROUTE_COUNTERFACTUAL,True
10-planning-b4,planning / constraint satisfaction,DECODE,0.8,7832,137430171648,pass,0.33000382133152173,0.5494650135869565,-0.2194611922554348,True,FIXED_ROUTE_COUNTERFACTUAL,True
10-planning-b4,planning / constraint satisfaction,DECODE,0.8,7849,137728475136,pass,0.33056640625,0.5499214504076086,-0.21935504415760865,True,FIXED_ROUTE_COUNTERFACTUAL,True
10-planning-b4,planning / constraint satisfaction,DECODE,0.8,9790,171787714560,pass,0.5489448879076086,0.5945779551630435,-0.04563306725543481,True,FIXED_ROUTE_COUNTERFACTUAL,True
10-planning-b4,planning / constraint satisfaction,DECODE,0.8,11748,206145257472,pass,0.6259871773097826,0.6312627377717391,-0.005275560461956541,True,FIXED_ROUTE_COUNTERFACTUAL,True
10-planning-b4,planning / constraint satisfaction,DECODE,0.8,15665,274877890560,pass,0.7018193783967391,0.6866508152173914,0.015168563179347783,False,FIXED_ROUTE_COUNTERFACTUAL,True
10-planning-b4,planning / constraint satisfaction,DECODE,0.8,19581,343592976384,pass,0.7467943274456522,0.7300547724184783,0.016739555027173947,False,FIXED_ROUTE_COUNTERFACTUAL,True
10-planning-b4,planning / constraint satisfaction,DECODE,0.8,23497,412308062208,pass,0.7829377547554348,0.7639584748641305,0.018979279891304324,False,FIXED_ROUTE_COUNTERFACTUAL,True
10-planning-b4,planning / constraint satisfaction,DECODE,0.8,27413,481023148032,pass,0.8075534986413043,0.789901069972826,0.01765242866847827,False,FIXED_ROUTE_COUNTERFACTUAL,True
10-planning-b4,planning / constraint satisfaction,DECODE,0.8,31330,549755781120,pass,0.8288786514945652,0.8158755095108695,0.013003141983695676,False,FIXED_ROUTE_COUNTERFACTUAL,True
10-planning-b4,planning / constraint satisfaction,DECODE,0.8,39162,687185952768,pass,0.877685546875,0.8709769870923914,0.006708559782608647,False,FIXED_ROUTE_COUNTERFACTUAL,True
10-planning-b4,planning / constraint satisfaction,DECODE,0.8,46995,824633671680,pass,0.9340395720108695,0.9326278023097826,0.001411769701086918,False,FIXED_ROUTE_COUNTERFACTUAL,True
10-planning-b4,planning / constraint satisfaction,DECODE,0.8,54827,962063843328,pass,0.9543138586956522,0.9544093919836957,-9.553328804345895e-05,True,FIXED_ROUTE_COUNTERFACTUAL,True
10-planning-b4,planning / constraint satisfaction,DECODE,0.8,62660,1099511562240,pass,0.9608631963315217,0.9608631963315217,0.0,False,FIXED_ROUTE_COUNTERFACTUAL,True
10-planning-b4,planning / constraint satisfaction,DECODE,0.8,70492,1236941733888,pass,0.9608631963315217,0.9608631963315217,0.0,False,FIXED_ROUTE_COUNTERFACTUAL,True
10-planning-b4,planning / constraint satisfaction,DECODE,0.8,78325,1374389452800,pass,0.9608631963315217,0.9608631963315217,0.0,False,FIXED_ROUTE_COUNTERFACTUAL,True
10-planning-b4,planning / constraint satisfaction,DECODE,0.8,82432,1446456066048,pass,0.9608631963315217,0.9608631963315217,0.0,False,FIXED_ROUTE_COUNTERFACTUAL,True
10-planning-b4,planning / constraint satisfaction,DECODE,0.9,3916,68715085824,pass,0.19862432065217392,0.40975288722826086,-0.21112856657608695,True,FIXED_ROUTE_COUNTERFACTUAL,True
10-planning-b4,planning / constraint satisfaction,DECODE,0.9,5874,103072628736,pass,0.46377165421195654,0.5025900135869565,-0.038818359375,True,FIXED_ROUTE_COUNTERFACTUAL,True
10-planning-b4,planning / constraint satisfaction,DECODE,0.9,7832,137430171648,pass,0.5522567085597826,0.5494650135869565,0.002791694972826053,False,FIXED_ROUTE_COUNTERFACTUAL,True
10-planning-b4,planning / constraint satisfaction,DECODE,0.9,7849,137728475136,pass,0.5526813009510869,0.5499214504076086,0.0027598505434782705,False,FIXED_ROUTE_COUNTERFACTUAL,True
10-planning-b4,planning / constraint satisfaction,DECODE,0.9,9790,171787714560,pass,0.5981126868206522,0.5945779551630435,0.0035347316576087584,False,FIXED_ROUTE_COUNTERFACTUAL,True
10-planning-b4,planning / constraint satisfaction,DECODE,0.9,11748,206145257472,pass,0.6417820142663043,0.6312627377717391,0.010519276494565188,False,FIXED_ROUTE_COUNTERFACTUAL,True
10-planning-b4,planning / constraint satisfaction,DECODE,0.9,15665,274877890560,pass,0.6920962126358695,0.6866508152173914,0.0054453974184781595,False,FIXED_ROUTE_COUNTERFACTUAL,True
10-planning-b4,planning / constraint satisfaction,DECODE,0.9,19581,343592976384,pass,0.739119819972826,0.7300547724184783,0.009065047554347783,False,FIXED_ROUTE_COUNTERFACTUAL,True
10-planning-b4,planning / constraint satisfaction,DECODE,0.9,23497,412308062208,pass,0.7714313009510869,0.7639584748641305,0.00747282608695643,False,FIXED_ROUTE_COUNTERFACTUAL,True
10-planning-b4,planning / constraint satisfaction,DECODE,0.9,27413,481023148032,pass,0.7963230298913043,0.789901069972826,0.0064219599184782705,False,FIXED_ROUTE_COUNTERFACTUAL,True
10-planning-b4,planning / constraint satisfaction,DECODE,0.9,31330,549755781120,pass,0.8203868036684783,0.8158755095108695,0.004511294157608758,False,FIXED_ROUTE_COUNTERFACTUAL,True
10-planning-b4,planning / constraint satisfaction,DECODE,0.9,39162,687185952768,pass,0.8738960597826086,0.8709769870923914,0.0029190726902172948,False,FIXED_ROUTE_COUNTERFACTUAL,True
10-planning-b4,planning / constraint satisfaction,DECODE,0.9,46995,824633671680,pass,0.933487601902174,0.9326278023097826,0.0008597995923913526,False,FIXED_ROUTE_COUNTERFACTUAL,True
10-planning-b4,planning / constraint satisfaction,DECODE,0.9,54827,962063843328,pass,0.9543669327445652,0.9544093919836957,-4.245923913048788e-05,True,FIXED_ROUTE_COUNTERFACTUAL,True
10-planning-b4,planning / constraint satisfaction,DECODE,0.9,62660,1099511562240,pass,0.9608631963315217,0.9608631963315217,0.0,False,FIXED_ROUTE_COUNTERFACTUAL,True
10-planning-b4,planning / constraint satisfaction,DECODE,0.9,70492,1236941733888,pass,0.9608631963315217,0.9608631963315217,0.0,False,FIXED_ROUTE_COUNTERFACTUAL,True
10-planning-b4,planning / constraint satisfaction,DECODE,0.9,78325,1374389452800,pass,0.9608631963315217,0.9608631963315217,0.0,False,FIXED_ROUTE_COUNTERFACTUAL,True
10-planning-b4,planning / constraint satisfaction,DECODE,0.9,82432,1446456066048,pass,0.9608631963315217,0.9608631963315217,0.0,False,FIXED_ROUTE_COUNTERFACTUAL,True
10-planning-b4,planning / constraint satisfaction,DECODE,1.0,3916,68715085824,pass,0.40604831861413043,0.40975288722826086,-0.0037045686141304324,True,FIXED_ROUTE_COUNTERFACTUAL,True
10-planning-b4,planning / constraint satisfaction,DECODE,1.0,5874,103072628736,pass,0.4907332710597826,0.5025900135869565,-0.011856742527173947,True,FIXED_ROUTE_COUNTERFACTUAL,True
10-planning-b4,planning / constraint satisfaction,DECODE,1.0,7832,137430171648,pass,0.555281929347826,0.5494650135869565,0.005816915760869512,False,FIXED_ROUTE_COUNTERFACTUAL,True
10-planning-b4,planning / constraint satisfaction,DECODE,1.0,7849,137728475136,pass,0.5560780400815217,0.5499214504076086,0.006156589673913082,False,FIXED_ROUTE_COUNTERFACTUAL,True
10-planning-b4,planning / constraint satisfaction,DECODE,1.0,9790,171787714560,pass,0.6034413213315217,0.5945779551630435,0.00886336616847827,False,FIXED_ROUTE_COUNTERFACTUAL,True
10-planning-b4,planning / constraint satisfaction,DECODE,1.0,11748,206145257472,pass,0.63720703125,0.6312627377717391,0.005944293478260865,False,FIXED_ROUTE_COUNTERFACTUAL,True
10-planning-b4,planning / constraint satisfaction,DECODE,1.0,15665,274877890560,pass,0.6910878057065217,0.6866508152173914,0.004436990489130377,False,FIXED_ROUTE_COUNTERFACTUAL,True
10-planning-b4,planning / constraint satisfaction,DECODE,1.0,19581,343592976384,pass,0.7339716372282609,0.7300547724184783,0.003916864809782594,False,FIXED_ROUTE_COUNTERFACTUAL,True
10-planning-b4,planning / constraint satisfaction,DECODE,1.0,23497,412308062208,pass,0.7665484884510869,0.7639584748641305,0.00259001358695643,False,FIXED_ROUTE_COUNTERFACTUAL,True
10-planning-b4,planning / constraint satisfaction,DECODE,1.0,27413,481023148032,pass,0.7922469429347826,0.789901069972826,0.002345872961956541,False,FIXED_ROUTE_COUNTERFACTUAL,True
10-planning-b4,planning / constraint satisfaction,DECODE,1.0,31330,549755781120,pass,0.817488960597826,0.8158755095108695,0.001613451086956541,False,FIXED_ROUTE_COUNTERFACTUAL,True
10-planning-b4,planning / constraint satisfaction,DECODE,1.0,39162,687185952768,pass,0.8721870754076086,0.8709769870923914,0.0012100883152172948,False,FIXED_ROUTE_COUNTERFACTUAL,True
10-planning-b4,planning / constraint satisfaction,DECODE,1.0,46995,824633671680,pass,0.9330205502717391,0.9326278023097826,0.00039274796195654105,False,FIXED_ROUTE_COUNTERFACTUAL,True
10-planning-b4,planning / constraint satisfaction,DECODE,1.0,54827,962063843328,pass,0.9544200067934783,0.9544093919836957,1.0614809782594214e-05,False,FIXED_ROUTE_COUNTERFACTUAL,True
10-planning-b4,planning / constraint satisfaction,DECODE,1.0,62660,1099511562240,pass,0.9608631963315217,0.9608631963315217,0.0,False,FIXED_ROUTE_COUNTERFACTUAL,True
10-planning-b4,planning / constraint satisfaction,DECODE,1.0,70492,1236941733888,pass,0.9608631963315217,0.9608631963315217,0.0,False,FIXED_ROUTE_COUNTERFACTUAL,True
10-planning-b4,planning / constraint satisfaction,DECODE,1.0,78325,1374389452800,pass,0.9608631963315217,0.9608631963315217,0.0,False,FIXED_ROUTE_COUNTERFACTUAL,True
10-planning-b4,planning / constraint satisfaction,DECODE,1.0,82432,1446456066048,pass,0.9608631963315217,0.9608631963315217,0.0,False,FIXED_ROUTE_COUNTERFACTUAL,True
11-instructions-b1,multi-step instruction following / structured response,DECODE,0.5,3916,68715085824,INFEASIBLE_CORE_EXCEEDS_CAPACITY,,0.41196076766304346,,False,FIXED_ROUTE_COUNTERFACTUAL,True
11-instructions-b1,multi-step instruction following / structured response,DECODE,0.5,5874,103072628736,INFEASIBLE_CORE_EXCEEDS_CAPACITY,,0.48539402173913043,,False,FIXED_ROUTE_COUNTERFACTUAL,True
11-instructions-b1,multi-step instruction following / structured response,DECODE,0.5,7832,137430171648,INFEASIBLE_CORE_EXCEEDS_CAPACITY,,0.5476817255434783,,False,FIXED_ROUTE_COUNTERFACTUAL,True
11-instructions-b1,multi-step instruction following / structured response,DECODE,0.5,7849,137728475136,INFEASIBLE_CORE_EXCEEDS_CAPACITY,,0.547957710597826,,False,FIXED_ROUTE_COUNTERFACTUAL,True
11-instructions-b1,multi-step instruction following / structured response,DECODE,0.5,9790,171787714560,INFEASIBLE_CORE_EXCEEDS_CAPACITY,,0.5911599864130435,,False,FIXED_ROUTE_COUNTERFACTUAL,True
11-instructions-b1,multi-step instruction following / structured response,DECODE,0.5,11748,206145257472,INFEASIBLE_CORE_EXCEEDS_CAPACITY,,0.6414741847826086,,False,FIXED_ROUTE_COUNTERFACTUAL,True
11-instructions-b1,multi-step instruction following / structured response,DECODE,0.5,15665,274877890560,INFEASIBLE_CORE_EXCEEDS_CAPACITY,,0.6946968410326086,,False,FIXED_ROUTE_COUNTERFACTUAL,True
11-instructions-b1,multi-step instruction following / structured response,DECODE,0.5,19581,343592976384,INFEASIBLE_CORE_EXCEEDS_CAPACITY,,0.7384935461956522,,False,FIXED_ROUTE_COUNTERFACTUAL,True
11-instructions-b1,multi-step instruction following / structured response,DECODE,0.5,23497,412308062208,pass,0.6713973335597826,0.7706882642663043,-0.09929093070652173,True,FIXED_ROUTE_COUNTERFACTUAL,True
11-instructions-b1,multi-step instruction following / structured response,DECODE,0.5,27413,481023148032,pass,0.7983716881793478,0.7960258152173914,0.00234587296195643,False,FIXED_ROUTE_COUNTERFACTUAL,True
11-instructions-b1,multi-step instruction following / structured response,DECODE,0.5,31330,549755781120,pass,0.8383258322010869,0.827530570652174,0.010795261548912971,False,FIXED_ROUTE_COUNTERFACTUAL,True
11-instructions-b1,multi-step instruction following / structured response,DECODE,0.5,39162,687185952768,pass,0.8795962126358695,0.9120669157608695,-0.032470703125,True,FIXED_ROUTE_COUNTERFACTUAL,True
11-instructions-b1,multi-step instruction following / structured response,DECODE,0.5,46995,824633671680,pass,0.9300271739130435,0.9322138247282609,-0.002186650815217406,True,FIXED_ROUTE_COUNTERFACTUAL,True
11-instructions-b1,multi-step instruction following / structured response,DECODE,0.5,54827,962063843328,pass,0.9423615828804348,0.9438688858695652,-0.0015073029891303769,True,FIXED_ROUTE_COUNTERFACTUAL,True
11-instructions-b1,multi-step instruction following / structured response,DECODE,0.5,62660,1099511562240,pass,0.9438688858695652,0.9438688858695652,0.0,False,FIXED_ROUTE_COUNTERFACTUAL,True
11-instructions-b1,multi-step instruction following / structured response,DECODE,0.5,70492,1236941733888,pass,0.9438688858695652,0.9438688858695652,0.0,False,FIXED_ROUTE_COUNTERFACTUAL,True
11-instructions-b1,multi-step instruction following / structured response,DECODE,0.5,78325,1374389452800,pass,0.9438688858695652,0.9438688858695652,0.0,False,FIXED_ROUTE_COUNTERFACTUAL,True
11-instructions-b1,multi-step instruction following / structured response,DECODE,0.5,82432,1446456066048,pass,0.9438688858695652,0.9438688858695652,0.0,False,FIXED_ROUTE_COUNTERFACTUAL,True
11-instructions-b1,multi-step instruction following / structured response,DECODE,0.75,3916,68715085824,INFEASIBLE_CORE_EXCEEDS_CAPACITY,,0.41196076766304346,,False,FIXED_ROUTE_COUNTERFACTUAL,True
11-instructions-b1,multi-step instruction following / structured response,DECODE,0.75,5874,103072628736,INFEASIBLE_CORE_EXCEEDS_CAPACITY,,0.48539402173913043,,False,FIXED_ROUTE_COUNTERFACTUAL,True
11-instructions-b1,multi-step instruction following / structured response,DECODE,0.75,7832,137430171648,pass,0.3387398097826087,0.5476817255434783,-0.20894191576086957,True,FIXED_ROUTE_COUNTERFACTUAL,True
11-instructions-b1,multi-step instruction following / structured response,DECODE,0.75,7849,137728475136,pass,0.3387398097826087,0.547957710597826,-0.20921790081521735,True,FIXED_ROUTE_COUNTERFACTUAL,True
11-instructions-b1,multi-step instruction following / structured response,DECODE,0.75,9790,171787714560,pass,0.5338930876358695,0.5911599864130435,-0.05726689877717395,True,FIXED_ROUTE_COUNTERFACTUAL,True
11-instructions-b1,multi-step instruction following / structured response,DECODE,0.75,11748,206145257472,pass,0.6116996433423914,0.6414741847826086,-0.029774541440217295,True,FIXED_ROUTE_COUNTERFACTUAL,True
11-instructions-b1,multi-step instruction following / structured response,DECODE,0.75,15665,274877890560,pass,0.6979662024456522,0.6946968410326086,0.00326936141304357,False,FIXED_ROUTE_COUNTERFACTUAL,True
11-instructions-b1,multi-step instruction following / structured response,DECODE,0.75,19581,343592976384,pass,0.7505731997282609,0.7384935461956522,0.012079653532608647,False,FIXED_ROUTE_COUNTERFACTUAL,True
11-instructions-b1,multi-step instruction following / structured response,DECODE,0.75,23497,412308062208,pass,0.7863026494565217,0.7706882642663043,0.015614385190217406,False,FIXED_ROUTE_COUNTERFACTUAL,True
11-instructions-b1,multi-step instruction following / structured response,DECODE,0.75,27413,481023148032,pass,0.8105787194293478,0.7960258152173914,0.01455290421195643,False,FIXED_ROUTE_COUNTERFACTUAL,True
11-instructions-b1,multi-step instruction following / structured response,DECODE,0.75,31330,549755781120,pass,0.8345575747282609,0.827530570652174,0.007027004076086918,False,FIXED_ROUTE_COUNTERFACTUAL,True
11-instructions-b1,multi-step instruction following / structured response,DECODE,0.75,39162,687185952768,pass,0.9075980808423914,0.9120669157608695,-0.0044688349184781595,True,FIXED_ROUTE_COUNTERFACTUAL,True
11-instructions-b1,multi-step instruction following / structured response,DECODE,0.75,46995,824633671680,pass,0.9316193953804348,0.9322138247282609,-0.0005944293478260532,True,FIXED_ROUTE_COUNTERFACTUAL,True
11-instructions-b1,multi-step instruction following / structured response,DECODE,0.75,54827,962063843328,pass,0.94384765625,0.9438688858695652,-2.122961956518843e-05,True,FIXED_ROUTE_COUNTERFACTUAL,True
11-instructions-b1,multi-step instruction following / structured response,DECODE,0.75,62660,1099511562240,pass,0.9438688858695652,0.9438688858695652,0.0,False,FIXED_ROUTE_COUNTERFACTUAL,True
11-instructions-b1,multi-step instruction following / structured response,DECODE,0.75,70492,1236941733888,pass,0.9438688858695652,0.9438688858695652,0.0,False,FIXED_ROUTE_COUNTERFACTUAL,True
11-instructions-b1,multi-step instruction following / structured response,DECODE,0.75,78325,1374389452800,pass,0.9438688858695652,0.9438688858695652,0.0,False,FIXED_ROUTE_COUNTERFACTUAL,True
11-instructions-b1,multi-step instruction following / structured response,DECODE,0.75,82432,1446456066048,pass,0.9438688858695652,0.9438688858695652,0.0,False,FIXED_ROUTE_COUNTERFACTUAL,True
11-instructions-b1,multi-step instruction following / structured response,DECODE,0.8,3916,68715085824,INFEASIBLE_CORE_EXCEEDS_CAPACITY,,0.41196076766304346,,False,FIXED_ROUTE_COUNTERFACTUAL,True
11-instructions-b1,multi-step instruction following / structured response,DECODE,0.8,5874,103072628736,INFEASIBLE_CORE_EXCEEDS_CAPACITY,,0.48539402173913043,,False,FIXED_ROUTE_COUNTERFACTUAL,True
11-instructions-b1,multi-step instruction following / structured response,DECODE,0.8,7832,137430171648,pass,0.3387398097826087,0.5476817255434783,-0.20894191576086957,True,FIXED_ROUTE_COUNTERFACTUAL,True
11-instructions-b1,multi-step instruction following / structured response,DECODE,0.8,7849,137728475136,pass,0.3387398097826087,0.547957710597826,-0.20921790081521735,True,FIXED_ROUTE_COUNTERFACTUAL,True
11-instructions-b1,multi-step instruction following / structured response,DECODE,0.8,9790,171787714560,pass,0.5338930876358695,0.5911599864130435,-0.05726689877717395,True,FIXED_ROUTE_COUNTERFACTUAL,True
11-instructions-b1,multi-step instruction following / structured response,DECODE,0.8,11748,206145257472,pass,0.6116996433423914,0.6414741847826086,-0.029774541440217295,True,FIXED_ROUTE_COUNTERFACTUAL,True
11-instructions-b1,multi-step instruction following / structured response,DECODE,0.8,15665,274877890560,pass,0.6979662024456522,0.6946968410326086,0.00326936141304357,False,FIXED_ROUTE_COUNTERFACTUAL,True
11-instructions-b1,multi-step instruction following / structured response,DECODE,0.8,19581,343592976384,pass,0.7505731997282609,0.7384935461956522,0.012079653532608647,False,FIXED_ROUTE_COUNTERFACTUAL,True
11-instructions-b1,multi-step instruction following / structured response,DECODE,0.8,23497,412308062208,pass,0.7863026494565217,0.7706882642663043,0.015614385190217406,False,FIXED_ROUTE_COUNTERFACTUAL,True
11-instructions-b1,multi-step instruction following / structured response,DECODE,0.8,27413,481023148032,pass,0.8105787194293478,0.7960258152173914,0.01455290421195643,False,FIXED_ROUTE_COUNTERFACTUAL,True
11-instructions-b1,multi-step instruction following / structured response,DECODE,0.8,31330,549755781120,pass,0.8345575747282609,0.827530570652174,0.007027004076086918,False,FIXED_ROUTE_COUNTERFACTUAL,True
11-instructions-b1,multi-step instruction following / structured response,DECODE,0.8,39162,687185952768,pass,0.9075980808423914,0.9120669157608695,-0.0044688349184781595,True,FIXED_ROUTE_COUNTERFACTUAL,True
11-instructions-b1,multi-step instruction following / structured response,DECODE,0.8,46995,824633671680,pass,0.9316193953804348,0.9322138247282609,-0.0005944293478260532,True,FIXED_ROUTE_COUNTERFACTUAL,True
11-instructions-b1,multi-step instruction following / structured response,DECODE,0.8,54827,962063843328,pass,0.94384765625,0.9438688858695652,-2.122961956518843e-05,True,FIXED_ROUTE_COUNTERFACTUAL,True
11-instructions-b1,multi-step instruction following / structured response,DECODE,0.8,62660,1099511562240,pass,0.9438688858695652,0.9438688858695652,0.0,False,FIXED_ROUTE_COUNTERFACTUAL,True
11-instructions-b1,multi-step instruction following / structured response,DECODE,0.8,70492,1236941733888,pass,0.9438688858695652,0.9438688858695652,0.0,False,FIXED_ROUTE_COUNTERFACTUAL,True
11-instructions-b1,multi-step instruction following / structured response,DECODE,0.8,78325,1374389452800,pass,0.9438688858695652,0.9438688858695652,0.0,False,FIXED_ROUTE_COUNTERFACTUAL,True
11-instructions-b1,multi-step instruction following / structured response,DECODE,0.8,82432,1446456066048,pass,0.9438688858695652,0.9438688858695652,0.0,False,FIXED_ROUTE_COUNTERFACTUAL,True
11-instructions-b1,multi-step instruction following / structured response,DECODE,0.9,3916,68715085824,pass,0.20550271739130435,0.41196076766304346,-0.2064580502717391,True,FIXED_ROUTE_COUNTERFACTUAL,True
11-instructions-b1,multi-step instruction following / structured response,DECODE,0.9,5874,103072628736,pass,0.4461829144021739,0.48539402173913043,-0.03921110733695654,True,FIXED_ROUTE_COUNTERFACTUAL,True
11-instructions-b1,multi-step instruction following / structured response,DECODE,0.9,7832,137430171648,pass,0.5406865658967391,0.5476817255434783,-0.006995159646739135,True,FIXED_ROUTE_COUNTERFACTUAL,True
11-instructions-b1,multi-step instruction following / structured response,DECODE,0.9,7849,137728475136,pass,0.5410899286684783,0.547957710597826,-0.006867781929347783,True,FIXED_ROUTE_COUNTERFACTUAL,True
11-instructions-b1,multi-step instruction following / structured response,DECODE,0.9,9790,171787714560,pass,0.5975076426630435,0.5911599864130435,0.00634765625,False,FIXED_ROUTE_COUNTERFACTUAL,True
11-instructions-b1,multi-step instruction following / structured response,DECODE,0.9,11748,206145257472,pass,0.6351583729619565,0.6414741847826086,-0.006315811820652106,True,FIXED_ROUTE_COUNTERFACTUAL,True
11-instructions-b1,multi-step instruction following / structured response,DECODE,0.9,15665,274877890560,pass,0.7048764436141305,0.6946968410326086,0.01017960258152184,False,FIXED_ROUTE_COUNTERFACTUAL,True
11-instructions-b1,multi-step instruction following / structured response,DECODE,0.9,19581,343592976384,pass,0.7455523947010869,0.7384935461956522,0.0070588485054347005,False,FIXED_ROUTE_COUNTERFACTUAL,True
11-instructions-b1,multi-step instruction following / structured response,DECODE,0.9,23497,412308062208,pass,0.7778638756793478,0.7706882642663043,0.007175611413043459,False,FIXED_ROUTE_COUNTERFACTUAL,True
11-instructions-b1,multi-step instruction following / structured response,DECODE,0.9,27413,481023148032,pass,0.8022248641304348,0.7960258152173914,0.006199048913043459,False,FIXED_ROUTE_COUNTERFACTUAL,True
11-instructions-b1,multi-step instruction following / structured response,DECODE,0.9,31330,549755781120,pass,0.8312032948369565,0.827530570652174,0.003672724184782594,False,FIXED_ROUTE_COUNTERFACTUAL,True
11-instructions-b1,multi-step instruction following / structured response,DECODE,0.9,39162,687185952768,pass,0.9128524116847826,0.9120669157608695,0.0007854959239130821,False,FIXED_ROUTE_COUNTERFACTUAL,True
11-instructions-b1,multi-step instruction following / structured response,DECODE,0.9,46995,824633671680,pass,0.9318423063858695,0.9322138247282609,-0.0003715183423913526,True,FIXED_ROUTE_COUNTERFACTUAL,True
11-instructions-b1,multi-step instruction following / structured response,DECODE,0.9,54827,962063843328,pass,0.9438688858695652,0.9438688858695652,0.0,False,FIXED_ROUTE_COUNTERFACTUAL,True
11-instructions-b1,multi-step instruction following / structured response,DECODE,0.9,62660,1099511562240,pass,0.9438688858695652,0.9438688858695652,0.0,False,FIXED_ROUTE_COUNTERFACTUAL,True
11-instructions-b1,multi-step instruction following / structured response,DECODE,0.9,70492,1236941733888,pass,0.9438688858695652,0.9438688858695652,0.0,False,FIXED_ROUTE_COUNTERFACTUAL,True
11-instructions-b1,multi-step instruction following / structured response,DECODE,0.9,78325,1374389452800,pass,0.9438688858695652,0.9438688858695652,0.0,False,FIXED_ROUTE_COUNTERFACTUAL,True
11-instructions-b1,multi-step instruction following / structured response,DECODE,0.9,82432,1446456066048,pass,0.9438688858695652,0.9438688858695652,0.0,False,FIXED_ROUTE_COUNTERFACTUAL,True
11-instructions-b1,multi-step instruction following / structured response,DECODE,1.0,3916,68715085824,pass,0.38137950067934784,0.41196076766304346,-0.03058126698369562,True,FIXED_ROUTE_COUNTERFACTUAL,True
11-instructions-b1,multi-step instruction following / structured response,DECODE,1.0,5874,103072628736,pass,0.48845108695652173,0.48539402173913043,0.003057065217391297,False,FIXED_ROUTE_COUNTERFACTUAL,True
11-instructions-b1,multi-step instruction following / structured response,DECODE,1.0,7832,137430171648,pass,0.55517578125,0.5476817255434783,0.0074940557065217295,False,FIXED_ROUTE_COUNTERFACTUAL,True
11-instructions-b1,multi-step instruction following / structured response,DECODE,1.0,7849,137728475136,pass,0.5556959069293478,0.547957710597826,0.0077381963315217295,False,FIXED_ROUTE_COUNTERFACTUAL,True
11-instructions-b1,multi-step instruction following / structured response,DECODE,1.0,9790,171787714560,pass,0.5952997622282609,0.5911599864130435,0.004139775815217406,False,FIXED_ROUTE_COUNTERFACTUAL,True
11-instructions-b1,multi-step instruction following / structured response,DECODE,1.0,11748,206145257472,pass,0.636474609375,0.6414741847826086,-0.004999575407608647,True,FIXED_ROUTE_COUNTERFACTUAL,True
11-instructions-b1,multi-step instruction following / structured response,DECODE,1.0,15665,274877890560,pass,0.6995902683423914,0.6946968410326086,0.004893427309782705,False,FIXED_ROUTE_COUNTERFACTUAL,True
11-instructions-b1,multi-step instruction following / structured response,DECODE,1.0,19581,343592976384,pass,0.7415718410326086,0.7384935461956522,0.00307829483695643,False,FIXED_ROUTE_COUNTERFACTUAL,True
11-instructions-b1,multi-step instruction following / structured response,DECODE,1.0,23497,412308062208,pass,0.7736391813858695,0.7706882642663043,0.0029509171195651884,False,FIXED_ROUTE_COUNTERFACTUAL,True
11-instructions-b1,multi-step instruction following / structured response,DECODE,1.0,27413,481023148032,pass,0.7985521399456522,0.7960258152173914,0.0025263247282608647,False,FIXED_ROUTE_COUNTERFACTUAL,True
11-instructions-b1,multi-step instruction following / structured response,DECODE,1.0,31330,549755781120,pass,0.8290591032608695,0.827530570652174,0.0015285326086955653,False,FIXED_ROUTE_COUNTERFACTUAL,True
11-instructions-b1,multi-step instruction following / structured response,DECODE,1.0,39162,687185952768,pass,0.912459663722826,0.9120669157608695,0.00039274796195654105,False,FIXED_ROUTE_COUNTERFACTUAL,True
11-instructions-b1,multi-step instruction following / structured response,DECODE,1.0,46995,824633671680,pass,0.9319484544836957,0.9322138247282609,-0.00026537024456518843,True,FIXED_ROUTE_COUNTERFACTUAL,True
11-instructions-b1,multi-step instruction following / structured response,DECODE,1.0,54827,962063843328,pass,0.9438688858695652,0.9438688858695652,0.0,False,FIXED_ROUTE_COUNTERFACTUAL,True
11-instructions-b1,multi-step instruction following / structured response,DECODE,1.0,62660,1099511562240,pass,0.9438688858695652,0.9438688858695652,0.0,False,FIXED_ROUTE_COUNTERFACTUAL,True
11-instructions-b1,multi-step instruction following / structured response,DECODE,1.0,70492,1236941733888,pass,0.9438688858695652,0.9438688858695652,0.0,False,FIXED_ROUTE_COUNTERFACTUAL,True
11-instructions-b1,multi-step instruction following / structured response,DECODE,1.0,78325,1374389452800,pass,0.9438688858695652,0.9438688858695652,0.0,False,FIXED_ROUTE_COUNTERFACTUAL,True
11-instructions-b1,multi-step instruction following / structured response,DECODE,1.0,82432,1446456066048,pass,0.9438688858695652,0.9438688858695652,0.0,False,FIXED_ROUTE_COUNTERFACTUAL,True
12-compare-b1,analytical comparison / argumentation,DECODE,0.5,3916,68715085824,INFEASIBLE_CORE_EXCEEDS_CAPACITY,,0.43374235733695654,,False,FIXED_ROUTE_COUNTERFACTUAL,True
12-compare-b1,analytical comparison / argumentation,DECODE,0.5,5874,103072628736,INFEASIBLE_CORE_EXCEEDS_CAPACITY,,0.4971340013586957,,False,FIXED_ROUTE_COUNTERFACTUAL,True
12-compare-b1,analytical comparison / argumentation,DECODE,0.5,7832,137430171648,INFEASIBLE_CORE_EXCEEDS_CAPACITY,,0.5527768342391305,,False,FIXED_ROUTE_COUNTERFACTUAL,True
12-compare-b1,analytical comparison / argumentation,DECODE,0.5,7849,137728475136,INFEASIBLE_CORE_EXCEEDS_CAPACITY,,0.5532969599184783,,False,FIXED_ROUTE_COUNTERFACTUAL,True
12-compare-b1,analytical comparison / argumentation,DECODE,0.5,9790,171787714560,INFEASIBLE_CORE_EXCEEDS_CAPACITY,,0.5918817934782609,,False,FIXED_ROUTE_COUNTERFACTUAL,True
12-compare-b1,analytical comparison / argumentation,DECODE,0.5,11748,206145257472,INFEASIBLE_CORE_EXCEEDS_CAPACITY,,0.6321968410326086,,False,FIXED_ROUTE_COUNTERFACTUAL,True
12-compare-b1,analytical comparison / argumentation,DECODE,0.5,15665,274877890560,INFEASIBLE_CORE_EXCEEDS_CAPACITY,,0.6940493376358695,,False,FIXED_ROUTE_COUNTERFACTUAL,True
12-compare-b1,analytical comparison / argumentation,DECODE,0.5,19581,343592976384,INFEASIBLE_CORE_EXCEEDS_CAPACITY,,0.7384829313858695,,False,FIXED_ROUTE_COUNTERFACTUAL,True
12-compare-b1,analytical comparison / argumentation,DECODE,0.5,23497,412308062208,pass,0.7565493376358695,0.7739788552989131,-0.01742951766304357,True,FIXED_ROUTE_COUNTERFACTUAL,True
12-compare-b1,analytical comparison / argumentation,DECODE,0.5,27413,481023148032,pass,0.8225416100543478,0.8012907608695652,0.021250849184782594,False,FIXED_ROUTE_COUNTERFACTUAL,True
12-compare-b1,analytical comparison / argumentation,DECODE,0.5,31330,549755781120,pass,0.8523161514945652,0.8325938349184783,0.019722316576086918,False,FIXED_ROUTE_COUNTERFACTUAL,True
12-compare-b1,analytical comparison / argumentation,DECODE,0.5,39162,687185952768,pass,0.8918563179347826,0.9064729110054348,-0.014616593070652217,True,FIXED_ROUTE_COUNTERFACTUAL,True
12-compare-b1,analytical comparison / argumentation,DECODE,0.5,46995,824633671680,pass,0.9258237092391305,0.9277556046195652,-0.0019318953804347005,True,FIXED_ROUTE_COUNTERFACTUAL,True
12-compare-b1,analytical comparison / argumentation,DECODE,0.5,54827,962063843328,pass,0.9372877038043478,0.9375424592391305,-0.00025475543478270524,True,FIXED_ROUTE_COUNTERFACTUAL,True
12-compare-b1,analytical comparison / argumentation,DECODE,0.5,62660,1099511562240,pass,0.9375424592391305,0.9375424592391305,0.0,False,FIXED_ROUTE_COUNTERFACTUAL,True
12-compare-b1,analytical comparison / argumentation,DECODE,0.5,70492,1236941733888,pass,0.9375424592391305,0.9375424592391305,0.0,False,FIXED_ROUTE_COUNTERFACTUAL,True
12-compare-b1,analytical comparison / argumentation,DECODE,0.5,78325,1374389452800,pass,0.9375424592391305,0.9375424592391305,0.0,False,FIXED_ROUTE_COUNTERFACTUAL,True
12-compare-b1,analytical comparison / argumentation,DECODE,0.5,82432,1446456066048,pass,0.9375424592391305,0.9375424592391305,0.0,False,FIXED_ROUTE_COUNTERFACTUAL,True
12-compare-b1,analytical comparison / argumentation,DECODE,0.75,3916,68715085824,INFEASIBLE_CORE_EXCEEDS_CAPACITY,,0.43374235733695654,,False,FIXED_ROUTE_COUNTERFACTUAL,True
12-compare-b1,analytical comparison / argumentation,DECODE,0.75,5874,103072628736,INFEASIBLE_CORE_EXCEEDS_CAPACITY,,0.4971340013586957,,False,FIXED_ROUTE_COUNTERFACTUAL,True
12-compare-b1,analytical comparison / argumentation,DECODE,0.75,7832,137430171648,pass,0.37752632472826086,0.5527768342391305,-0.17525050951086962,True,FIXED_ROUTE_COUNTERFACTUAL,True
12-compare-b1,analytical comparison / argumentation,DECODE,0.75,7849,137728475136,pass,0.37761124320652173,0.5532969599184783,-0.17568571671195654,True,FIXED_ROUTE_COUNTERFACTUAL,True
12-compare-b1,analytical comparison / argumentation,DECODE,0.75,9790,171787714560,pass,0.586563773777174,0.5918817934782609,-0.005318019701086918,True,FIXED_ROUTE_COUNTERFACTUAL,True
12-compare-b1,analytical comparison / argumentation,DECODE,0.75,11748,206145257472,pass,0.6415484884510869,0.6321968410326086,0.00935164741847827,False,FIXED_ROUTE_COUNTERFACTUAL,True
12-compare-b1,analytical comparison / argumentation,DECODE,0.75,15665,274877890560,pass,0.7100246263586957,0.6940493376358695,0.015975288722826164,False,FIXED_ROUTE_COUNTERFACTUAL,True
12-compare-b1,analytical comparison / argumentation,DECODE,0.75,19581,343592976384,pass,0.75537109375,0.7384829313858695,0.016888162364130488,False,FIXED_ROUTE_COUNTERFACTUAL,True
12-compare-b1,analytical comparison / argumentation,DECODE,0.75,23497,412308062208,pass,0.790177055027174,0.7739788552989131,0.016198199728260865,False,FIXED_ROUTE_COUNTERFACTUAL,True
12-compare-b1,analytical comparison / argumentation,DECODE,0.75,27413,481023148032,pass,0.8144425101902174,0.8012907608695652,0.013151749320652217,False,FIXED_ROUTE_COUNTERFACTUAL,True
12-compare-b1,analytical comparison / argumentation,DECODE,0.75,31330,549755781120,pass,0.8407566236413043,0.8325938349184783,0.008162788722826053,False,FIXED_ROUTE_COUNTERFACTUAL,True
12-compare-b1,analytical comparison / argumentation,DECODE,0.75,39162,687185952768,pass,0.9090098505434783,0.9064729110054348,0.002536939538043459,False,FIXED_ROUTE_COUNTERFACTUAL,True
12-compare-b1,analytical comparison / argumentation,DECODE,0.75,46995,824633671680,pass,0.927628226902174,0.9277556046195652,-0.0001273777173912416,True,FIXED_ROUTE_COUNTERFACTUAL,True
12-compare-b1,analytical comparison / argumentation,DECODE,0.75,54827,962063843328,pass,0.9375424592391305,0.9375424592391305,0.0,False,FIXED_ROUTE_COUNTERFACTUAL,True
12-compare-b1,analytical comparison / argumentation,DECODE,0.75,62660,1099511562240,pass,0.9375424592391305,0.9375424592391305,0.0,False,FIXED_ROUTE_COUNTERFACTUAL,True
12-compare-b1,analytical comparison / argumentation,DECODE,0.75,70492,1236941733888,pass,0.9375424592391305,0.9375424592391305,0.0,False,FIXED_ROUTE_COUNTERFACTUAL,True
12-compare-b1,analytical comparison / argumentation,DECODE,0.75,78325,1374389452800,pass,0.9375424592391305,0.9375424592391305,0.0,False,FIXED_ROUTE_COUNTERFACTUAL,True
12-compare-b1,analytical comparison / argumentation,DECODE,0.75,82432,1446456066048,pass,0.9375424592391305,0.9375424592391305,0.0,False,FIXED_ROUTE_COUNTERFACTUAL,True
12-compare-b1,analytical comparison / argumentation,DECODE,0.8,3916,68715085824,INFEASIBLE_CORE_EXCEEDS_CAPACITY,,0.43374235733695654,,False,FIXED_ROUTE_COUNTERFACTUAL,True
12-compare-b1,analytical comparison / argumentation,DECODE,0.8,5874,103072628736,INFEASIBLE_CORE_EXCEEDS_CAPACITY,,0.4971340013586957,,False,FIXED_ROUTE_COUNTERFACTUAL,True
12-compare-b1,analytical comparison / argumentation,DECODE,0.8,7832,137430171648,pass,0.37752632472826086,0.5527768342391305,-0.17525050951086962,True,FIXED_ROUTE_COUNTERFACTUAL,True
12-compare-b1,analytical comparison / argumentation,DECODE,0.8,7849,137728475136,pass,0.37761124320652173,0.5532969599184783,-0.17568571671195654,True,FIXED_ROUTE_COUNTERFACTUAL,True
12-compare-b1,analytical comparison / argumentation,DECODE,0.8,9790,171787714560,pass,0.586563773777174,0.5918817934782609,-0.005318019701086918,True,FIXED_ROUTE_COUNTERFACTUAL,True
12-compare-b1,analytical comparison / argumentation,DECODE,0.8,11748,206145257472,pass,0.6415484884510869,0.6321968410326086,0.00935164741847827,False,FIXED_ROUTE_COUNTERFACTUAL,True
12-compare-b1,analytical comparison / argumentation,DECODE,0.8,15665,274877890560,pass,0.7100246263586957,0.6940493376358695,0.015975288722826164,False,FIXED_ROUTE_COUNTERFACTUAL,True
12-compare-b1,analytical comparison / argumentation,DECODE,0.8,19581,343592976384,pass,0.75537109375,0.7384829313858695,0.016888162364130488,False,FIXED_ROUTE_COUNTERFACTUAL,True
12-compare-b1,analytical comparison / argumentation,DECODE,0.8,23497,412308062208,pass,0.790177055027174,0.7739788552989131,0.016198199728260865,False,FIXED_ROUTE_COUNTERFACTUAL,True
12-compare-b1,analytical comparison / argumentation,DECODE,0.8,27413,481023148032,pass,0.8144425101902174,0.8012907608695652,0.013151749320652217,False,FIXED_ROUTE_COUNTERFACTUAL,True
12-compare-b1,analytical comparison / argumentation,DECODE,0.8,31330,549755781120,pass,0.8407566236413043,0.8325938349184783,0.008162788722826053,False,FIXED_ROUTE_COUNTERFACTUAL,True
12-compare-b1,analytical comparison / argumentation,DECODE,0.8,39162,687185952768,pass,0.9090098505434783,0.9064729110054348,0.002536939538043459,False,FIXED_ROUTE_COUNTERFACTUAL,True
12-compare-b1,analytical comparison / argumentation,DECODE,0.8,46995,824633671680,pass,0.927628226902174,0.9277556046195652,-0.0001273777173912416,True,FIXED_ROUTE_COUNTERFACTUAL,True
12-compare-b1,analytical comparison / argumentation,DECODE,0.8,54827,962063843328,pass,0.9375424592391305,0.9375424592391305,0.0,False,FIXED_ROUTE_COUNTERFACTUAL,True
12-compare-b1,analytical comparison / argumentation,DECODE,0.8,62660,1099511562240,pass,0.9375424592391305,0.9375424592391305,0.0,False,FIXED_ROUTE_COUNTERFACTUAL,True
12-compare-b1,analytical comparison / argumentation,DECODE,0.8,70492,1236941733888,pass,0.9375424592391305,0.9375424592391305,0.0,False,FIXED_ROUTE_COUNTERFACTUAL,True
12-compare-b1,analytical comparison / argumentation,DECODE,0.8,78325,1374389452800,pass,0.9375424592391305,0.9375424592391305,0.0,False,FIXED_ROUTE_COUNTERFACTUAL,True
12-compare-b1,analytical comparison / argumentation,DECODE,0.8,82432,1446456066048,pass,0.9375424592391305,0.9375424592391305,0.0,False,FIXED_ROUTE_COUNTERFACTUAL,True
12-compare-b1,analytical comparison / argumentation,DECODE,0.9,3916,68715085824,pass,0.2313179347826087,0.43374235733695654,-0.20242442255434784,True,FIXED_ROUTE_COUNTERFACTUAL,True
12-compare-b1,analytical comparison / argumentation,DECODE,0.9,5874,103072628736,pass,0.48813264266304346,0.4971340013586957,-0.009001358695652217,True,FIXED_ROUTE_COUNTERFACTUAL,True
12-compare-b1,analytical comparison / argumentation,DECODE,0.9,7832,137430171648,pass,0.5614703634510869,0.5527768342391305,0.00869352921195643,False,FIXED_ROUTE_COUNTERFACTUAL,True
12-compare-b1,analytical comparison / argumentation,DECODE,0.9,7849,137728475136,pass,0.5616508152173914,0.5532969599184783,0.008353855298913082,False,FIXED_ROUTE_COUNTERFACTUAL,True
12-compare-b1,analytical comparison / argumentation,DECODE,0.9,9790,171787714560,pass,0.6071352751358695,0.5918817934782609,0.015253481657608647,False,FIXED_ROUTE_COUNTERFACTUAL,True
12-compare-b1,analytical comparison / argumentation,DECODE,0.9,11748,206145257472,pass,0.6431407099184783,0.6321968410326086,0.010943868885869623,False,FIXED_ROUTE_COUNTERFACTUAL,True
12-compare-b1,analytical comparison / argumentation,DECODE,0.9,15665,274877890560,pass,0.7002165421195652,0.6940493376358695,0.006167204483695676,False,FIXED_ROUTE_COUNTERFACTUAL,True
12-compare-b1,analytical comparison / argumentation,DECODE,0.9,19581,343592976384,pass,0.7461574388586957,0.7384829313858695,0.007674507472826164,False,FIXED_ROUTE_COUNTERFACTUAL,True
12-compare-b1,analytical comparison / argumentation,DECODE,0.9,23497,412308062208,pass,0.7807192595108695,0.7739788552989131,0.00674040421195643,False,FIXED_ROUTE_COUNTERFACTUAL,True
12-compare-b1,analytical comparison / argumentation,DECODE,0.9,27413,481023148032,pass,0.8059931216032609,0.8012907608695652,0.004702360733695676,False,FIXED_ROUTE_COUNTERFACTUAL,True
12-compare-b1,analytical comparison / argumentation,DECODE,0.9,31330,549755781120,pass,0.8355447520380435,0.8325938349184783,0.0029509171195651884,False,FIXED_ROUTE_COUNTERFACTUAL,True
12-compare-b1,analytical comparison / argumentation,DECODE,0.9,39162,687185952768,pass,0.907470703125,0.9064729110054348,0.0009977921195651884,False,FIXED_ROUTE_COUNTERFACTUAL,True
12-compare-b1,analytical comparison / argumentation,DECODE,0.9,46995,824633671680,pass,0.9277237601902174,0.9277556046195652,-3.1844429347782643e-05,True,FIXED_ROUTE_COUNTERFACTUAL,True
12-compare-b1,analytical comparison / argumentation,DECODE,0.9,54827,962063843328,pass,0.9375424592391305,0.9375424592391305,0.0,False,FIXED_ROUTE_COUNTERFACTUAL,True
12-compare-b1,analytical comparison / argumentation,DECODE,0.9,62660,1099511562240,pass,0.9375424592391305,0.9375424592391305,0.0,False,FIXED_ROUTE_COUNTERFACTUAL,True
12-compare-b1,analytical comparison / argumentation,DECODE,0.9,70492,1236941733888,pass,0.9375424592391305,0.9375424592391305,0.0,False,FIXED_ROUTE_COUNTERFACTUAL,True
12-compare-b1,analytical comparison / argumentation,DECODE,0.9,78325,1374389452800,pass,0.9375424592391305,0.9375424592391305,0.0,False,FIXED_ROUTE_COUNTERFACTUAL,True
12-compare-b1,analytical comparison / argumentation,DECODE,0.9,82432,1446456066048,pass,0.9375424592391305,0.9375424592391305,0.0,False,FIXED_ROUTE_COUNTERFACTUAL,True
12-compare-b1,analytical comparison / argumentation,DECODE,1.0,3916,68715085824,pass,0.4261421535326087,0.43374235733695654,-0.007600203804347838,True,FIXED_ROUTE_COUNTERFACTUAL,True
12-compare-b1,analytical comparison / argumentation,DECODE,1.0,5874,103072628736,pass,0.5059124490489131,0.4971340013586957,0.008778447690217406,False,FIXED_ROUTE_COUNTERFACTUAL,True
12-compare-b1,analytical comparison / argumentation,DECODE,1.0,7832,137430171648,pass,0.5554093070652174,0.5527768342391305,0.002632472826086918,False,FIXED_ROUTE_COUNTERFACTUAL,True
12-compare-b1,analytical comparison / argumentation,DECODE,1.0,7849,137728475136,pass,0.5556428328804348,0.5532969599184783,0.002345872961956541,False,FIXED_ROUTE_COUNTERFACTUAL,True
12-compare-b1,analytical comparison / argumentation,DECODE,1.0,9790,171787714560,pass,0.5979640794836957,0.5918817934782609,0.006082286005434812,False,FIXED_ROUTE_COUNTERFACTUAL,True
12-compare-b1,analytical comparison / argumentation,DECODE,1.0,11748,206145257472,pass,0.6369310461956522,0.6321968410326086,0.00473420516304357,False,FIXED_ROUTE_COUNTERFACTUAL,True
12-compare-b1,analytical comparison / argumentation,DECODE,1.0,15665,274877890560,pass,0.6965862771739131,0.6940493376358695,0.00253693953804357,False,FIXED_ROUTE_COUNTERFACTUAL,True
12-compare-b1,analytical comparison / argumentation,DECODE,1.0,19581,343592976384,pass,0.7417947520380435,0.7384829313858695,0.003311820652173947,False,FIXED_ROUTE_COUNTERFACTUAL,True
12-compare-b1,analytical comparison / argumentation,DECODE,1.0,23497,412308062208,pass,0.776717476222826,0.7739788552989131,0.002738620923912971,False,FIXED_ROUTE_COUNTERFACTUAL,True
12-compare-b1,analytical comparison / argumentation,DECODE,1.0,27413,481023148032,pass,0.8032757302989131,0.8012907608695652,0.0019849694293478937,False,FIXED_ROUTE_COUNTERFACTUAL,True
12-compare-b1,analytical comparison / argumentation,DECODE,1.0,31330,549755781120,pass,0.8336447010869565,0.8325938349184783,0.0010508661684782705,False,FIXED_ROUTE_COUNTERFACTUAL,True
12-compare-b1,analytical comparison / argumentation,DECODE,1.0,39162,687185952768,pass,0.906844429347826,0.9064729110054348,0.0003715183423912416,False,FIXED_ROUTE_COUNTERFACTUAL,True
12-compare-b1,analytical comparison / argumentation,DECODE,1.0,46995,824633671680,pass,0.9277556046195652,0.9277556046195652,0.0,False,FIXED_ROUTE_COUNTERFACTUAL,True
12-compare-b1,analytical comparison / argumentation,DECODE,1.0,54827,962063843328,pass,0.9375424592391305,0.9375424592391305,0.0,False,FIXED_ROUTE_COUNTERFACTUAL,True
12-compare-b1,analytical comparison / argumentation,DECODE,1.0,62660,1099511562240,pass,0.9375424592391305,0.9375424592391305,0.0,False,FIXED_ROUTE_COUNTERFACTUAL,True
12-compare-b1,analytical comparison / argumentation,DECODE,1.0,70492,1236941733888,pass,0.9375424592391305,0.9375424592391305,0.0,False,FIXED_ROUTE_COUNTERFACTUAL,True
12-compare-b1,analytical comparison / argumentation,DECODE,1.0,78325,1374389452800,pass,0.9375424592391305,0.9375424592391305,0.0,False,FIXED_ROUTE_COUNTERFACTUAL,True
12-compare-b1,analytical comparison / argumentation,DECODE,1.0,82432,1446456066048,pass,0.9375424592391305,0.9375424592391305,0.0,False,FIXED_ROUTE_COUNTERFACTUAL,True
13-creative-b3,creative / language generation,DECODE,0.5,3916,68715085824,INFEASIBLE_CORE_EXCEEDS_CAPACITY,,0.4074813179347826,,False,FIXED_ROUTE_COUNTERFACTUAL,True
13-creative-b3,creative / language generation,DECODE,0.5,5874,103072628736,INFEASIBLE_CORE_EXCEEDS_CAPACITY,,0.48628566576086957,,False,FIXED_ROUTE_COUNTERFACTUAL,True
13-creative-b3,creative / language generation,DECODE,0.5,7832,137430171648,INFEASIBLE_CORE_EXCEEDS_CAPACITY,,0.5524371603260869,,False,FIXED_ROUTE_COUNTERFACTUAL,True
13-creative-b3,creative / language generation,DECODE,0.5,7849,137728475136,INFEASIBLE_CORE_EXCEEDS_CAPACITY,,0.5526176120923914,,False,FIXED_ROUTE_COUNTERFACTUAL,True
13-creative-b3,creative / language generation,DECODE,0.5,9790,171787714560,INFEASIBLE_CORE_EXCEEDS_CAPACITY,,0.5986221976902174,,False,FIXED_ROUTE_COUNTERFACTUAL,True
13-creative-b3,creative / language generation,DECODE,0.5,11748,206145257472,INFEASIBLE_CORE_EXCEEDS_CAPACITY,,0.648543648097826,,False,FIXED_ROUTE_COUNTERFACTUAL,True
13-creative-b3,creative / language generation,DECODE,0.5,15665,274877890560,INFEASIBLE_CORE_EXCEEDS_CAPACITY,,0.7091329823369565,,False,FIXED_ROUTE_COUNTERFACTUAL,True
13-creative-b3,creative / language generation,DECODE,0.5,19581,343592976384,INFEASIBLE_CORE_EXCEEDS_CAPACITY,,0.7514117697010869,,False,FIXED_ROUTE_COUNTERFACTUAL,True
13-creative-b3,creative / language generation,DECODE,0.5,23497,412308062208,pass,0.6926694123641305,0.788192085597826,-0.09552267323369557,True,FIXED_ROUTE_COUNTERFACTUAL,True
13-creative-b3,creative / language generation,DECODE,0.5,27413,481023148032,pass,0.822159476902174,0.8176587975543478,0.004500679347826164,False,FIXED_ROUTE_COUNTERFACTUAL,True
13-creative-b3,creative / language generation,DECODE,0.5,31330,549755781120,pass,0.8594493036684783,0.8488344938858695,0.010614809782608758,False,FIXED_ROUTE_COUNTERFACTUAL,True
13-creative-b3,creative / language generation,DECODE,0.5,39162,687185952768,pass,0.9020253057065217,0.900146484375,0.0018788213315217295,False,FIXED_ROUTE_COUNTERFACTUAL,True
13-creative-b3,creative / language generation,DECODE,0.5,46995,824633671680,pass,0.9460555366847826,0.9464058254076086,-0.00035028872282605317,True,FIXED_ROUTE_COUNTERFACTUAL,True
13-creative-b3,creative / language generation,DECODE,0.5,54827,962063843328,pass,0.9576893682065217,0.9594832710597826,-0.0017939028532608647,True,FIXED_ROUTE_COUNTERFACTUAL,True
13-creative-b3,creative / language generation,DECODE,0.5,62660,1099511562240,pass,0.9608844259510869,0.9608844259510869,0.0,False,FIXED_ROUTE_COUNTERFACTUAL,True
13-creative-b3,creative / language generation,DECODE,0.5,70492,1236941733888,pass,0.9608844259510869,0.9608844259510869,0.0,False,FIXED_ROUTE_COUNTERFACTUAL,True
13-creative-b3,creative / language generation,DECODE,0.5,78325,1374389452800,pass,0.9608844259510869,0.9608844259510869,0.0,False,FIXED_ROUTE_COUNTERFACTUAL,True
13-creative-b3,creative / language generation,DECODE,0.5,82432,1446456066048,pass,0.9608844259510869,0.9608844259510869,0.0,False,FIXED_ROUTE_COUNTERFACTUAL,True
13-creative-b3,creative / language generation,DECODE,0.75,3916,68715085824,INFEASIBLE_CORE_EXCEEDS_CAPACITY,,0.4074813179347826,,False,FIXED_ROUTE_COUNTERFACTUAL,True
13-creative-b3,creative / language generation,DECODE,0.75,5874,103072628736,INFEASIBLE_CORE_EXCEEDS_CAPACITY,,0.48628566576086957,,False,FIXED_ROUTE_COUNTERFACTUAL,True
13-creative-b3,creative / language generation,DECODE,0.75,7832,137430171648,pass,0.3605320142663043,0.5524371603260869,-0.1919051460597826,True,FIXED_ROUTE_COUNTERFACTUAL,True
13-creative-b3,creative / language generation,DECODE,0.75,7849,137728475136,pass,0.3605320142663043,0.5526176120923914,-0.19208559782608703,True,FIXED_ROUTE_COUNTERFACTUAL,True
13-creative-b3,creative / language generation,DECODE,0.75,9790,171787714560,pass,0.5607060971467391,0.5986221976902174,-0.03791610054347827,True,FIXED_ROUTE_COUNTERFACTUAL,True
13-creative-b3,creative / language generation,DECODE,0.75,11748,206145257472,pass,0.6299995754076086,0.648543648097826,-0.018544072690217406,True,FIXED_ROUTE_COUNTERFACTUAL,True
13-creative-b3,creative / language generation,DECODE,0.75,15665,274877890560,pass,0.7219344429347826,0.7091329823369565,0.012801460597826053,False,FIXED_ROUTE_COUNTERFACTUAL,True
13-creative-b3,creative / language generation,DECODE,0.75,19581,343592976384,pass,0.7683423913043478,0.7514117697010869,0.016930621603260865,False,FIXED_ROUTE_COUNTERFACTUAL,True
13-creative-b3,creative / language generation,DECODE,0.75,23497,412308062208,pass,0.8009829313858695,0.788192085597826,0.012790845788043459,False,FIXED_ROUTE_COUNTERFACTUAL,True
13-creative-b3,creative / language generation,DECODE,0.75,27413,481023148032,pass,0.8295686141304348,0.8176587975543478,0.011909816576087029,False,FIXED_ROUTE_COUNTERFACTUAL,True
13-creative-b3,creative / language generation,DECODE,0.75,31330,549755781120,pass,0.8569654381793478,0.8488344938858695,0.00813094429347827,False,FIXED_ROUTE_COUNTERFACTUAL,True
13-creative-b3,creative / language generation,DECODE,0.75,39162,687185952768,pass,0.9035007642663043,0.900146484375,0.0033542798913043237,False,FIXED_ROUTE_COUNTERFACTUAL,True
13-creative-b3,creative / language generation,DECODE,0.75,46995,824633671680,pass,0.9476583729619565,0.9464058254076086,0.0012525475543478937,False,FIXED_ROUTE_COUNTERFACTUAL,True
13-creative-b3,creative / language generation,DECODE,0.75,54827,962063843328,pass,0.9592922044836957,0.9594832710597826,-0.0001910665760869179,True,FIXED_ROUTE_COUNTERFACTUAL,True
13-creative-b3,creative / language generation,DECODE,0.75,62660,1099511562240,pass,0.9608844259510869,0.9608844259510869,0.0,False,FIXED_ROUTE_COUNTERFACTUAL,True
13-creative-b3,creative / language generation,DECODE,0.75,70492,1236941733888,pass,0.9608844259510869,0.9608844259510869,0.0,False,FIXED_ROUTE_COUNTERFACTUAL,True
13-creative-b3,creative / language generation,DECODE,0.75,78325,1374389452800,pass,0.9608844259510869,0.9608844259510869,0.0,False,FIXED_ROUTE_COUNTERFACTUAL,True
13-creative-b3,creative / language generation,DECODE,0.75,82432,1446456066048,pass,0.9608844259510869,0.9608844259510869,0.0,False,FIXED_ROUTE_COUNTERFACTUAL,True
13-creative-b3,creative / language generation,DECODE,0.8,3916,68715085824,INFEASIBLE_CORE_EXCEEDS_CAPACITY,,0.4074813179347826,,False,FIXED_ROUTE_COUNTERFACTUAL,True
13-creative-b3,creative / language generation,DECODE,0.8,5874,103072628736,INFEASIBLE_CORE_EXCEEDS_CAPACITY,,0.48628566576086957,,False,FIXED_ROUTE_COUNTERFACTUAL,True
13-creative-b3,creative / language generation,DECODE,0.8,7832,137430171648,pass,0.3605320142663043,0.5524371603260869,-0.1919051460597826,True,FIXED_ROUTE_COUNTERFACTUAL,True
13-creative-b3,creative / language generation,DECODE,0.8,7849,137728475136,pass,0.3605320142663043,0.5526176120923914,-0.19208559782608703,True,FIXED_ROUTE_COUNTERFACTUAL,True
13-creative-b3,creative / language generation,DECODE,0.8,9790,171787714560,pass,0.5607060971467391,0.5986221976902174,-0.03791610054347827,True,FIXED_ROUTE_COUNTERFACTUAL,True
13-creative-b3,creative / language generation,DECODE,0.8,11748,206145257472,pass,0.6299995754076086,0.648543648097826,-0.018544072690217406,True,FIXED_ROUTE_COUNTERFACTUAL,True
13-creative-b3,creative / language generation,DECODE,0.8,15665,274877890560,pass,0.7219344429347826,0.7091329823369565,0.012801460597826053,False,FIXED_ROUTE_COUNTERFACTUAL,True
13-creative-b3,creative / language generation,DECODE,0.8,19581,343592976384,pass,0.7683423913043478,0.7514117697010869,0.016930621603260865,False,FIXED_ROUTE_COUNTERFACTUAL,True
13-creative-b3,creative / language generation,DECODE,0.8,23497,412308062208,pass,0.8009829313858695,0.788192085597826,0.012790845788043459,False,FIXED_ROUTE_COUNTERFACTUAL,True
13-creative-b3,creative / language generation,DECODE,0.8,27413,481023148032,pass,0.8295686141304348,0.8176587975543478,0.011909816576087029,False,FIXED_ROUTE_COUNTERFACTUAL,True
13-creative-b3,creative / language generation,DECODE,0.8,31330,549755781120,pass,0.8569654381793478,0.8488344938858695,0.00813094429347827,False,FIXED_ROUTE_COUNTERFACTUAL,True
13-creative-b3,creative / language generation,DECODE,0.8,39162,687185952768,pass,0.9035007642663043,0.900146484375,0.0033542798913043237,False,FIXED_ROUTE_COUNTERFACTUAL,True
13-creative-b3,creative / language generation,DECODE,0.8,46995,824633671680,pass,0.9476583729619565,0.9464058254076086,0.0012525475543478937,False,FIXED_ROUTE_COUNTERFACTUAL,True
13-creative-b3,creative / language generation,DECODE,0.8,54827,962063843328,pass,0.9592922044836957,0.9594832710597826,-0.0001910665760869179,True,FIXED_ROUTE_COUNTERFACTUAL,True
13-creative-b3,creative / language generation,DECODE,0.8,62660,1099511562240,pass,0.9608844259510869,0.9608844259510869,0.0,False,FIXED_ROUTE_COUNTERFACTUAL,True
13-creative-b3,creative / language generation,DECODE,0.8,70492,1236941733888,pass,0.9608844259510869,0.9608844259510869,0.0,False,FIXED_ROUTE_COUNTERFACTUAL,True
13-creative-b3,creative / language generation,DECODE,0.8,78325,1374389452800,pass,0.9608844259510869,0.9608844259510869,0.0,False,FIXED_ROUTE_COUNTERFACTUAL,True
13-creative-b3,creative / language generation,DECODE,0.8,82432,1446456066048,pass,0.9608844259510869,0.9608844259510869,0.0,False,FIXED_ROUTE_COUNTERFACTUAL,True
13-creative-b3,creative / language generation,DECODE,0.9,3916,68715085824,pass,0.21977963654891305,0.4074813179347826,-0.18770168138586954,True,FIXED_ROUTE_COUNTERFACTUAL,True
13-creative-b3,creative / language generation,DECODE,0.9,5874,103072628736,pass,0.46806003736413043,0.48628566576086957,-0.018225628396739135,True,FIXED_ROUTE_COUNTERFACTUAL,True
13-creative-b3,creative / language generation,DECODE,0.9,7832,137430171648,pass,0.5497834578804348,0.5524371603260869,-0.0026537024456521063,True,FIXED_ROUTE_COUNTERFACTUAL,True
13-creative-b3,creative / language generation,DECODE,0.9,7849,137728475136,pass,0.5508449388586957,0.5526176120923914,-0.0017726732336956763,True,FIXED_ROUTE_COUNTERFACTUAL,True
13-creative-b3,creative / language generation,DECODE,0.9,9790,171787714560,pass,0.6083241338315217,0.5986221976902174,0.009701936141304324,False,FIXED_ROUTE_COUNTERFACTUAL,True
13-creative-b3,creative / language generation,DECODE,0.9,11748,206145257472,pass,0.6528851052989131,0.648543648097826,0.004341457201087029,False,FIXED_ROUTE_COUNTERFACTUAL,True
13-creative-b3,creative / language generation,DECODE,0.9,15665,274877890560,pass,0.71875,0.7091329823369565,0.009617017663043459,False,FIXED_ROUTE_COUNTERFACTUAL,True
13-creative-b3,creative / language generation,DECODE,0.9,19581,343592976384,pass,0.7600309952445652,0.7514117697010869,0.00861922554347827,False,FIXED_ROUTE_COUNTERFACTUAL,True
13-creative-b3,creative / language generation,DECODE,0.9,23497,412308062208,pass,0.7941045346467391,0.788192085597826,0.005912449048913082,False,FIXED_ROUTE_COUNTERFACTUAL,True
13-creative-b3,creative / language generation,DECODE,0.9,27413,481023148032,pass,0.8224885360054348,0.8176587975543478,0.004829738451087029,False,FIXED_ROUTE_COUNTERFACTUAL,True
13-creative-b3,creative / language generation,DECODE,0.9,31330,549755781120,pass,0.8529954993206522,0.8488344938858695,0.004161005434782705,False,FIXED_ROUTE_COUNTERFACTUAL,True
13-creative-b3,creative / language generation,DECODE,0.9,39162,687185952768,pass,0.90185546875,0.900146484375,0.001708984375,False,FIXED_ROUTE_COUNTERFACTUAL,True
13-creative-b3,creative / language generation,DECODE,0.9,46995,824633671680,pass,0.946883491847826,0.9464058254076086,0.0004776664402174058,False,FIXED_ROUTE_COUNTERFACTUAL,True
13-creative-b3,creative / language generation,DECODE,0.9,54827,962063843328,pass,0.9594832710597826,0.9594832710597826,0.0,False,FIXED_ROUTE_COUNTERFACTUAL,True
13-creative-b3,creative / language generation,DECODE,0.9,62660,1099511562240,pass,0.9608844259510869,0.9608844259510869,0.0,False,FIXED_ROUTE_COUNTERFACTUAL,True
13-creative-b3,creative / language generation,DECODE,0.9,70492,1236941733888,pass,0.9608844259510869,0.9608844259510869,0.0,False,FIXED_ROUTE_COUNTERFACTUAL,True
13-creative-b3,creative / language generation,DECODE,0.9,78325,1374389452800,pass,0.9608844259510869,0.9608844259510869,0.0,False,FIXED_ROUTE_COUNTERFACTUAL,True
13-creative-b3,creative / language generation,DECODE,0.9,82432,1446456066048,pass,0.9608844259510869,0.9608844259510869,0.0,False,FIXED_ROUTE_COUNTERFACTUAL,True
13-creative-b3,creative / language generation,DECODE,1.0,3916,68715085824,pass,0.408394191576087,0.4074813179347826,0.0009128736413043792,False,FIXED_ROUTE_COUNTERFACTUAL,True
13-creative-b3,creative / language generation,DECODE,1.0,5874,103072628736,pass,0.49202827785326086,0.48628566576086957,0.005742612092391297,False,FIXED_ROUTE_COUNTERFACTUAL,True
13-creative-b3,creative / language generation,DECODE,1.0,7832,137430171648,pass,0.5546981148097826,0.5524371603260869,0.0022609544836956763,False,FIXED_ROUTE_COUNTERFACTUAL,True
13-creative-b3,creative / language generation,DECODE,1.0,7849,137728475136,pass,0.5560886548913043,0.5526176120923914,0.003471042798912971,False,FIXED_ROUTE_COUNTERFACTUAL,True
13-creative-b3,creative / language generation,DECODE,1.0,9790,171787714560,pass,0.6040463654891305,0.5986221976902174,0.005424167798913082,False,FIXED_ROUTE_COUNTERFACTUAL,True
13-creative-b3,creative / language generation,DECODE,1.0,11748,206145257472,pass,0.653946586277174,0.648543648097826,0.005402938179347894,False,FIXED_ROUTE_COUNTERFACTUAL,True
13-creative-b3,creative / language generation,DECODE,1.0,15665,274877890560,pass,0.7130073879076086,0.7091329823369565,0.0038744055706521063,False,FIXED_ROUTE_COUNTERFACTUAL,True
13-creative-b3,creative / language generation,DECODE,1.0,19581,343592976384,pass,0.755233101222826,0.7514117697010869,0.0038213315217391353,False,FIXED_ROUTE_COUNTERFACTUAL,True
13-creative-b3,creative / language generation,DECODE,1.0,23497,412308062208,pass,0.7903256623641305,0.788192085597826,0.0021335767663044347,False,FIXED_ROUTE_COUNTERFACTUAL,True
13-creative-b3,creative / language generation,DECODE,1.0,27413,481023148032,pass,0.8197286854619565,0.8176587975543478,0.0020698879076087584,False,FIXED_ROUTE_COUNTERFACTUAL,True
13-creative-b3,creative / language generation,DECODE,1.0,31330,549755781120,pass,0.8505540930706522,0.8488344938858695,0.0017195991847827052,False,FIXED_ROUTE_COUNTERFACTUAL,True
13-creative-b3,creative / language generation,DECODE,1.0,39162,687185952768,pass,0.9010699728260869,0.900146484375,0.0009234884510869179,False,FIXED_ROUTE_COUNTERFACTUAL,True
13-creative-b3,creative / language generation,DECODE,1.0,46995,824633671680,pass,0.946639351222826,0.9464058254076086,0.00023352581521740579,False,FIXED_ROUTE_COUNTERFACTUAL,True
13-creative-b3,creative / language generation,DECODE,1.0,54827,962063843328,pass,0.9594938858695652,0.9594832710597826,1.0614809782594214e-05,False,FIXED_ROUTE_COUNTERFACTUAL,True
13-creative-b3,creative / language generation,DECODE,1.0,62660,1099511562240,pass,0.9608844259510869,0.9608844259510869,0.0,False,FIXED_ROUTE_COUNTERFACTUAL,True
13-creative-b3,creative / language generation,DECODE,1.0,70492,1236941733888,pass,0.9608844259510869,0.9608844259510869,0.0,False,FIXED_ROUTE_COUNTERFACTUAL,True
13-creative-b3,creative / language generation,DECODE,1.0,78325,1374389452800,pass,0.9608844259510869,0.9608844259510869,0.0,False,FIXED_ROUTE_COUNTERFACTUAL,True
13-creative-b3,creative / language generation,DECODE,1.0,82432,1446456066048,pass,0.9608844259510869,0.9608844259510869,0.0,False,FIXED_ROUTE_COUNTERFACTUAL,True
14-qa-b2,conversational / direct QA,DECODE,0.5,3916,68715085824,INFEASIBLE_CORE_EXCEEDS_CAPACITY,,0.39400050951086957,,False,FIXED_ROUTE_COUNTERFACTUAL,True
14-qa-b2,conversational / direct QA,DECODE,0.5,5874,103072628736,INFEASIBLE_CORE_EXCEEDS_CAPACITY,,0.4614363960597826,,False,FIXED_ROUTE_COUNTERFACTUAL,True
14-qa-b2,conversational / direct QA,DECODE,0.5,7832,137430171648,INFEASIBLE_CORE_EXCEEDS_CAPACITY,,0.5282566236413043,,False,FIXED_ROUTE_COUNTERFACTUAL,True
14-qa-b2,conversational / direct QA,DECODE,0.5,7849,137728475136,INFEASIBLE_CORE_EXCEEDS_CAPACITY,,0.5294560971467391,,False,FIXED_ROUTE_COUNTERFACTUAL,True
14-qa-b2,conversational / direct QA,DECODE,0.5,9790,171787714560,INFEASIBLE_CORE_EXCEEDS_CAPACITY,,0.5806407099184783,,False,FIXED_ROUTE_COUNTERFACTUAL,True
14-qa-b2,conversational / direct QA,DECODE,0.5,11748,206145257472,INFEASIBLE_CORE_EXCEEDS_CAPACITY,,0.6104046365489131,,False,FIXED_ROUTE_COUNTERFACTUAL,True
14-qa-b2,conversational / direct QA,DECODE,0.5,15665,274877890560,INFEASIBLE_CORE_EXCEEDS_CAPACITY,,0.6884447180706522,,False,FIXED_ROUTE_COUNTERFACTUAL,True
14-qa-b2,conversational / direct QA,DECODE,0.5,19581,343592976384,INFEASIBLE_CORE_EXCEEDS_CAPACITY,,0.7474312160326086,,False,FIXED_ROUTE_COUNTERFACTUAL,True
14-qa-b2,conversational / direct QA,DECODE,0.5,23497,412308062208,pass,0.7511888586956522,0.7834048063858695,-0.032215947690217295,True,FIXED_ROUTE_COUNTERFACTUAL,True
14-qa-b2,conversational / direct QA,DECODE,0.5,27413,481023148032,pass,0.8255137567934783,0.8165654721467391,0.008948284646739135,False,FIXED_ROUTE_COUNTERFACTUAL,True
14-qa-b2,conversational / direct QA,DECODE,0.5,31330,549755781120,pass,0.8610415251358695,0.8410432235054348,0.0199983016304347,False,FIXED_ROUTE_COUNTERFACTUAL,True
14-qa-b2,conversational / direct QA,DECODE,0.5,39162,687185952768,pass,0.8982570482336957,0.8977263077445652,0.0005307404891304879,False,FIXED_ROUTE_COUNTERFACTUAL,True
14-qa-b2,conversational / direct QA,DECODE,0.5,46995,824633671680,pass,0.9393682065217391,0.937362007472826,0.002006199048913082,False,FIXED_ROUTE_COUNTERFACTUAL,True
14-qa-b2,conversational / direct QA,DECODE,0.5,54827,962063843328,pass,0.94970703125,0.9514584748641305,-0.0017514436141304879,True,FIXED_ROUTE_COUNTERFACTUAL,True
14-qa-b2,conversational / direct QA,DECODE,0.5,62660,1099511562240,pass,0.9518618376358695,0.9518618376358695,0.0,False,FIXED_ROUTE_COUNTERFACTUAL,True
14-qa-b2,conversational / direct QA,DECODE,0.5,70492,1236941733888,pass,0.9518618376358695,0.9518618376358695,0.0,False,FIXED_ROUTE_COUNTERFACTUAL,True
14-qa-b2,conversational / direct QA,DECODE,0.5,78325,1374389452800,pass,0.9518618376358695,0.9518618376358695,0.0,False,FIXED_ROUTE_COUNTERFACTUAL,True
14-qa-b2,conversational / direct QA,DECODE,0.5,82432,1446456066048,pass,0.9518618376358695,0.9518618376358695,0.0,False,FIXED_ROUTE_COUNTERFACTUAL,True
14-qa-b2,conversational / direct QA,DECODE,0.75,3916,68715085824,INFEASIBLE_CORE_EXCEEDS_CAPACITY,,0.39400050951086957,,False,FIXED_ROUTE_COUNTERFACTUAL,True
14-qa-b2,conversational / direct QA,DECODE,0.75,5874,103072628736,INFEASIBLE_CORE_EXCEEDS_CAPACITY,,0.4614363960597826,,False,FIXED_ROUTE_COUNTERFACTUAL,True
14-qa-b2,conversational / direct QA,DECODE,0.75,7832,137430171648,pass,0.3968452785326087,0.5282566236413043,-0.13141134510869562,True,FIXED_ROUTE_COUNTERFACTUAL,True
14-qa-b2,conversational / direct QA,DECODE,0.75,7849,137728475136,pass,0.39688773777173914,0.5294560971467391,-0.132568359375,True,FIXED_ROUTE_COUNTERFACTUAL,True
14-qa-b2,conversational / direct QA,DECODE,0.75,9790,171787714560,pass,0.5723080842391305,0.5806407099184783,-0.008332625679347783,True,FIXED_ROUTE_COUNTERFACTUAL,True
14-qa-b2,conversational / direct QA,DECODE,0.75,11748,206145257472,pass,0.6247770889945652,0.6104046365489131,0.014372452445652106,False,FIXED_ROUTE_COUNTERFACTUAL,True
14-qa-b2,conversational / direct QA,DECODE,0.75,15665,274877890560,pass,0.7034434442934783,0.6884447180706522,0.014998726222826053,False,FIXED_ROUTE_COUNTERFACTUAL,True
14-qa-b2,conversational / direct QA,DECODE,0.75,19581,343592976384,pass,0.7617081351902174,0.7474312160326086,0.014276919157608758,False,FIXED_ROUTE_COUNTERFACTUAL,True
14-qa-b2,conversational / direct QA,DECODE,0.75,23497,412308062208,pass,0.7978727921195652,0.7834048063858695,0.014467985733695676,False,FIXED_ROUTE_COUNTERFACTUAL,True
14-qa-b2,conversational / direct QA,DECODE,0.75,27413,481023148032,pass,0.8282205332880435,0.8165654721467391,0.011655061141304324,False,FIXED_ROUTE_COUNTERFACTUAL,True
14-qa-b2,conversational / direct QA,DECODE,0.75,31330,549755781120,pass,0.8509999150815217,0.8410432235054348,0.009956691576086918,False,FIXED_ROUTE_COUNTERFACTUAL,True
14-qa-b2,conversational / direct QA,DECODE,0.75,39162,687185952768,pass,0.8994671365489131,0.8977263077445652,0.0017408288043478937,False,FIXED_ROUTE_COUNTERFACTUAL,True
14-qa-b2,conversational / direct QA,DECODE,0.75,46995,824633671680,pass,0.9383597995923914,0.937362007472826,0.0009977921195652995,False,FIXED_ROUTE_COUNTERFACTUAL,True
14-qa-b2,conversational / direct QA,DECODE,0.75,54827,962063843328,pass,0.9513204823369565,0.9514584748641305,-0.00013799252717394683,True,FIXED_ROUTE_COUNTERFACTUAL,True
14-qa-b2,conversational / direct QA,DECODE,0.75,62660,1099511562240,pass,0.9518618376358695,0.9518618376358695,0.0,False,FIXED_ROUTE_COUNTERFACTUAL,True
14-qa-b2,conversational / direct QA,DECODE,0.75,70492,1236941733888,pass,0.9518618376358695,0.9518618376358695,0.0,False,FIXED_ROUTE_COUNTERFACTUAL,True
14-qa-b2,conversational / direct QA,DECODE,0.75,78325,1374389452800,pass,0.9518618376358695,0.9518618376358695,0.0,False,FIXED_ROUTE_COUNTERFACTUAL,True
14-qa-b2,conversational / direct QA,DECODE,0.75,82432,1446456066048,pass,0.9518618376358695,0.9518618376358695,0.0,False,FIXED_ROUTE_COUNTERFACTUAL,True
14-qa-b2,conversational / direct QA,DECODE,0.8,3916,68715085824,INFEASIBLE_CORE_EXCEEDS_CAPACITY,,0.39400050951086957,,False,FIXED_ROUTE_COUNTERFACTUAL,True
14-qa-b2,conversational / direct QA,DECODE,0.8,5874,103072628736,INFEASIBLE_CORE_EXCEEDS_CAPACITY,,0.4614363960597826,,False,FIXED_ROUTE_COUNTERFACTUAL,True
14-qa-b2,conversational / direct QA,DECODE,0.8,7832,137430171648,pass,0.3968452785326087,0.5282566236413043,-0.13141134510869562,True,FIXED_ROUTE_COUNTERFACTUAL,True
14-qa-b2,conversational / direct QA,DECODE,0.8,7849,137728475136,pass,0.39688773777173914,0.5294560971467391,-0.132568359375,True,FIXED_ROUTE_COUNTERFACTUAL,True
14-qa-b2,conversational / direct QA,DECODE,0.8,9790,171787714560,pass,0.5723080842391305,0.5806407099184783,-0.008332625679347783,True,FIXED_ROUTE_COUNTERFACTUAL,True
14-qa-b2,conversational / direct QA,DECODE,0.8,11748,206145257472,pass,0.6247770889945652,0.6104046365489131,0.014372452445652106,False,FIXED_ROUTE_COUNTERFACTUAL,True
14-qa-b2,conversational / direct QA,DECODE,0.8,15665,274877890560,pass,0.7034434442934783,0.6884447180706522,0.014998726222826053,False,FIXED_ROUTE_COUNTERFACTUAL,True
14-qa-b2,conversational / direct QA,DECODE,0.8,19581,343592976384,pass,0.7617081351902174,0.7474312160326086,0.014276919157608758,False,FIXED_ROUTE_COUNTERFACTUAL,True
14-qa-b2,conversational / direct QA,DECODE,0.8,23497,412308062208,pass,0.7978727921195652,0.7834048063858695,0.014467985733695676,False,FIXED_ROUTE_COUNTERFACTUAL,True
14-qa-b2,conversational / direct QA,DECODE,0.8,27413,481023148032,pass,0.8282205332880435,0.8165654721467391,0.011655061141304324,False,FIXED_ROUTE_COUNTERFACTUAL,True
14-qa-b2,conversational / direct QA,DECODE,0.8,31330,549755781120,pass,0.8509999150815217,0.8410432235054348,0.009956691576086918,False,FIXED_ROUTE_COUNTERFACTUAL,True
14-qa-b2,conversational / direct QA,DECODE,0.8,39162,687185952768,pass,0.8994671365489131,0.8977263077445652,0.0017408288043478937,False,FIXED_ROUTE_COUNTERFACTUAL,True
14-qa-b2,conversational / direct QA,DECODE,0.8,46995,824633671680,pass,0.9383597995923914,0.937362007472826,0.0009977921195652995,False,FIXED_ROUTE_COUNTERFACTUAL,True
14-qa-b2,conversational / direct QA,DECODE,0.8,54827,962063843328,pass,0.9513204823369565,0.9514584748641305,-0.00013799252717394683,True,FIXED_ROUTE_COUNTERFACTUAL,True
14-qa-b2,conversational / direct QA,DECODE,0.8,62660,1099511562240,pass,0.9518618376358695,0.9518618376358695,0.0,False,FIXED_ROUTE_COUNTERFACTUAL,True
14-qa-b2,conversational / direct QA,DECODE,0.8,70492,1236941733888,pass,0.9518618376358695,0.9518618376358695,0.0,False,FIXED_ROUTE_COUNTERFACTUAL,True
14-qa-b2,conversational / direct QA,DECODE,0.8,78325,1374389452800,pass,0.9518618376358695,0.9518618376358695,0.0,False,FIXED_ROUTE_COUNTERFACTUAL,True
14-qa-b2,conversational / direct QA,DECODE,0.8,82432,1446456066048,pass,0.9518618376358695,0.9518618376358695,0.0,False,FIXED_ROUTE_COUNTERFACTUAL,True
14-qa-b2,conversational / direct QA,DECODE,0.9,3916,68715085824,pass,0.24678371263586957,0.39400050951086957,-0.147216796875,True,FIXED_ROUTE_COUNTERFACTUAL,True
14-qa-b2,conversational / direct QA,DECODE,0.9,5874,103072628736,pass,0.47123386548913043,0.4614363960597826,0.009797469429347838,False,FIXED_ROUTE_COUNTERFACTUAL,True
14-qa-b2,conversational / direct QA,DECODE,0.9,7832,137430171648,pass,0.5349333389945652,0.5282566236413043,0.006676715353260865,False,FIXED_ROUTE_COUNTERFACTUAL,True
14-qa-b2,conversational / direct QA,DECODE,0.9,7849,137728475136,pass,0.5353048573369565,0.5294560971467391,0.005848760190217406,False,FIXED_ROUTE_COUNTERFACTUAL,True
14-qa-b2,conversational / direct QA,DECODE,0.9,9790,171787714560,pass,0.5822117017663043,0.5806407099184783,0.0015709918478260532,False,FIXED_ROUTE_COUNTERFACTUAL,True
14-qa-b2,conversational / direct QA,DECODE,0.9,11748,206145257472,pass,0.6316873301630435,0.6104046365489131,0.021282693614130377,False,FIXED_ROUTE_COUNTERFACTUAL,True
14-qa-b2,conversational / direct QA,DECODE,0.9,15665,274877890560,pass,0.6952700407608695,0.6884447180706522,0.006825322690217295,False,FIXED_ROUTE_COUNTERFACTUAL,True
14-qa-b2,conversational / direct QA,DECODE,0.9,19581,343592976384,pass,0.7545962126358695,0.7474312160326086,0.007164996603260865,False,FIXED_ROUTE_COUNTERFACTUAL,True
14-qa-b2,conversational / direct QA,DECODE,0.9,23497,412308062208,pass,0.7887440557065217,0.7834048063858695,0.005339249320652217,False,FIXED_ROUTE_COUNTERFACTUAL,True
14-qa-b2,conversational / direct QA,DECODE,0.9,27413,481023148032,pass,0.821427055027174,0.8165654721467391,0.004861582880434812,False,FIXED_ROUTE_COUNTERFACTUAL,True
14-qa-b2,conversational / direct QA,DECODE,0.9,31330,549755781120,pass,0.8447796365489131,0.8410432235054348,0.0037364130434782705,False,FIXED_ROUTE_COUNTERFACTUAL,True
14-qa-b2,conversational / direct QA,DECODE,0.9,39162,687185952768,pass,0.8986604110054348,0.8977263077445652,0.0009341032608696231,False,FIXED_ROUTE_COUNTERFACTUAL,True
14-qa-b2,conversational / direct QA,DECODE,0.9,46995,824633671680,pass,0.9377653702445652,0.937362007472826,0.00040336277173913526,False,FIXED_ROUTE_COUNTERFACTUAL,True
14-qa-b2,conversational / direct QA,DECODE,0.9,54827,962063843328,pass,0.9514584748641305,0.9514584748641305,0.0,False,FIXED_ROUTE_COUNTERFACTUAL,True
14-qa-b2,conversational / direct QA,DECODE,0.9,62660,1099511562240,pass,0.9518618376358695,0.9518618376358695,0.0,False,FIXED_ROUTE_COUNTERFACTUAL,True
14-qa-b2,conversational / direct QA,DECODE,0.9,70492,1236941733888,pass,0.9518618376358695,0.9518618376358695,0.0,False,FIXED_ROUTE_COUNTERFACTUAL,True
14-qa-b2,conversational / direct QA,DECODE,0.9,78325,1374389452800,pass,0.9518618376358695,0.9518618376358695,0.0,False,FIXED_ROUTE_COUNTERFACTUAL,True
14-qa-b2,conversational / direct QA,DECODE,0.9,82432,1446456066048,pass,0.9518618376358695,0.9518618376358695,0.0,False,FIXED_ROUTE_COUNTERFACTUAL,True
14-qa-b2,conversational / direct QA,DECODE,1.0,3916,68715085824,pass,0.3995202105978261,0.39400050951086957,0.005519701086956541,False,FIXED_ROUTE_COUNTERFACTUAL,True
14-qa-b2,conversational / direct QA,DECODE,1.0,5874,103072628736,pass,0.4783351732336957,0.4614363960597826,0.016898777173913082,False,FIXED_ROUTE_COUNTERFACTUAL,True
14-qa-b2,conversational / direct QA,DECODE,1.0,7832,137430171648,pass,0.5260912024456522,0.5282566236413043,-0.0021654211956521063,True,FIXED_ROUTE_COUNTERFACTUAL,True
14-qa-b2,conversational / direct QA,DECODE,1.0,7849,137728475136,pass,0.526261039402174,0.5294560971467391,-0.0031950577445651884,True,FIXED_ROUTE_COUNTERFACTUAL,True
14-qa-b2,conversational / direct QA,DECODE,1.0,9790,171787714560,pass,0.5930494225543478,0.5806407099184783,0.012408712635869512,False,FIXED_ROUTE_COUNTERFACTUAL,True
14-qa-b2,conversational / direct QA,DECODE,1.0,11748,206145257472,pass,0.6212635869565217,0.6104046365489131,0.010858950407608647,False,FIXED_ROUTE_COUNTERFACTUAL,True
14-qa-b2,conversational / direct QA,DECODE,1.0,15665,274877890560,pass,0.6938264266304348,0.6884447180706522,0.005381708559782594,False,FIXED_ROUTE_COUNTERFACTUAL,True
14-qa-b2,conversational / direct QA,DECODE,1.0,19581,343592976384,pass,0.7500212296195652,0.7474312160326086,0.002590013586956541,False,FIXED_ROUTE_COUNTERFACTUAL,True
14-qa-b2,conversational / direct QA,DECODE,1.0,23497,412308062208,pass,0.7851880944293478,0.7834048063858695,0.0017832880434782705,False,FIXED_ROUTE_COUNTERFACTUAL,True
14-qa-b2,conversational / direct QA,DECODE,1.0,27413,481023148032,pass,0.818359375,0.8165654721467391,0.0017939028532608647,False,FIXED_ROUTE_COUNTERFACTUAL,True
14-qa-b2,conversational / direct QA,DECODE,1.0,31330,549755781120,pass,0.8426779042119565,0.8410432235054348,0.0016346807065217295,False,FIXED_ROUTE_COUNTERFACTUAL,True
14-qa-b2,conversational / direct QA,DECODE,1.0,39162,687185952768,pass,0.8980022927989131,0.8977263077445652,0.00027598505434789367,False,FIXED_ROUTE_COUNTERFACTUAL,True
14-qa-b2,conversational / direct QA,DECODE,1.0,46995,824633671680,pass,0.9375106148097826,0.937362007472826,0.00014860733695654105,False,FIXED_ROUTE_COUNTERFACTUAL,True
14-qa-b2,conversational / direct QA,DECODE,1.0,54827,962063843328,pass,0.9514584748641305,0.9514584748641305,0.0,False,FIXED_ROUTE_COUNTERFACTUAL,True
14-qa-b2,conversational / direct QA,DECODE,1.0,62660,1099511562240,pass,0.9518618376358695,0.9518618376358695,0.0,False,FIXED_ROUTE_COUNTERFACTUAL,True
14-qa-b2,conversational / direct QA,DECODE,1.0,70492,1236941733888,pass,0.9518618376358695,0.9518618376358695,0.0,False,FIXED_ROUTE_COUNTERFACTUAL,True
14-qa-b2,conversational / direct QA,DECODE,1.0,78325,1374389452800,pass,0.9518618376358695,0.9518618376358695,0.0,False,FIXED_ROUTE_COUNTERFACTUAL,True
14-qa-b2,conversational / direct QA,DECODE,1.0,82432,1446456066048,pass,0.9518618376358695,0.9518618376358695,0.0,False,FIXED_ROUTE_COUNTERFACTUAL,True
15-spanish-b2,Spanish-language reasoning/explanation,DECODE,0.5,3916,68715085824,INFEASIBLE_CORE_EXCEEDS_CAPACITY,,0.4574133831521739,,False,FIXED_ROUTE_COUNTERFACTUAL,True
15-spanish-b2,Spanish-language reasoning/explanation,DECODE,0.5,5874,103072628736,INFEASIBLE_CORE_EXCEEDS_CAPACITY,,0.5394234035326086,,False,FIXED_ROUTE_COUNTERFACTUAL,True
15-spanish-b2,Spanish-language reasoning/explanation,DECODE,0.5,7832,137430171648,INFEASIBLE_CORE_EXCEEDS_CAPACITY,,0.581649116847826,,False,FIXED_ROUTE_COUNTERFACTUAL,True
15-spanish-b2,Spanish-language reasoning/explanation,DECODE,0.5,7849,137728475136,INFEASIBLE_CORE_EXCEEDS_CAPACITY,,0.5819994055706522,,False,FIXED_ROUTE_COUNTERFACTUAL,True
15-spanish-b2,Spanish-language reasoning/explanation,DECODE,0.5,9790,171787714560,INFEASIBLE_CORE_EXCEEDS_CAPACITY,,0.616455078125,,False,FIXED_ROUTE_COUNTERFACTUAL,True
15-spanish-b2,Spanish-language reasoning/explanation,DECODE,0.5,11748,206145257472,INFEASIBLE_CORE_EXCEEDS_CAPACITY,,0.6444887907608695,,False,FIXED_ROUTE_COUNTERFACTUAL,True
15-spanish-b2,Spanish-language reasoning/explanation,DECODE,0.5,15665,274877890560,INFEASIBLE_CORE_EXCEEDS_CAPACITY,,0.6996858016304348,,False,FIXED_ROUTE_COUNTERFACTUAL,True
15-spanish-b2,Spanish-language reasoning/explanation,DECODE,0.5,19581,343592976384,INFEASIBLE_CORE_EXCEEDS_CAPACITY,,0.7460725203804348,,False,FIXED_ROUTE_COUNTERFACTUAL,True
15-spanish-b2,Spanish-language reasoning/explanation,DECODE,0.5,23497,412308062208,pass,0.7117229959239131,0.7799019191576086,-0.06817892323369557,True,FIXED_ROUTE_COUNTERFACTUAL,True
15-spanish-b2,Spanish-language reasoning/explanation,DECODE,0.5,27413,481023148032,pass,0.8224673063858695,0.8049953294836957,0.017471976902173836,False,FIXED_ROUTE_COUNTERFACTUAL,True
15-spanish-b2,Spanish-language reasoning/explanation,DECODE,0.5,31330,549755781120,pass,0.8557978091032609,0.8323178498641305,0.023479959239130377,False,FIXED_ROUTE_COUNTERFACTUAL,True
15-spanish-b2,Spanish-language reasoning/explanation,DECODE,0.5,39162,687185952768,pass,0.8930557914402174,0.878067680027174,0.014988111413043459,False,FIXED_ROUTE_COUNTERFACTUAL,True
15-spanish-b2,Spanish-language reasoning/explanation,DECODE,0.5,46995,824633671680,pass,0.9235309103260869,0.9405464504076086,-0.01701554008152173,True,FIXED_ROUTE_COUNTERFACTUAL,True
15-spanish-b2,Spanish-language reasoning/explanation,DECODE,0.5,54827,962063843328,pass,0.9562563688858695,0.957869819972826,-0.001613451086956541,True,FIXED_ROUTE_COUNTERFACTUAL,True
15-spanish-b2,Spanish-language reasoning/explanation,DECODE,0.5,62660,1099511562240,pass,0.9646526834239131,0.9646526834239131,0.0,False,FIXED_ROUTE_COUNTERFACTUAL,True
15-spanish-b2,Spanish-language reasoning/explanation,DECODE,0.5,70492,1236941733888,pass,0.9646526834239131,0.9646526834239131,0.0,False,FIXED_ROUTE_COUNTERFACTUAL,True
15-spanish-b2,Spanish-language reasoning/explanation,DECODE,0.5,78325,1374389452800,pass,0.9646526834239131,0.9646526834239131,0.0,False,FIXED_ROUTE_COUNTERFACTUAL,True
15-spanish-b2,Spanish-language reasoning/explanation,DECODE,0.5,82432,1446456066048,pass,0.9646526834239131,0.9646526834239131,0.0,False,FIXED_ROUTE_COUNTERFACTUAL,True
15-spanish-b2,Spanish-language reasoning/explanation,DECODE,0.75,3916,68715085824,INFEASIBLE_CORE_EXCEEDS_CAPACITY,,0.4574133831521739,,False,FIXED_ROUTE_COUNTERFACTUAL,True
15-spanish-b2,Spanish-language reasoning/explanation,DECODE,0.75,5874,103072628736,INFEASIBLE_CORE_EXCEEDS_CAPACITY,,0.5394234035326086,,False,FIXED_ROUTE_COUNTERFACTUAL,True
15-spanish-b2,Spanish-language reasoning/explanation,DECODE,0.75,7832,137430171648,pass,0.34066109035326086,0.581649116847826,-0.2409880264945652,True,FIXED_ROUTE_COUNTERFACTUAL,True
15-spanish-b2,Spanish-language reasoning/explanation,DECODE,0.75,7849,137728475136,pass,0.34066109035326086,0.5819994055706522,-0.24133831521739135,True,FIXED_ROUTE_COUNTERFACTUAL,True
15-spanish-b2,Spanish-language reasoning/explanation,DECODE,0.75,9790,171787714560,pass,0.582869819972826,0.616455078125,-0.03358525815217395,True,FIXED_ROUTE_COUNTERFACTUAL,True
15-spanish-b2,Spanish-language reasoning/explanation,DECODE,0.75,11748,206145257472,pass,0.6584897248641305,0.6444887907608695,0.014000934103260976,False,FIXED_ROUTE_COUNTERFACTUAL,True
15-spanish-b2,Spanish-language reasoning/explanation,DECODE,0.75,15665,274877890560,pass,0.7153108016304348,0.6996858016304348,0.015625,False,FIXED_ROUTE_COUNTERFACTUAL,True
15-spanish-b2,Spanish-language reasoning/explanation,DECODE,0.75,19581,343592976384,pass,0.7591181216032609,0.7460725203804348,0.013045601222826053,False,FIXED_ROUTE_COUNTERFACTUAL,True
15-spanish-b2,Spanish-language reasoning/explanation,DECODE,0.75,23497,412308062208,pass,0.7960258152173914,0.7799019191576086,0.016123896059782705,False,FIXED_ROUTE_COUNTERFACTUAL,True
15-spanish-b2,Spanish-language reasoning/explanation,DECODE,0.75,27413,481023148032,pass,0.8218622622282609,0.8049953294836957,0.01686693274456519,False,FIXED_ROUTE_COUNTERFACTUAL,True
15-spanish-b2,Spanish-language reasoning/explanation,DECODE,0.75,31330,549755781120,pass,0.8431024966032609,0.8323178498641305,0.010784646739130377,False,FIXED_ROUTE_COUNTERFACTUAL,True
15-spanish-b2,Spanish-language reasoning/explanation,DECODE,0.75,39162,687185952768,pass,0.884871773097826,0.878067680027174,0.006804093070652106,False,FIXED_ROUTE_COUNTERFACTUAL,True
15-spanish-b2,Spanish-language reasoning/explanation,DECODE,0.75,46995,824633671680,pass,0.9413107167119565,0.9405464504076086,0.0007642663043478937,False,FIXED_ROUTE_COUNTERFACTUAL,True
15-spanish-b2,Spanish-language reasoning/explanation,DECODE,0.75,54827,962063843328,pass,0.9575089164402174,0.957869819972826,-0.0003609035326086474,True,FIXED_ROUTE_COUNTERFACTUAL,True
15-spanish-b2,Spanish-language reasoning/explanation,DECODE,0.75,62660,1099511562240,pass,0.9646526834239131,0.9646526834239131,0.0,False,FIXED_ROUTE_COUNTERFACTUAL,True
15-spanish-b2,Spanish-language reasoning/explanation,DECODE,0.75,70492,1236941733888,pass,0.9646526834239131,0.9646526834239131,0.0,False,FIXED_ROUTE_COUNTERFACTUAL,True
15-spanish-b2,Spanish-language reasoning/explanation,DECODE,0.75,78325,1374389452800,pass,0.9646526834239131,0.9646526834239131,0.0,False,FIXED_ROUTE_COUNTERFACTUAL,True
15-spanish-b2,Spanish-language reasoning/explanation,DECODE,0.75,82432,1446456066048,pass,0.9646526834239131,0.9646526834239131,0.0,False,FIXED_ROUTE_COUNTERFACTUAL,True
15-spanish-b2,Spanish-language reasoning/explanation,DECODE,0.8,3916,68715085824,INFEASIBLE_CORE_EXCEEDS_CAPACITY,,0.4574133831521739,,False,FIXED_ROUTE_COUNTERFACTUAL,True
15-spanish-b2,Spanish-language reasoning/explanation,DECODE,0.8,5874,103072628736,INFEASIBLE_CORE_EXCEEDS_CAPACITY,,0.5394234035326086,,False,FIXED_ROUTE_COUNTERFACTUAL,True
15-spanish-b2,Spanish-language reasoning/explanation,DECODE,0.8,7832,137430171648,pass,0.34066109035326086,0.581649116847826,-0.2409880264945652,True,FIXED_ROUTE_COUNTERFACTUAL,True
15-spanish-b2,Spanish-language reasoning/explanation,DECODE,0.8,7849,137728475136,pass,0.34066109035326086,0.5819994055706522,-0.24133831521739135,True,FIXED_ROUTE_COUNTERFACTUAL,True
15-spanish-b2,Spanish-language reasoning/explanation,DECODE,0.8,9790,171787714560,pass,0.582869819972826,0.616455078125,-0.03358525815217395,True,FIXED_ROUTE_COUNTERFACTUAL,True
15-spanish-b2,Spanish-language reasoning/explanation,DECODE,0.8,11748,206145257472,pass,0.6584897248641305,0.6444887907608695,0.014000934103260976,False,FIXED_ROUTE_COUNTERFACTUAL,True
15-spanish-b2,Spanish-language reasoning/explanation,DECODE,0.8,15665,274877890560,pass,0.7153108016304348,0.6996858016304348,0.015625,False,FIXED_ROUTE_COUNTERFACTUAL,True
15-spanish-b2,Spanish-language reasoning/explanation,DECODE,0.8,19581,343592976384,pass,0.7591181216032609,0.7460725203804348,0.013045601222826053,False,FIXED_ROUTE_COUNTERFACTUAL,True
15-spanish-b2,Spanish-language reasoning/explanation,DECODE,0.8,23497,412308062208,pass,0.7960258152173914,0.7799019191576086,0.016123896059782705,False,FIXED_ROUTE_COUNTERFACTUAL,True
15-spanish-b2,Spanish-language reasoning/explanation,DECODE,0.8,27413,481023148032,pass,0.8218622622282609,0.8049953294836957,0.01686693274456519,False,FIXED_ROUTE_COUNTERFACTUAL,True
15-spanish-b2,Spanish-language reasoning/explanation,DECODE,0.8,31330,549755781120,pass,0.8431024966032609,0.8323178498641305,0.010784646739130377,False,FIXED_ROUTE_COUNTERFACTUAL,True
15-spanish-b2,Spanish-language reasoning/explanation,DECODE,0.8,39162,687185952768,pass,0.884871773097826,0.878067680027174,0.006804093070652106,False,FIXED_ROUTE_COUNTERFACTUAL,True
15-spanish-b2,Spanish-language reasoning/explanation,DECODE,0.8,46995,824633671680,pass,0.9413107167119565,0.9405464504076086,0.0007642663043478937,False,FIXED_ROUTE_COUNTERFACTUAL,True
15-spanish-b2,Spanish-language reasoning/explanation,DECODE,0.8,54827,962063843328,pass,0.9575089164402174,0.957869819972826,-0.0003609035326086474,True,FIXED_ROUTE_COUNTERFACTUAL,True
15-spanish-b2,Spanish-language reasoning/explanation,DECODE,0.8,62660,1099511562240,pass,0.9646526834239131,0.9646526834239131,0.0,False,FIXED_ROUTE_COUNTERFACTUAL,True
15-spanish-b2,Spanish-language reasoning/explanation,DECODE,0.8,70492,1236941733888,pass,0.9646526834239131,0.9646526834239131,0.0,False,FIXED_ROUTE_COUNTERFACTUAL,True
15-spanish-b2,Spanish-language reasoning/explanation,DECODE,0.8,78325,1374389452800,pass,0.9646526834239131,0.9646526834239131,0.0,False,FIXED_ROUTE_COUNTERFACTUAL,True
15-spanish-b2,Spanish-language reasoning/explanation,DECODE,0.8,82432,1446456066048,pass,0.9646526834239131,0.9646526834239131,0.0,False,FIXED_ROUTE_COUNTERFACTUAL,True
15-spanish-b2,Spanish-language reasoning/explanation,DECODE,0.9,3916,68715085824,pass,0.20411217730978262,0.4574133831521739,-0.25330120584239124,True,FIXED_ROUTE_COUNTERFACTUAL,True
15-spanish-b2,Spanish-language reasoning/explanation,DECODE,0.9,5874,103072628736,pass,0.49808933423913043,0.5394234035326086,-0.041334069293478215,True,FIXED_ROUTE_COUNTERFACTUAL,True
15-spanish-b2,Spanish-language reasoning/explanation,DECODE,0.9,7832,137430171648,pass,0.5842603600543478,0.581649116847826,0.0026112432065217295,False,FIXED_ROUTE_COUNTERFACTUAL,True
15-spanish-b2,Spanish-language reasoning/explanation,DECODE,0.9,7849,137728475136,pass,0.5850033967391305,0.5819994055706522,0.0030039911684782705,False,FIXED_ROUTE_COUNTERFACTUAL,True
15-spanish-b2,Spanish-language reasoning/explanation,DECODE,0.9,9790,171787714560,pass,0.6278978430706522,0.616455078125,0.011442764945652217,False,FIXED_ROUTE_COUNTERFACTUAL,True
15-spanish-b2,Spanish-language reasoning/explanation,DECODE,0.9,11748,206145257472,pass,0.657088569972826,0.6444887907608695,0.012599779211956541,False,FIXED_ROUTE_COUNTERFACTUAL,True
15-spanish-b2,Spanish-language reasoning/explanation,DECODE,0.9,15665,274877890560,pass,0.7061820652173914,0.6996858016304348,0.006496263586956541,False,FIXED_ROUTE_COUNTERFACTUAL,True
15-spanish-b2,Spanish-language reasoning/explanation,DECODE,0.9,19581,343592976384,pass,0.7532375169836957,0.7460725203804348,0.007164996603260865,False,FIXED_ROUTE_COUNTERFACTUAL,True
15-spanish-b2,Spanish-language reasoning/explanation,DECODE,0.9,23497,412308062208,pass,0.7870244565217391,0.7799019191576086,0.007122537364130488,False,FIXED_ROUTE_COUNTERFACTUAL,True
15-spanish-b2,Spanish-language reasoning/explanation,DECODE,0.9,27413,481023148032,pass,0.8113323709239131,0.8049953294836957,0.006337041440217406,False,FIXED_ROUTE_COUNTERFACTUAL,True
15-spanish-b2,Spanish-language reasoning/explanation,DECODE,0.9,31330,549755781120,pass,0.8373280400815217,0.8323178498641305,0.005010190217391242,False,FIXED_ROUTE_COUNTERFACTUAL,True
15-spanish-b2,Spanish-language reasoning/explanation,DECODE,0.9,39162,687185952768,pass,0.8807638417119565,0.878067680027174,0.002696161684782594,False,FIXED_ROUTE_COUNTERFACTUAL,True
15-spanish-b2,Spanish-language reasoning/explanation,DECODE,0.9,46995,824633671680,pass,0.9415017832880435,0.9405464504076086,0.0009553328804348116,False,FIXED_ROUTE_COUNTERFACTUAL,True
15-spanish-b2,Spanish-language reasoning/explanation,DECODE,0.9,54827,962063843328,pass,0.9577530570652174,0.957869819972826,-0.00011676290760864738,True,FIXED_ROUTE_COUNTERFACTUAL,True
15-spanish-b2,Spanish-language reasoning/explanation,DECODE,0.9,62660,1099511562240,pass,0.9646526834239131,0.9646526834239131,0.0,False,FIXED_ROUTE_COUNTERFACTUAL,True
15-spanish-b2,Spanish-language reasoning/explanation,DECODE,0.9,70492,1236941733888,pass,0.9646526834239131,0.9646526834239131,0.0,False,FIXED_ROUTE_COUNTERFACTUAL,True
15-spanish-b2,Spanish-language reasoning/explanation,DECODE,0.9,78325,1374389452800,pass,0.9646526834239131,0.9646526834239131,0.0,False,FIXED_ROUTE_COUNTERFACTUAL,True
15-spanish-b2,Spanish-language reasoning/explanation,DECODE,0.9,82432,1446456066048,pass,0.9646526834239131,0.9646526834239131,0.0,False,FIXED_ROUTE_COUNTERFACTUAL,True
15-spanish-b2,Spanish-language reasoning/explanation,DECODE,1.0,3916,68715085824,pass,0.4417883831521739,0.4574133831521739,-0.015625,True,FIXED_ROUTE_COUNTERFACTUAL,True
15-spanish-b2,Spanish-language reasoning/explanation,DECODE,1.0,5874,103072628736,pass,0.5322159476902174,0.5394234035326086,-0.007207455842391242,True,FIXED_ROUTE_COUNTERFACTUAL,True
15-spanish-b2,Spanish-language reasoning/explanation,DECODE,1.0,7832,137430171648,pass,0.5901728091032609,0.581649116847826,0.008523692255434812,False,FIXED_ROUTE_COUNTERFACTUAL,True
15-spanish-b2,Spanish-language reasoning/explanation,DECODE,1.0,7849,137728475136,pass,0.5902471127717391,0.5819994055706522,0.008247707201086918,False,FIXED_ROUTE_COUNTERFACTUAL,True
15-spanish-b2,Spanish-language reasoning/explanation,DECODE,1.0,9790,171787714560,pass,0.6224418308423914,0.616455078125,0.005986752717391353,False,FIXED_ROUTE_COUNTERFACTUAL,True
15-spanish-b2,Spanish-language reasoning/explanation,DECODE,1.0,11748,206145257472,pass,0.6522800611413043,0.6444887907608695,0.007791270380434812,False,FIXED_ROUTE_COUNTERFACTUAL,True
15-spanish-b2,Spanish-language reasoning/explanation,DECODE,1.0,15665,274877890560,pass,0.7026791779891305,0.6996858016304348,0.0029933763586956763,False,FIXED_ROUTE_COUNTERFACTUAL,True
15-spanish-b2,Spanish-language reasoning/explanation,DECODE,1.0,19581,343592976384,pass,0.7492781929347826,0.7460725203804348,0.0032056725543477826,False,FIXED_ROUTE_COUNTERFACTUAL,True
15-spanish-b2,Spanish-language reasoning/explanation,DECODE,1.0,23497,412308062208,pass,0.7827679177989131,0.7799019191576086,0.0028659986413044347,False,FIXED_ROUTE_COUNTERFACTUAL,True
15-spanish-b2,Spanish-language reasoning/explanation,DECODE,1.0,27413,481023148032,pass,0.8076914911684783,0.8049953294836957,0.002696161684782594,False,FIXED_ROUTE_COUNTERFACTUAL,True
15-spanish-b2,Spanish-language reasoning/explanation,DECODE,1.0,31330,549755781120,pass,0.8342179008152174,0.8323178498641305,0.001900050951086918,False,FIXED_ROUTE_COUNTERFACTUAL,True
15-spanish-b2,Spanish-language reasoning/explanation,DECODE,1.0,39162,687185952768,pass,0.8792353091032609,0.878067680027174,0.001167629076086918,False,FIXED_ROUTE_COUNTERFACTUAL,True
15-spanish-b2,Spanish-language reasoning/explanation,DECODE,1.0,46995,824633671680,pass,0.9410665760869565,0.9405464504076086,0.0005201256793478937,False,FIXED_ROUTE_COUNTERFACTUAL,True
15-spanish-b2,Spanish-language reasoning/explanation,DECODE,1.0,54827,962063843328,pass,0.9578485903532609,0.957869819972826,-2.122961956518843e-05,True,FIXED_ROUTE_COUNTERFACTUAL,True
15-spanish-b2,Spanish-language reasoning/explanation,DECODE,1.0,62660,1099511562240,pass,0.9646526834239131,0.9646526834239131,0.0,False,FIXED_ROUTE_COUNTERFACTUAL,True
15-spanish-b2,Spanish-language reasoning/explanation,DECODE,1.0,70492,1236941733888,pass,0.9646526834239131,0.9646526834239131,0.0,False,FIXED_ROUTE_COUNTERFACTUAL,True
15-spanish-b2,Spanish-language reasoning/explanation,DECODE,1.0,78325,1374389452800,pass,0.9646526834239131,0.9646526834239131,0.0,False,FIXED_ROUTE_COUNTERFACTUAL,True
15-spanish-b2,Spanish-language reasoning/explanation,DECODE,1.0,82432,1446456066048,pass,0.9646526834239131,0.9646526834239131,0.0,False,FIXED_ROUTE_COUNTERFACTUAL,True
16-multi-b2,multilingual / translation / cross-language transformation,DECODE,0.5,3916,68715085824,INFEASIBLE_CORE_EXCEEDS_CAPACITY,,0.44914444633152173,,False,FIXED_ROUTE_COUNTERFACTUAL,True
16-multi-b2,multilingual / translation / cross-language transformation,DECODE,0.5,5874,103072628736,INFEASIBLE_CORE_EXCEEDS_CAPACITY,,0.512589164402174,,False,FIXED_ROUTE_COUNTERFACTUAL,True
16-multi-b2,multilingual / translation / cross-language transformation,DECODE,0.5,7832,137430171648,INFEASIBLE_CORE_EXCEEDS_CAPACITY,,0.563370414402174,,False,FIXED_ROUTE_COUNTERFACTUAL,True
16-multi-b2,multilingual / translation / cross-language transformation,DECODE,0.5,7849,137728475136,INFEASIBLE_CORE_EXCEEDS_CAPACITY,,0.5635190217391305,,False,FIXED_ROUTE_COUNTERFACTUAL,True
16-multi-b2,multilingual / translation / cross-language transformation,DECODE,0.5,9790,171787714560,INFEASIBLE_CORE_EXCEEDS_CAPACITY,,0.5974651834239131,,False,FIXED_ROUTE_COUNTERFACTUAL,True
16-multi-b2,multilingual / translation / cross-language transformation,DECODE,0.5,11748,206145257472,INFEASIBLE_CORE_EXCEEDS_CAPACITY,,0.6297872792119565,,False,FIXED_ROUTE_COUNTERFACTUAL,True
16-multi-b2,multilingual / translation / cross-language transformation,DECODE,0.5,15665,274877890560,INFEASIBLE_CORE_EXCEEDS_CAPACITY,,0.6908330502717391,,False,FIXED_ROUTE_COUNTERFACTUAL,True
16-multi-b2,multilingual / translation / cross-language transformation,DECODE,0.5,19581,343592976384,INFEASIBLE_CORE_EXCEEDS_CAPACITY,,0.7426863960597826,,False,FIXED_ROUTE_COUNTERFACTUAL,True
16-multi-b2,multilingual / translation / cross-language transformation,DECODE,0.5,23497,412308062208,pass,0.6223356827445652,0.787109375,-0.1647736922554348,True,FIXED_ROUTE_COUNTERFACTUAL,True
16-multi-b2,multilingual / translation / cross-language transformation,DECODE,0.5,27413,481023148032,pass,0.8045601222826086,0.8199091372282609,-0.015349014945652217,True,FIXED_ROUTE_COUNTERFACTUAL,True
16-multi-b2,multilingual / translation / cross-language transformation,DECODE,0.5,31330,549755781120,pass,0.8434952445652174,0.8458835767663043,-0.002388332201086918,True,FIXED_ROUTE_COUNTERFACTUAL,True
16-multi-b2,multilingual / translation / cross-language transformation,DECODE,0.5,39162,687185952768,pass,0.8967179008152174,0.8934591542119565,0.0032587466032608647,False,FIXED_ROUTE_COUNTERFACTUAL,True
16-multi-b2,multilingual / translation / cross-language transformation,DECODE,0.5,46995,824633671680,pass,0.9371815557065217,0.9476583729619565,-0.010476817255434812,True,FIXED_ROUTE_COUNTERFACTUAL,True
16-multi-b2,multilingual / translation / cross-language transformation,DECODE,0.5,54827,962063843328,pass,0.9595894191576086,0.9621900475543478,-0.0026006283967391353,True,FIXED_ROUTE_COUNTERFACTUAL,True
16-multi-b2,multilingual / translation / cross-language transformation,DECODE,0.5,62660,1099511562240,pass,0.9634638247282609,0.9634638247282609,0.0,False,FIXED_ROUTE_COUNTERFACTUAL,True
16-multi-b2,multilingual / translation / cross-language transformation,DECODE,0.5,70492,1236941733888,pass,0.9634638247282609,0.9634638247282609,0.0,False,FIXED_ROUTE_COUNTERFACTUAL,True
16-multi-b2,multilingual / translation / cross-language transformation,DECODE,0.5,78325,1374389452800,pass,0.9634638247282609,0.9634638247282609,0.0,False,FIXED_ROUTE_COUNTERFACTUAL,True
16-multi-b2,multilingual / translation / cross-language transformation,DECODE,0.5,82432,1446456066048,pass,0.9634638247282609,0.9634638247282609,0.0,False,FIXED_ROUTE_COUNTERFACTUAL,True
16-multi-b2,multilingual / translation / cross-language transformation,DECODE,0.75,3916,68715085824,INFEASIBLE_CORE_EXCEEDS_CAPACITY,,0.44914444633152173,,False,FIXED_ROUTE_COUNTERFACTUAL,True
16-multi-b2,multilingual / translation / cross-language transformation,DECODE,0.75,5874,103072628736,INFEASIBLE_CORE_EXCEEDS_CAPACITY,,0.512589164402174,,False,FIXED_ROUTE_COUNTERFACTUAL,True
16-multi-b2,multilingual / translation / cross-language transformation,DECODE,0.75,7832,137430171648,pass,0.3372855808423913,0.563370414402174,-0.22608483355978265,True,FIXED_ROUTE_COUNTERFACTUAL,True
16-multi-b2,multilingual / translation / cross-language transformation,DECODE,0.75,7849,137728475136,pass,0.3372855808423913,0.5635190217391305,-0.2262334408967392,True,FIXED_ROUTE_COUNTERFACTUAL,True
16-multi-b2,multilingual / translation / cross-language transformation,DECODE,0.75,9790,171787714560,pass,0.5761294157608695,0.5974651834239131,-0.02133576766304357,True,FIXED_ROUTE_COUNTERFACTUAL,True
16-multi-b2,multilingual / translation / cross-language transformation,DECODE,0.75,11748,206145257472,pass,0.6380668308423914,0.6297872792119565,0.008279551630434812,False,FIXED_ROUTE_COUNTERFACTUAL,True
16-multi-b2,multilingual / translation / cross-language transformation,DECODE,0.75,15665,274877890560,pass,0.7032523777173914,0.6908330502717391,0.012419327445652217,False,FIXED_ROUTE_COUNTERFACTUAL,True
16-multi-b2,multilingual / translation / cross-language transformation,DECODE,0.75,19581,343592976384,pass,0.75,0.7426863960597826,0.007313603940217406,False,FIXED_ROUTE_COUNTERFACTUAL,True
16-multi-b2,multilingual / translation / cross-language transformation,DECODE,0.75,23497,412308062208,pass,0.8018533457880435,0.787109375,0.014743970788043459,False,FIXED_ROUTE_COUNTERFACTUAL,True
16-multi-b2,multilingual / translation / cross-language transformation,DECODE,0.75,27413,481023148032,pass,0.8279233186141305,0.8199091372282609,0.008014181385869623,False,FIXED_ROUTE_COUNTERFACTUAL,True
16-multi-b2,multilingual / translation / cross-language transformation,DECODE,0.75,31330,549755781120,pass,0.8533457880434783,0.8458835767663043,0.007462211277173947,False,FIXED_ROUTE_COUNTERFACTUAL,True
16-multi-b2,multilingual / translation / cross-language transformation,DECODE,0.75,39162,687185952768,pass,0.8982782778532609,0.8934591542119565,0.004819123641304324,False,FIXED_ROUTE_COUNTERFACTUAL,True
16-multi-b2,multilingual / translation / cross-language transformation,DECODE,0.75,46995,824633671680,pass,0.9485394021739131,0.9476583729619565,0.000881029211956541,False,FIXED_ROUTE_COUNTERFACTUAL,True
16-multi-b2,multilingual / translation / cross-language transformation,DECODE,0.75,54827,962063843328,pass,0.9619140625,0.9621900475543478,-0.00027598505434778264,True,FIXED_ROUTE_COUNTERFACTUAL,True
16-multi-b2,multilingual / translation / cross-language transformation,DECODE,0.75,62660,1099511562240,pass,0.9634638247282609,0.9634638247282609,0.0,False,FIXED_ROUTE_COUNTERFACTUAL,True
16-multi-b2,multilingual / translation / cross-language transformation,DECODE,0.75,70492,1236941733888,pass,0.9634638247282609,0.9634638247282609,0.0,False,FIXED_ROUTE_COUNTERFACTUAL,True
16-multi-b2,multilingual / translation / cross-language transformation,DECODE,0.75,78325,1374389452800,pass,0.9634638247282609,0.9634638247282609,0.0,False,FIXED_ROUTE_COUNTERFACTUAL,True
16-multi-b2,multilingual / translation / cross-language transformation,DECODE,0.75,82432,1446456066048,pass,0.9634638247282609,0.9634638247282609,0.0,False,FIXED_ROUTE_COUNTERFACTUAL,True
16-multi-b2,multilingual / translation / cross-language transformation,DECODE,0.8,3916,68715085824,INFEASIBLE_CORE_EXCEEDS_CAPACITY,,0.44914444633152173,,False,FIXED_ROUTE_COUNTERFACTUAL,True
16-multi-b2,multilingual / translation / cross-language transformation,DECODE,0.8,5874,103072628736,INFEASIBLE_CORE_EXCEEDS_CAPACITY,,0.512589164402174,,False,FIXED_ROUTE_COUNTERFACTUAL,True
16-multi-b2,multilingual / translation / cross-language transformation,DECODE,0.8,7832,137430171648,pass,0.3372855808423913,0.563370414402174,-0.22608483355978265,True,FIXED_ROUTE_COUNTERFACTUAL,True
16-multi-b2,multilingual / translation / cross-language transformation,DECODE,0.8,7849,137728475136,pass,0.3372855808423913,0.5635190217391305,-0.2262334408967392,True,FIXED_ROUTE_COUNTERFACTUAL,True
16-multi-b2,multilingual / translation / cross-language transformation,DECODE,0.8,9790,171787714560,pass,0.5761294157608695,0.5974651834239131,-0.02133576766304357,True,FIXED_ROUTE_COUNTERFACTUAL,True
16-multi-b2,multilingual / translation / cross-language transformation,DECODE,0.8,11748,206145257472,pass,0.6380668308423914,0.6297872792119565,0.008279551630434812,False,FIXED_ROUTE_COUNTERFACTUAL,True
16-multi-b2,multilingual / translation / cross-language transformation,DECODE,0.8,15665,274877890560,pass,0.7032523777173914,0.6908330502717391,0.012419327445652217,False,FIXED_ROUTE_COUNTERFACTUAL,True
16-multi-b2,multilingual / translation / cross-language transformation,DECODE,0.8,19581,343592976384,pass,0.75,0.7426863960597826,0.007313603940217406,False,FIXED_ROUTE_COUNTERFACTUAL,True
16-multi-b2,multilingual / translation / cross-language transformation,DECODE,0.8,23497,412308062208,pass,0.8018533457880435,0.787109375,0.014743970788043459,False,FIXED_ROUTE_COUNTERFACTUAL,True
16-multi-b2,multilingual / translation / cross-language transformation,DECODE,0.8,27413,481023148032,pass,0.8279233186141305,0.8199091372282609,0.008014181385869623,False,FIXED_ROUTE_COUNTERFACTUAL,True
16-multi-b2,multilingual / translation / cross-language transformation,DECODE,0.8,31330,549755781120,pass,0.8533457880434783,0.8458835767663043,0.007462211277173947,False,FIXED_ROUTE_COUNTERFACTUAL,True
16-multi-b2,multilingual / translation / cross-language transformation,DECODE,0.8,39162,687185952768,pass,0.8982782778532609,0.8934591542119565,0.004819123641304324,False,FIXED_ROUTE_COUNTERFACTUAL,True
16-multi-b2,multilingual / translation / cross-language transformation,DECODE,0.8,46995,824633671680,pass,0.9485394021739131,0.9476583729619565,0.000881029211956541,False,FIXED_ROUTE_COUNTERFACTUAL,True
16-multi-b2,multilingual / translation / cross-language transformation,DECODE,0.8,54827,962063843328,pass,0.9619140625,0.9621900475543478,-0.00027598505434778264,True,FIXED_ROUTE_COUNTERFACTUAL,True
16-multi-b2,multilingual / translation / cross-language transformation,DECODE,0.8,62660,1099511562240,pass,0.9634638247282609,0.9634638247282609,0.0,False,FIXED_ROUTE_COUNTERFACTUAL,True
16-multi-b2,multilingual / translation / cross-language transformation,DECODE,0.8,70492,1236941733888,pass,0.9634638247282609,0.9634638247282609,0.0,False,FIXED_ROUTE_COUNTERFACTUAL,True
16-multi-b2,multilingual / translation / cross-language transformation,DECODE,0.8,78325,1374389452800,pass,0.9634638247282609,0.9634638247282609,0.0,False,FIXED_ROUTE_COUNTERFACTUAL,True
16-multi-b2,multilingual / translation / cross-language transformation,DECODE,0.8,82432,1446456066048,pass,0.9634638247282609,0.9634638247282609,0.0,False,FIXED_ROUTE_COUNTERFACTUAL,True
16-multi-b2,multilingual / translation / cross-language transformation,DECODE,0.9,3916,68715085824,pass,0.21877122961956522,0.44914444633152173,-0.2303732167119565,True,FIXED_ROUTE_COUNTERFACTUAL,True
16-multi-b2,multilingual / translation / cross-language transformation,DECODE,0.9,5874,103072628736,pass,0.506729789402174,0.512589164402174,-0.005859375,True,FIXED_ROUTE_COUNTERFACTUAL,True
16-multi-b2,multilingual / translation / cross-language transformation,DECODE,0.9,7832,137430171648,pass,0.571151069972826,0.563370414402174,0.007780655570652106,False,FIXED_ROUTE_COUNTERFACTUAL,True
16-multi-b2,multilingual / translation / cross-language transformation,DECODE,0.9,7849,137728475136,pass,0.5713209069293478,0.5635190217391305,0.007801885190217295,False,FIXED_ROUTE_COUNTERFACTUAL,True
16-multi-b2,multilingual / translation / cross-language transformation,DECODE,0.9,9790,171787714560,pass,0.6128778872282609,0.5974651834239131,0.015412703804347783,False,FIXED_ROUTE_COUNTERFACTUAL,True
16-multi-b2,multilingual / translation / cross-language transformation,DECODE,0.9,11748,206145257472,pass,0.6427585767663043,0.6297872792119565,0.012971297554347783,False,FIXED_ROUTE_COUNTERFACTUAL,True
16-multi-b2,multilingual / translation / cross-language transformation,DECODE,0.9,15665,274877890560,pass,0.7011400305706522,0.6908330502717391,0.010306980298913082,False,FIXED_ROUTE_COUNTERFACTUAL,True
16-multi-b2,multilingual / translation / cross-language transformation,DECODE,0.9,19581,343592976384,pass,0.7425908627717391,0.7426863960597826,-9.553328804345895e-05,True,FIXED_ROUTE_COUNTERFACTUAL,True
16-multi-b2,multilingual / translation / cross-language transformation,DECODE,0.9,23497,412308062208,pass,0.7942106827445652,0.787109375,0.007101307744565188,False,FIXED_ROUTE_COUNTERFACTUAL,True
16-multi-b2,multilingual / translation / cross-language transformation,DECODE,0.9,27413,481023148032,pass,0.824324898097826,0.8199091372282609,0.004415760869565188,False,FIXED_ROUTE_COUNTERFACTUAL,True
16-multi-b2,multilingual / translation / cross-language transformation,DECODE,0.9,31330,549755781120,pass,0.8495987601902174,0.8458835767663043,0.003715183423913082,False,FIXED_ROUTE_COUNTERFACTUAL,True
16-multi-b2,multilingual / translation / cross-language transformation,DECODE,0.9,39162,687185952768,pass,0.8954759680706522,0.8934591542119565,0.0020168138586956763,False,FIXED_ROUTE_COUNTERFACTUAL,True
16-multi-b2,multilingual / translation / cross-language transformation,DECODE,0.9,46995,824633671680,pass,0.9480723505434783,0.9476583729619565,0.0004139775815217295,False,FIXED_ROUTE_COUNTERFACTUAL,True
16-multi-b2,multilingual / translation / cross-language transformation,DECODE,0.9,54827,962063843328,pass,0.9620945142663043,0.9621900475543478,-9.553328804345895e-05,True,FIXED_ROUTE_COUNTERFACTUAL,True
16-multi-b2,multilingual / translation / cross-language transformation,DECODE,0.9,62660,1099511562240,pass,0.9634638247282609,0.9634638247282609,0.0,False,FIXED_ROUTE_COUNTERFACTUAL,True
16-multi-b2,multilingual / translation / cross-language transformation,DECODE,0.9,70492,1236941733888,pass,0.9634638247282609,0.9634638247282609,0.0,False,FIXED_ROUTE_COUNTERFACTUAL,True
16-multi-b2,multilingual / translation / cross-language transformation,DECODE,0.9,78325,1374389452800,pass,0.9634638247282609,0.9634638247282609,0.0,False,FIXED_ROUTE_COUNTERFACTUAL,True
16-multi-b2,multilingual / translation / cross-language transformation,DECODE,0.9,82432,1446456066048,pass,0.9634638247282609,0.9634638247282609,0.0,False,FIXED_ROUTE_COUNTERFACTUAL,True
16-multi-b2,multilingual / translation / cross-language transformation,DECODE,1.0,3916,68715085824,pass,0.45011039402173914,0.44914444633152173,0.0009659476902174058,False,FIXED_ROUTE_COUNTERFACTUAL,True
16-multi-b2,multilingual / translation / cross-language transformation,DECODE,1.0,5874,103072628736,pass,0.5255073879076086,0.512589164402174,0.0129182235054347,False,FIXED_ROUTE_COUNTERFACTUAL,True
16-multi-b2,multilingual / translation / cross-language transformation,DECODE,1.0,7832,137430171648,pass,0.5711722995923914,0.563370414402174,0.007801885190217406,False,FIXED_ROUTE_COUNTERFACTUAL,True
16-multi-b2,multilingual / translation / cross-language transformation,DECODE,1.0,7849,137728475136,pass,0.5714058254076086,0.5635190217391305,0.00788680366847816,False,FIXED_ROUTE_COUNTERFACTUAL,True
16-multi-b2,multilingual / translation / cross-language transformation,DECODE,1.0,9790,171787714560,pass,0.6079632302989131,0.5974651834239131,0.010498046875,False,FIXED_ROUTE_COUNTERFACTUAL,True
16-multi-b2,multilingual / translation / cross-language transformation,DECODE,1.0,11748,206145257472,pass,0.6352751358695652,0.6297872792119565,0.005487856657608647,False,FIXED_ROUTE_COUNTERFACTUAL,True
16-multi-b2,multilingual / translation / cross-language transformation,DECODE,1.0,15665,274877890560,pass,0.6960130774456522,0.6908330502717391,0.005180027173913082,False,FIXED_ROUTE_COUNTERFACTUAL,True
16-multi-b2,multilingual / translation / cross-language transformation,DECODE,1.0,19581,343592976384,pass,0.7418690557065217,0.7426863960597826,-0.0008173403532608647,True,FIXED_ROUTE_COUNTERFACTUAL,True
16-multi-b2,multilingual / translation / cross-language transformation,DECODE,1.0,23497,412308062208,pass,0.790283203125,0.787109375,0.003173828125,False,FIXED_ROUTE_COUNTERFACTUAL,True
16-multi-b2,multilingual / translation / cross-language transformation,DECODE,1.0,27413,481023148032,pass,0.8218516474184783,0.8199091372282609,0.0019425101902174058,False,FIXED_ROUTE_COUNTERFACTUAL,True
16-multi-b2,multilingual / translation / cross-language transformation,DECODE,1.0,31330,549755781120,pass,0.8474014945652174,0.8458835767663043,0.001517917798913082,False,FIXED_ROUTE_COUNTERFACTUAL,True
16-multi-b2,multilingual / translation / cross-language transformation,DECODE,1.0,39162,687185952768,pass,0.8944038722826086,0.8934591542119565,0.0009447180706521063,False,FIXED_ROUTE_COUNTERFACTUAL,True
16-multi-b2,multilingual / translation / cross-language transformation,DECODE,1.0,46995,824633671680,pass,0.9478175951086957,0.9476583729619565,0.00015922214673913526,False,FIXED_ROUTE_COUNTERFACTUAL,True
16-multi-b2,multilingual / translation / cross-language transformation,DECODE,1.0,54827,962063843328,pass,0.9621688179347826,0.9621900475543478,-2.122961956518843e-05,True,FIXED_ROUTE_COUNTERFACTUAL,True
16-multi-b2,multilingual / translation / cross-language transformation,DECODE,1.0,62660,1099511562240,pass,0.9634638247282609,0.9634638247282609,0.0,False,FIXED_ROUTE_COUNTERFACTUAL,True
16-multi-b2,multilingual / translation / cross-language transformation,DECODE,1.0,70492,1236941733888,pass,0.9634638247282609,0.9634638247282609,0.0,False,FIXED_ROUTE_COUNTERFACTUAL,True
16-multi-b2,multilingual / translation / cross-language transformation,DECODE,1.0,78325,1374389452800,pass,0.9634638247282609,0.9634638247282609,0.0,False,FIXED_ROUTE_COUNTERFACTUAL,True
16-multi-b2,multilingual / translation / cross-language transformation,DECODE,1.0,82432,1446456066048,pass,0.9634638247282609,0.9634638247282609,0.0,False,FIXED_ROUTE_COUNTERFACTUAL,True
