case_id,semantic_family,length_level,selection_role,b1_b8_endpoint,representative_endpoint_overlap,physical_s2_hit_ratio,physical_s2_loads_per_token,physical_target_source_sha256_json,physical_reference_slots,physical_reference_bytes,exact_hit_result_json,exact_load_result_json,s2_counterfactual_hit_result_json,s2_counterfactual_load_result_json,exact_source_sha256_json,s2_counterfactual_source_sha256_json,hit_derived_intervals_json,load_derived_intervals_json,hit_load_disagreement,status,physical_target_evidence_class,exact_evidence_class,s2_counterfactual_evidence_class,source_identity_status,validation_stratum,post_hoc_exploratory
01-math-b1,mathematical reasoning,1,STAGE_B_REPRESENTATIVE,True,True,0.66162109375,498.09375,"[""baf8d7583175aa55eca8c7183608259bb2d30f350a8a643f8b40d4831a362786"",""c39b44f2811273b63be17498f09ed80fe2e8825e5a07f44a31d0c8554b08132d"",""eaac1bc84ed8d1cb20d253313383296d103b4a22e33f0cfc46f5d155560ad2a7""]",7849,137728475136,"{""domain_floor_censored"":false,""lower_bytes"":206145257472,""lower_gib"":191.98773193359375,""lower_slots"":11748,""lower_value"":0.6551885190217391,""monotone"":true,""status"":""BRACKETED"",""target"":0.66162109375,""upper_bytes"":274877890560,""upper_gib"":255.99998474121094,""upper_slots"":15665,""upper_value"":0.7012992527173914}","{""domain_floor_censored"":false,""lower_bytes"":206145257472,""lower_gib"":191.98773193359375,""lower_slots"":11748,""lower_value"":507.5625,""monotone"":true,""status"":""BRACKETED"",""target"":498.09375,""upper_bytes"":274877890560,""upper_gib"":255.99998474121094,""upper_slots"":15665,""upper_value"":439.6875}","{""domain_floor_censored"":false,""lower_bytes"":103072628736,""lower_gib"":95.99386596679688,""lower_slots"":5874,""lower_value"":0.617293648097826,""monotone"":true,""status"":""BRACKETED"",""target"":0.66162109375,""upper_bytes"":137430171648,""upper_gib"":127.9918212890625,""upper_slots"":7832,""upper_value"":0.6638714334239131}","{""domain_floor_censored"":false,""lower_bytes"":103072628736,""lower_gib"":95.99386596679688,""lower_slots"":5874,""lower_value"":563.34375,""monotone"":true,""status"":""BRACKETED"",""target"":498.09375,""upper_bytes"":137430171648,""upper_gib"":127.9918212890625,""upper_slots"":7832,""upper_value"":494.78125}","[""18ab89a63b63f6c96a0e0aa4807fcf152aed251b441ab77a8b593bcb35929ba0"",""e1fab368ce78869f1276ce7b0835b3017d4d4c87877bb6ebccb9a9611eb5a023""]","[""b87d9461ff503e2d13675b08d0362d5675ab8b6a2481e2d19ee46027d0b0ea9d""]","{""counterfactual_capacity_amplification"":[1.5,2.666836908409942],""counterfactual_memory_saving"":[0.33333333333333337,0.6250239387168848],""exact_capacity"":{""bytes"":[206145257472,274877890560],""gib"":[191.98773193359375,255.99998474121094],""slots"":[11748,15665]},""interval_semantics"":""capacity threshold brackets are (lower_slots,upper_slots]; derived two-element arrays are conservative closed envelopes from monotone endpoint propagation, not point estimates; ratio envelopes use [numerator_lower/denominator_upper,numerator_upper/denominator_lower]"",""physical_capacity_amplification"":[1.4967511784940757,1.9957956427570391],""physical_memory_saving"":[0.331886278515492,0.4989466964570699],""s2_counterfactual_capacity"":{""bytes"":[103072628736,137430171648],""gib"":[95.99386596679688,127.9918212890625],""slots"":[5874,7832]},""status"":""BRACKETED""}","{""counterfactual_capacity_amplification"":[1.5,2.666836908409942],""counterfactual_memory_saving"":[0.33333333333333337,0.6250239387168848],""exact_capacity"":{""bytes"":[206145257472,274877890560],""gib"":[191.98773193359375,255.99998474121094],""slots"":[11748,15665]},""interval_semantics"":""capacity threshold brackets are (lower_slots,upper_slots]; derived two-element arrays are conservative closed envelopes from monotone endpoint propagation, not point estimates; ratio envelopes use [numerator_lower/denominator_upper,numerator_upper/denominator_lower]"",""physical_capacity_amplification"":[1.4967511784940757,1.9957956427570391],""physical_memory_saving"":[0.331886278515492,0.4989466964570699],""s2_counterfactual_capacity"":{""bytes"":[103072628736,137430171648],""gib"":[95.99386596679688,127.9918212890625],""slots"":[5874,7832]},""status"":""BRACKETED""}",False,BRACKETED_CONSISTENT,MEASURED_PHYSICAL,EXACT_REPLAY,FIXED_ROUTE_COUNTERFACTUAL,accepted_checksum_linked,physical_EXACT_anchor_16_of_16,True
01-math-b8,mathematical reasoning,8,STAGE_B2_ENDPOINT,True,False,0.66845703125,488.03125,"[""4e9a7d1430d085660fa7315d6e25206f375f6669b7d0b3eb0b19790a5cc8893d"",""a4c3c5353f63bb7d916902aec20fde417d7d738036e691eed24cf36d23205da8"",""baf8d7583175aa55eca8c7183608259bb2d30f350a8a643f8b40d4831a362786""]",7849,137728475136,"{""domain_floor_censored"":false,""lower_bytes"":206145257472,""lower_gib"":191.98773193359375,""lower_slots"":11748,""lower_value"":0.6620881453804348,""monotone"":true,""status"":""BRACKETED"",""target"":0.66845703125,""upper_bytes"":274877890560,""upper_gib"":255.99998474121094,""upper_slots"":15665,""upper_value"":0.7056513247282609}","{""domain_floor_censored"":false,""lower_bytes"":206145257472,""lower_gib"":191.98773193359375,""lower_slots"":11748,""lower_value"":497.40625,""monotone"":true,""status"":""BRACKETED"",""target"":488.03125,""upper_bytes"":274877890560,""upper_gib"":255.99998474121094,""upper_slots"":15665,""upper_value"":433.28125}","{""domain_floor_censored"":false,""lower_bytes"":137728475136,""lower_gib"":128.26963806152344,""lower_slots"":7849,""lower_value"":0.6633194633152174,""monotone"":true,""status"":""BRACKETED"",""target"":0.66845703125,""upper_bytes"":171787714560,""upper_gib"":159.98977661132812,""upper_slots"":9790,""upper_value"":0.6996327275815217}","{""domain_floor_censored"":false,""lower_bytes"":137728475136,""lower_gib"":128.26963806152344,""lower_slots"":7849,""lower_value"":495.59375,""monotone"":true,""status"":""BRACKETED"",""target"":488.03125,""upper_bytes"":171787714560,""upper_gib"":159.98977661132812,""upper_slots"":9790,""upper_value"":442.140625}","[""18ab89a63b63f6c96a0e0aa4807fcf152aed251b441ab77a8b593bcb35929ba0"",""5446636d4a2659d92e71f1d319bf7701196a4e31553247857eaa54bb5b4ab064""]","[""b87d9461ff503e2d13675b08d0362d5675ab8b6a2481e2d19ee46027d0b0ea9d""]","{""counterfactual_capacity_amplification"":[1.2,1.9957956427570391],""counterfactual_memory_saving"":[0.16666666666666663,0.4989466964570699],""exact_capacity"":{""bytes"":[206145257472,274877890560],""gib"":[191.98773193359375,255.99998474121094],""slots"":[11748,15665]},""interval_semantics"":""capacity threshold brackets are (lower_slots,upper_slots]; derived two-element arrays are conservative closed envelopes from monotone endpoint propagation, not point estimates; ratio envelopes use [numerator_lower/denominator_upper,numerator_upper/denominator_lower]"",""physical_capacity_amplification"":[1.4967511784940757,1.9957956427570391],""physical_memory_saving"":[0.331886278515492,0.4989466964570699],""s2_counterfactual_capacity"":{""bytes"":[137728475136,171787714560],""gib"":[128.26963806152344,159.98977661132812],""slots"":[7849,9790]},""status"":""BRACKETED""}","{""counterfactual_capacity_amplification"":[1.2,1.9957956427570391],""counterfactual_memory_saving"":[0.16666666666666663,0.4989466964570699],""exact_capacity"":{""bytes"":[206145257472,274877890560],""gib"":[191.98773193359375,255.99998474121094],""slots"":[11748,15665]},""interval_semantics"":""capacity threshold brackets are (lower_slots,upper_slots]; derived two-element arrays are conservative closed envelopes from monotone endpoint propagation, not point estimates; ratio envelopes use [numerator_lower/denominator_upper,numerator_upper/denominator_lower]"",""physical_capacity_amplification"":[1.4967511784940757,1.9957956427570391],""physical_memory_saving"":[0.331886278515492,0.4989466964570699],""s2_counterfactual_capacity"":{""bytes"":[137728475136,171787714560],""gib"":[128.26963806152344,159.98977661132812],""slots"":[7849,9790]},""status"":""BRACKETED""}",False,BRACKETED_CONSISTENT,MEASURED_PHYSICAL,EXACT_REPLAY,FIXED_ROUTE_COUNTERFACTUAL,accepted_checksum_linked,observer_semantic_order_44_of_44,True
02-formal-b1,formal logic / proof-style reasoning,1,STAGE_B2_ENDPOINT,True,False,0.647078804347826,519.5,"[""0af0eaf98b3463e12bea6d30ec0d97055907629373b73df969f6419eae23bfa1"",""13f0f9566cd4cb2c92bfe3233df7a0b56d46aa627dc35bc17ed1234fea9383fc"",""baf8d7583175aa55eca8c7183608259bb2d30f350a8a643f8b40d4831a362786""]",7849,137728475136,"{""domain_floor_censored"":false,""lower_bytes"":171787714560,""lower_gib"":159.98977661132812,""lower_slots"":9790,""lower_value"":0.618758491847826,""monotone"":true,""status"":""BRACKETED"",""target"":0.647078804347826,""upper_bytes"":206145257472,""upper_gib"":191.98773193359375,""upper_slots"":11748,""upper_value"":0.6670240319293478}","{""domain_floor_censored"":false,""lower_bytes"":171787714560,""lower_gib"":159.98977661132812,""lower_slots"":9790,""lower_value"":561.1875,""monotone"":true,""status"":""BRACKETED"",""target"":519.5,""upper_bytes"":206145257472,""upper_gib"":191.98773193359375,""upper_slots"":11748,""upper_value"":490.140625}","{""domain_floor_censored"":false,""lower_bytes"":103072628736,""lower_gib"":95.99386596679688,""lower_slots"":5874,""lower_value"":0.5977517832880435,""monotone"":true,""status"":""BRACKETED"",""target"":0.647078804347826,""upper_bytes"":137430171648,""upper_gib"":127.9918212890625,""upper_slots"":7832,""upper_value"":0.6475033967391305}","{""domain_floor_censored"":false,""lower_bytes"":103072628736,""lower_gib"":95.99386596679688,""lower_slots"":5874,""lower_value"":592.109375,""monotone"":true,""status"":""BRACKETED"",""target"":519.5,""upper_bytes"":137430171648,""upper_gib"":127.9918212890625,""upper_slots"":7832,""upper_value"":518.875}","[""18ab89a63b63f6c96a0e0aa4807fcf152aed251b441ab77a8b593bcb35929ba0"",""860bdf5e13fbab90294309b9652b3240b2c40217c72f6a8e84be6fcec61d5261""]","[""b87d9461ff503e2d13675b08d0362d5675ab8b6a2481e2d19ee46027d0b0ea9d""]","{""counterfactual_capacity_amplification"":[1.25,2.0],""counterfactual_memory_saving"":[0.19999999999999996,0.5],""exact_capacity"":{""bytes"":[171787714560,206145257472],""gib"":[159.98977661132812,191.98773193359375],""slots"":[9790,11748]},""interval_semantics"":""capacity threshold brackets are (lower_slots,upper_slots]; derived two-element arrays are conservative closed envelopes from monotone endpoint propagation, not point estimates; ratio envelopes use [numerator_lower/denominator_upper,numerator_upper/denominator_lower]"",""physical_capacity_amplification"":[1.247292648745063,1.4967511784940757],""physical_memory_saving"":[0.19826353421859044,0.331886278515492],""s2_counterfactual_capacity"":{""bytes"":[103072628736,137430171648],""gib"":[95.99386596679688,127.9918212890625],""slots"":[5874,7832]},""status"":""BRACKETED""}","{""counterfactual_capacity_amplification"":[1.25,2.0],""counterfactual_memory_saving"":[0.19999999999999996,0.5],""exact_capacity"":{""bytes"":[171787714560,206145257472],""gib"":[159.98977661132812,191.98773193359375],""slots"":[9790,11748]},""interval_semantics"":""capacity threshold brackets are (lower_slots,upper_slots]; derived two-element arrays are conservative closed envelopes from monotone endpoint propagation, not point estimates; ratio envelopes use [numerator_lower/denominator_upper,numerator_upper/denominator_lower]"",""physical_capacity_amplification"":[1.247292648745063,1.4967511784940757],""physical_memory_saving"":[0.19826353421859044,0.331886278515492],""s2_counterfactual_capacity"":{""bytes"":[103072628736,137430171648],""gib"":[95.99386596679688,127.9918212890625],""slots"":[5874,7832]},""status"":""BRACKETED""}",False,BRACKETED_CONSISTENT,MEASURED_PHYSICAL,EXACT_REPLAY,FIXED_ROUTE_COUNTERFACTUAL,accepted_checksum_linked,observer_semantic_order_44_of_44,True
02-formal-b3,formal logic / proof-style reasoning,3,STAGE_B_REPRESENTATIVE,False,False,0.6531504755434783,510.5625,"[""758caf1f8613f4e2d235406e9bb4052dbfd47e60931929f865dbf41eef8dd88f"",""baf8d7583175aa55eca8c7183608259bb2d30f350a8a643f8b40d4831a362786"",""fd3846fbdedd254ab7bb9f9e2f76a3db3046de7ed75522b60811bed8c2318859""]",7849,137728475136,"{""domain_floor_censored"":false,""lower_bytes"":206145257472,""lower_gib"":191.98773193359375,""lower_slots"":11748,""lower_value"":0.6463676120923914,""monotone"":true,""status"":""BRACKETED"",""target"":0.6531504755434783,""upper_bytes"":274877890560,""upper_gib"":255.99998474121094,""upper_slots"":15665,""upper_value"":0.6970108695652174}","{""domain_floor_censored"":false,""lower_bytes"":206145257472,""lower_gib"":191.98773193359375,""lower_slots"":11748,""lower_value"":520.546875,""monotone"":true,""status"":""BRACKETED"",""target"":510.5625,""upper_bytes"":274877890560,""upper_gib"":255.99998474121094,""upper_slots"":15665,""upper_value"":446.0}","{""domain_floor_censored"":false,""lower_bytes"":137728475136,""lower_gib"":128.26963806152344,""lower_slots"":7849,""lower_value"":0.64990234375,""monotone"":true,""status"":""BRACKETED"",""target"":0.6531504755434783,""upper_bytes"":171787714560,""upper_gib"":159.98977661132812,""upper_slots"":9790,""upper_value"":0.6823836616847826}","{""domain_floor_censored"":false,""lower_bytes"":137728475136,""lower_gib"":128.26963806152344,""lower_slots"":7849,""lower_value"":515.34375,""monotone"":true,""status"":""BRACKETED"",""target"":510.5625,""upper_bytes"":171787714560,""upper_gib"":159.98977661132812,""upper_slots"":9790,""upper_value"":467.53125}","[""18ab89a63b63f6c96a0e0aa4807fcf152aed251b441ab77a8b593bcb35929ba0"",""48e746b49a9d1ccda8fd60a91872eeaf03ac38d83ff900ea16a3c5f5a3811e54""]","[""b87d9461ff503e2d13675b08d0362d5675ab8b6a2481e2d19ee46027d0b0ea9d""]","{""counterfactual_capacity_amplification"":[1.2,1.9957956427570391],""counterfactual_memory_saving"":[0.16666666666666663,0.4989466964570699],""exact_capacity"":{""bytes"":[206145257472,274877890560],""gib"":[191.98773193359375,255.99998474121094],""slots"":[11748,15665]},""interval_semantics"":""capacity threshold brackets are (lower_slots,upper_slots]; derived two-element arrays are conservative closed envelopes from monotone endpoint propagation, not point estimates; ratio envelopes use [numerator_lower/denominator_upper,numerator_upper/denominator_lower]"",""physical_capacity_amplification"":[1.4967511784940757,1.9957956427570391],""physical_memory_saving"":[0.331886278515492,0.4989466964570699],""s2_counterfactual_capacity"":{""bytes"":[137728475136,171787714560],""gib"":[128.26963806152344,159.98977661132812],""slots"":[7849,9790]},""status"":""BRACKETED""}","{""counterfactual_capacity_amplification"":[1.2,1.9957956427570391],""counterfactual_memory_saving"":[0.16666666666666663,0.4989466964570699],""exact_capacity"":{""bytes"":[206145257472,274877890560],""gib"":[191.98773193359375,255.99998474121094],""slots"":[11748,15665]},""interval_semantics"":""capacity threshold brackets are (lower_slots,upper_slots]; derived two-element arrays are conservative closed envelopes from monotone endpoint propagation, not point estimates; ratio envelopes use [numerator_lower/denominator_upper,numerator_upper/denominator_lower]"",""physical_capacity_amplification"":[1.4967511784940757,1.9957956427570391],""physical_memory_saving"":[0.331886278515492,0.4989466964570699],""s2_counterfactual_capacity"":{""bytes"":[137728475136,171787714560],""gib"":[128.26963806152344,159.98977661132812],""slots"":[7849,9790]},""status"":""BRACKETED""}",False,BRACKETED_CONSISTENT,MEASURED_PHYSICAL,EXACT_REPLAY,FIXED_ROUTE_COUNTERFACTUAL,accepted_checksum_linked,physical_EXACT_anchor_16_of_16,True
02-formal-b8,formal logic / proof-style reasoning,8,STAGE_B2_ENDPOINT,True,False,0.669083305027174,487.109375,"[""baf8d7583175aa55eca8c7183608259bb2d30f350a8a643f8b40d4831a362786"",""d798ca69ff3dfd63b965925fb0c85832a092d499afb6f1fd516709a2c7c66e76"",""de6c5b02b4b91daf3b16405ff6a57bb74a7d60947d22d727db9317f8fe5c9d33""]",7849,137728475136,"{""domain_floor_censored"":false,""lower_bytes"":206145257472,""lower_gib"":191.98773193359375,""lower_slots"":11748,""lower_value"":0.6658670176630435,""monotone"":true,""status"":""BRACKETED"",""target"":0.669083305027174,""upper_bytes"":274877890560,""upper_gib"":255.99998474121094,""upper_slots"":15665,""upper_value"":0.7212126358695652}","{""domain_floor_censored"":false,""lower_bytes"":206145257472,""lower_gib"":191.98773193359375,""lower_slots"":11748,""lower_value"":491.84375,""monotone"":true,""status"":""BRACKETED"",""target"":487.109375,""upper_bytes"":274877890560,""upper_gib"":255.99998474121094,""upper_slots"":15665,""upper_value"":410.375}","{""domain_floor_censored"":false,""lower_bytes"":137728475136,""lower_gib"":128.26963806152344,""lower_slots"":7849,""lower_value"":0.6538404381793478,""monotone"":true,""status"":""BRACKETED"",""target"":0.669083305027174,""upper_bytes"":171787714560,""upper_gib"":159.98977661132812,""upper_slots"":9790,""upper_value"":0.7016176970108695}","{""domain_floor_censored"":false,""lower_bytes"":137728475136,""lower_gib"":128.26963806152344,""lower_slots"":7849,""lower_value"":509.546875,""monotone"":true,""status"":""BRACKETED"",""target"":487.109375,""upper_bytes"":171787714560,""upper_gib"":159.98977661132812,""upper_slots"":9790,""upper_value"":439.21875}","[""18ab89a63b63f6c96a0e0aa4807fcf152aed251b441ab77a8b593bcb35929ba0"",""9b7bdd806e6013ffa2ce2a19cb29145226c29953a545d110cab39be50de1eafc""]","[""b87d9461ff503e2d13675b08d0362d5675ab8b6a2481e2d19ee46027d0b0ea9d""]","{""counterfactual_capacity_amplification"":[1.2,1.9957956427570391],""counterfactual_memory_saving"":[0.16666666666666663,0.4989466964570699],""exact_capacity"":{""bytes"":[206145257472,274877890560],""gib"":[191.98773193359375,255.99998474121094],""slots"":[11748,15665]},""interval_semantics"":""capacity threshold brackets are (lower_slots,upper_slots]; derived two-element arrays are conservative closed envelopes from monotone endpoint propagation, not point estimates; ratio envelopes use [numerator_lower/denominator_upper,numerator_upper/denominator_lower]"",""physical_capacity_amplification"":[1.4967511784940757,1.9957956427570391],""physical_memory_saving"":[0.331886278515492,0.4989466964570699],""s2_counterfactual_capacity"":{""bytes"":[137728475136,171787714560],""gib"":[128.26963806152344,159.98977661132812],""slots"":[7849,9790]},""status"":""BRACKETED""}","{""counterfactual_capacity_amplification"":[1.2,1.9957956427570391],""counterfactual_memory_saving"":[0.16666666666666663,0.4989466964570699],""exact_capacity"":{""bytes"":[206145257472,274877890560],""gib"":[191.98773193359375,255.99998474121094],""slots"":[11748,15665]},""interval_semantics"":""capacity threshold brackets are (lower_slots,upper_slots]; derived two-element arrays are conservative closed envelopes from monotone endpoint propagation, not point estimates; ratio envelopes use [numerator_lower/denominator_upper,numerator_upper/denominator_lower]"",""physical_capacity_amplification"":[1.4967511784940757,1.9957956427570391],""physical_memory_saving"":[0.331886278515492,0.4989466964570699],""s2_counterfactual_capacity"":{""bytes"":[137728475136,171787714560],""gib"":[128.26963806152344,159.98977661132812],""slots"":[7849,9790]},""status"":""BRACKETED""}",False,BRACKETED_CONSISTENT,MEASURED_PHYSICAL,EXACT_REPLAY,FIXED_ROUTE_COUNTERFACTUAL,accepted_checksum_linked,observer_semantic_order_44_of_44,True
03-science-b1,physics / scientific reasoning,1,STAGE_B2_ENDPOINT,True,False,0.6595512058423914,501.140625,"[""0dc75e5e5c6af1d124cb8b77757fda9685ce484eb466be291dade58eb4e4131a"",""baf8d7583175aa55eca8c7183608259bb2d30f350a8a643f8b40d4831a362786"",""d324671dc0558b087b0213689b68af5e678131b48565f6519ade59a06278609f""]",7849,137728475136,"{""domain_floor_censored"":false,""lower_bytes"":206145257472,""lower_gib"":191.98773193359375,""lower_slots"":11748,""lower_value"":0.6531398607336957,""monotone"":true,""status"":""BRACKETED"",""target"":0.6595512058423914,""upper_bytes"":274877890560,""upper_gib"":255.99998474121094,""upper_slots"":15665,""upper_value"":0.7019786005434783}","{""domain_floor_censored"":false,""lower_bytes"":206145257472,""lower_gib"":191.98773193359375,""lower_slots"":11748,""lower_value"":510.578125,""monotone"":true,""status"":""BRACKETED"",""target"":501.140625,""upper_bytes"":274877890560,""upper_gib"":255.99998474121094,""upper_slots"":15665,""upper_value"":438.6875}","{""domain_floor_censored"":false,""lower_bytes"":103072628736,""lower_gib"":95.99386596679688,""lower_slots"":5874,""lower_value"":0.6254033627717391,""monotone"":true,""status"":""BRACKETED"",""target"":0.6595512058423914,""upper_bytes"":137430171648,""upper_gib"":127.9918212890625,""upper_slots"":7832,""upper_value"":0.6618546195652174}","{""domain_floor_censored"":false,""lower_bytes"":103072628736,""lower_gib"":95.99386596679688,""lower_slots"":5874,""lower_value"":551.40625,""monotone"":true,""status"":""BRACKETED"",""target"":501.140625,""upper_bytes"":137430171648,""upper_gib"":127.9918212890625,""upper_slots"":7832,""upper_value"":497.75}","[""18ab89a63b63f6c96a0e0aa4807fcf152aed251b441ab77a8b593bcb35929ba0"",""90964851b35daac6a17715d0c0c6e742ddd80cd020165d78f24ed0499b070fd9""]","[""b87d9461ff503e2d13675b08d0362d5675ab8b6a2481e2d19ee46027d0b0ea9d""]","{""counterfactual_capacity_amplification"":[1.5,2.666836908409942],""counterfactual_memory_saving"":[0.33333333333333337,0.6250239387168848],""exact_capacity"":{""bytes"":[206145257472,274877890560],""gib"":[191.98773193359375,255.99998474121094],""slots"":[11748,15665]},""interval_semantics"":""capacity threshold brackets are (lower_slots,upper_slots]; derived two-element arrays are conservative closed envelopes from monotone endpoint propagation, not point estimates; ratio envelopes use [numerator_lower/denominator_upper,numerator_upper/denominator_lower]"",""physical_capacity_amplification"":[1.4967511784940757,1.9957956427570391],""physical_memory_saving"":[0.331886278515492,0.4989466964570699],""s2_counterfactual_capacity"":{""bytes"":[103072628736,137430171648],""gib"":[95.99386596679688,127.9918212890625],""slots"":[5874,7832]},""status"":""BRACKETED""}","{""counterfactual_capacity_amplification"":[1.5,2.666836908409942],""counterfactual_memory_saving"":[0.33333333333333337,0.6250239387168848],""exact_capacity"":{""bytes"":[206145257472,274877890560],""gib"":[191.98773193359375,255.99998474121094],""slots"":[11748,15665]},""interval_semantics"":""capacity threshold brackets are (lower_slots,upper_slots]; derived two-element arrays are conservative closed envelopes from monotone endpoint propagation, not point estimates; ratio envelopes use [numerator_lower/denominator_upper,numerator_upper/denominator_lower]"",""physical_capacity_amplification"":[1.4967511784940757,1.9957956427570391],""physical_memory_saving"":[0.331886278515492,0.4989466964570699],""s2_counterfactual_capacity"":{""bytes"":[103072628736,137430171648],""gib"":[95.99386596679688,127.9918212890625],""slots"":[5874,7832]},""status"":""BRACKETED""}",False,BRACKETED_CONSISTENT,MEASURED_PHYSICAL,EXACT_REPLAY,FIXED_ROUTE_COUNTERFACTUAL,accepted_checksum_linked,observer_semantic_order_44_of_44,True
03-science-b3,physics / scientific reasoning,3,STAGE_B_REPRESENTATIVE,False,False,0.6511655061141305,513.484375,"[""817515448713deab58b2b189caba151fe6881a770d912b5a91fe0519b79a5316"",""85d0a3f34bb0fe3b86ffde8ad5c8db1cc5c99392318f846a443d84fde5f9dc9d"",""baf8d7583175aa55eca8c7183608259bb2d30f350a8a643f8b40d4831a362786""]",7849,137728475136,"{""domain_floor_censored"":false,""lower_bytes"":206145257472,""lower_gib"":191.98773193359375,""lower_slots"":11748,""lower_value"":0.6411663552989131,""monotone"":true,""status"":""BRACKETED"",""target"":0.6511655061141305,""upper_bytes"":274877890560,""upper_gib"":255.99998474121094,""upper_slots"":15665,""upper_value"":0.6989958389945652}","{""domain_floor_censored"":false,""lower_bytes"":206145257472,""lower_gib"":191.98773193359375,""lower_slots"":11748,""lower_value"":528.203125,""monotone"":true,""status"":""BRACKETED"",""target"":513.484375,""upper_bytes"":274877890560,""upper_gib"":255.99998474121094,""upper_slots"":15665,""upper_value"":443.078125}","{""domain_floor_censored"":false,""lower_bytes"":137728475136,""lower_gib"":128.26963806152344,""lower_slots"":7849,""lower_value"":0.6347337805706522,""monotone"":true,""status"":""BRACKETED"",""target"":0.6511655061141305,""upper_bytes"":171787714560,""upper_gib"":159.98977661132812,""upper_slots"":9790,""upper_value"":0.6782438858695652}","{""domain_floor_censored"":false,""lower_bytes"":137728475136,""lower_gib"":128.26963806152344,""lower_slots"":7849,""lower_value"":537.671875,""monotone"":true,""status"":""BRACKETED"",""target"":513.484375,""upper_bytes"":171787714560,""upper_gib"":159.98977661132812,""upper_slots"":9790,""upper_value"":473.625}","[""18ab89a63b63f6c96a0e0aa4807fcf152aed251b441ab77a8b593bcb35929ba0"",""c408fe912169f7284b08671bd5abb720203542c1404a2437a37d598c0b42efc5""]","[""b87d9461ff503e2d13675b08d0362d5675ab8b6a2481e2d19ee46027d0b0ea9d""]","{""counterfactual_capacity_amplification"":[1.2,1.9957956427570391],""counterfactual_memory_saving"":[0.16666666666666663,0.4989466964570699],""exact_capacity"":{""bytes"":[206145257472,274877890560],""gib"":[191.98773193359375,255.99998474121094],""slots"":[11748,15665]},""interval_semantics"":""capacity threshold brackets are (lower_slots,upper_slots]; derived two-element arrays are conservative closed envelopes from monotone endpoint propagation, not point estimates; ratio envelopes use [numerator_lower/denominator_upper,numerator_upper/denominator_lower]"",""physical_capacity_amplification"":[1.4967511784940757,1.9957956427570391],""physical_memory_saving"":[0.331886278515492,0.4989466964570699],""s2_counterfactual_capacity"":{""bytes"":[137728475136,171787714560],""gib"":[128.26963806152344,159.98977661132812],""slots"":[7849,9790]},""status"":""BRACKETED""}","{""counterfactual_capacity_amplification"":[1.2,1.9957956427570391],""counterfactual_memory_saving"":[0.16666666666666663,0.4989466964570699],""exact_capacity"":{""bytes"":[206145257472,274877890560],""gib"":[191.98773193359375,255.99998474121094],""slots"":[11748,15665]},""interval_semantics"":""capacity threshold brackets are (lower_slots,upper_slots]; derived two-element arrays are conservative closed envelopes from monotone endpoint propagation, not point estimates; ratio envelopes use [numerator_lower/denominator_upper,numerator_upper/denominator_lower]"",""physical_capacity_amplification"":[1.4967511784940757,1.9957956427570391],""physical_memory_saving"":[0.331886278515492,0.4989466964570699],""s2_counterfactual_capacity"":{""bytes"":[137728475136,171787714560],""gib"":[128.26963806152344,159.98977661132812],""slots"":[7849,9790]},""status"":""BRACKETED""}",False,BRACKETED_CONSISTENT,MEASURED_PHYSICAL,EXACT_REPLAY,FIXED_ROUTE_COUNTERFACTUAL,accepted_checksum_linked,physical_EXACT_anchor_16_of_16,True
03-science-b8,physics / scientific reasoning,8,STAGE_B2_ENDPOINT,True,False,0.6432256283967391,525.171875,"[""55e01383db847364c1bf4bae1895e8ed479026f09e7733cd61b068de900772b2"",""80373936be61f97a34a70e35101f8b66457eb0244d217f469ea8d88dd049a398"",""baf8d7583175aa55eca8c7183608259bb2d30f350a8a643f8b40d4831a362786""]",7849,137728475136,"{""domain_floor_censored"":false,""lower_bytes"":206145257472,""lower_gib"":191.98773193359375,""lower_slots"":11748,""lower_value"":0.6388204823369565,""monotone"":true,""status"":""BRACKETED"",""target"":0.6432256283967391,""upper_bytes"":274877890560,""upper_gib"":255.99998474121094,""upper_slots"":15665,""upper_value"":0.693741508152174}","{""domain_floor_censored"":false,""lower_bytes"":206145257472,""lower_gib"":191.98773193359375,""lower_slots"":11748,""lower_value"":531.65625,""monotone"":true,""status"":""BRACKETED"",""target"":525.171875,""upper_bytes"":274877890560,""upper_gib"":255.99998474121094,""upper_slots"":15665,""upper_value"":450.8125}","{""domain_floor_censored"":false,""lower_bytes"":137728475136,""lower_gib"":128.26963806152344,""lower_slots"":7849,""lower_value"":0.6416758661684783,""monotone"":true,""status"":""BRACKETED"",""target"":0.6432256283967391,""upper_bytes"":171787714560,""upper_gib"":159.98977661132812,""upper_slots"":9790,""upper_value"":0.6772036345108695}","{""domain_floor_censored"":false,""lower_bytes"":137728475136,""lower_gib"":128.26963806152344,""lower_slots"":7849,""lower_value"":527.453125,""monotone"":true,""status"":""BRACKETED"",""target"":525.171875,""upper_bytes"":171787714560,""upper_gib"":159.98977661132812,""upper_slots"":9790,""upper_value"":475.15625}","[""11a7b36b929b39cb303584442b28124566d18ee5d02144c1df527db330b9d4ed"",""18ab89a63b63f6c96a0e0aa4807fcf152aed251b441ab77a8b593bcb35929ba0""]","[""b87d9461ff503e2d13675b08d0362d5675ab8b6a2481e2d19ee46027d0b0ea9d""]","{""counterfactual_capacity_amplification"":[1.2,1.9957956427570391],""counterfactual_memory_saving"":[0.16666666666666663,0.4989466964570699],""exact_capacity"":{""bytes"":[206145257472,274877890560],""gib"":[191.98773193359375,255.99998474121094],""slots"":[11748,15665]},""interval_semantics"":""capacity threshold brackets are (lower_slots,upper_slots]; derived two-element arrays are conservative closed envelopes from monotone endpoint propagation, not point estimates; ratio envelopes use [numerator_lower/denominator_upper,numerator_upper/denominator_lower]"",""physical_capacity_amplification"":[1.4967511784940757,1.9957956427570391],""physical_memory_saving"":[0.331886278515492,0.4989466964570699],""s2_counterfactual_capacity"":{""bytes"":[137728475136,171787714560],""gib"":[128.26963806152344,159.98977661132812],""slots"":[7849,9790]},""status"":""BRACKETED""}","{""counterfactual_capacity_amplification"":[1.2,1.9957956427570391],""counterfactual_memory_saving"":[0.16666666666666663,0.4989466964570699],""exact_capacity"":{""bytes"":[206145257472,274877890560],""gib"":[191.98773193359375,255.99998474121094],""slots"":[11748,15665]},""interval_semantics"":""capacity threshold brackets are (lower_slots,upper_slots]; derived two-element arrays are conservative closed envelopes from monotone endpoint propagation, not point estimates; ratio envelopes use [numerator_lower/denominator_upper,numerator_upper/denominator_lower]"",""physical_capacity_amplification"":[1.4967511784940757,1.9957956427570391],""physical_memory_saving"":[0.331886278515492,0.4989466964570699],""s2_counterfactual_capacity"":{""bytes"":[137728475136,171787714560],""gib"":[128.26963806152344,159.98977661132812],""slots"":[7849,9790]},""status"":""BRACKETED""}",False,BRACKETED_CONSISTENT,MEASURED_PHYSICAL,EXACT_REPLAY,FIXED_ROUTE_COUNTERFACTUAL,accepted_checksum_linked,observer_semantic_order_44_of_44,True
04-factual-b1,factual / explanatory knowledge,1,STAGE_B2_ENDPOINT,True,False,0.6165081521739131,564.5,"[""073729885989877f935dbd76acc0f33da8d3c155366e89bf4e2f3365ac5ae7a4"",""8fe9d47113a48ffba219959ef527cefb1a3bbe6f6b40ee0374541e796fd2b1e7"",""baf8d7583175aa55eca8c7183608259bb2d30f350a8a643f8b40d4831a362786""]",7849,137728475136,"{""domain_floor_censored"":false,""lower_bytes"":171787714560,""lower_gib"":159.98977661132812,""lower_slots"":9790,""lower_value"":0.5909476902173914,""monotone"":true,""status"":""BRACKETED"",""target"":0.6165081521739131,""upper_bytes"":206145257472,""upper_gib"":191.98773193359375,""upper_slots"":11748,""upper_value"":0.629532523777174}","{""domain_floor_censored"":false,""lower_bytes"":171787714560,""lower_gib"":159.98977661132812,""lower_slots"":9790,""lower_value"":602.125,""monotone"":true,""status"":""BRACKETED"",""target"":564.5,""upper_bytes"":206145257472,""upper_gib"":191.98773193359375,""upper_slots"":11748,""upper_value"":545.328125}","{""domain_floor_censored"":false,""lower_bytes"":137728475136,""lower_gib"":128.26963806152344,""lower_slots"":7849,""lower_value"":0.6148416270380435,""monotone"":true,""status"":""BRACKETED"",""target"":0.6165081521739131,""upper_bytes"":171787714560,""upper_gib"":159.98977661132812,""upper_slots"":9790,""upper_value"":0.6569293478260869}","{""domain_floor_censored"":false,""lower_bytes"":137728475136,""lower_gib"":128.26963806152344,""lower_slots"":7849,""lower_value"":566.953125,""monotone"":true,""status"":""BRACKETED"",""target"":564.5,""upper_bytes"":171787714560,""upper_gib"":159.98977661132812,""upper_slots"":9790,""upper_value"":505.0}","[""0e04919aec7143dac60c510951e8211b6d8bc7f18e0f516439a7b3094bfa5dd5"",""18ab89a63b63f6c96a0e0aa4807fcf152aed251b441ab77a8b593bcb35929ba0""]","[""b87d9461ff503e2d13675b08d0362d5675ab8b6a2481e2d19ee46027d0b0ea9d""]","{""counterfactual_capacity_amplification"":[1.0,1.4967511784940757],""counterfactual_memory_saving"":[0.0,0.331886278515492],""exact_capacity"":{""bytes"":[171787714560,206145257472],""gib"":[159.98977661132812,191.98773193359375],""slots"":[9790,11748]},""interval_semantics"":""capacity threshold brackets are (lower_slots,upper_slots]; derived two-element arrays are conservative closed envelopes from monotone endpoint propagation, not point estimates; ratio envelopes use [numerator_lower/denominator_upper,numerator_upper/denominator_lower]"",""physical_capacity_amplification"":[1.247292648745063,1.4967511784940757],""physical_memory_saving"":[0.19826353421859044,0.331886278515492],""s2_counterfactual_capacity"":{""bytes"":[137728475136,171787714560],""gib"":[128.26963806152344,159.98977661132812],""slots"":[7849,9790]},""status"":""BRACKETED""}","{""counterfactual_capacity_amplification"":[1.0,1.4967511784940757],""counterfactual_memory_saving"":[0.0,0.331886278515492],""exact_capacity"":{""bytes"":[171787714560,206145257472],""gib"":[159.98977661132812,191.98773193359375],""slots"":[9790,11748]},""interval_semantics"":""capacity threshold brackets are (lower_slots,upper_slots]; derived two-element arrays are conservative closed envelopes from monotone endpoint propagation, not point estimates; ratio envelopes use [numerator_lower/denominator_upper,numerator_upper/denominator_lower]"",""physical_capacity_amplification"":[1.247292648745063,1.4967511784940757],""physical_memory_saving"":[0.19826353421859044,0.331886278515492],""s2_counterfactual_capacity"":{""bytes"":[137728475136,171787714560],""gib"":[128.26963806152344,159.98977661132812],""slots"":[7849,9790]},""status"":""BRACKETED""}",False,BRACKETED_CONSISTENT,MEASURED_PHYSICAL,EXACT_REPLAY,FIXED_ROUTE_COUNTERFACTUAL,accepted_checksum_linked,observer_semantic_order_44_of_44,True
04-factual-b2,factual / explanatory knowledge,2,STAGE_B_REPRESENTATIVE,False,False,0.6112113620923914,572.296875,"[""3879af6b3303e842172ac8d9b36bc2f01ab2e103b9d67efe84612766a1a0de4c"",""aa456f630f363596792a7e3fb45df87ce89b768ec2a083b3dc851746cb797923"",""baf8d7583175aa55eca8c7183608259bb2d30f350a8a643f8b40d4831a362786""]",7849,137728475136,"{""domain_floor_censored"":false,""lower_bytes"":171787714560,""lower_gib"":159.98977661132812,""lower_slots"":9790,""lower_value"":0.5907460088315217,""monotone"":true,""status"":""BRACKETED"",""target"":0.6112113620923914,""upper_bytes"":206145257472,""upper_gib"":191.98773193359375,""upper_slots"":11748,""upper_value"":0.6255838145380435}","{""domain_floor_censored"":false,""lower_bytes"":171787714560,""lower_gib"":159.98977661132812,""lower_slots"":9790,""lower_value"":602.421875,""monotone"":true,""status"":""BRACKETED"",""target"":572.296875,""upper_bytes"":206145257472,""upper_gib"":191.98773193359375,""upper_slots"":11748,""upper_value"":551.140625}","{""domain_floor_censored"":false,""lower_bytes"":103072628736,""lower_gib"":95.99386596679688,""lower_slots"":5874,""lower_value"":0.5735287873641305,""monotone"":true,""status"":""BRACKETED"",""target"":0.6112113620923914,""upper_bytes"":137430171648,""upper_gib"":127.9918212890625,""upper_slots"":7832,""upper_value"":0.6222826086956522}","{""domain_floor_censored"":false,""lower_bytes"":103072628736,""lower_gib"":95.99386596679688,""lower_slots"":5874,""lower_value"":627.765625,""monotone"":true,""status"":""BRACKETED"",""target"":572.296875,""upper_bytes"":137430171648,""upper_gib"":127.9918212890625,""upper_slots"":7832,""upper_value"":556.0}","[""18ab89a63b63f6c96a0e0aa4807fcf152aed251b441ab77a8b593bcb35929ba0"",""f0a795961cea21bb1a575c664ec21cbf1607f98f3e8f8bcc689da9440d59ae81""]","[""b87d9461ff503e2d13675b08d0362d5675ab8b6a2481e2d19ee46027d0b0ea9d""]","{""counterfactual_capacity_amplification"":[1.25,2.0],""counterfactual_memory_saving"":[0.19999999999999996,0.5],""exact_capacity"":{""bytes"":[171787714560,206145257472],""gib"":[159.98977661132812,191.98773193359375],""slots"":[9790,11748]},""interval_semantics"":""capacity threshold brackets are (lower_slots,upper_slots]; derived two-element arrays are conservative closed envelopes from monotone endpoint propagation, not point estimates; ratio envelopes use [numerator_lower/denominator_upper,numerator_upper/denominator_lower]"",""physical_capacity_amplification"":[1.247292648745063,1.4967511784940757],""physical_memory_saving"":[0.19826353421859044,0.331886278515492],""s2_counterfactual_capacity"":{""bytes"":[103072628736,137430171648],""gib"":[95.99386596679688,127.9918212890625],""slots"":[5874,7832]},""status"":""BRACKETED""}","{""counterfactual_capacity_amplification"":[1.25,2.0],""counterfactual_memory_saving"":[0.19999999999999996,0.5],""exact_capacity"":{""bytes"":[171787714560,206145257472],""gib"":[159.98977661132812,191.98773193359375],""slots"":[9790,11748]},""interval_semantics"":""capacity threshold brackets are (lower_slots,upper_slots]; derived two-element arrays are conservative closed envelopes from monotone endpoint propagation, not point estimates; ratio envelopes use [numerator_lower/denominator_upper,numerator_upper/denominator_lower]"",""physical_capacity_amplification"":[1.247292648745063,1.4967511784940757],""physical_memory_saving"":[0.19826353421859044,0.331886278515492],""s2_counterfactual_capacity"":{""bytes"":[103072628736,137430171648],""gib"":[95.99386596679688,127.9918212890625],""slots"":[5874,7832]},""status"":""BRACKETED""}",False,BRACKETED_CONSISTENT,MEASURED_PHYSICAL,EXACT_REPLAY,FIXED_ROUTE_COUNTERFACTUAL,accepted_checksum_linked,physical_EXACT_anchor_16_of_16,True
04-factual-b8,factual / explanatory knowledge,8,STAGE_B2_ENDPOINT,True,False,0.6083772078804348,576.46875,"[""295959564e3d1979e2cb9977237ace01d1ccec373b7a7ce2f1eabe499ad57333"",""80b82c8897b4e24b42b36fd8ef14af0849571b6688101a4effc6e39cac8f1968"",""baf8d7583175aa55eca8c7183608259bb2d30f350a8a643f8b40d4831a362786""]",7849,137728475136,"{""domain_floor_censored"":false,""lower_bytes"":171787714560,""lower_gib"":159.98977661132812,""lower_slots"":9790,""lower_value"":0.576522163722826,""monotone"":true,""status"":""BRACKETED"",""target"":0.6083772078804348,""upper_bytes"":206145257472,""upper_gib"":191.98773193359375,""upper_slots"":11748,""upper_value"":0.6084621263586957}","{""domain_floor_censored"":false,""lower_bytes"":171787714560,""lower_gib"":159.98977661132812,""lower_slots"":9790,""lower_value"":623.359375,""monotone"":true,""status"":""BRACKETED"",""target"":576.46875,""upper_bytes"":206145257472,""upper_gib"":191.98773193359375,""upper_slots"":11748,""upper_value"":576.34375}","{""domain_floor_censored"":false,""lower_bytes"":137728475136,""lower_gib"":128.26963806152344,""lower_slots"":7849,""lower_value"":0.606583305027174,""monotone"":true,""status"":""BRACKETED"",""target"":0.6083772078804348,""upper_bytes"":171787714560,""upper_gib"":159.98977661132812,""upper_slots"":9790,""upper_value"":0.6424507472826086}","{""domain_floor_censored"":false,""lower_bytes"":137728475136,""lower_gib"":128.26963806152344,""lower_slots"":7849,""lower_value"":579.109375,""monotone"":true,""status"":""BRACKETED"",""target"":576.46875,""upper_bytes"":171787714560,""upper_gib"":159.98977661132812,""upper_slots"":9790,""upper_value"":526.3125}","[""18ab89a63b63f6c96a0e0aa4807fcf152aed251b441ab77a8b593bcb35929ba0"",""8da137779e43af3b0c45d708b602a46242f00272d8783ef7d1458dd028a2eb73""]","[""b87d9461ff503e2d13675b08d0362d5675ab8b6a2481e2d19ee46027d0b0ea9d""]","{""counterfactual_capacity_amplification"":[1.0,1.4967511784940757],""counterfactual_memory_saving"":[0.0,0.331886278515492],""exact_capacity"":{""bytes"":[171787714560,206145257472],""gib"":[159.98977661132812,191.98773193359375],""slots"":[9790,11748]},""interval_semantics"":""capacity threshold brackets are (lower_slots,upper_slots]; derived two-element arrays are conservative closed envelopes from monotone endpoint propagation, not point estimates; ratio envelopes use [numerator_lower/denominator_upper,numerator_upper/denominator_lower]"",""physical_capacity_amplification"":[1.247292648745063,1.4967511784940757],""physical_memory_saving"":[0.19826353421859044,0.331886278515492],""s2_counterfactual_capacity"":{""bytes"":[137728475136,171787714560],""gib"":[128.26963806152344,159.98977661132812],""slots"":[7849,9790]},""status"":""BRACKETED""}","{""counterfactual_capacity_amplification"":[1.0,1.4967511784940757],""counterfactual_memory_saving"":[0.0,0.331886278515492],""exact_capacity"":{""bytes"":[171787714560,206145257472],""gib"":[159.98977661132812,191.98773193359375],""slots"":[9790,11748]},""interval_semantics"":""capacity threshold brackets are (lower_slots,upper_slots]; derived two-element arrays are conservative closed envelopes from monotone endpoint propagation, not point estimates; ratio envelopes use [numerator_lower/denominator_upper,numerator_upper/denominator_lower]"",""physical_capacity_amplification"":[1.247292648745063,1.4967511784940757],""physical_memory_saving"":[0.19826353421859044,0.331886278515492],""s2_counterfactual_capacity"":{""bytes"":[137728475136,171787714560],""gib"":[128.26963806152344,159.98977661132812],""slots"":[7849,9790]},""status"":""BRACKETED""}",False,BRACKETED_CONSISTENT,MEASURED_PHYSICAL,EXACT_REPLAY,FIXED_ROUTE_COUNTERFACTUAL,accepted_checksum_linked,observer_semantic_order_44_of_44,True
05-codegen-b1,code generation,1,STAGE_B2_ENDPOINT,True,False,0.6226859714673914,555.40625,"[""80b38dc58005a825ef7e75659a7915301f9297b2a19eb29b508f667d35281ee3"",""baf8d7583175aa55eca8c7183608259bb2d30f350a8a643f8b40d4831a362786"",""cd73d6f8d45e95019f01ae25e8d0148aafb23844c5e6c82140b3c0b1ba60be52""]",7849,137728475136,"{""domain_floor_censored"":false,""lower_bytes"":171787714560,""lower_gib"":159.98977661132812,""lower_slots"":9790,""lower_value"":0.5937924592391305,""monotone"":true,""status"":""BRACKETED"",""target"":0.6226859714673914,""upper_bytes"":206145257472,""upper_gib"":191.98773193359375,""upper_slots"":11748,""upper_value"":0.6468028192934783}","{""domain_floor_censored"":false,""lower_bytes"":171787714560,""lower_gib"":159.98977661132812,""lower_slots"":9790,""lower_value"":597.9375,""monotone"":true,""status"":""BRACKETED"",""target"":555.40625,""upper_bytes"":206145257472,""upper_gib"":191.98773193359375,""upper_slots"":11748,""upper_value"":519.90625}","{""domain_floor_censored"":false,""lower_bytes"":137728475136,""lower_gib"":128.26963806152344,""lower_slots"":7849,""lower_value"":0.6226328974184783,""monotone"":true,""status"":""BRACKETED"",""target"":0.6226859714673914,""upper_bytes"":171787714560,""upper_gib"":159.98977661132812,""upper_slots"":9790,""upper_value"":0.6729683254076086}","{""domain_floor_censored"":false,""lower_bytes"":137728475136,""lower_gib"":128.26963806152344,""lower_slots"":7849,""lower_value"":555.484375,""monotone"":true,""status"":""BRACKETED"",""target"":555.40625,""upper_bytes"":171787714560,""upper_gib"":159.98977661132812,""upper_slots"":9790,""upper_value"":481.390625}","[""18ab89a63b63f6c96a0e0aa4807fcf152aed251b441ab77a8b593bcb35929ba0"",""6c6f55624e99334f228a2934fbc75ff9fd5f892579f10295a373f073e0273d2c""]","[""b87d9461ff503e2d13675b08d0362d5675ab8b6a2481e2d19ee46027d0b0ea9d""]","{""counterfactual_capacity_amplification"":[1.0,1.4967511784940757],""counterfactual_memory_saving"":[0.0,0.331886278515492],""exact_capacity"":{""bytes"":[171787714560,206145257472],""gib"":[159.98977661132812,191.98773193359375],""slots"":[9790,11748]},""interval_semantics"":""capacity threshold brackets are (lower_slots,upper_slots]; derived two-element arrays are conservative closed envelopes from monotone endpoint propagation, not point estimates; ratio envelopes use [numerator_lower/denominator_upper,numerator_upper/denominator_lower]"",""physical_capacity_amplification"":[1.247292648745063,1.4967511784940757],""physical_memory_saving"":[0.19826353421859044,0.331886278515492],""s2_counterfactual_capacity"":{""bytes"":[137728475136,171787714560],""gib"":[128.26963806152344,159.98977661132812],""slots"":[7849,9790]},""status"":""BRACKETED""}","{""counterfactual_capacity_amplification"":[1.0,1.4967511784940757],""counterfactual_memory_saving"":[0.0,0.331886278515492],""exact_capacity"":{""bytes"":[171787714560,206145257472],""gib"":[159.98977661132812,191.98773193359375],""slots"":[9790,11748]},""interval_semantics"":""capacity threshold brackets are (lower_slots,upper_slots]; derived two-element arrays are conservative closed envelopes from monotone endpoint propagation, not point estimates; ratio envelopes use [numerator_lower/denominator_upper,numerator_upper/denominator_lower]"",""physical_capacity_amplification"":[1.247292648745063,1.4967511784940757],""physical_memory_saving"":[0.19826353421859044,0.331886278515492],""s2_counterfactual_capacity"":{""bytes"":[137728475136,171787714560],""gib"":[128.26963806152344,159.98977661132812],""slots"":[7849,9790]},""status"":""BRACKETED""}",False,BRACKETED_CONSISTENT,MEASURED_PHYSICAL,EXACT_REPLAY,FIXED_ROUTE_COUNTERFACTUAL,accepted_checksum_linked,observer_semantic_order_44_of_44,True
05-codegen-b5,code generation,5,STAGE_B_REPRESENTATIVE,False,False,0.6304560122282609,543.96875,"[""a8e4a0d030b9ee509335ec81e3bb8932ad35fe62d5b52d6c8a6299be798b3d86"",""baf8d7583175aa55eca8c7183608259bb2d30f350a8a643f8b40d4831a362786"",""e18749a557473711b759c244aefaa91668711188a5c00760430b257d1edc00cd""]",7849,137728475136,"{""domain_floor_censored"":false,""lower_bytes"":171787714560,""lower_gib"":159.98977661132812,""lower_slots"":9790,""lower_value"":0.6121136209239131,""monotone"":true,""status"":""BRACKETED"",""target"":0.6304560122282609,""upper_bytes"":206145257472,""upper_gib"":191.98773193359375,""upper_slots"":11748,""upper_value"":0.6503693953804348}","{""domain_floor_censored"":false,""lower_bytes"":171787714560,""lower_gib"":159.98977661132812,""lower_slots"":9790,""lower_value"":570.96875,""monotone"":true,""status"":""BRACKETED"",""target"":543.96875,""upper_bytes"":206145257472,""upper_gib"":191.98773193359375,""upper_slots"":11748,""upper_value"":514.65625}","{""domain_floor_censored"":false,""lower_bytes"":137430171648,""lower_gib"":127.9918212890625,""lower_slots"":7832,""lower_value"":0.6283224354619565,""monotone"":true,""status"":""BRACKETED"",""target"":0.6304560122282609,""upper_bytes"":137728475136,""upper_gib"":128.26963806152344,""upper_slots"":7849,""upper_value"":0.6308169157608695}","{""domain_floor_censored"":false,""lower_bytes"":137430171648,""lower_gib"":127.9918212890625,""lower_slots"":7832,""lower_value"":547.109375,""monotone"":true,""status"":""BRACKETED"",""target"":543.96875,""upper_bytes"":137728475136,""upper_gib"":128.26963806152344,""upper_slots"":7849,""upper_value"":543.4375}","[""18ab89a63b63f6c96a0e0aa4807fcf152aed251b441ab77a8b593bcb35929ba0"",""76eac0bc80147e7a7bec21b268fa0882ea0c1fb64bf19a88a92d49cd407d3fed""]","[""b87d9461ff503e2d13675b08d0362d5675ab8b6a2481e2d19ee46027d0b0ea9d""]","{""counterfactual_capacity_amplification"":[1.247292648745063,1.5],""counterfactual_memory_saving"":[0.19826353421859044,0.33333333333333337],""exact_capacity"":{""bytes"":[171787714560,206145257472],""gib"":[159.98977661132812,191.98773193359375],""slots"":[9790,11748]},""interval_semantics"":""capacity threshold brackets are (lower_slots,upper_slots]; derived two-element arrays are conservative closed envelopes from monotone endpoint propagation, not point estimates; ratio envelopes use [numerator_lower/denominator_upper,numerator_upper/denominator_lower]"",""physical_capacity_amplification"":[1.247292648745063,1.4967511784940757],""physical_memory_saving"":[0.19826353421859044,0.331886278515492],""s2_counterfactual_capacity"":{""bytes"":[137430171648,137728475136],""gib"":[127.9918212890625,128.26963806152344],""slots"":[7832,7849]},""status"":""BRACKETED""}","{""counterfactual_capacity_amplification"":[1.247292648745063,1.5],""counterfactual_memory_saving"":[0.19826353421859044,0.33333333333333337],""exact_capacity"":{""bytes"":[171787714560,206145257472],""gib"":[159.98977661132812,191.98773193359375],""slots"":[9790,11748]},""interval_semantics"":""capacity threshold brackets are (lower_slots,upper_slots]; derived two-element arrays are conservative closed envelopes from monotone endpoint propagation, not point estimates; ratio envelopes use [numerator_lower/denominator_upper,numerator_upper/denominator_lower]"",""physical_capacity_amplification"":[1.247292648745063,1.4967511784940757],""physical_memory_saving"":[0.19826353421859044,0.331886278515492],""s2_counterfactual_capacity"":{""bytes"":[137430171648,137728475136],""gib"":[127.9918212890625,128.26963806152344],""slots"":[7832,7849]},""status"":""BRACKETED""}",False,BRACKETED_CONSISTENT,MEASURED_PHYSICAL,EXACT_REPLAY,FIXED_ROUTE_COUNTERFACTUAL,accepted_checksum_linked,physical_EXACT_anchor_16_of_16,True
05-codegen-b8,code generation,8,STAGE_B2_ENDPOINT,True,False,0.6326108186141305,540.796875,"[""0a33a1d680c6d10a91734febcc9c34779dfe1558d1e7e937ab0a40d877b2e901"",""88c46b241c262366249feb8fbd3d4ada8ac677e287751a60bbd31f9e738c62b9"",""baf8d7583175aa55eca8c7183608259bb2d30f350a8a643f8b40d4831a362786""]",7849,137728475136,"{""domain_floor_censored"":false,""lower_bytes"":171787714560,""lower_gib"":159.98977661132812,""lower_slots"":9790,""lower_value"":0.6068592900815217,""monotone"":true,""status"":""BRACKETED"",""target"":0.6326108186141305,""upper_bytes"":206145257472,""upper_gib"":191.98773193359375,""upper_slots"":11748,""upper_value"":0.6552309782608695}","{""domain_floor_censored"":false,""lower_bytes"":171787714560,""lower_gib"":159.98977661132812,""lower_slots"":9790,""lower_value"":578.703125,""monotone"":true,""status"":""BRACKETED"",""target"":540.796875,""upper_bytes"":206145257472,""upper_gib"":191.98773193359375,""upper_slots"":11748,""upper_value"":507.5}","{""domain_floor_censored"":false,""lower_bytes"":137430171648,""lower_gib"":127.9918212890625,""lower_slots"":7832,""lower_value"":0.6323666779891305,""monotone"":true,""status"":""BRACKETED"",""target"":0.6326108186141305,""upper_bytes"":137728475136,""upper_gib"":128.26963806152344,""upper_slots"":7849,""upper_value"":0.6326426630434783}","{""domain_floor_censored"":false,""lower_bytes"":137430171648,""lower_gib"":127.9918212890625,""lower_slots"":7832,""lower_value"":541.15625,""monotone"":true,""status"":""BRACKETED"",""target"":540.796875,""upper_bytes"":137728475136,""upper_gib"":128.26963806152344,""upper_slots"":7849,""upper_value"":540.75}","[""18ab89a63b63f6c96a0e0aa4807fcf152aed251b441ab77a8b593bcb35929ba0"",""6d340743af8075222c0e12684b4403723d5bbb494cf56450da83f62b1ae1854c""]","[""b87d9461ff503e2d13675b08d0362d5675ab8b6a2481e2d19ee46027d0b0ea9d""]","{""counterfactual_capacity_amplification"":[1.247292648745063,1.5],""counterfactual_memory_saving"":[0.19826353421859044,0.33333333333333337],""exact_capacity"":{""bytes"":[171787714560,206145257472],""gib"":[159.98977661132812,191.98773193359375],""slots"":[9790,11748]},""interval_semantics"":""capacity threshold brackets are (lower_slots,upper_slots]; derived two-element arrays are conservative closed envelopes from monotone endpoint propagation, not point estimates; ratio envelopes use [numerator_lower/denominator_upper,numerator_upper/denominator_lower]"",""physical_capacity_amplification"":[1.247292648745063,1.4967511784940757],""physical_memory_saving"":[0.19826353421859044,0.331886278515492],""s2_counterfactual_capacity"":{""bytes"":[137430171648,137728475136],""gib"":[127.9918212890625,128.26963806152344],""slots"":[7832,7849]},""status"":""BRACKETED""}","{""counterfactual_capacity_amplification"":[1.247292648745063,1.5],""counterfactual_memory_saving"":[0.19826353421859044,0.33333333333333337],""exact_capacity"":{""bytes"":[171787714560,206145257472],""gib"":[159.98977661132812,191.98773193359375],""slots"":[9790,11748]},""interval_semantics"":""capacity threshold brackets are (lower_slots,upper_slots]; derived two-element arrays are conservative closed envelopes from monotone endpoint propagation, not point estimates; ratio envelopes use [numerator_lower/denominator_upper,numerator_upper/denominator_lower]"",""physical_capacity_amplification"":[1.247292648745063,1.4967511784940757],""physical_memory_saving"":[0.19826353421859044,0.331886278515492],""s2_counterfactual_capacity"":{""bytes"":[137430171648,137728475136],""gib"":[127.9918212890625,128.26963806152344],""slots"":[7832,7849]},""status"":""BRACKETED""}",False,BRACKETED_CONSISTENT,MEASURED_PHYSICAL,EXACT_REPLAY,FIXED_ROUTE_COUNTERFACTUAL,accepted_checksum_linked,observer_semantic_order_44_of_44,True
06-debug-b1,debugging / code review,1,STAGE_B2_ENDPOINT,True,False,0.6355723505434783,536.4375,"[""18fa7e10cad82c40e12f48255ddce5a145d2a66d89b59fe0d7c12c54c62618db"",""baf8d7583175aa55eca8c7183608259bb2d30f350a8a643f8b40d4831a362786"",""c0399f3f1e7ff85cd252bd0065b8664a73d64307aa886c077b42a460236d566b""]",7849,137728475136,"{""domain_floor_censored"":false,""lower_bytes"":206145257472,""lower_gib"":191.98773193359375,""lower_slots"":11748,""lower_value"":0.6218898607336957,""monotone"":true,""status"":""BRACKETED"",""target"":0.6355723505434783,""upper_bytes"":274877890560,""upper_gib"":255.99998474121094,""upper_slots"":15665,""upper_value"":0.6631177819293478}","{""domain_floor_censored"":false,""lower_bytes"":206145257472,""lower_gib"":191.98773193359375,""lower_slots"":11748,""lower_value"":556.578125,""monotone"":true,""status"":""BRACKETED"",""target"":536.4375,""upper_bytes"":274877890560,""upper_gib"":255.99998474121094,""upper_slots"":15665,""upper_value"":495.890625}","{""domain_floor_censored"":false,""lower_bytes"":137728475136,""lower_gib"":128.26963806152344,""lower_slots"":7849,""lower_value"":0.6348293138586957,""monotone"":true,""status"":""BRACKETED"",""target"":0.6355723505434783,""upper_bytes"":171787714560,""upper_gib"":159.98977661132812,""upper_slots"":9790,""upper_value"":0.6579165251358695}","{""domain_floor_censored"":false,""lower_bytes"":137728475136,""lower_gib"":128.26963806152344,""lower_slots"":7849,""lower_value"":537.53125,""monotone"":true,""status"":""BRACKETED"",""target"":536.4375,""upper_bytes"":171787714560,""upper_gib"":159.98977661132812,""upper_slots"":9790,""upper_value"":503.546875}","[""18ab89a63b63f6c96a0e0aa4807fcf152aed251b441ab77a8b593bcb35929ba0"",""91d086139252d7555304b75faf04e624b1d873be0d379679bde30fceccc3b521""]","[""b87d9461ff503e2d13675b08d0362d5675ab8b6a2481e2d19ee46027d0b0ea9d""]","{""counterfactual_capacity_amplification"":[1.2,1.9957956427570391],""counterfactual_memory_saving"":[0.16666666666666663,0.4989466964570699],""exact_capacity"":{""bytes"":[206145257472,274877890560],""gib"":[191.98773193359375,255.99998474121094],""slots"":[11748,15665]},""interval_semantics"":""capacity threshold brackets are (lower_slots,upper_slots]; derived two-element arrays are conservative closed envelopes from monotone endpoint propagation, not point estimates; ratio envelopes use [numerator_lower/denominator_upper,numerator_upper/denominator_lower]"",""physical_capacity_amplification"":[1.4967511784940757,1.9957956427570391],""physical_memory_saving"":[0.331886278515492,0.4989466964570699],""s2_counterfactual_capacity"":{""bytes"":[137728475136,171787714560],""gib"":[128.26963806152344,159.98977661132812],""slots"":[7849,9790]},""status"":""BRACKETED""}","{""counterfactual_capacity_amplification"":[1.2,1.9957956427570391],""counterfactual_memory_saving"":[0.16666666666666663,0.4989466964570699],""exact_capacity"":{""bytes"":[206145257472,274877890560],""gib"":[191.98773193359375,255.99998474121094],""slots"":[11748,15665]},""interval_semantics"":""capacity threshold brackets are (lower_slots,upper_slots]; derived two-element arrays are conservative closed envelopes from monotone endpoint propagation, not point estimates; ratio envelopes use [numerator_lower/denominator_upper,numerator_upper/denominator_lower]"",""physical_capacity_amplification"":[1.4967511784940757,1.9957956427570391],""physical_memory_saving"":[0.331886278515492,0.4989466964570699],""s2_counterfactual_capacity"":{""bytes"":[137728475136,171787714560],""gib"":[128.26963806152344,159.98977661132812],""slots"":[7849,9790]},""status"":""BRACKETED""}",False,BRACKETED_CONSISTENT,MEASURED_PHYSICAL,EXACT_REPLAY,FIXED_ROUTE_COUNTERFACTUAL,accepted_checksum_linked,observer_semantic_order_44_of_44,True
06-debug-b4,debugging / code review,4,STAGE_B_REPRESENTATIVE,False,False,0.6428647248641305,525.703125,"[""50246a918beb9b6cf8072aeddd6bf4add5574cd66200e9b2b79edac7ef9736fc"",""baf8d7583175aa55eca8c7183608259bb2d30f350a8a643f8b40d4831a362786"",""be2ab33736c071bfeccf95b73eff647ef05e2135ab7da2c504d7b53e7d64feff""]",7849,137728475136,"{""domain_floor_censored"":false,""lower_bytes"":137728475136,""lower_gib"":128.26963806152344,""lower_slots"":7849,""lower_value"":0.6233334748641305,""monotone"":true,""status"":""BRACKETED"",""target"":0.6428647248641305,""upper_bytes"":171787714560,""upper_gib"":159.98977661132812,""upper_slots"":9790,""upper_value"":0.6550080672554348}","{""domain_floor_censored"":false,""lower_bytes"":137728475136,""lower_gib"":128.26963806152344,""lower_slots"":7849,""lower_value"":554.453125,""monotone"":true,""status"":""BRACKETED"",""target"":525.703125,""upper_bytes"":171787714560,""upper_gib"":159.98977661132812,""upper_slots"":9790,""upper_value"":507.828125}","{""domain_floor_censored"":false,""lower_bytes"":68715085824,""lower_gib"":63.99591064453125,""lower_slots"":3916,""lower_value"":0.5649732506793478,""monotone"":true,""status"":""BRACKETED"",""target"":0.6428647248641305,""upper_bytes"":103072628736,""upper_gib"":95.99386596679688,""upper_slots"":5874,""upper_value"":0.6447966202445652}","{""domain_floor_censored"":false,""lower_bytes"":68715085824,""lower_gib"":63.99591064453125,""lower_slots"":3916,""lower_value"":640.359375,""monotone"":true,""status"":""BRACKETED"",""target"":525.703125,""upper_bytes"":103072628736,""upper_gib"":95.99386596679688,""upper_slots"":5874,""upper_value"":522.859375}","[""18ab89a63b63f6c96a0e0aa4807fcf152aed251b441ab77a8b593bcb35929ba0"",""50c542f24657df86cdf1b83385335e40eeb850f676142cbd8b0abb3e7f58fe1e""]","[""b87d9461ff503e2d13675b08d0362d5675ab8b6a2481e2d19ee46027d0b0ea9d""]","{""counterfactual_capacity_amplification"":[1.336227442969016,2.5],""counterfactual_memory_saving"":[0.25162441075296216,0.6],""exact_capacity"":{""bytes"":[137728475136,171787714560],""gib"":[128.26963806152344,159.98977661132812],""slots"":[7849,9790]},""interval_semantics"":""capacity threshold brackets are (lower_slots,upper_slots]; derived two-element arrays are conservative closed envelopes from monotone endpoint propagation, not point estimates; ratio envelopes use [numerator_lower/denominator_upper,numerator_upper/denominator_lower]"",""physical_capacity_amplification"":[1.0,1.247292648745063],""physical_memory_saving"":[0.0,0.19826353421859044],""s2_counterfactual_capacity"":{""bytes"":[68715085824,103072628736],""gib"":[63.99591064453125,95.99386596679688],""slots"":[3916,5874]},""status"":""BRACKETED""}","{""counterfactual_capacity_amplification"":[1.336227442969016,2.5],""counterfactual_memory_saving"":[0.25162441075296216,0.6],""exact_capacity"":{""bytes"":[137728475136,171787714560],""gib"":[128.26963806152344,159.98977661132812],""slots"":[7849,9790]},""interval_semantics"":""capacity threshold brackets are (lower_slots,upper_slots]; derived two-element arrays are conservative closed envelopes from monotone endpoint propagation, not point estimates; ratio envelopes use [numerator_lower/denominator_upper,numerator_upper/denominator_lower]"",""physical_capacity_amplification"":[1.0,1.247292648745063],""physical_memory_saving"":[0.0,0.19826353421859044],""s2_counterfactual_capacity"":{""bytes"":[68715085824,103072628736],""gib"":[63.99591064453125,95.99386596679688],""slots"":[3916,5874]},""status"":""BRACKETED""}",False,BRACKETED_CONSISTENT,MEASURED_PHYSICAL,EXACT_REPLAY,FIXED_ROUTE_COUNTERFACTUAL,accepted_checksum_linked,physical_EXACT_anchor_16_of_16,True
06-debug-b8,debugging / code review,8,STAGE_B2_ENDPOINT,True,False,0.6616741677989131,498.015625,"[""4b0a5d2d5c4b714cab638740dc322f9af05d3147664d3e442bda2708a1354b7f"",""a27c33629c7655bbff019e235149d9171f47ceee5ddb7248cde72871358075cf"",""baf8d7583175aa55eca8c7183608259bb2d30f350a8a643f8b40d4831a362786""]",7849,137728475136,"{""domain_floor_censored"":false,""lower_bytes"":171787714560,""lower_gib"":159.98977661132812,""lower_slots"":9790,""lower_value"":0.6384914232336957,""monotone"":true,""status"":""BRACKETED"",""target"":0.6616741677989131,""upper_bytes"":206145257472,""upper_gib"":191.98773193359375,""upper_slots"":11748,""upper_value"":0.6751337466032609}","{""domain_floor_censored"":false,""lower_bytes"":171787714560,""lower_gib"":159.98977661132812,""lower_slots"":9790,""lower_value"":532.140625,""monotone"":true,""status"":""BRACKETED"",""target"":498.015625,""upper_bytes"":206145257472,""upper_gib"":191.98773193359375,""upper_slots"":11748,""upper_value"":478.203125}","{""domain_floor_censored"":false,""lower_bytes"":137728475136,""lower_gib"":128.26963806152344,""lower_slots"":7849,""lower_value"":0.6610691236413043,""monotone"":true,""status"":""BRACKETED"",""target"":0.6616741677989131,""upper_bytes"":171787714560,""upper_gib"":159.98977661132812,""upper_slots"":9790,""upper_value"":0.7085173233695652}","{""domain_floor_censored"":false,""lower_bytes"":137728475136,""lower_gib"":128.26963806152344,""lower_slots"":7849,""lower_value"":498.90625,""monotone"":true,""status"":""BRACKETED"",""target"":498.015625,""upper_bytes"":171787714560,""upper_gib"":159.98977661132812,""upper_slots"":9790,""upper_value"":429.0625}","[""18ab89a63b63f6c96a0e0aa4807fcf152aed251b441ab77a8b593bcb35929ba0"",""82e9e16c2c76c7ccbe57ef73083b9a0122a506b03289db1c78525afaed3c8d15""]","[""b87d9461ff503e2d13675b08d0362d5675ab8b6a2481e2d19ee46027d0b0ea9d""]","{""counterfactual_capacity_amplification"":[1.0,1.4967511784940757],""counterfactual_memory_saving"":[0.0,0.331886278515492],""exact_capacity"":{""bytes"":[171787714560,206145257472],""gib"":[159.98977661132812,191.98773193359375],""slots"":[9790,11748]},""interval_semantics"":""capacity threshold brackets are (lower_slots,upper_slots]; derived two-element arrays are conservative closed envelopes from monotone endpoint propagation, not point estimates; ratio envelopes use [numerator_lower/denominator_upper,numerator_upper/denominator_lower]"",""physical_capacity_amplification"":[1.247292648745063,1.4967511784940757],""physical_memory_saving"":[0.19826353421859044,0.331886278515492],""s2_counterfactual_capacity"":{""bytes"":[137728475136,171787714560],""gib"":[128.26963806152344,159.98977661132812],""slots"":[7849,9790]},""status"":""BRACKETED""}","{""counterfactual_capacity_amplification"":[1.0,1.4967511784940757],""counterfactual_memory_saving"":[0.0,0.331886278515492],""exact_capacity"":{""bytes"":[171787714560,206145257472],""gib"":[159.98977661132812,191.98773193359375],""slots"":[9790,11748]},""interval_semantics"":""capacity threshold brackets are (lower_slots,upper_slots]; derived two-element arrays are conservative closed envelopes from monotone endpoint propagation, not point estimates; ratio envelopes use [numerator_lower/denominator_upper,numerator_upper/denominator_lower]"",""physical_capacity_amplification"":[1.247292648745063,1.4967511784940757],""physical_memory_saving"":[0.19826353421859044,0.331886278515492],""s2_counterfactual_capacity"":{""bytes"":[137728475136,171787714560],""gib"":[128.26963806152344,159.98977661132812],""slots"":[7849,9790]},""status"":""BRACKETED""}",False,BRACKETED_CONSISTENT,MEASURED_PHYSICAL,EXACT_REPLAY,FIXED_ROUTE_COUNTERFACTUAL,accepted_checksum_linked,observer_semantic_order_44_of_44,True
07-algorithms-b1,algorithms / data-structure reasoning,1,STAGE_B2_ENDPOINT,True,False,0.62060546875,558.46875,"[""a373e1c4c0e8fbf647bdb06983b2137809ae87a81e4a16d53ad0b3d97b9f6756"",""baf8d7583175aa55eca8c7183608259bb2d30f350a8a643f8b40d4831a362786"",""ee656bb3a58c23ac9d7f5abeb982734efa897ab25bf4eb8560af5d4fd14393a3""]",7849,137728475136,"{""domain_floor_censored"":false,""lower_bytes"":171787714560,""lower_gib"":159.98977661132812,""lower_slots"":9790,""lower_value"":0.59521484375,""monotone"":true,""status"":""BRACKETED"",""target"":0.62060546875,""upper_bytes"":206145257472,""upper_gib"":191.98773193359375,""upper_slots"":11748,""upper_value"":0.6292989979619565}","{""domain_floor_censored"":false,""lower_bytes"":171787714560,""lower_gib"":159.98977661132812,""lower_slots"":9790,""lower_value"":595.84375,""monotone"":true,""status"":""BRACKETED"",""target"":558.46875,""upper_bytes"":206145257472,""upper_gib"":191.98773193359375,""upper_slots"":11748,""upper_value"":545.671875}","{""domain_floor_censored"":false,""lower_bytes"":103072628736,""lower_gib"":95.99386596679688,""lower_slots"":5874,""lower_value"":0.577987007472826,""monotone"":true,""status"":""BRACKETED"",""target"":0.62060546875,""upper_bytes"":137430171648,""upper_gib"":127.9918212890625,""upper_slots"":7832,""upper_value"":0.6249150815217391}","{""domain_floor_censored"":false,""lower_bytes"":103072628736,""lower_gib"":95.99386596679688,""lower_slots"":5874,""lower_value"":621.203125,""monotone"":true,""status"":""BRACKETED"",""target"":558.46875,""upper_bytes"":137430171648,""upper_gib"":127.9918212890625,""upper_slots"":7832,""upper_value"":552.125}","[""00974cfe319a79901de6322aeea32ce0205e2a84e1a783ab767c9171b2af400f"",""18ab89a63b63f6c96a0e0aa4807fcf152aed251b441ab77a8b593bcb35929ba0""]","[""b87d9461ff503e2d13675b08d0362d5675ab8b6a2481e2d19ee46027d0b0ea9d""]","{""counterfactual_capacity_amplification"":[1.25,2.0],""counterfactual_memory_saving"":[0.19999999999999996,0.5],""exact_capacity"":{""bytes"":[171787714560,206145257472],""gib"":[159.98977661132812,191.98773193359375],""slots"":[9790,11748]},""interval_semantics"":""capacity threshold brackets are (lower_slots,upper_slots]; derived two-element arrays are conservative closed envelopes from monotone endpoint propagation, not point estimates; ratio envelopes use [numerator_lower/denominator_upper,numerator_upper/denominator_lower]"",""physical_capacity_amplification"":[1.247292648745063,1.4967511784940757],""physical_memory_saving"":[0.19826353421859044,0.331886278515492],""s2_counterfactual_capacity"":{""bytes"":[103072628736,137430171648],""gib"":[95.99386596679688,127.9918212890625],""slots"":[5874,7832]},""status"":""BRACKETED""}","{""counterfactual_capacity_amplification"":[1.25,2.0],""counterfactual_memory_saving"":[0.19999999999999996,0.5],""exact_capacity"":{""bytes"":[171787714560,206145257472],""gib"":[159.98977661132812,191.98773193359375],""slots"":[9790,11748]},""interval_semantics"":""capacity threshold brackets are (lower_slots,upper_slots]; derived two-element arrays are conservative closed envelopes from monotone endpoint propagation, not point estimates; ratio envelopes use [numerator_lower/denominator_upper,numerator_upper/denominator_lower]"",""physical_capacity_amplification"":[1.247292648745063,1.4967511784940757],""physical_memory_saving"":[0.19826353421859044,0.331886278515492],""s2_counterfactual_capacity"":{""bytes"":[103072628736,137430171648],""gib"":[95.99386596679688,127.9918212890625],""slots"":[5874,7832]},""status"":""BRACKETED""}",False,BRACKETED_CONSISTENT,MEASURED_PHYSICAL,EXACT_REPLAY,FIXED_ROUTE_COUNTERFACTUAL,accepted_checksum_linked,observer_semantic_order_44_of_44,True
07-algorithms-b2,algorithms / data-structure reasoning,2,STAGE_B_REPRESENTATIVE,False,False,0.6328761888586957,540.40625,"[""23223f48b2c90d73e5fc4737d56bcd42352b7bc6573a6e430f20baf61dc705c4"",""a54189257b11efd8dd789be86c7475865ff6d8e2bed1adf2a1d754235df9810d"",""baf8d7583175aa55eca8c7183608259bb2d30f350a8a643f8b40d4831a362786""]",7849,137728475136,"{""domain_floor_censored"":false,""lower_bytes"":171787714560,""lower_gib"":159.98977661132812,""lower_slots"":9790,""lower_value"":0.6026239809782609,""monotone"":true,""status"":""BRACKETED"",""target"":0.6328761888586957,""upper_bytes"":206145257472,""upper_gib"":191.98773193359375,""upper_slots"":11748,""upper_value"":0.6329292629076086}","{""domain_floor_censored"":false,""lower_bytes"":171787714560,""lower_gib"":159.98977661132812,""lower_slots"":9790,""lower_value"":584.9375,""monotone"":true,""status"":""BRACKETED"",""target"":540.40625,""upper_bytes"":206145257472,""upper_gib"":191.98773193359375,""upper_slots"":11748,""upper_value"":540.328125}","{""domain_floor_censored"":false,""lower_bytes"":103072628736,""lower_gib"":95.99386596679688,""lower_slots"":5874,""lower_value"":0.5930069633152174,""monotone"":true,""status"":""BRACKETED"",""target"":0.6328761888586957,""upper_bytes"":137430171648,""upper_gib"":127.9918212890625,""upper_slots"":7832,""upper_value"":0.6367081351902174}","{""domain_floor_censored"":false,""lower_bytes"":103072628736,""lower_gib"":95.99386596679688,""lower_slots"":5874,""lower_value"":599.09375,""monotone"":true,""status"":""BRACKETED"",""target"":540.40625,""upper_bytes"":137430171648,""upper_gib"":127.9918212890625,""upper_slots"":7832,""upper_value"":534.765625}","[""18ab89a63b63f6c96a0e0aa4807fcf152aed251b441ab77a8b593bcb35929ba0"",""20af69ef77e69f48779e0f6e38c9254e9127b3aba0917aa53f827d5d533a33a9""]","[""b87d9461ff503e2d13675b08d0362d5675ab8b6a2481e2d19ee46027d0b0ea9d""]","{""counterfactual_capacity_amplification"":[1.25,2.0],""counterfactual_memory_saving"":[0.19999999999999996,0.5],""exact_capacity"":{""bytes"":[171787714560,206145257472],""gib"":[159.98977661132812,191.98773193359375],""slots"":[9790,11748]},""interval_semantics"":""capacity threshold brackets are (lower_slots,upper_slots]; derived two-element arrays are conservative closed envelopes from monotone endpoint propagation, not point estimates; ratio envelopes use [numerator_lower/denominator_upper,numerator_upper/denominator_lower]"",""physical_capacity_amplification"":[1.247292648745063,1.4967511784940757],""physical_memory_saving"":[0.19826353421859044,0.331886278515492],""s2_counterfactual_capacity"":{""bytes"":[103072628736,137430171648],""gib"":[95.99386596679688,127.9918212890625],""slots"":[5874,7832]},""status"":""BRACKETED""}","{""counterfactual_capacity_amplification"":[1.25,2.0],""counterfactual_memory_saving"":[0.19999999999999996,0.5],""exact_capacity"":{""bytes"":[171787714560,206145257472],""gib"":[159.98977661132812,191.98773193359375],""slots"":[9790,11748]},""interval_semantics"":""capacity threshold brackets are (lower_slots,upper_slots]; derived two-element arrays are conservative closed envelopes from monotone endpoint propagation, not point estimates; ratio envelopes use [numerator_lower/denominator_upper,numerator_upper/denominator_lower]"",""physical_capacity_amplification"":[1.247292648745063,1.4967511784940757],""physical_memory_saving"":[0.19826353421859044,0.331886278515492],""s2_counterfactual_capacity"":{""bytes"":[103072628736,137430171648],""gib"":[95.99386596679688,127.9918212890625],""slots"":[5874,7832]},""status"":""BRACKETED""}",False,BRACKETED_CONSISTENT,MEASURED_PHYSICAL,EXACT_REPLAY,FIXED_ROUTE_COUNTERFACTUAL,accepted_checksum_linked,physical_EXACT_anchor_16_of_16,True
07-algorithms-b8,algorithms / data-structure reasoning,8,STAGE_B2_ENDPOINT,True,False,0.6264011548913043,549.9375,"[""0f2e3d34ee9e54c3810d644ba5b1bbd5666605890f721527afdecc2b7c9edd0a"",""39deeb110eb0dd56bd7055838e7de06bd32f39527752c04eea791cd3790a5f6a"",""baf8d7583175aa55eca8c7183608259bb2d30f350a8a643f8b40d4831a362786""]",7849,137728475136,"{""domain_floor_censored"":false,""lower_bytes"":171787714560,""lower_gib"":159.98977661132812,""lower_slots"":9790,""lower_value"":0.6041737432065217,""monotone"":true,""status"":""BRACKETED"",""target"":0.6264011548913043,""upper_bytes"":206145257472,""upper_gib"":191.98773193359375,""upper_slots"":11748,""upper_value"":0.6312202785326086}","{""domain_floor_censored"":false,""lower_bytes"":171787714560,""lower_gib"":159.98977661132812,""lower_slots"":9790,""lower_value"":582.65625,""monotone"":true,""status"":""BRACKETED"",""target"":549.9375,""upper_bytes"":206145257472,""upper_gib"":191.98773193359375,""upper_slots"":11748,""upper_value"":542.84375}","{""domain_floor_censored"":false,""lower_bytes"":103072628736,""lower_gib"":95.99386596679688,""lower_slots"":5874,""lower_value"":0.5648458729619565,""monotone"":true,""status"":""BRACKETED"",""target"":0.6264011548913043,""upper_bytes"":137430171648,""upper_gib"":127.9918212890625,""upper_slots"":7832,""upper_value"":0.6274307914402174}","{""domain_floor_censored"":false,""lower_bytes"":103072628736,""lower_gib"":95.99386596679688,""lower_slots"":5874,""lower_value"":640.546875,""monotone"":true,""status"":""BRACKETED"",""target"":549.9375,""upper_bytes"":137430171648,""upper_gib"":127.9918212890625,""upper_slots"":7832,""upper_value"":548.421875}","[""18ab89a63b63f6c96a0e0aa4807fcf152aed251b441ab77a8b593bcb35929ba0"",""25f282940d91c9adcefccf1c86955ce69bbdd033b49fb0460285791af70b4230""]","[""b87d9461ff503e2d13675b08d0362d5675ab8b6a2481e2d19ee46027d0b0ea9d""]","{""counterfactual_capacity_amplification"":[1.25,2.0],""counterfactual_memory_saving"":[0.19999999999999996,0.5],""exact_capacity"":{""bytes"":[171787714560,206145257472],""gib"":[159.98977661132812,191.98773193359375],""slots"":[9790,11748]},""interval_semantics"":""capacity threshold brackets are (lower_slots,upper_slots]; derived two-element arrays are conservative closed envelopes from monotone endpoint propagation, not point estimates; ratio envelopes use [numerator_lower/denominator_upper,numerator_upper/denominator_lower]"",""physical_capacity_amplification"":[1.247292648745063,1.4967511784940757],""physical_memory_saving"":[0.19826353421859044,0.331886278515492],""s2_counterfactual_capacity"":{""bytes"":[103072628736,137430171648],""gib"":[95.99386596679688,127.9918212890625],""slots"":[5874,7832]},""status"":""BRACKETED""}","{""counterfactual_capacity_amplification"":[1.25,2.0],""counterfactual_memory_saving"":[0.19999999999999996,0.5],""exact_capacity"":{""bytes"":[171787714560,206145257472],""gib"":[159.98977661132812,191.98773193359375],""slots"":[9790,11748]},""interval_semantics"":""capacity threshold brackets are (lower_slots,upper_slots]; derived two-element arrays are conservative closed envelopes from monotone endpoint propagation, not point estimates; ratio envelopes use [numerator_lower/denominator_upper,numerator_upper/denominator_lower]"",""physical_capacity_amplification"":[1.247292648745063,1.4967511784940757],""physical_memory_saving"":[0.19826353421859044,0.331886278515492],""s2_counterfactual_capacity"":{""bytes"":[103072628736,137430171648],""gib"":[95.99386596679688,127.9918212890625],""slots"":[5874,7832]},""status"":""BRACKETED""}",False,BRACKETED_CONSISTENT,MEASURED_PHYSICAL,EXACT_REPLAY,FIXED_ROUTE_COUNTERFACTUAL,accepted_checksum_linked,observer_semantic_order_44_of_44,True
08-summary-b1,summarization / synthesis,1,STAGE_B2_ENDPOINT,True,False,0.594832710597826,596.40625,"[""120a58f6147228ff20c4363212e25d093181f666c67661c28e11443a7f37a0bd"",""9352ba29c885320ec14114576c4d31126c7027aa890ce0f5053ab24cdd8f2211"",""baf8d7583175aa55eca8c7183608259bb2d30f350a8a643f8b40d4831a362786""]",7849,137728475136,"{""domain_floor_censored"":false,""lower_bytes"":171787714560,""lower_gib"":159.98977661132812,""lower_slots"":9790,""lower_value"":0.5699409816576086,""monotone"":true,""status"":""BRACKETED"",""target"":0.594832710597826,""upper_bytes"":206145257472,""upper_gib"":191.98773193359375,""upper_slots"":11748,""upper_value"":0.6024541440217391}","{""domain_floor_censored"":false,""lower_bytes"":171787714560,""lower_gib"":159.98977661132812,""lower_slots"":9790,""lower_value"":633.046875,""monotone"":true,""status"":""BRACKETED"",""target"":596.40625,""upper_bytes"":206145257472,""upper_gib"":191.98773193359375,""upper_slots"":11748,""upper_value"":585.1875}","{""domain_floor_censored"":false,""lower_bytes"":103072628736,""lower_gib"":95.99386596679688,""lower_slots"":5874,""lower_value"":0.5516941236413043,""monotone"":true,""status"":""BRACKETED"",""target"":0.594832710597826,""upper_bytes"":137430171648,""upper_gib"":127.9918212890625,""upper_slots"":7832,""upper_value"":0.6005434782608695}","{""domain_floor_censored"":false,""lower_bytes"":103072628736,""lower_gib"":95.99386596679688,""lower_slots"":5874,""lower_value"":659.90625,""monotone"":true,""status"":""BRACKETED"",""target"":596.40625,""upper_bytes"":137430171648,""upper_gib"":127.9918212890625,""upper_slots"":7832,""upper_value"":588.0}","[""18ab89a63b63f6c96a0e0aa4807fcf152aed251b441ab77a8b593bcb35929ba0"",""b7295fb206b42ad866364290f41bf03b43cea52caf7aaf218884127863fe8f66""]","[""b87d9461ff503e2d13675b08d0362d5675ab8b6a2481e2d19ee46027d0b0ea9d""]","{""counterfactual_capacity_amplification"":[1.25,2.0],""counterfactual_memory_saving"":[0.19999999999999996,0.5],""exact_capacity"":{""bytes"":[171787714560,206145257472],""gib"":[159.98977661132812,191.98773193359375],""slots"":[9790,11748]},""interval_semantics"":""capacity threshold brackets are (lower_slots,upper_slots]; derived two-element arrays are conservative closed envelopes from monotone endpoint propagation, not point estimates; ratio envelopes use [numerator_lower/denominator_upper,numerator_upper/denominator_lower]"",""physical_capacity_amplification"":[1.247292648745063,1.4967511784940757],""physical_memory_saving"":[0.19826353421859044,0.331886278515492],""s2_counterfactual_capacity"":{""bytes"":[103072628736,137430171648],""gib"":[95.99386596679688,127.9918212890625],""slots"":[5874,7832]},""status"":""BRACKETED""}","{""counterfactual_capacity_amplification"":[1.25,2.0],""counterfactual_memory_saving"":[0.19999999999999996,0.5],""exact_capacity"":{""bytes"":[171787714560,206145257472],""gib"":[159.98977661132812,191.98773193359375],""slots"":[9790,11748]},""interval_semantics"":""capacity threshold brackets are (lower_slots,upper_slots]; derived two-element arrays are conservative closed envelopes from monotone endpoint propagation, not point estimates; ratio envelopes use [numerator_lower/denominator_upper,numerator_upper/denominator_lower]"",""physical_capacity_amplification"":[1.247292648745063,1.4967511784940757],""physical_memory_saving"":[0.19826353421859044,0.331886278515492],""s2_counterfactual_capacity"":{""bytes"":[103072628736,137430171648],""gib"":[95.99386596679688,127.9918212890625],""slots"":[5874,7832]},""status"":""BRACKETED""}",False,BRACKETED_CONSISTENT,MEASURED_PHYSICAL,EXACT_REPLAY,FIXED_ROUTE_COUNTERFACTUAL,accepted_checksum_linked,observer_semantic_order_44_of_44,True
08-summary-b2,summarization / synthesis,2,STAGE_B_REPRESENTATIVE,False,False,0.6053413722826086,580.9375,"[""3c3eee0e5c9427f9eaf7d1dd020420f8f738d17e651d64a071604e12d42449ae"",""8c18956c3de327809eb2003ef08d1f538745acdf01f30f059df5be6d0acb5ea9"",""baf8d7583175aa55eca8c7183608259bb2d30f350a8a643f8b40d4831a362786""]",7849,137728475136,"{""domain_floor_censored"":false,""lower_bytes"":171787714560,""lower_gib"":159.98977661132812,""lower_slots"":9790,""lower_value"":0.5807680876358695,""monotone"":true,""status"":""BRACKETED"",""target"":0.6053413722826086,""upper_bytes"":206145257472,""upper_gib"":191.98773193359375,""upper_slots"":11748,""upper_value"":0.6162852411684783}","{""domain_floor_censored"":false,""lower_bytes"":171787714560,""lower_gib"":159.98977661132812,""lower_slots"":9790,""lower_value"":617.109375,""monotone"":true,""status"":""BRACKETED"",""target"":580.9375,""upper_bytes"":206145257472,""upper_gib"":191.98773193359375,""upper_slots"":11748,""upper_value"":564.828125}","{""domain_floor_censored"":false,""lower_bytes"":137728475136,""lower_gib"":128.26963806152344,""lower_slots"":7849,""lower_value"":0.6032820991847826,""monotone"":true,""status"":""BRACKETED"",""target"":0.6053413722826086,""upper_bytes"":171787714560,""upper_gib"":159.98977661132812,""upper_slots"":9790,""upper_value"":0.6468240489130435}","{""domain_floor_censored"":false,""lower_bytes"":137728475136,""lower_gib"":128.26963806152344,""lower_slots"":7849,""lower_value"":583.96875,""monotone"":true,""status"":""BRACKETED"",""target"":580.9375,""upper_bytes"":171787714560,""upper_gib"":159.98977661132812,""upper_slots"":9790,""upper_value"":519.875}","[""18ab89a63b63f6c96a0e0aa4807fcf152aed251b441ab77a8b593bcb35929ba0"",""4ef3c41d4799bab0a8601943b4803f8fb7244806c9a058e7842e26ba1f8fd108""]","[""b87d9461ff503e2d13675b08d0362d5675ab8b6a2481e2d19ee46027d0b0ea9d""]","{""counterfactual_capacity_amplification"":[1.0,1.4967511784940757],""counterfactual_memory_saving"":[0.0,0.331886278515492],""exact_capacity"":{""bytes"":[171787714560,206145257472],""gib"":[159.98977661132812,191.98773193359375],""slots"":[9790,11748]},""interval_semantics"":""capacity threshold brackets are (lower_slots,upper_slots]; derived two-element arrays are conservative closed envelopes from monotone endpoint propagation, not point estimates; ratio envelopes use [numerator_lower/denominator_upper,numerator_upper/denominator_lower]"",""physical_capacity_amplification"":[1.247292648745063,1.4967511784940757],""physical_memory_saving"":[0.19826353421859044,0.331886278515492],""s2_counterfactual_capacity"":{""bytes"":[137728475136,171787714560],""gib"":[128.26963806152344,159.98977661132812],""slots"":[7849,9790]},""status"":""BRACKETED""}","{""counterfactual_capacity_amplification"":[1.0,1.4967511784940757],""counterfactual_memory_saving"":[0.0,0.331886278515492],""exact_capacity"":{""bytes"":[171787714560,206145257472],""gib"":[159.98977661132812,191.98773193359375],""slots"":[9790,11748]},""interval_semantics"":""capacity threshold brackets are (lower_slots,upper_slots]; derived two-element arrays are conservative closed envelopes from monotone endpoint propagation, not point estimates; ratio envelopes use [numerator_lower/denominator_upper,numerator_upper/denominator_lower]"",""physical_capacity_amplification"":[1.247292648745063,1.4967511784940757],""physical_memory_saving"":[0.19826353421859044,0.331886278515492],""s2_counterfactual_capacity"":{""bytes"":[137728475136,171787714560],""gib"":[128.26963806152344,159.98977661132812],""slots"":[7849,9790]},""status"":""BRACKETED""}",False,BRACKETED_CONSISTENT,MEASURED_PHYSICAL,EXACT_REPLAY,FIXED_ROUTE_COUNTERFACTUAL,accepted_checksum_linked,physical_EXACT_anchor_16_of_16,True
08-summary-b8,summarization / synthesis,8,STAGE_B2_ENDPOINT,True,False,0.6077509341032609,577.390625,"[""64316379947fd6d2bc1711869c1ee2b7aeea7bc5b8c4c34decd78301ff80e81a"",""baf8d7583175aa55eca8c7183608259bb2d30f350a8a643f8b40d4831a362786"",""ecca55b1148e669bbec05d29f039906a413f76e495123956092cfaa7375f058c""]",7849,137728475136,"{""domain_floor_censored"":false,""lower_bytes"":171787714560,""lower_gib"":159.98977661132812,""lower_slots"":9790,""lower_value"":0.5947159476902174,""monotone"":true,""status"":""BRACKETED"",""target"":0.6077509341032609,""upper_bytes"":206145257472,""upper_gib"":191.98773193359375,""upper_slots"":11748,""upper_value"":0.6358058763586957}","{""domain_floor_censored"":false,""lower_bytes"":171787714560,""lower_gib"":159.98977661132812,""lower_slots"":9790,""lower_value"":596.578125,""monotone"":true,""status"":""BRACKETED"",""target"":577.390625,""upper_bytes"":206145257472,""upper_gib"":191.98773193359375,""upper_slots"":11748,""upper_value"":536.09375}","{""domain_floor_censored"":false,""lower_bytes"":137728475136,""lower_gib"":128.26963806152344,""lower_slots"":7849,""lower_value"":0.5947796365489131,""monotone"":true,""status"":""BRACKETED"",""target"":0.6077509341032609,""upper_bytes"":171787714560,""upper_gib"":159.98977661132812,""upper_slots"":9790,""upper_value"":0.669051460597826}","{""domain_floor_censored"":false,""lower_bytes"":137728475136,""lower_gib"":128.26963806152344,""lower_slots"":7849,""lower_value"":596.484375,""monotone"":true,""status"":""BRACKETED"",""target"":577.390625,""upper_bytes"":171787714560,""upper_gib"":159.98977661132812,""upper_slots"":9790,""upper_value"":487.15625}","[""18ab89a63b63f6c96a0e0aa4807fcf152aed251b441ab77a8b593bcb35929ba0"",""7a59040b254ea460befc42720456d2afcf99af75bccb20eaa8e1e219a22e8ac0""]","[""b87d9461ff503e2d13675b08d0362d5675ab8b6a2481e2d19ee46027d0b0ea9d""]","{""counterfactual_capacity_amplification"":[1.0,1.4967511784940757],""counterfactual_memory_saving"":[0.0,0.331886278515492],""exact_capacity"":{""bytes"":[171787714560,206145257472],""gib"":[159.98977661132812,191.98773193359375],""slots"":[9790,11748]},""interval_semantics"":""capacity threshold brackets are (lower_slots,upper_slots]; derived two-element arrays are conservative closed envelopes from monotone endpoint propagation, not point estimates; ratio envelopes use [numerator_lower/denominator_upper,numerator_upper/denominator_lower]"",""physical_capacity_amplification"":[1.247292648745063,1.4967511784940757],""physical_memory_saving"":[0.19826353421859044,0.331886278515492],""s2_counterfactual_capacity"":{""bytes"":[137728475136,171787714560],""gib"":[128.26963806152344,159.98977661132812],""slots"":[7849,9790]},""status"":""BRACKETED""}","{""counterfactual_capacity_amplification"":[1.0,1.4967511784940757],""counterfactual_memory_saving"":[0.0,0.331886278515492],""exact_capacity"":{""bytes"":[171787714560,206145257472],""gib"":[159.98977661132812,191.98773193359375],""slots"":[9790,11748]},""interval_semantics"":""capacity threshold brackets are (lower_slots,upper_slots]; derived two-element arrays are conservative closed envelopes from monotone endpoint propagation, not point estimates; ratio envelopes use [numerator_lower/denominator_upper,numerator_upper/denominator_lower]"",""physical_capacity_amplification"":[1.247292648745063,1.4967511784940757],""physical_memory_saving"":[0.19826353421859044,0.331886278515492],""s2_counterfactual_capacity"":{""bytes"":[137728475136,171787714560],""gib"":[128.26963806152344,159.98977661132812],""slots"":[7849,9790]},""status"":""BRACKETED""}",False,BRACKETED_CONSISTENT,MEASURED_PHYSICAL,EXACT_REPLAY,FIXED_ROUTE_COUNTERFACTUAL,accepted_checksum_linked,observer_semantic_order_44_of_44,True
09-extract-b1,structured extraction / transformation,1,STAGE_B2_ENDPOINT,True,False,0.6423658288043478,526.4375,"[""96ad06baaa40e7566c5c129233d7c14966f50a497d703a588de1e44e2982120e"",""baf8d7583175aa55eca8c7183608259bb2d30f350a8a643f8b40d4831a362786"",""cea462c9653a6d676c819a1880398044e996c068fb6eec0ba76e60840f169248""]",7849,137728475136,"{""domain_floor_censored"":false,""lower_bytes"":171787714560,""lower_gib"":159.98977661132812,""lower_slots"":9790,""lower_value"":0.6161260190217391,""monotone"":true,""status"":""BRACKETED"",""target"":0.6423658288043478,""upper_bytes"":206145257472,""upper_gib"":191.98773193359375,""upper_slots"":11748,""upper_value"":0.6438625169836957}","{""domain_floor_censored"":false,""lower_bytes"":171787714560,""lower_gib"":159.98977661132812,""lower_slots"":9790,""lower_value"":565.0625,""monotone"":true,""status"":""BRACKETED"",""target"":526.4375,""upper_bytes"":206145257472,""upper_gib"":191.98773193359375,""upper_slots"":11748,""upper_value"":524.234375}","{""domain_floor_censored"":false,""lower_bytes"":137728475136,""lower_gib"":128.26963806152344,""lower_slots"":7849,""lower_value"":0.6419730808423914,""monotone"":true,""status"":""BRACKETED"",""target"":0.6423658288043478,""upper_bytes"":171787714560,""upper_gib"":159.98977661132812,""upper_slots"":9790,""upper_value"":0.6760996942934783}","{""domain_floor_censored"":false,""lower_bytes"":137728475136,""lower_gib"":128.26963806152344,""lower_slots"":7849,""lower_value"":527.015625,""monotone"":true,""status"":""BRACKETED"",""target"":526.4375,""upper_bytes"":171787714560,""upper_gib"":159.98977661132812,""upper_slots"":9790,""upper_value"":476.78125}","[""18ab89a63b63f6c96a0e0aa4807fcf152aed251b441ab77a8b593bcb35929ba0"",""4afd133672f4efd1f4f9c594529ae0826a6590359a5994efc77c1d1bad8d77d5""]","[""b87d9461ff503e2d13675b08d0362d5675ab8b6a2481e2d19ee46027d0b0ea9d""]","{""counterfactual_capacity_amplification"":[1.0,1.4967511784940757],""counterfactual_memory_saving"":[0.0,0.331886278515492],""exact_capacity"":{""bytes"":[171787714560,206145257472],""gib"":[159.98977661132812,191.98773193359375],""slots"":[9790,11748]},""interval_semantics"":""capacity threshold brackets are (lower_slots,upper_slots]; derived two-element arrays are conservative closed envelopes from monotone endpoint propagation, not point estimates; ratio envelopes use [numerator_lower/denominator_upper,numerator_upper/denominator_lower]"",""physical_capacity_amplification"":[1.247292648745063,1.4967511784940757],""physical_memory_saving"":[0.19826353421859044,0.331886278515492],""s2_counterfactual_capacity"":{""bytes"":[137728475136,171787714560],""gib"":[128.26963806152344,159.98977661132812],""slots"":[7849,9790]},""status"":""BRACKETED""}","{""counterfactual_capacity_amplification"":[1.0,1.4967511784940757],""counterfactual_memory_saving"":[0.0,0.331886278515492],""exact_capacity"":{""bytes"":[171787714560,206145257472],""gib"":[159.98977661132812,191.98773193359375],""slots"":[9790,11748]},""interval_semantics"":""capacity threshold brackets are (lower_slots,upper_slots]; derived two-element arrays are conservative closed envelopes from monotone endpoint propagation, not point estimates; ratio envelopes use [numerator_lower/denominator_upper,numerator_upper/denominator_lower]"",""physical_capacity_amplification"":[1.247292648745063,1.4967511784940757],""physical_memory_saving"":[0.19826353421859044,0.331886278515492],""s2_counterfactual_capacity"":{""bytes"":[137728475136,171787714560],""gib"":[128.26963806152344,159.98977661132812],""slots"":[7849,9790]},""status"":""BRACKETED""}",False,BRACKETED_CONSISTENT,MEASURED_PHYSICAL,EXACT_REPLAY,FIXED_ROUTE_COUNTERFACTUAL,accepted_checksum_linked,observer_semantic_order_44_of_44,True
09-extract-b8,structured extraction / transformation,8,STAGE_B_REPRESENTATIVE,True,True,0.6344047214673914,538.15625,"[""2bdfd4da8c72a7d1ff3a7c57ec3d6c487bc1d7026314d314bd80acde120880dc"",""9a47fd7d7bd6375b3b766074ca646dc08d3a0b6748f92a543a97f612ee88c13c"",""baf8d7583175aa55eca8c7183608259bb2d30f350a8a643f8b40d4831a362786""]",7849,137728475136,"{""domain_floor_censored"":false,""lower_bytes"":171787714560,""lower_gib"":159.98977661132812,""lower_slots"":9790,""lower_value"":0.6120287024456522,""monotone"":true,""status"":""BRACKETED"",""target"":0.6344047214673914,""upper_bytes"":206145257472,""upper_gib"":191.98773193359375,""upper_slots"":11748,""upper_value"":0.6416652513586957}","{""domain_floor_censored"":false,""lower_bytes"":171787714560,""lower_gib"":159.98977661132812,""lower_slots"":9790,""lower_value"":571.09375,""monotone"":true,""status"":""BRACKETED"",""target"":538.15625,""upper_bytes"":206145257472,""upper_gib"":191.98773193359375,""upper_slots"":11748,""upper_value"":527.46875}","{""domain_floor_censored"":false,""lower_bytes"":103072628736,""lower_gib"":95.99386596679688,""lower_slots"":5874,""lower_value"":0.593612007472826,""monotone"":true,""status"":""BRACKETED"",""target"":0.6344047214673914,""upper_bytes"":137430171648,""upper_gib"":127.9918212890625,""upper_slots"":7832,""upper_value"":0.6418881623641305}","{""domain_floor_censored"":false,""lower_bytes"":103072628736,""lower_gib"":95.99386596679688,""lower_slots"":5874,""lower_value"":598.203125,""monotone"":true,""status"":""BRACKETED"",""target"":538.15625,""upper_bytes"":137430171648,""upper_gib"":127.9918212890625,""upper_slots"":7832,""upper_value"":527.140625}","[""18ab89a63b63f6c96a0e0aa4807fcf152aed251b441ab77a8b593bcb35929ba0"",""87813ce819b5e5bba2ed451b9e4664e238b065aa22122e3b536762fba9325b96""]","[""b87d9461ff503e2d13675b08d0362d5675ab8b6a2481e2d19ee46027d0b0ea9d""]","{""counterfactual_capacity_amplification"":[1.25,2.0],""counterfactual_memory_saving"":[0.19999999999999996,0.5],""exact_capacity"":{""bytes"":[171787714560,206145257472],""gib"":[159.98977661132812,191.98773193359375],""slots"":[9790,11748]},""interval_semantics"":""capacity threshold brackets are (lower_slots,upper_slots]; derived two-element arrays are conservative closed envelopes from monotone endpoint propagation, not point estimates; ratio envelopes use [numerator_lower/denominator_upper,numerator_upper/denominator_lower]"",""physical_capacity_amplification"":[1.247292648745063,1.4967511784940757],""physical_memory_saving"":[0.19826353421859044,0.331886278515492],""s2_counterfactual_capacity"":{""bytes"":[103072628736,137430171648],""gib"":[95.99386596679688,127.9918212890625],""slots"":[5874,7832]},""status"":""BRACKETED""}","{""counterfactual_capacity_amplification"":[1.25,2.0],""counterfactual_memory_saving"":[0.19999999999999996,0.5],""exact_capacity"":{""bytes"":[171787714560,206145257472],""gib"":[159.98977661132812,191.98773193359375],""slots"":[9790,11748]},""interval_semantics"":""capacity threshold brackets are (lower_slots,upper_slots]; derived two-element arrays are conservative closed envelopes from monotone endpoint propagation, not point estimates; ratio envelopes use [numerator_lower/denominator_upper,numerator_upper/denominator_lower]"",""physical_capacity_amplification"":[1.247292648745063,1.4967511784940757],""physical_memory_saving"":[0.19826353421859044,0.331886278515492],""s2_counterfactual_capacity"":{""bytes"":[103072628736,137430171648],""gib"":[95.99386596679688,127.9918212890625],""slots"":[5874,7832]},""status"":""BRACKETED""}",False,BRACKETED_CONSISTENT,MEASURED_PHYSICAL,EXACT_REPLAY,FIXED_ROUTE_COUNTERFACTUAL,accepted_checksum_linked,physical_EXACT_anchor_16_of_16,True
10-planning-b1,planning / constraint satisfaction,1,STAGE_B2_ENDPOINT,True,False,0.6327594259510869,540.578125,"[""2c2babbcbedbf4a033a8a030663c3fbf14535bdeb1b67d79f14ec4172503a961"",""61715f1c49eda46d80d7c7428cb41f0facfbfe42a46bda6ec7f355c30813539a"",""baf8d7583175aa55eca8c7183608259bb2d30f350a8a643f8b40d4831a362786""]",7849,137728475136,"{""domain_floor_censored"":false,""lower_bytes"":171787714560,""lower_gib"":159.98977661132812,""lower_slots"":9790,""lower_value"":0.6194484544836957,""monotone"":true,""status"":""BRACKETED"",""target"":0.6327594259510869,""upper_bytes"":206145257472,""upper_gib"":191.98773193359375,""upper_slots"":11748,""upper_value"":0.6619501528532609}","{""domain_floor_censored"":false,""lower_bytes"":171787714560,""lower_gib"":159.98977661132812,""lower_slots"":9790,""lower_value"":560.171875,""monotone"":true,""status"":""BRACKETED"",""target"":540.578125,""upper_bytes"":206145257472,""upper_gib"":191.98773193359375,""upper_slots"":11748,""upper_value"":497.609375}","{""domain_floor_censored"":false,""lower_bytes"":137430171648,""lower_gib"":127.9918212890625,""lower_slots"":7832,""lower_value"":0.6327381963315217,""monotone"":true,""status"":""BRACKETED"",""target"":0.6327594259510869,""upper_bytes"":137728475136,""upper_gib"":128.26963806152344,""upper_slots"":7849,""upper_value"":0.6329929517663043}","{""domain_floor_censored"":false,""lower_bytes"":137430171648,""lower_gib"":127.9918212890625,""lower_slots"":7832,""lower_value"":540.609375,""monotone"":true,""status"":""BRACKETED"",""target"":540.578125,""upper_bytes"":137728475136,""upper_gib"":128.26963806152344,""upper_slots"":7849,""upper_value"":540.234375}","[""18ab89a63b63f6c96a0e0aa4807fcf152aed251b441ab77a8b593bcb35929ba0"",""ad568faaca11d2aa71df2c1acbf527903d99018816d59130844e95fc29c30629""]","[""b87d9461ff503e2d13675b08d0362d5675ab8b6a2481e2d19ee46027d0b0ea9d""]","{""counterfactual_capacity_amplification"":[1.247292648745063,1.5],""counterfactual_memory_saving"":[0.19826353421859044,0.33333333333333337],""exact_capacity"":{""bytes"":[171787714560,206145257472],""gib"":[159.98977661132812,191.98773193359375],""slots"":[9790,11748]},""interval_semantics"":""capacity threshold brackets are (lower_slots,upper_slots]; derived two-element arrays are conservative closed envelopes from monotone endpoint propagation, not point estimates; ratio envelopes use [numerator_lower/denominator_upper,numerator_upper/denominator_lower]"",""physical_capacity_amplification"":[1.247292648745063,1.4967511784940757],""physical_memory_saving"":[0.19826353421859044,0.331886278515492],""s2_counterfactual_capacity"":{""bytes"":[137430171648,137728475136],""gib"":[127.9918212890625,128.26963806152344],""slots"":[7832,7849]},""status"":""BRACKETED""}","{""counterfactual_capacity_amplification"":[1.247292648745063,1.5],""counterfactual_memory_saving"":[0.19826353421859044,0.33333333333333337],""exact_capacity"":{""bytes"":[171787714560,206145257472],""gib"":[159.98977661132812,191.98773193359375],""slots"":[9790,11748]},""interval_semantics"":""capacity threshold brackets are (lower_slots,upper_slots]; derived two-element arrays are conservative closed envelopes from monotone endpoint propagation, not point estimates; ratio envelopes use [numerator_lower/denominator_upper,numerator_upper/denominator_lower]"",""physical_capacity_amplification"":[1.247292648745063,1.4967511784940757],""physical_memory_saving"":[0.19826353421859044,0.331886278515492],""s2_counterfactual_capacity"":{""bytes"":[137430171648,137728475136],""gib"":[127.9918212890625,128.26963806152344],""slots"":[7832,7849]},""status"":""BRACKETED""}",False,BRACKETED_CONSISTENT,MEASURED_PHYSICAL,EXACT_REPLAY,FIXED_ROUTE_COUNTERFACTUAL,accepted_checksum_linked,observer_semantic_order_44_of_44,True
10-planning-b4,planning / constraint satisfaction,4,STAGE_B_REPRESENTATIVE,False,False,0.6192043138586957,560.53125,"[""7b66fe0a5530d042a04e01d928e984aef6a19a7acf38290c9dea8b8ab5265e3a"",""90f5f1cdd4ff33fb7a4abebdfd2698c54881795bb25eece6ef093a5c771a0388"",""baf8d7583175aa55eca8c7183608259bb2d30f350a8a643f8b40d4831a362786""]",7849,137728475136,"{""domain_floor_censored"":false,""lower_bytes"":171787714560,""lower_gib"":159.98977661132812,""lower_slots"":9790,""lower_value"":0.5945779551630435,""monotone"":true,""status"":""BRACKETED"",""target"":0.6192043138586957,""upper_bytes"":206145257472,""upper_gib"":191.98773193359375,""upper_slots"":11748,""upper_value"":0.6312627377717391}","{""domain_floor_censored"":false,""lower_bytes"":171787714560,""lower_gib"":159.98977661132812,""lower_slots"":9790,""lower_value"":596.78125,""monotone"":true,""status"":""BRACKETED"",""target"":560.53125,""upper_bytes"":206145257472,""upper_gib"":191.98773193359375,""upper_slots"":11748,""upper_value"":542.78125}","{""domain_floor_censored"":false,""lower_bytes"":137728475136,""lower_gib"":128.26963806152344,""lower_slots"":7849,""lower_value"":0.6187054177989131,""monotone"":true,""status"":""BRACKETED"",""target"":0.6192043138586957,""upper_bytes"":171787714560,""upper_gib"":159.98977661132812,""upper_slots"":9790,""upper_value"":0.6625658118206522}","{""domain_floor_censored"":false,""lower_bytes"":137728475136,""lower_gib"":128.26963806152344,""lower_slots"":7849,""lower_value"":561.265625,""monotone"":true,""status"":""BRACKETED"",""target"":560.53125,""upper_bytes"":171787714560,""upper_gib"":159.98977661132812,""upper_slots"":9790,""upper_value"":496.703125}","[""18ab89a63b63f6c96a0e0aa4807fcf152aed251b441ab77a8b593bcb35929ba0"",""f5d051688b02df839e0cea6dfc1fad591f6f2dbf60b17994f687e5340aaa8a5c""]","[""b87d9461ff503e2d13675b08d0362d5675ab8b6a2481e2d19ee46027d0b0ea9d""]","{""counterfactual_capacity_amplification"":[1.0,1.4967511784940757],""counterfactual_memory_saving"":[0.0,0.331886278515492],""exact_capacity"":{""bytes"":[171787714560,206145257472],""gib"":[159.98977661132812,191.98773193359375],""slots"":[9790,11748]},""interval_semantics"":""capacity threshold brackets are (lower_slots,upper_slots]; derived two-element arrays are conservative closed envelopes from monotone endpoint propagation, not point estimates; ratio envelopes use [numerator_lower/denominator_upper,numerator_upper/denominator_lower]"",""physical_capacity_amplification"":[1.247292648745063,1.4967511784940757],""physical_memory_saving"":[0.19826353421859044,0.331886278515492],""s2_counterfactual_capacity"":{""bytes"":[137728475136,171787714560],""gib"":[128.26963806152344,159.98977661132812],""slots"":[7849,9790]},""status"":""BRACKETED""}","{""counterfactual_capacity_amplification"":[1.0,1.4967511784940757],""counterfactual_memory_saving"":[0.0,0.331886278515492],""exact_capacity"":{""bytes"":[171787714560,206145257472],""gib"":[159.98977661132812,191.98773193359375],""slots"":[9790,11748]},""interval_semantics"":""capacity threshold brackets are (lower_slots,upper_slots]; derived two-element arrays are conservative closed envelopes from monotone endpoint propagation, not point estimates; ratio envelopes use [numerator_lower/denominator_upper,numerator_upper/denominator_lower]"",""physical_capacity_amplification"":[1.247292648745063,1.4967511784940757],""physical_memory_saving"":[0.19826353421859044,0.331886278515492],""s2_counterfactual_capacity"":{""bytes"":[137728475136,171787714560],""gib"":[128.26963806152344,159.98977661132812],""slots"":[7849,9790]},""status"":""BRACKETED""}",False,BRACKETED_CONSISTENT,MEASURED_PHYSICAL,EXACT_REPLAY,FIXED_ROUTE_COUNTERFACTUAL,accepted_checksum_linked,physical_EXACT_anchor_16_of_16,True
10-planning-b8,planning / constraint satisfaction,8,STAGE_B2_ENDPOINT,True,False,0.6231211786684783,554.765625,"[""6b5467f4a54527459508c318b48da13b059c90985f0abb140672ab167411652c"",""baf8d7583175aa55eca8c7183608259bb2d30f350a8a643f8b40d4831a362786"",""d77a77bea8dfb80d05e2dd961f2b483bfe09dc73a5a55e7a14f4cac38de2ffa1""]",7849,137728475136,"{""domain_floor_censored"":false,""lower_bytes"":206145257472,""lower_gib"":191.98773193359375,""lower_slots"":11748,""lower_value"":0.6097677479619565,""monotone"":true,""status"":""BRACKETED"",""target"":0.6231211786684783,""upper_bytes"":274877890560,""upper_gib"":255.99998474121094,""upper_slots"":15665,""upper_value"":0.6591372282608695}","{""domain_floor_censored"":false,""lower_bytes"":206145257472,""lower_gib"":191.98773193359375,""lower_slots"":11748,""lower_value"":574.421875,""monotone"":true,""status"":""BRACKETED"",""target"":554.765625,""upper_bytes"":274877890560,""upper_gib"":255.99998474121094,""upper_slots"":15665,""upper_value"":501.75}","{""domain_floor_censored"":false,""lower_bytes"":137728475136,""lower_gib"":128.26963806152344,""lower_slots"":7849,""lower_value"":0.604842476222826,""monotone"":true,""status"":""BRACKETED"",""target"":0.6231211786684783,""upper_bytes"":171787714560,""upper_gib"":159.98977661132812,""upper_slots"":9790,""upper_value"":0.6465374490489131}","{""domain_floor_censored"":false,""lower_bytes"":137728475136,""lower_gib"":128.26963806152344,""lower_slots"":7849,""lower_value"":581.671875,""monotone"":true,""status"":""BRACKETED"",""target"":554.765625,""upper_bytes"":171787714560,""upper_gib"":159.98977661132812,""upper_slots"":9790,""upper_value"":520.296875}","[""18ab89a63b63f6c96a0e0aa4807fcf152aed251b441ab77a8b593bcb35929ba0"",""e2d06dc826f6bbb3d455fe149870ab88628a348e5d01cea1220b32f7f4067658""]","[""b87d9461ff503e2d13675b08d0362d5675ab8b6a2481e2d19ee46027d0b0ea9d""]","{""counterfactual_capacity_amplification"":[1.2,1.9957956427570391],""counterfactual_memory_saving"":[0.16666666666666663,0.4989466964570699],""exact_capacity"":{""bytes"":[206145257472,274877890560],""gib"":[191.98773193359375,255.99998474121094],""slots"":[11748,15665]},""interval_semantics"":""capacity threshold brackets are (lower_slots,upper_slots]; derived two-element arrays are conservative closed envelopes from monotone endpoint propagation, not point estimates; ratio envelopes use [numerator_lower/denominator_upper,numerator_upper/denominator_lower]"",""physical_capacity_amplification"":[1.4967511784940757,1.9957956427570391],""physical_memory_saving"":[0.331886278515492,0.4989466964570699],""s2_counterfactual_capacity"":{""bytes"":[137728475136,171787714560],""gib"":[128.26963806152344,159.98977661132812],""slots"":[7849,9790]},""status"":""BRACKETED""}","{""counterfactual_capacity_amplification"":[1.2,1.9957956427570391],""counterfactual_memory_saving"":[0.16666666666666663,0.4989466964570699],""exact_capacity"":{""bytes"":[206145257472,274877890560],""gib"":[191.98773193359375,255.99998474121094],""slots"":[11748,15665]},""interval_semantics"":""capacity threshold brackets are (lower_slots,upper_slots]; derived two-element arrays are conservative closed envelopes from monotone endpoint propagation, not point estimates; ratio envelopes use [numerator_lower/denominator_upper,numerator_upper/denominator_lower]"",""physical_capacity_amplification"":[1.4967511784940757,1.9957956427570391],""physical_memory_saving"":[0.331886278515492,0.4989466964570699],""s2_counterfactual_capacity"":{""bytes"":[137728475136,171787714560],""gib"":[128.26963806152344,159.98977661132812],""slots"":[7849,9790]},""status"":""BRACKETED""}",False,BRACKETED_CONSISTENT,MEASURED_PHYSICAL,EXACT_REPLAY,FIXED_ROUTE_COUNTERFACTUAL,accepted_checksum_linked,observer_semantic_order_44_of_44,True
11-instructions-b1,multi-step instruction following / structured response,1,STAGE_B_REPRESENTATIVE,True,True,0.620011039402174,559.34375,"[""46e6256c4b5cebd3fc680ed7f8af4f5d4bbd132dc3143f239786b72ffe77189c"",""88be0831b8fef6d861b36639ac59b06d6475eca4a10de1248748135183c0994f"",""baf8d7583175aa55eca8c7183608259bb2d30f350a8a643f8b40d4831a362786""]",7849,137728475136,"{""domain_floor_censored"":false,""lower_bytes"":171787714560,""lower_gib"":159.98977661132812,""lower_slots"":9790,""lower_value"":0.5911599864130435,""monotone"":true,""status"":""BRACKETED"",""target"":0.620011039402174,""upper_bytes"":206145257472,""upper_gib"":191.98773193359375,""upper_slots"":11748,""upper_value"":0.6414741847826086}","{""domain_floor_censored"":false,""lower_bytes"":171787714560,""lower_gib"":159.98977661132812,""lower_slots"":9790,""lower_value"":601.8125,""monotone"":true,""status"":""BRACKETED"",""target"":559.34375,""upper_bytes"":206145257472,""upper_gib"":191.98773193359375,""upper_slots"":11748,""upper_value"":527.75}","{""domain_floor_censored"":false,""lower_bytes"":137728475136,""lower_gib"":128.26963806152344,""lower_slots"":7849,""lower_value"":0.61865234375,""monotone"":true,""status"":""BRACKETED"",""target"":0.620011039402174,""upper_bytes"":171787714560,""upper_gib"":159.98977661132812,""upper_slots"":9790,""upper_value"":0.6652725883152174}","{""domain_floor_censored"":false,""lower_bytes"":137728475136,""lower_gib"":128.26963806152344,""lower_slots"":7849,""lower_value"":561.34375,""monotone"":true,""status"":""BRACKETED"",""target"":559.34375,""upper_bytes"":171787714560,""upper_gib"":159.98977661132812,""upper_slots"":9790,""upper_value"":492.71875}","[""18ab89a63b63f6c96a0e0aa4807fcf152aed251b441ab77a8b593bcb35929ba0"",""e3de04b44f994fc3e9a95ccd8e25423ee5c1075246d0a88e85590650e9bc31b7""]","[""b87d9461ff503e2d13675b08d0362d5675ab8b6a2481e2d19ee46027d0b0ea9d""]","{""counterfactual_capacity_amplification"":[1.0,1.4967511784940757],""counterfactual_memory_saving"":[0.0,0.331886278515492],""exact_capacity"":{""bytes"":[171787714560,206145257472],""gib"":[159.98977661132812,191.98773193359375],""slots"":[9790,11748]},""interval_semantics"":""capacity threshold brackets are (lower_slots,upper_slots]; derived two-element arrays are conservative closed envelopes from monotone endpoint propagation, not point estimates; ratio envelopes use [numerator_lower/denominator_upper,numerator_upper/denominator_lower]"",""physical_capacity_amplification"":[1.247292648745063,1.4967511784940757],""physical_memory_saving"":[0.19826353421859044,0.331886278515492],""s2_counterfactual_capacity"":{""bytes"":[137728475136,171787714560],""gib"":[128.26963806152344,159.98977661132812],""slots"":[7849,9790]},""status"":""BRACKETED""}","{""counterfactual_capacity_amplification"":[1.0,1.4967511784940757],""counterfactual_memory_saving"":[0.0,0.331886278515492],""exact_capacity"":{""bytes"":[171787714560,206145257472],""gib"":[159.98977661132812,191.98773193359375],""slots"":[9790,11748]},""interval_semantics"":""capacity threshold brackets are (lower_slots,upper_slots]; derived two-element arrays are conservative closed envelopes from monotone endpoint propagation, not point estimates; ratio envelopes use [numerator_lower/denominator_upper,numerator_upper/denominator_lower]"",""physical_capacity_amplification"":[1.247292648745063,1.4967511784940757],""physical_memory_saving"":[0.19826353421859044,0.331886278515492],""s2_counterfactual_capacity"":{""bytes"":[137728475136,171787714560],""gib"":[128.26963806152344,159.98977661132812],""slots"":[7849,9790]},""status"":""BRACKETED""}",False,BRACKETED_CONSISTENT,MEASURED_PHYSICAL,EXACT_REPLAY,FIXED_ROUTE_COUNTERFACTUAL,accepted_checksum_linked,physical_EXACT_anchor_16_of_16,True
11-instructions-b8,multi-step instruction following / structured response,8,STAGE_B2_ENDPOINT,True,False,0.6234502377717391,554.28125,"[""baf8d7583175aa55eca8c7183608259bb2d30f350a8a643f8b40d4831a362786"",""c4a3e616f649bd77bb21e6a64f6af1b948ff1165199f21918abd72f9f417ae86"",""df3fa7c986ad348509057fe8e197aa838f0fb278c700f9030b3b6751263ae263""]",7849,137728475136,"{""domain_floor_censored"":false,""lower_bytes"":171787714560,""lower_gib"":159.98977661132812,""lower_slots"":9790,""lower_value"":0.5923806895380435,""monotone"":true,""status"":""BRACKETED"",""target"":0.6234502377717391,""upper_bytes"":206145257472,""upper_gib"":191.98773193359375,""upper_slots"":11748,""upper_value"":0.6252016813858695}","{""domain_floor_censored"":false,""lower_bytes"":171787714560,""lower_gib"":159.98977661132812,""lower_slots"":9790,""lower_value"":600.015625,""monotone"":true,""status"":""BRACKETED"",""target"":554.28125,""upper_bytes"":206145257472,""upper_gib"":191.98773193359375,""upper_slots"":11748,""upper_value"":551.703125}","{""domain_floor_censored"":false,""lower_bytes"":137728475136,""lower_gib"":128.26963806152344,""lower_slots"":7849,""lower_value"":0.62109375,""monotone"":true,""status"":""BRACKETED"",""target"":0.6234502377717391,""upper_bytes"":171787714560,""upper_gib"":159.98977661132812,""upper_slots"":9790,""upper_value"":0.6556343410326086}","{""domain_floor_censored"":false,""lower_bytes"":137728475136,""lower_gib"":128.26963806152344,""lower_slots"":7849,""lower_value"":557.75,""monotone"":true,""status"":""BRACKETED"",""target"":554.28125,""upper_bytes"":171787714560,""upper_gib"":159.98977661132812,""upper_slots"":9790,""upper_value"":506.90625}","[""18ab89a63b63f6c96a0e0aa4807fcf152aed251b441ab77a8b593bcb35929ba0"",""e7e912f3f422b0c1c678bbdbec6566c2421bc39f58d717d2bf376af0fae541f5""]","[""b87d9461ff503e2d13675b08d0362d5675ab8b6a2481e2d19ee46027d0b0ea9d""]","{""counterfactual_capacity_amplification"":[1.0,1.4967511784940757],""counterfactual_memory_saving"":[0.0,0.331886278515492],""exact_capacity"":{""bytes"":[171787714560,206145257472],""gib"":[159.98977661132812,191.98773193359375],""slots"":[9790,11748]},""interval_semantics"":""capacity threshold brackets are (lower_slots,upper_slots]; derived two-element arrays are conservative closed envelopes from monotone endpoint propagation, not point estimates; ratio envelopes use [numerator_lower/denominator_upper,numerator_upper/denominator_lower]"",""physical_capacity_amplification"":[1.247292648745063,1.4967511784940757],""physical_memory_saving"":[0.19826353421859044,0.331886278515492],""s2_counterfactual_capacity"":{""bytes"":[137728475136,171787714560],""gib"":[128.26963806152344,159.98977661132812],""slots"":[7849,9790]},""status"":""BRACKETED""}","{""counterfactual_capacity_amplification"":[1.0,1.4967511784940757],""counterfactual_memory_saving"":[0.0,0.331886278515492],""exact_capacity"":{""bytes"":[171787714560,206145257472],""gib"":[159.98977661132812,191.98773193359375],""slots"":[9790,11748]},""interval_semantics"":""capacity threshold brackets are (lower_slots,upper_slots]; derived two-element arrays are conservative closed envelopes from monotone endpoint propagation, not point estimates; ratio envelopes use [numerator_lower/denominator_upper,numerator_upper/denominator_lower]"",""physical_capacity_amplification"":[1.247292648745063,1.4967511784940757],""physical_memory_saving"":[0.19826353421859044,0.331886278515492],""s2_counterfactual_capacity"":{""bytes"":[137728475136,171787714560],""gib"":[128.26963806152344,159.98977661132812],""slots"":[7849,9790]},""status"":""BRACKETED""}",False,BRACKETED_CONSISTENT,MEASURED_PHYSICAL,EXACT_REPLAY,FIXED_ROUTE_COUNTERFACTUAL,accepted_checksum_linked,observer_semantic_order_44_of_44,True
12-compare-b1,analytical comparison / argumentation,1,STAGE_B_REPRESENTATIVE,True,True,0.6419306216032609,527.078125,"[""000a1d3c7ac5709d48cfa6ed91d1101b3ce285f1918ab5382434513f66991e5b"",""9013a34b83ec69a9d16225967a6f2e962d35a2023840a8dc7c8b468d7caeaa36"",""baf8d7583175aa55eca8c7183608259bb2d30f350a8a643f8b40d4831a362786""]",7849,137728475136,"{""domain_floor_censored"":false,""lower_bytes"":206145257472,""lower_gib"":191.98773193359375,""lower_slots"":11748,""lower_value"":0.6321968410326086,""monotone"":true,""status"":""BRACKETED"",""target"":0.6419306216032609,""upper_bytes"":274877890560,""upper_gib"":255.99998474121094,""upper_slots"":15665,""upper_value"":0.6940493376358695}","{""domain_floor_censored"":false,""lower_bytes"":206145257472,""lower_gib"":191.98773193359375,""lower_slots"":11748,""lower_value"":541.40625,""monotone"":true,""status"":""BRACKETED"",""target"":527.078125,""upper_bytes"":274877890560,""upper_gib"":255.99998474121094,""upper_slots"":15665,""upper_value"":450.359375}","{""domain_floor_censored"":false,""lower_bytes"":137728475136,""lower_gib"":128.26963806152344,""lower_slots"":7849,""lower_value"":0.6209982167119565,""monotone"":true,""status"":""BRACKETED"",""target"":0.6419306216032609,""upper_bytes"":171787714560,""upper_gib"":159.98977661132812,""upper_slots"":9790,""upper_value"":0.6652725883152174}","{""domain_floor_censored"":false,""lower_bytes"":137728475136,""lower_gib"":128.26963806152344,""lower_slots"":7849,""lower_value"":557.890625,""monotone"":true,""status"":""BRACKETED"",""target"":527.078125,""upper_bytes"":171787714560,""upper_gib"":159.98977661132812,""upper_slots"":9790,""upper_value"":492.71875}","[""18ab89a63b63f6c96a0e0aa4807fcf152aed251b441ab77a8b593bcb35929ba0"",""32effda4c65deaf8ae315eaf94b1ec42294f6a61851227a336abcccd604e1b2d""]","[""b87d9461ff503e2d13675b08d0362d5675ab8b6a2481e2d19ee46027d0b0ea9d""]","{""counterfactual_capacity_amplification"":[1.2,1.9957956427570391],""counterfactual_memory_saving"":[0.16666666666666663,0.4989466964570699],""exact_capacity"":{""bytes"":[206145257472,274877890560],""gib"":[191.98773193359375,255.99998474121094],""slots"":[11748,15665]},""interval_semantics"":""capacity threshold brackets are (lower_slots,upper_slots]; derived two-element arrays are conservative closed envelopes from monotone endpoint propagation, not point estimates; ratio envelopes use [numerator_lower/denominator_upper,numerator_upper/denominator_lower]"",""physical_capacity_amplification"":[1.4967511784940757,1.9957956427570391],""physical_memory_saving"":[0.331886278515492,0.4989466964570699],""s2_counterfactual_capacity"":{""bytes"":[137728475136,171787714560],""gib"":[128.26963806152344,159.98977661132812],""slots"":[7849,9790]},""status"":""BRACKETED""}","{""counterfactual_capacity_amplification"":[1.2,1.9957956427570391],""counterfactual_memory_saving"":[0.16666666666666663,0.4989466964570699],""exact_capacity"":{""bytes"":[206145257472,274877890560],""gib"":[191.98773193359375,255.99998474121094],""slots"":[11748,15665]},""interval_semantics"":""capacity threshold brackets are (lower_slots,upper_slots]; derived two-element arrays are conservative closed envelopes from monotone endpoint propagation, not point estimates; ratio envelopes use [numerator_lower/denominator_upper,numerator_upper/denominator_lower]"",""physical_capacity_amplification"":[1.4967511784940757,1.9957956427570391],""physical_memory_saving"":[0.331886278515492,0.4989466964570699],""s2_counterfactual_capacity"":{""bytes"":[137728475136,171787714560],""gib"":[128.26963806152344,159.98977661132812],""slots"":[7849,9790]},""status"":""BRACKETED""}",False,BRACKETED_CONSISTENT,MEASURED_PHYSICAL,EXACT_REPLAY,FIXED_ROUTE_COUNTERFACTUAL,accepted_checksum_linked,physical_EXACT_anchor_16_of_16,True
12-compare-b8,analytical comparison / argumentation,8,STAGE_B2_ENDPOINT,True,False,0.6083772078804348,576.46875,"[""0b294b283ace93d2929947caef420d773b32488dff82b55003ef708bc0cb3e6f"",""baf8d7583175aa55eca8c7183608259bb2d30f350a8a643f8b40d4831a362786"",""e039c907ea514db9438e7f85d2c3613e65203b37d164058f72ce7498b8c712c8""]",7849,137728475136,"{""domain_floor_censored"":false,""lower_bytes"":206145257472,""lower_gib"":191.98773193359375,""lower_slots"":11748,""lower_value"":0.6075917119565217,""monotone"":true,""status"":""BRACKETED"",""target"":0.6083772078804348,""upper_bytes"":274877890560,""upper_gib"":255.99998474121094,""upper_slots"":15665,""upper_value"":0.6810886548913043}","{""domain_floor_censored"":false,""lower_bytes"":206145257472,""lower_gib"":191.98773193359375,""lower_slots"":11748,""lower_value"":577.625,""monotone"":true,""status"":""BRACKETED"",""target"":576.46875,""upper_bytes"":274877890560,""upper_gib"":255.99998474121094,""upper_slots"":15665,""upper_value"":469.4375}","{""domain_floor_censored"":false,""lower_bytes"":137728475136,""lower_gib"":128.26963806152344,""lower_slots"":7849,""lower_value"":0.6070185122282609,""monotone"":true,""status"":""BRACKETED"",""target"":0.6083772078804348,""upper_bytes"":171787714560,""upper_gib"":159.98977661132812,""upper_slots"":9790,""upper_value"":0.6426948879076086}","{""domain_floor_censored"":false,""lower_bytes"":137728475136,""lower_gib"":128.26963806152344,""lower_slots"":7849,""lower_value"":578.46875,""monotone"":true,""status"":""BRACKETED"",""target"":576.46875,""upper_bytes"":171787714560,""upper_gib"":159.98977661132812,""upper_slots"":9790,""upper_value"":525.953125}","[""094c24d78ab6f5bdc8d16519ddbe1126c84fa8800f453eb85729884ee1014d92"",""18ab89a63b63f6c96a0e0aa4807fcf152aed251b441ab77a8b593bcb35929ba0""]","[""b87d9461ff503e2d13675b08d0362d5675ab8b6a2481e2d19ee46027d0b0ea9d""]","{""counterfactual_capacity_amplification"":[1.2,1.9957956427570391],""counterfactual_memory_saving"":[0.16666666666666663,0.4989466964570699],""exact_capacity"":{""bytes"":[206145257472,274877890560],""gib"":[191.98773193359375,255.99998474121094],""slots"":[11748,15665]},""interval_semantics"":""capacity threshold brackets are (lower_slots,upper_slots]; derived two-element arrays are conservative closed envelopes from monotone endpoint propagation, not point estimates; ratio envelopes use [numerator_lower/denominator_upper,numerator_upper/denominator_lower]"",""physical_capacity_amplification"":[1.4967511784940757,1.9957956427570391],""physical_memory_saving"":[0.331886278515492,0.4989466964570699],""s2_counterfactual_capacity"":{""bytes"":[137728475136,171787714560],""gib"":[128.26963806152344,159.98977661132812],""slots"":[7849,9790]},""status"":""BRACKETED""}","{""counterfactual_capacity_amplification"":[1.2,1.9957956427570391],""counterfactual_memory_saving"":[0.16666666666666663,0.4989466964570699],""exact_capacity"":{""bytes"":[206145257472,274877890560],""gib"":[191.98773193359375,255.99998474121094],""slots"":[11748,15665]},""interval_semantics"":""capacity threshold brackets are (lower_slots,upper_slots]; derived two-element arrays are conservative closed envelopes from monotone endpoint propagation, not point estimates; ratio envelopes use [numerator_lower/denominator_upper,numerator_upper/denominator_lower]"",""physical_capacity_amplification"":[1.4967511784940757,1.9957956427570391],""physical_memory_saving"":[0.331886278515492,0.4989466964570699],""s2_counterfactual_capacity"":{""bytes"":[137728475136,171787714560],""gib"":[128.26963806152344,159.98977661132812],""slots"":[7849,9790]},""status"":""BRACKETED""}",False,BRACKETED_CONSISTENT,MEASURED_PHYSICAL,EXACT_REPLAY,FIXED_ROUTE_COUNTERFACTUAL,accepted_checksum_linked,observer_semantic_order_44_of_44,True
13-creative-b1,creative / language generation,1,STAGE_B2_ENDPOINT,True,False,0.6180154551630435,562.28125,"[""0f39dd243ce6ce538e773587202f51fd2619aeca61be96a99bf09f77c68be3e5"",""baf8d7583175aa55eca8c7183608259bb2d30f350a8a643f8b40d4831a362786"",""caa767d119fa3872e6c03bde01d7a3c634c797b7dff7b46fee3d21f6fdbbf2bc""]",7849,137728475136,"{""domain_floor_censored"":false,""lower_bytes"":171787714560,""lower_gib"":159.98977661132812,""lower_slots"":9790,""lower_value"":0.587646484375,""monotone"":true,""status"":""BRACKETED"",""target"":0.6180154551630435,""upper_bytes"":206145257472,""upper_gib"":191.98773193359375,""upper_slots"":11748,""upper_value"":0.6250636888586957}","{""domain_floor_censored"":false,""lower_bytes"":171787714560,""lower_gib"":159.98977661132812,""lower_slots"":9790,""lower_value"":606.984375,""monotone"":true,""status"":""BRACKETED"",""target"":562.28125,""upper_bytes"":206145257472,""upper_gib"":191.98773193359375,""upper_slots"":11748,""upper_value"":551.90625}","{""domain_floor_censored"":false,""lower_bytes"":137728475136,""lower_gib"":128.26963806152344,""lower_slots"":7849,""lower_value"":0.6176970108695652,""monotone"":true,""status"":""BRACKETED"",""target"":0.6180154551630435,""upper_bytes"":171787714560,""upper_gib"":159.98977661132812,""upper_slots"":9790,""upper_value"":0.6528108016304348}","{""domain_floor_censored"":false,""lower_bytes"":137728475136,""lower_gib"":128.26963806152344,""lower_slots"":7849,""lower_value"":562.75,""monotone"":true,""status"":""BRACKETED"",""target"":562.28125,""upper_bytes"":171787714560,""upper_gib"":159.98977661132812,""upper_slots"":9790,""upper_value"":511.0625}","[""18ab89a63b63f6c96a0e0aa4807fcf152aed251b441ab77a8b593bcb35929ba0"",""b5971b806780f5cb7e64e9bddff0040649cfacf91960d81e4bd7917149534e67""]","[""b87d9461ff503e2d13675b08d0362d5675ab8b6a2481e2d19ee46027d0b0ea9d""]","{""counterfactual_capacity_amplification"":[1.0,1.4967511784940757],""counterfactual_memory_saving"":[0.0,0.331886278515492],""exact_capacity"":{""bytes"":[171787714560,206145257472],""gib"":[159.98977661132812,191.98773193359375],""slots"":[9790,11748]},""interval_semantics"":""capacity threshold brackets are (lower_slots,upper_slots]; derived two-element arrays are conservative closed envelopes from monotone endpoint propagation, not point estimates; ratio envelopes use [numerator_lower/denominator_upper,numerator_upper/denominator_lower]"",""physical_capacity_amplification"":[1.247292648745063,1.4967511784940757],""physical_memory_saving"":[0.19826353421859044,0.331886278515492],""s2_counterfactual_capacity"":{""bytes"":[137728475136,171787714560],""gib"":[128.26963806152344,159.98977661132812],""slots"":[7849,9790]},""status"":""BRACKETED""}","{""counterfactual_capacity_amplification"":[1.0,1.4967511784940757],""counterfactual_memory_saving"":[0.0,0.331886278515492],""exact_capacity"":{""bytes"":[171787714560,206145257472],""gib"":[159.98977661132812,191.98773193359375],""slots"":[9790,11748]},""interval_semantics"":""capacity threshold brackets are (lower_slots,upper_slots]; derived two-element arrays are conservative closed envelopes from monotone endpoint propagation, not point estimates; ratio envelopes use [numerator_lower/denominator_upper,numerator_upper/denominator_lower]"",""physical_capacity_amplification"":[1.247292648745063,1.4967511784940757],""physical_memory_saving"":[0.19826353421859044,0.331886278515492],""s2_counterfactual_capacity"":{""bytes"":[137728475136,171787714560],""gib"":[128.26963806152344,159.98977661132812],""slots"":[7849,9790]},""status"":""BRACKETED""}",False,BRACKETED_CONSISTENT,MEASURED_PHYSICAL,EXACT_REPLAY,FIXED_ROUTE_COUNTERFACTUAL,accepted_checksum_linked,observer_semantic_order_44_of_44,True
13-creative-b3,creative / language generation,3,STAGE_B_REPRESENTATIVE,False,False,0.6181534476902174,562.078125,"[""8b008aa2420deee13aef9a9b61fcac5b50d7d90139c25794fb825b2aeb5ea87b"",""baf8d7583175aa55eca8c7183608259bb2d30f350a8a643f8b40d4831a362786"",""e0342de661b06b451c9c22bc4856f694d7136f8ec605c060f8630a2794dda8db""]",7849,137728475136,"{""domain_floor_censored"":false,""lower_bytes"":171787714560,""lower_gib"":159.98977661132812,""lower_slots"":9790,""lower_value"":0.5986221976902174,""monotone"":true,""status"":""BRACKETED"",""target"":0.6181534476902174,""upper_bytes"":206145257472,""upper_gib"":191.98773193359375,""upper_slots"":11748,""upper_value"":0.648543648097826}","{""domain_floor_censored"":false,""lower_bytes"":171787714560,""lower_gib"":159.98977661132812,""lower_slots"":9790,""lower_value"":590.828125,""monotone"":true,""status"":""BRACKETED"",""target"":562.078125,""upper_bytes"":206145257472,""upper_gib"":191.98773193359375,""upper_slots"":11748,""upper_value"":517.34375}","{""domain_floor_censored"":false,""lower_bytes"":103072628736,""lower_gib"":95.99386596679688,""lower_slots"":5874,""lower_value"":0.5538064707880435,""monotone"":true,""status"":""BRACKETED"",""target"":0.6181534476902174,""upper_bytes"":137430171648,""upper_gib"":127.9918212890625,""upper_slots"":7832,""upper_value"":0.6182065217391305}","{""domain_floor_censored"":false,""lower_bytes"":103072628736,""lower_gib"":95.99386596679688,""lower_slots"":5874,""lower_value"":656.796875,""monotone"":true,""status"":""BRACKETED"",""target"":562.078125,""upper_bytes"":137430171648,""upper_gib"":127.9918212890625,""upper_slots"":7832,""upper_value"":562.0}","[""00ae2fdfb09568af8d0fc0b1ebd4484029075c185e2fca04602dcb11637dfe1b"",""18ab89a63b63f6c96a0e0aa4807fcf152aed251b441ab77a8b593bcb35929ba0""]","[""b87d9461ff503e2d13675b08d0362d5675ab8b6a2481e2d19ee46027d0b0ea9d""]","{""counterfactual_capacity_amplification"":[1.25,2.0],""counterfactual_memory_saving"":[0.19999999999999996,0.5],""exact_capacity"":{""bytes"":[171787714560,206145257472],""gib"":[159.98977661132812,191.98773193359375],""slots"":[9790,11748]},""interval_semantics"":""capacity threshold brackets are (lower_slots,upper_slots]; derived two-element arrays are conservative closed envelopes from monotone endpoint propagation, not point estimates; ratio envelopes use [numerator_lower/denominator_upper,numerator_upper/denominator_lower]"",""physical_capacity_amplification"":[1.247292648745063,1.4967511784940757],""physical_memory_saving"":[0.19826353421859044,0.331886278515492],""s2_counterfactual_capacity"":{""bytes"":[103072628736,137430171648],""gib"":[95.99386596679688,127.9918212890625],""slots"":[5874,7832]},""status"":""BRACKETED""}","{""counterfactual_capacity_amplification"":[1.25,2.0],""counterfactual_memory_saving"":[0.19999999999999996,0.5],""exact_capacity"":{""bytes"":[171787714560,206145257472],""gib"":[159.98977661132812,191.98773193359375],""slots"":[9790,11748]},""interval_semantics"":""capacity threshold brackets are (lower_slots,upper_slots]; derived two-element arrays are conservative closed envelopes from monotone endpoint propagation, not point estimates; ratio envelopes use [numerator_lower/denominator_upper,numerator_upper/denominator_lower]"",""physical_capacity_amplification"":[1.247292648745063,1.4967511784940757],""physical_memory_saving"":[0.19826353421859044,0.331886278515492],""s2_counterfactual_capacity"":{""bytes"":[103072628736,137430171648],""gib"":[95.99386596679688,127.9918212890625],""slots"":[5874,7832]},""status"":""BRACKETED""}",False,BRACKETED_CONSISTENT,MEASURED_PHYSICAL,EXACT_REPLAY,FIXED_ROUTE_COUNTERFACTUAL,accepted_checksum_linked,physical_EXACT_anchor_16_of_16,True
13-creative-b8,creative / language generation,8,STAGE_B2_ENDPOINT,True,False,0.6341818104619565,538.484375,"[""315842ce8709c4877761f470416b8fd77a0f348ef4b62755c3a76c6c77f17f8e"",""b4fb28a8532c43bf2fb35e98750f625ee243a8f1509f12319e041bed5c7d2899"",""baf8d7583175aa55eca8c7183608259bb2d30f350a8a643f8b40d4831a362786""]",7849,137728475136,"{""domain_floor_censored"":false,""lower_bytes"":206145257472,""lower_gib"":191.98773193359375,""lower_slots"":11748,""lower_value"":0.6316554857336957,""monotone"":true,""status"":""BRACKETED"",""target"":0.6341818104619565,""upper_bytes"":274877890560,""upper_gib"":255.99998474121094,""upper_slots"":15665,""upper_value"":0.6880201256793478}","{""domain_floor_censored"":false,""lower_bytes"":206145257472,""lower_gib"":191.98773193359375,""lower_slots"":11748,""lower_value"":542.203125,""monotone"":true,""status"":""BRACKETED"",""target"":538.484375,""upper_bytes"":274877890560,""upper_gib"":255.99998474121094,""upper_slots"":15665,""upper_value"":459.234375}","{""domain_floor_censored"":false,""lower_bytes"":103072628736,""lower_gib"":95.99386596679688,""lower_slots"":5874,""lower_value"":0.590926460597826,""monotone"":true,""status"":""BRACKETED"",""target"":0.6341818104619565,""upper_bytes"":137430171648,""upper_gib"":127.9918212890625,""upper_slots"":7832,""upper_value"":0.6342136548913043}","{""domain_floor_censored"":false,""lower_bytes"":103072628736,""lower_gib"":95.99386596679688,""lower_slots"":5874,""lower_value"":602.15625,""monotone"":true,""status"":""BRACKETED"",""target"":538.484375,""upper_bytes"":137430171648,""upper_gib"":127.9918212890625,""upper_slots"":7832,""upper_value"":538.4375}","[""0ea0489cd436aecf0d1261df1ae834e66149537c91ee4415050ad4bab439446b"",""18ab89a63b63f6c96a0e0aa4807fcf152aed251b441ab77a8b593bcb35929ba0""]","[""b87d9461ff503e2d13675b08d0362d5675ab8b6a2481e2d19ee46027d0b0ea9d""]","{""counterfactual_capacity_amplification"":[1.5,2.666836908409942],""counterfactual_memory_saving"":[0.33333333333333337,0.6250239387168848],""exact_capacity"":{""bytes"":[206145257472,274877890560],""gib"":[191.98773193359375,255.99998474121094],""slots"":[11748,15665]},""interval_semantics"":""capacity threshold brackets are (lower_slots,upper_slots]; derived two-element arrays are conservative closed envelopes from monotone endpoint propagation, not point estimates; ratio envelopes use [numerator_lower/denominator_upper,numerator_upper/denominator_lower]"",""physical_capacity_amplification"":[1.4967511784940757,1.9957956427570391],""physical_memory_saving"":[0.331886278515492,0.4989466964570699],""s2_counterfactual_capacity"":{""bytes"":[103072628736,137430171648],""gib"":[95.99386596679688,127.9918212890625],""slots"":[5874,7832]},""status"":""BRACKETED""}","{""counterfactual_capacity_amplification"":[1.5,2.666836908409942],""counterfactual_memory_saving"":[0.33333333333333337,0.6250239387168848],""exact_capacity"":{""bytes"":[206145257472,274877890560],""gib"":[191.98773193359375,255.99998474121094],""slots"":[11748,15665]},""interval_semantics"":""capacity threshold brackets are (lower_slots,upper_slots]; derived two-element arrays are conservative closed envelopes from monotone endpoint propagation, not point estimates; ratio envelopes use [numerator_lower/denominator_upper,numerator_upper/denominator_lower]"",""physical_capacity_amplification"":[1.4967511784940757,1.9957956427570391],""physical_memory_saving"":[0.331886278515492,0.4989466964570699],""s2_counterfactual_capacity"":{""bytes"":[103072628736,137430171648],""gib"":[95.99386596679688,127.9918212890625],""slots"":[5874,7832]},""status"":""BRACKETED""}",False,BRACKETED_CONSISTENT,MEASURED_PHYSICAL,EXACT_REPLAY,FIXED_ROUTE_COUNTERFACTUAL,accepted_checksum_linked,observer_semantic_order_44_of_44,True
14-qa-b1,conversational / direct QA,1,STAGE_B2_ENDPOINT,True,False,0.5938667629076086,597.828125,"[""3274a51d6f915758ab61db1b0a0613d54bc848bf0b0998819989156176e11480"",""975f4470909848e4057b23b999573e542fc0296b0c161182b94a02aaa45edbe7"",""baf8d7583175aa55eca8c7183608259bb2d30f350a8a643f8b40d4831a362786""]",7849,137728475136,"{""domain_floor_censored"":false,""lower_bytes"":171787714560,""lower_gib"":159.98977661132812,""lower_slots"":9790,""lower_value"":0.5708856997282609,""monotone"":true,""status"":""BRACKETED"",""target"":0.5938667629076086,""upper_bytes"":206145257472,""upper_gib"":191.98773193359375,""upper_slots"":11748,""upper_value"":0.6113918138586957}","{""domain_floor_censored"":false,""lower_bytes"":171787714560,""lower_gib"":159.98977661132812,""lower_slots"":9790,""lower_value"":631.65625,""monotone"":true,""status"":""BRACKETED"",""target"":597.828125,""upper_bytes"":206145257472,""upper_gib"":191.98773193359375,""upper_slots"":11748,""upper_value"":572.03125}","{""domain_floor_censored"":false,""lower_bytes"":103072628736,""lower_gib"":95.99386596679688,""lower_slots"":5874,""lower_value"":0.526123046875,""monotone"":true,""status"":""BRACKETED"",""target"":0.5938667629076086,""upper_bytes"":137430171648,""upper_gib"":127.9918212890625,""upper_slots"":7832,""upper_value"":0.5971467391304348}","{""domain_floor_censored"":false,""lower_bytes"":103072628736,""lower_gib"":95.99386596679688,""lower_slots"":5874,""lower_value"":697.546875,""monotone"":true,""status"":""BRACKETED"",""target"":597.828125,""upper_bytes"":137430171648,""upper_gib"":127.9918212890625,""upper_slots"":7832,""upper_value"":593.0}","[""18ab89a63b63f6c96a0e0aa4807fcf152aed251b441ab77a8b593bcb35929ba0"",""8c28bf5a8c15335ed872e7a1a6882b16c6d4886d474c50699be85dcb05ebfb3c""]","[""b87d9461ff503e2d13675b08d0362d5675ab8b6a2481e2d19ee46027d0b0ea9d""]","{""counterfactual_capacity_amplification"":[1.25,2.0],""counterfactual_memory_saving"":[0.19999999999999996,0.5],""exact_capacity"":{""bytes"":[171787714560,206145257472],""gib"":[159.98977661132812,191.98773193359375],""slots"":[9790,11748]},""interval_semantics"":""capacity threshold brackets are (lower_slots,upper_slots]; derived two-element arrays are conservative closed envelopes from monotone endpoint propagation, not point estimates; ratio envelopes use [numerator_lower/denominator_upper,numerator_upper/denominator_lower]"",""physical_capacity_amplification"":[1.247292648745063,1.4967511784940757],""physical_memory_saving"":[0.19826353421859044,0.331886278515492],""s2_counterfactual_capacity"":{""bytes"":[103072628736,137430171648],""gib"":[95.99386596679688,127.9918212890625],""slots"":[5874,7832]},""status"":""BRACKETED""}","{""counterfactual_capacity_amplification"":[1.25,2.0],""counterfactual_memory_saving"":[0.19999999999999996,0.5],""exact_capacity"":{""bytes"":[171787714560,206145257472],""gib"":[159.98977661132812,191.98773193359375],""slots"":[9790,11748]},""interval_semantics"":""capacity threshold brackets are (lower_slots,upper_slots]; derived two-element arrays are conservative closed envelopes from monotone endpoint propagation, not point estimates; ratio envelopes use [numerator_lower/denominator_upper,numerator_upper/denominator_lower]"",""physical_capacity_amplification"":[1.247292648745063,1.4967511784940757],""physical_memory_saving"":[0.19826353421859044,0.331886278515492],""s2_counterfactual_capacity"":{""bytes"":[103072628736,137430171648],""gib"":[95.99386596679688,127.9918212890625],""slots"":[5874,7832]},""status"":""BRACKETED""}",False,BRACKETED_CONSISTENT,MEASURED_PHYSICAL,EXACT_REPLAY,FIXED_ROUTE_COUNTERFACTUAL,accepted_checksum_linked,observer_semantic_order_44_of_44,True
14-qa-b2,conversational / direct QA,2,STAGE_B_REPRESENTATIVE,False,False,0.6041206691576086,582.734375,"[""7e82ef56e094bddc4d32f6a38fffe26025f2c060039ac35ea05b7268c193dd12"",""baf8d7583175aa55eca8c7183608259bb2d30f350a8a643f8b40d4831a362786"",""d174300e7506757722ee720c58de1da2044a985e45f44bc17063527bd17db11a""]",7849,137728475136,"{""domain_floor_censored"":false,""lower_bytes"":171787714560,""lower_gib"":159.98977661132812,""lower_slots"":9790,""lower_value"":0.5806407099184783,""monotone"":true,""status"":""BRACKETED"",""target"":0.6041206691576086,""upper_bytes"":206145257472,""upper_gib"":191.98773193359375,""upper_slots"":11748,""upper_value"":0.6104046365489131}","{""domain_floor_censored"":false,""lower_bytes"":171787714560,""lower_gib"":159.98977661132812,""lower_slots"":9790,""lower_value"":617.296875,""monotone"":true,""status"":""BRACKETED"",""target"":582.734375,""upper_bytes"":206145257472,""upper_gib"":191.98773193359375,""upper_slots"":11748,""upper_value"":573.484375}","{""domain_floor_censored"":false,""lower_bytes"":103072628736,""lower_gib"":95.99386596679688,""lower_slots"":5874,""lower_value"":0.5290739639945652,""monotone"":true,""status"":""BRACKETED"",""target"":0.6041206691576086,""upper_bytes"":137430171648,""upper_gib"":127.9918212890625,""upper_slots"":7832,""upper_value"":0.6064983865489131}","{""domain_floor_censored"":false,""lower_bytes"":103072628736,""lower_gib"":95.99386596679688,""lower_slots"":5874,""lower_value"":693.203125,""monotone"":true,""status"":""BRACKETED"",""target"":582.734375,""upper_bytes"":137430171648,""upper_gib"":127.9918212890625,""upper_slots"":7832,""upper_value"":579.234375}","[""18ab89a63b63f6c96a0e0aa4807fcf152aed251b441ab77a8b593bcb35929ba0"",""c66e4e6a6bf734331b1490f9ea2cacf0eb309883c904dd0edc0de4a1f9bedef7""]","[""b87d9461ff503e2d13675b08d0362d5675ab8b6a2481e2d19ee46027d0b0ea9d""]","{""counterfactual_capacity_amplification"":[1.25,2.0],""counterfactual_memory_saving"":[0.19999999999999996,0.5],""exact_capacity"":{""bytes"":[171787714560,206145257472],""gib"":[159.98977661132812,191.98773193359375],""slots"":[9790,11748]},""interval_semantics"":""capacity threshold brackets are (lower_slots,upper_slots]; derived two-element arrays are conservative closed envelopes from monotone endpoint propagation, not point estimates; ratio envelopes use [numerator_lower/denominator_upper,numerator_upper/denominator_lower]"",""physical_capacity_amplification"":[1.247292648745063,1.4967511784940757],""physical_memory_saving"":[0.19826353421859044,0.331886278515492],""s2_counterfactual_capacity"":{""bytes"":[103072628736,137430171648],""gib"":[95.99386596679688,127.9918212890625],""slots"":[5874,7832]},""status"":""BRACKETED""}","{""counterfactual_capacity_amplification"":[1.25,2.0],""counterfactual_memory_saving"":[0.19999999999999996,0.5],""exact_capacity"":{""bytes"":[171787714560,206145257472],""gib"":[159.98977661132812,191.98773193359375],""slots"":[9790,11748]},""interval_semantics"":""capacity threshold brackets are (lower_slots,upper_slots]; derived two-element arrays are conservative closed envelopes from monotone endpoint propagation, not point estimates; ratio envelopes use [numerator_lower/denominator_upper,numerator_upper/denominator_lower]"",""physical_capacity_amplification"":[1.247292648745063,1.4967511784940757],""physical_memory_saving"":[0.19826353421859044,0.331886278515492],""s2_counterfactual_capacity"":{""bytes"":[103072628736,137430171648],""gib"":[95.99386596679688,127.9918212890625],""slots"":[5874,7832]},""status"":""BRACKETED""}",False,BRACKETED_CONSISTENT,MEASURED_PHYSICAL,EXACT_REPLAY,FIXED_ROUTE_COUNTERFACTUAL,accepted_checksum_linked,physical_EXACT_anchor_16_of_16,True
14-qa-b8,conversational / direct QA,8,STAGE_B2_ENDPOINT,True,False,0.6519403872282609,512.34375,"[""2c86d1a84f02d2db77d9dc6182f71e24b235a404207f9006c1b6ad904253ddea"",""ae89daf914718413000de3d8ee933f594269804a0912ad52649050b49f5397c7"",""baf8d7583175aa55eca8c7183608259bb2d30f350a8a643f8b40d4831a362786""]",7849,137728475136,"{""domain_floor_censored"":false,""lower_bytes"":206145257472,""lower_gib"":191.98773193359375,""lower_slots"":11748,""lower_value"":0.6425038213315217,""monotone"":true,""status"":""BRACKETED"",""target"":0.6519403872282609,""upper_bytes"":274877890560,""upper_gib"":255.99998474121094,""upper_slots"":15665,""upper_value"":0.6901749320652174}","{""domain_floor_censored"":false,""lower_bytes"":206145257472,""lower_gib"":191.98773193359375,""lower_slots"":11748,""lower_value"":526.234375,""monotone"":true,""status"":""BRACKETED"",""target"":512.34375,""upper_bytes"":274877890560,""upper_gib"":255.99998474121094,""upper_slots"":15665,""upper_value"":456.0625}","{""domain_floor_censored"":false,""lower_bytes"":137728475136,""lower_gib"":128.26963806152344,""lower_slots"":7849,""lower_value"":0.6456882642663043,""monotone"":true,""status"":""BRACKETED"",""target"":0.6519403872282609,""upper_bytes"":171787714560,""upper_gib"":159.98977661132812,""upper_slots"":9790,""upper_value"":0.6769276494565217}","{""domain_floor_censored"":false,""lower_bytes"":137728475136,""lower_gib"":128.26963806152344,""lower_slots"":7849,""lower_value"":521.546875,""monotone"":true,""status"":""BRACKETED"",""target"":512.34375,""upper_bytes"":171787714560,""upper_gib"":159.98977661132812,""upper_slots"":9790,""upper_value"":475.5625}","[""18ab89a63b63f6c96a0e0aa4807fcf152aed251b441ab77a8b593bcb35929ba0"",""c9a9cac79f9b628274d5cc993f7cf96057c4042bb0931da50ea2698bc83338c9""]","[""b87d9461ff503e2d13675b08d0362d5675ab8b6a2481e2d19ee46027d0b0ea9d""]","{""counterfactual_capacity_amplification"":[1.2,1.9957956427570391],""counterfactual_memory_saving"":[0.16666666666666663,0.4989466964570699],""exact_capacity"":{""bytes"":[206145257472,274877890560],""gib"":[191.98773193359375,255.99998474121094],""slots"":[11748,15665]},""interval_semantics"":""capacity threshold brackets are (lower_slots,upper_slots]; derived two-element arrays are conservative closed envelopes from monotone endpoint propagation, not point estimates; ratio envelopes use [numerator_lower/denominator_upper,numerator_upper/denominator_lower]"",""physical_capacity_amplification"":[1.4967511784940757,1.9957956427570391],""physical_memory_saving"":[0.331886278515492,0.4989466964570699],""s2_counterfactual_capacity"":{""bytes"":[137728475136,171787714560],""gib"":[128.26963806152344,159.98977661132812],""slots"":[7849,9790]},""status"":""BRACKETED""}","{""counterfactual_capacity_amplification"":[1.2,1.9957956427570391],""counterfactual_memory_saving"":[0.16666666666666663,0.4989466964570699],""exact_capacity"":{""bytes"":[206145257472,274877890560],""gib"":[191.98773193359375,255.99998474121094],""slots"":[11748,15665]},""interval_semantics"":""capacity threshold brackets are (lower_slots,upper_slots]; derived two-element arrays are conservative closed envelopes from monotone endpoint propagation, not point estimates; ratio envelopes use [numerator_lower/denominator_upper,numerator_upper/denominator_lower]"",""physical_capacity_amplification"":[1.4967511784940757,1.9957956427570391],""physical_memory_saving"":[0.331886278515492,0.4989466964570699],""s2_counterfactual_capacity"":{""bytes"":[137728475136,171787714560],""gib"":[128.26963806152344,159.98977661132812],""slots"":[7849,9790]},""status"":""BRACKETED""}",False,BRACKETED_CONSISTENT,MEASURED_PHYSICAL,EXACT_REPLAY,FIXED_ROUTE_COUNTERFACTUAL,accepted_checksum_linked,observer_semantic_order_44_of_44,True
15-spanish-b1,Spanish-language reasoning/explanation,1,STAGE_B2_ENDPOINT,True,False,0.6217730978260869,556.75,"[""6dc2778844acdf853368e366007a8bc5dd618ac691acccafcd6b95fb18d1d39e"",""961d4462614020cdd1b6430a89b4f2c7251cf51ab563f1cb494836f6e029f8ed"",""baf8d7583175aa55eca8c7183608259bb2d30f350a8a643f8b40d4831a362786""]",7849,137728475136,"{""domain_floor_censored"":false,""lower_bytes"":171787714560,""lower_gib"":159.98977661132812,""lower_slots"":9790,""lower_value"":0.5962550951086957,""monotone"":true,""status"":""BRACKETED"",""target"":0.6217730978260869,""upper_bytes"":206145257472,""upper_gib"":191.98773193359375,""upper_slots"":11748,""upper_value"":0.6301163383152174}","{""domain_floor_censored"":false,""lower_bytes"":171787714560,""lower_gib"":159.98977661132812,""lower_slots"":9790,""lower_value"":594.3125,""monotone"":true,""status"":""BRACKETED"",""target"":556.75,""upper_bytes"":206145257472,""upper_gib"":191.98773193359375,""upper_slots"":11748,""upper_value"":544.46875}","{""domain_floor_censored"":false,""lower_bytes"":103072628736,""lower_gib"":95.99386596679688,""lower_slots"":5874,""lower_value"":0.5703125,""monotone"":true,""status"":""BRACKETED"",""target"":0.6217730978260869,""upper_bytes"":137430171648,""upper_gib"":127.9918212890625,""upper_slots"":7832,""upper_value"":0.6223356827445652}","{""domain_floor_censored"":false,""lower_bytes"":103072628736,""lower_gib"":95.99386596679688,""lower_slots"":5874,""lower_value"":632.5,""monotone"":true,""status"":""BRACKETED"",""target"":556.75,""upper_bytes"":137430171648,""upper_gib"":127.9918212890625,""upper_slots"":7832,""upper_value"":555.921875}","[""18ab89a63b63f6c96a0e0aa4807fcf152aed251b441ab77a8b593bcb35929ba0"",""660895b18301ca877ec094c5605427e5c132b2d4215167d03ce92048084c0a24""]","[""b87d9461ff503e2d13675b08d0362d5675ab8b6a2481e2d19ee46027d0b0ea9d""]","{""counterfactual_capacity_amplification"":[1.25,2.0],""counterfactual_memory_saving"":[0.19999999999999996,0.5],""exact_capacity"":{""bytes"":[171787714560,206145257472],""gib"":[159.98977661132812,191.98773193359375],""slots"":[9790,11748]},""interval_semantics"":""capacity threshold brackets are (lower_slots,upper_slots]; derived two-element arrays are conservative closed envelopes from monotone endpoint propagation, not point estimates; ratio envelopes use [numerator_lower/denominator_upper,numerator_upper/denominator_lower]"",""physical_capacity_amplification"":[1.247292648745063,1.4967511784940757],""physical_memory_saving"":[0.19826353421859044,0.331886278515492],""s2_counterfactual_capacity"":{""bytes"":[103072628736,137430171648],""gib"":[95.99386596679688,127.9918212890625],""slots"":[5874,7832]},""status"":""BRACKETED""}","{""counterfactual_capacity_amplification"":[1.25,2.0],""counterfactual_memory_saving"":[0.19999999999999996,0.5],""exact_capacity"":{""bytes"":[171787714560,206145257472],""gib"":[159.98977661132812,191.98773193359375],""slots"":[9790,11748]},""interval_semantics"":""capacity threshold brackets are (lower_slots,upper_slots]; derived two-element arrays are conservative closed envelopes from monotone endpoint propagation, not point estimates; ratio envelopes use [numerator_lower/denominator_upper,numerator_upper/denominator_lower]"",""physical_capacity_amplification"":[1.247292648745063,1.4967511784940757],""physical_memory_saving"":[0.19826353421859044,0.331886278515492],""s2_counterfactual_capacity"":{""bytes"":[103072628736,137430171648],""gib"":[95.99386596679688,127.9918212890625],""slots"":[5874,7832]},""status"":""BRACKETED""}",False,BRACKETED_CONSISTENT,MEASURED_PHYSICAL,EXACT_REPLAY,FIXED_ROUTE_COUNTERFACTUAL,accepted_checksum_linked,observer_semantic_order_44_of_44,True
15-spanish-b2,Spanish-language reasoning/explanation,2,STAGE_B_REPRESENTATIVE,False,False,0.6424082880434783,526.375,"[""734e3c6c6ff7e9062801e11d627377217dd772dd90ab22b36e8edee0b5dd89a5"",""baf8d7583175aa55eca8c7183608259bb2d30f350a8a643f8b40d4831a362786"",""cc30c1f8afdcea2a102ca01356442d52473defa563c6d8618ebf900e6355acab""]",7849,137728475136,"{""domain_floor_censored"":false,""lower_bytes"":171787714560,""lower_gib"":159.98977661132812,""lower_slots"":9790,""lower_value"":0.616455078125,""monotone"":true,""status"":""BRACKETED"",""target"":0.6424082880434783,""upper_bytes"":206145257472,""upper_gib"":191.98773193359375,""upper_slots"":11748,""upper_value"":0.6444887907608695}","{""domain_floor_censored"":false,""lower_bytes"":171787714560,""lower_gib"":159.98977661132812,""lower_slots"":9790,""lower_value"":564.578125,""monotone"":true,""status"":""BRACKETED"",""target"":526.375,""upper_bytes"":206145257472,""upper_gib"":191.98773193359375,""upper_slots"":11748,""upper_value"":523.3125}","{""domain_floor_censored"":false,""lower_bytes"":103072628736,""lower_gib"":95.99386596679688,""lower_slots"":5874,""lower_value"":0.5998747452445652,""monotone"":true,""status"":""BRACKETED"",""target"":0.6424082880434783,""upper_bytes"":137430171648,""upper_gib"":127.9918212890625,""upper_slots"":7832,""upper_value"":0.6430557914402174}","{""domain_floor_censored"":false,""lower_bytes"":103072628736,""lower_gib"":95.99386596679688,""lower_slots"":5874,""lower_value"":588.984375,""monotone"":true,""status"":""BRACKETED"",""target"":526.375,""upper_bytes"":137430171648,""upper_gib"":127.9918212890625,""upper_slots"":7832,""upper_value"":525.421875}","[""18ab89a63b63f6c96a0e0aa4807fcf152aed251b441ab77a8b593bcb35929ba0"",""21e23108a07ad69f63b35b73bded71cc0c146202b85af1117ff8f2956582759c""]","[""b87d9461ff503e2d13675b08d0362d5675ab8b6a2481e2d19ee46027d0b0ea9d""]","{""counterfactual_capacity_amplification"":[1.25,2.0],""counterfactual_memory_saving"":[0.19999999999999996,0.5],""exact_capacity"":{""bytes"":[171787714560,206145257472],""gib"":[159.98977661132812,191.98773193359375],""slots"":[9790,11748]},""interval_semantics"":""capacity threshold brackets are (lower_slots,upper_slots]; derived two-element arrays are conservative closed envelopes from monotone endpoint propagation, not point estimates; ratio envelopes use [numerator_lower/denominator_upper,numerator_upper/denominator_lower]"",""physical_capacity_amplification"":[1.247292648745063,1.4967511784940757],""physical_memory_saving"":[0.19826353421859044,0.331886278515492],""s2_counterfactual_capacity"":{""bytes"":[103072628736,137430171648],""gib"":[95.99386596679688,127.9918212890625],""slots"":[5874,7832]},""status"":""BRACKETED""}","{""counterfactual_capacity_amplification"":[1.25,2.0],""counterfactual_memory_saving"":[0.19999999999999996,0.5],""exact_capacity"":{""bytes"":[171787714560,206145257472],""gib"":[159.98977661132812,191.98773193359375],""slots"":[9790,11748]},""interval_semantics"":""capacity threshold brackets are (lower_slots,upper_slots]; derived two-element arrays are conservative closed envelopes from monotone endpoint propagation, not point estimates; ratio envelopes use [numerator_lower/denominator_upper,numerator_upper/denominator_lower]"",""physical_capacity_amplification"":[1.247292648745063,1.4967511784940757],""physical_memory_saving"":[0.19826353421859044,0.331886278515492],""s2_counterfactual_capacity"":{""bytes"":[103072628736,137430171648],""gib"":[95.99386596679688,127.9918212890625],""slots"":[5874,7832]},""status"":""BRACKETED""}",False,BRACKETED_CONSISTENT,MEASURED_PHYSICAL,EXACT_REPLAY,FIXED_ROUTE_COUNTERFACTUAL,accepted_checksum_linked,physical_EXACT_anchor_16_of_16,True
15-spanish-b8,Spanish-language reasoning/explanation,8,STAGE_B2_ENDPOINT,True,False,0.6440111243206522,524.015625,"[""56b71991e938d7d41b5c98a2417f56510076d13f88e92899385e4208832b9270"",""baf8d7583175aa55eca8c7183608259bb2d30f350a8a643f8b40d4831a362786"",""c8cf0de97631a3dc6100f8eeafd7393aa6cbd114097f71387dad57a677fb06c5""]",7849,137728475136,"{""domain_floor_censored"":false,""lower_bytes"":206145257472,""lower_gib"":191.98773193359375,""lower_slots"":11748,""lower_value"":0.6418138586956522,""monotone"":true,""status"":""BRACKETED"",""target"":0.6440111243206522,""upper_bytes"":274877890560,""upper_gib"":255.99998474121094,""upper_slots"":15665,""upper_value"":0.6865552819293478}","{""domain_floor_censored"":false,""lower_bytes"":206145257472,""lower_gib"":191.98773193359375,""lower_slots"":11748,""lower_value"":527.25,""monotone"":true,""status"":""BRACKETED"",""target"":524.015625,""upper_bytes"":274877890560,""upper_gib"":255.99998474121094,""upper_slots"":15665,""upper_value"":461.390625}","{""domain_floor_censored"":false,""lower_bytes"":137728475136,""lower_gib"":128.26963806152344,""lower_slots"":7849,""lower_value"":0.643660835597826,""monotone"":true,""status"":""BRACKETED"",""target"":0.6440111243206522,""upper_bytes"":171787714560,""upper_gib"":159.98977661132812,""upper_slots"":9790,""upper_value"":0.6766092051630435}","{""domain_floor_censored"":false,""lower_bytes"":137728475136,""lower_gib"":128.26963806152344,""lower_slots"":7849,""lower_value"":524.53125,""monotone"":true,""status"":""BRACKETED"",""target"":524.015625,""upper_bytes"":171787714560,""upper_gib"":159.98977661132812,""upper_slots"":9790,""upper_value"":476.03125}","[""18ab89a63b63f6c96a0e0aa4807fcf152aed251b441ab77a8b593bcb35929ba0"",""e7609656e3a646118e4e47e8156c77537d545963883bd4b37527eb00cc83b1bc""]","[""b87d9461ff503e2d13675b08d0362d5675ab8b6a2481e2d19ee46027d0b0ea9d""]","{""counterfactual_capacity_amplification"":[1.2,1.9957956427570391],""counterfactual_memory_saving"":[0.16666666666666663,0.4989466964570699],""exact_capacity"":{""bytes"":[206145257472,274877890560],""gib"":[191.98773193359375,255.99998474121094],""slots"":[11748,15665]},""interval_semantics"":""capacity threshold brackets are (lower_slots,upper_slots]; derived two-element arrays are conservative closed envelopes from monotone endpoint propagation, not point estimates; ratio envelopes use [numerator_lower/denominator_upper,numerator_upper/denominator_lower]"",""physical_capacity_amplification"":[1.4967511784940757,1.9957956427570391],""physical_memory_saving"":[0.331886278515492,0.4989466964570699],""s2_counterfactual_capacity"":{""bytes"":[137728475136,171787714560],""gib"":[128.26963806152344,159.98977661132812],""slots"":[7849,9790]},""status"":""BRACKETED""}","{""counterfactual_capacity_amplification"":[1.2,1.9957956427570391],""counterfactual_memory_saving"":[0.16666666666666663,0.4989466964570699],""exact_capacity"":{""bytes"":[206145257472,274877890560],""gib"":[191.98773193359375,255.99998474121094],""slots"":[11748,15665]},""interval_semantics"":""capacity threshold brackets are (lower_slots,upper_slots]; derived two-element arrays are conservative closed envelopes from monotone endpoint propagation, not point estimates; ratio envelopes use [numerator_lower/denominator_upper,numerator_upper/denominator_lower]"",""physical_capacity_amplification"":[1.4967511784940757,1.9957956427570391],""physical_memory_saving"":[0.331886278515492,0.4989466964570699],""s2_counterfactual_capacity"":{""bytes"":[137728475136,171787714560],""gib"":[128.26963806152344,159.98977661132812],""slots"":[7849,9790]},""status"":""BRACKETED""}",False,BRACKETED_CONSISTENT,MEASURED_PHYSICAL,EXACT_REPLAY,FIXED_ROUTE_COUNTERFACTUAL,accepted_checksum_linked,observer_semantic_order_44_of_44,True
16-multi-b1,multilingual / translation / cross-language transformation,1,STAGE_B2_ENDPOINT,True,False,0.5955014436141305,595.421875,"[""baf8d7583175aa55eca8c7183608259bb2d30f350a8a643f8b40d4831a362786"",""bb284912d7e8c25bff1cbef1ef9b7cd2ea161e6fef206f220c9a68cf13905e5f"",""f93a7e16fb78b6696269669e739b4a51950e5272b1c390a4f45f130d8959c07c""]",7849,137728475136,"{""domain_floor_censored"":false,""lower_bytes"":171787714560,""lower_gib"":159.98977661132812,""lower_slots"":9790,""lower_value"":0.5692510190217391,""monotone"":true,""status"":""BRACKETED"",""target"":0.5955014436141305,""upper_bytes"":206145257472,""upper_gib"":191.98773193359375,""upper_slots"":11748,""upper_value"":0.6038340692934783}","{""domain_floor_censored"":false,""lower_bytes"":171787714560,""lower_gib"":159.98977661132812,""lower_slots"":9790,""lower_value"":634.0625,""monotone"":true,""status"":""BRACKETED"",""target"":595.421875,""upper_bytes"":206145257472,""upper_gib"":191.98773193359375,""upper_slots"":11748,""upper_value"":583.15625}","{""domain_floor_censored"":false,""lower_bytes"":137430171648,""lower_gib"":127.9918212890625,""lower_slots"":7832,""lower_value"":0.5952466881793478,""monotone"":true,""status"":""BRACKETED"",""target"":0.5955014436141305,""upper_bytes"":137728475136,""upper_gib"":128.26963806152344,""upper_slots"":7849,""upper_value"":0.5957561990489131}","{""domain_floor_censored"":false,""lower_bytes"":137430171648,""lower_gib"":127.9918212890625,""lower_slots"":7832,""lower_value"":595.796875,""monotone"":true,""status"":""BRACKETED"",""target"":595.421875,""upper_bytes"":137728475136,""upper_gib"":128.26963806152344,""upper_slots"":7849,""upper_value"":595.046875}","[""12d850801662811e8e418a9c28e50835d53c620ae0a6e11c8acadf36e9d3e431"",""18ab89a63b63f6c96a0e0aa4807fcf152aed251b441ab77a8b593bcb35929ba0""]","[""b87d9461ff503e2d13675b08d0362d5675ab8b6a2481e2d19ee46027d0b0ea9d""]","{""counterfactual_capacity_amplification"":[1.247292648745063,1.5],""counterfactual_memory_saving"":[0.19826353421859044,0.33333333333333337],""exact_capacity"":{""bytes"":[171787714560,206145257472],""gib"":[159.98977661132812,191.98773193359375],""slots"":[9790,11748]},""interval_semantics"":""capacity threshold brackets are (lower_slots,upper_slots]; derived two-element arrays are conservative closed envelopes from monotone endpoint propagation, not point estimates; ratio envelopes use [numerator_lower/denominator_upper,numerator_upper/denominator_lower]"",""physical_capacity_amplification"":[1.247292648745063,1.4967511784940757],""physical_memory_saving"":[0.19826353421859044,0.331886278515492],""s2_counterfactual_capacity"":{""bytes"":[137430171648,137728475136],""gib"":[127.9918212890625,128.26963806152344],""slots"":[7832,7849]},""status"":""BRACKETED""}","{""counterfactual_capacity_amplification"":[1.247292648745063,1.5],""counterfactual_memory_saving"":[0.19826353421859044,0.33333333333333337],""exact_capacity"":{""bytes"":[171787714560,206145257472],""gib"":[159.98977661132812,191.98773193359375],""slots"":[9790,11748]},""interval_semantics"":""capacity threshold brackets are (lower_slots,upper_slots]; derived two-element arrays are conservative closed envelopes from monotone endpoint propagation, not point estimates; ratio envelopes use [numerator_lower/denominator_upper,numerator_upper/denominator_lower]"",""physical_capacity_amplification"":[1.247292648745063,1.4967511784940757],""physical_memory_saving"":[0.19826353421859044,0.331886278515492],""s2_counterfactual_capacity"":{""bytes"":[137430171648,137728475136],""gib"":[127.9918212890625,128.26963806152344],""slots"":[7832,7849]},""status"":""BRACKETED""}",False,BRACKETED_CONSISTENT,MEASURED_PHYSICAL,EXACT_REPLAY,FIXED_ROUTE_COUNTERFACTUAL,accepted_checksum_linked,observer_semantic_order_44_of_44,True
16-multi-b2,multilingual / translation / cross-language transformation,2,STAGE_B_REPRESENTATIVE,False,False,0.624161430027174,553.234375,"[""57f2ec338ba31944215afe1a3342c3dfb9ad4eeec8f0655a0c7d4d0f0f3ed94b"",""baf8d7583175aa55eca8c7183608259bb2d30f350a8a643f8b40d4831a362786"",""c4d50e04d755a87222e2cea639c27527615fd9a18caca5c93c09535828e8eac8""]",7849,137728475136,"{""domain_floor_censored"":false,""lower_bytes"":171787714560,""lower_gib"":159.98977661132812,""lower_slots"":9790,""lower_value"":0.5974651834239131,""monotone"":true,""status"":""BRACKETED"",""target"":0.624161430027174,""upper_bytes"":206145257472,""upper_gib"":191.98773193359375,""upper_slots"":11748,""upper_value"":0.6297872792119565}","{""domain_floor_censored"":false,""lower_bytes"":171787714560,""lower_gib"":159.98977661132812,""lower_slots"":9790,""lower_value"":592.53125,""monotone"":true,""status"":""BRACKETED"",""target"":553.234375,""upper_bytes"":206145257472,""upper_gib"":191.98773193359375,""upper_slots"":11748,""upper_value"":544.953125}","{""domain_floor_censored"":false,""lower_bytes"":103072628736,""lower_gib"":95.99386596679688,""lower_slots"":5874,""lower_value"":0.5755986752717391,""monotone"":true,""status"":""BRACKETED"",""target"":0.624161430027174,""upper_bytes"":137430171648,""upper_gib"":127.9918212890625,""upper_slots"":7832,""upper_value"":0.6255201256793478}","{""domain_floor_censored"":false,""lower_bytes"":103072628736,""lower_gib"":95.99386596679688,""lower_slots"":5874,""lower_value"":624.71875,""monotone"":true,""status"":""BRACKETED"",""target"":553.234375,""upper_bytes"":137430171648,""upper_gib"":127.9918212890625,""upper_slots"":7832,""upper_value"":551.234375}","[""18ab89a63b63f6c96a0e0aa4807fcf152aed251b441ab77a8b593bcb35929ba0"",""1c67745a4f933322d5698b09e61b0c133a99ea9214149400206fe2e0c3e004ef""]","[""b87d9461ff503e2d13675b08d0362d5675ab8b6a2481e2d19ee46027d0b0ea9d""]","{""counterfactual_capacity_amplification"":[1.25,2.0],""counterfactual_memory_saving"":[0.19999999999999996,0.5],""exact_capacity"":{""bytes"":[171787714560,206145257472],""gib"":[159.98977661132812,191.98773193359375],""slots"":[9790,11748]},""interval_semantics"":""capacity threshold brackets are (lower_slots,upper_slots]; derived two-element arrays are conservative closed envelopes from monotone endpoint propagation, not point estimates; ratio envelopes use [numerator_lower/denominator_upper,numerator_upper/denominator_lower]"",""physical_capacity_amplification"":[1.247292648745063,1.4967511784940757],""physical_memory_saving"":[0.19826353421859044,0.331886278515492],""s2_counterfactual_capacity"":{""bytes"":[103072628736,137430171648],""gib"":[95.99386596679688,127.9918212890625],""slots"":[5874,7832]},""status"":""BRACKETED""}","{""counterfactual_capacity_amplification"":[1.25,2.0],""counterfactual_memory_saving"":[0.19999999999999996,0.5],""exact_capacity"":{""bytes"":[171787714560,206145257472],""gib"":[159.98977661132812,191.98773193359375],""slots"":[9790,11748]},""interval_semantics"":""capacity threshold brackets are (lower_slots,upper_slots]; derived two-element arrays are conservative closed envelopes from monotone endpoint propagation, not point estimates; ratio envelopes use [numerator_lower/denominator_upper,numerator_upper/denominator_lower]"",""physical_capacity_amplification"":[1.247292648745063,1.4967511784940757],""physical_memory_saving"":[0.19826353421859044,0.331886278515492],""s2_counterfactual_capacity"":{""bytes"":[103072628736,137430171648],""gib"":[95.99386596679688,127.9918212890625],""slots"":[5874,7832]},""status"":""BRACKETED""}",False,BRACKETED_CONSISTENT,MEASURED_PHYSICAL,EXACT_REPLAY,FIXED_ROUTE_COUNTERFACTUAL,accepted_checksum_linked,physical_EXACT_anchor_16_of_16,True
16-multi-b8,multilingual / translation / cross-language transformation,8,STAGE_B2_ENDPOINT,True,False,0.6269743546195652,549.09375,"[""3c0eaae04c6702971eef965fd78d11eec7f9114cf3cbbcdb1c761a77c2549ef8"",""baf8d7583175aa55eca8c7183608259bb2d30f350a8a643f8b40d4831a362786"",""f67ae5ec96d0d7b92fd3f46d1e3ed245357ee3c89b8ceaa1e1cf8583b619b8b7""]",7849,137728475136,"{""domain_floor_censored"":false,""lower_bytes"":171787714560,""lower_gib"":159.98977661132812,""lower_slots"":9790,""lower_value"":0.6041843580163043,""monotone"":true,""status"":""BRACKETED"",""target"":0.6269743546195652,""upper_bytes"":206145257472,""upper_gib"":191.98773193359375,""upper_slots"":11748,""upper_value"":0.6337678328804348}","{""domain_floor_censored"":false,""lower_bytes"":171787714560,""lower_gib"":159.98977661132812,""lower_slots"":9790,""lower_value"":582.640625,""monotone"":true,""status"":""BRACKETED"",""target"":549.09375,""upper_bytes"":206145257472,""upper_gib"":191.98773193359375,""upper_slots"":11748,""upper_value"":539.09375}","{""domain_floor_censored"":false,""lower_bytes"":103072628736,""lower_gib"":95.99386596679688,""lower_slots"":5874,""lower_value"":0.5768193783967391,""monotone"":true,""status"":""BRACKETED"",""target"":0.6269743546195652,""upper_bytes"":137430171648,""upper_gib"":127.9918212890625,""upper_slots"":7832,""upper_value"":0.6326320482336957}","{""domain_floor_censored"":false,""lower_bytes"":103072628736,""lower_gib"":95.99386596679688,""lower_slots"":5874,""lower_value"":622.921875,""monotone"":true,""status"":""BRACKETED"",""target"":549.09375,""upper_bytes"":137430171648,""upper_gib"":127.9918212890625,""upper_slots"":7832,""upper_value"":540.765625}","[""18ab89a63b63f6c96a0e0aa4807fcf152aed251b441ab77a8b593bcb35929ba0"",""a6ccd8684295aa648007171379dfa20284a6e7a673478d5ec37d5e64f4a1e761""]","[""b87d9461ff503e2d13675b08d0362d5675ab8b6a2481e2d19ee46027d0b0ea9d""]","{""counterfactual_capacity_amplification"":[1.25,2.0],""counterfactual_memory_saving"":[0.19999999999999996,0.5],""exact_capacity"":{""bytes"":[171787714560,206145257472],""gib"":[159.98977661132812,191.98773193359375],""slots"":[9790,11748]},""interval_semantics"":""capacity threshold brackets are (lower_slots,upper_slots]; derived two-element arrays are conservative closed envelopes from monotone endpoint propagation, not point estimates; ratio envelopes use [numerator_lower/denominator_upper,numerator_upper/denominator_lower]"",""physical_capacity_amplification"":[1.247292648745063,1.4967511784940757],""physical_memory_saving"":[0.19826353421859044,0.331886278515492],""s2_counterfactual_capacity"":{""bytes"":[103072628736,137430171648],""gib"":[95.99386596679688,127.9918212890625],""slots"":[5874,7832]},""status"":""BRACKETED""}","{""counterfactual_capacity_amplification"":[1.25,2.0],""counterfactual_memory_saving"":[0.19999999999999996,0.5],""exact_capacity"":{""bytes"":[171787714560,206145257472],""gib"":[159.98977661132812,191.98773193359375],""slots"":[9790,11748]},""interval_semantics"":""capacity threshold brackets are (lower_slots,upper_slots]; derived two-element arrays are conservative closed envelopes from monotone endpoint propagation, not point estimates; ratio envelopes use [numerator_lower/denominator_upper,numerator_upper/denominator_lower]"",""physical_capacity_amplification"":[1.247292648745063,1.4967511784940757],""physical_memory_saving"":[0.19826353421859044,0.331886278515492],""s2_counterfactual_capacity"":{""bytes"":[103072628736,137430171648],""gib"":[95.99386596679688,127.9918212890625],""slots"":[5874,7832]},""status"":""BRACKETED""}",False,BRACKETED_CONSISTENT,MEASURED_PHYSICAL,EXACT_REPLAY,FIXED_ROUTE_COUNTERFACTUAL,accepted_checksum_linked,observer_semantic_order_44_of_44,True
