case_id,semantic_family,policy,evidence_class,changed_intervention,cache_regime,capacity_bytes,reference_identity,checkpoint,achieved_horizon,cumulative_mean_delta_nll,instantaneous_delta_nll,cumulative_mean_kl,cumulative_mean_js,cumulative_mean_hidden_l2,cumulative_mean_moe_l2,top1_agreement_fraction,cumulative_max_corrected_regret_per_swap,cumulative_mean_corrected_regret_per_swap,cumulative_corrected_regret,cumulative_raw_regret_signed,changed_slot_fraction,perturbed_layer_fraction,cumulative_regret_weighted_mean_normalized_depth,cumulative_first_perturbed_normalized_depth,cumulative_intentional_swaps,cumulative_cache_hits,cumulative_cache_misses,cumulative_backing_loads,cumulative_backing_bytes
01-math-b1,mathematical reasoning,KNEE,DIRECT_FIXED_CONTEXT,DIRECT_FIXED_CONTEXT,high-cache,111986638848,4c9d3fd45442d6bdcc34232b3183bb5d91b375605e71d9700059e2ca95f1c4ae,16,512,-0.004090854055468496,0.0003236258710188622,0.0010763697530785082,0.0002628521395318956,0.07779733903755032,0.12300336037014385,1.0,0.0030761659145355225,0.001292657636981917,0.8906411118805408,-2.942565039731562,0.029254415760869564,0.468070652173913,0.3988157866788852,0.0,689,14468,9084,9084,159399346176
01-math-b1,mathematical reasoning,KNEE,DIRECT_FIXED_CONTEXT,DIRECT_FIXED_CONTEXT,high-cache,111986638848,4c9d3fd45442d6bdcc34232b3183bb5d91b375605e71d9700059e2ca95f1c4ae,32,512,-0.0051830828247921845,-0.0009867400557013184,0.0007866090005005479,0.00019183075060180037,0.07609040958067895,0.1216080709359233,1.0,0.0030864477157592773,0.0013190399205014163,1.805765651166439,-3.0129811039587366,0.029063349184782608,0.46501358695652173,0.4182607964555375,0.0,1369,27833,19271,19271,338153324544
01-math-b1,mathematical reasoning,KNEE,DIRECT_FIXED_CONTEXT,DIRECT_FIXED_CONTEXT,high-cache,111986638848,4c9d3fd45442d6bdcc34232b3183bb5d91b375605e71d9700059e2ca95f1c4ae,64,512,-0.0014012806005922473,-6.513609562830425e-08,0.0008757791779434066,0.0002197502254919208,0.0728801110897341,0.11959371879641878,1.0,0.0030864477157592773,0.0013339990155829932,3.7765512131154537,-4.589255684606428,0.030050526494565216,0.48080842391304346,0.4258353351780507,0.0,2831,55857,38351,38351,672955121664
01-math-b1,mathematical reasoning,KNEE,DIRECT_FIXED_CONTEXT,DIRECT_FIXED_CONTEXT,high-cache,111986638848,4c9d3fd45442d6bdcc34232b3183bb5d91b375605e71d9700059e2ca95f1c4ae,128,512,0.0007283227857340924,-0.06004814049354934,0.0011248727858917515,0.0002890300904523545,0.07650605094573995,0.12520236149406488,1.0,0.0030864477157592773,0.0013364602011555256,7.890461027622223,1.4415272375646282,0.03133491847826087,0.501358695652174,0.4367881579090825,0.0,5904,110641,77775,77775,1364738457600
01-math-b1,mathematical reasoning,KNEE,DIRECT_FIXED_CONTEXT,DIRECT_FIXED_CONTEXT,high-cache,111986638848,4c9d3fd45442d6bdcc34232b3183bb5d91b375605e71d9700059e2ca95f1c4ae,256,512,0.013048688264542974,0.057632248504653205,0.005835288968241078,0.0014667925960691523,0.07568689096011083,0.12287337779246164,0.9765625,0.0030864477157592773,0.0013470491330868008,15.402159787714481,-14.414642759195544,0.030342433763586956,0.4854789402173913,0.4288802756236008,0.0,11434,215168,161664,161664,2836760887296
01-math-b1,mathematical reasoning,KNEE,DIRECT_FIXED_CONTEXT,DIRECT_FIXED_CONTEXT,high-cache,111986638848,4c9d3fd45442d6bdcc34232b3183bb5d91b375605e71d9700059e2ca95f1c4ae,512,512,0.012168240360573068,-0.025043374556723563,0.005720822894101267,0.0014396661662498228,0.07286331774760874,0.12015395583093136,0.982421875,0.003088444471359253,0.0013409647410476471,30.665181698277593,-28.70919083997763,0.030342433763586956,0.4854789402173913,0.43204858986588185,0.0,22868,424422,329242,329242,5777296293888
01-math-b1,mathematical reasoning,S2_P50,DIRECT_FIXED_CONTEXT,DIRECT_FIXED_CONTEXT,high-cache,111986638848,4c9d3fd45442d6bdcc34232b3183bb5d91b375605e71d9700059e2ca95f1c4ae,16,512,-0.006843541399979447,-0.00038181359038702567,0.0014745098880949107,0.00036264266850858057,0.09440024949118704,0.15649929591329684,0.9375,0.007301241159439087,0.0030148199646100357,4.880993522703648,0.7417671461589634,0.06874150815217392,0.7221467391304348,0.43284277372215146,0.0,1619,15258,8294,8294,145537007616
01-math-b1,mathematical reasoning,S2_P50,DIRECT_FIXED_CONTEXT,DIRECT_FIXED_CONTEXT,high-cache,111986638848,4c9d3fd45442d6bdcc34232b3183bb5d91b375605e71d9700059e2ca95f1c4ae,32,512,0.0010941221300241333,0.0006237607833554648,0.0010541154611410234,0.0002602462821914052,0.09368511027187326,0.1573412568391277,0.9375,0.007301822304725647,0.003104154958881653,9.896046008914709,3.319133572280407,0.06768002717391304,0.7194293478260869,0.4404237480766492,0.0,3188,29544,17560,17560,308129955840
01-math-b1,mathematical reasoning,S2_P50,DIRECT_FIXED_CONTEXT,DIRECT_FIXED_CONTEXT,high-cache,111986638848,4c9d3fd45442d6bdcc34232b3183bb5d91b375605e71d9700059e2ca95f1c4ae,64,512,0.0028956181804492553,2.615881129486297e-07,0.0012287362364481035,0.0003120442539481828,0.09259530362030735,0.1560011655243159,0.96875,0.0073028504848480225,0.0031432759740895604,20.827346604317427,9.74150900607259,0.07033372961956522,0.7379415760869565,0.4467885021514215,0.0,6626,59490,34718,34718,609205911552
01-math-b1,mathematical reasoning,S2_P50,DIRECT_FIXED_CONTEXT,DIRECT_FIXED_CONTEXT,high-cache,111986638848,4c9d3fd45442d6bdcc34232b3183bb5d91b375605e71d9700059e2ca95f1c4ae,128,512,0.00417270213903248,-0.12737074385021785,0.0017721990680394108,0.00045205093460740173,0.10088741221551836,0.16659951422961183,0.9765625,0.007302999496459961,0.0031357682575098244,44.18297474831343,41.38567355339677,0.07478133491847826,0.7716542119565217,0.4568762043765963,0.0,14090,119361,69055,69055,1211726315520
01-math-b1,mathematical reasoning,S2_P50,DIRECT_FIXED_CONTEXT,DIRECT_FIXED_CONTEXT,high-cache,111986638848,4c9d3fd45442d6bdcc34232b3183bb5d91b375605e71d9700059e2ca95f1c4ae,256,512,0.01804237408839922,0.1734135372504504,0.009626126468073239,0.002343747626890109,0.09913310832240209,0.16371747967492578,0.96484375,0.007303521037101746,0.0031216130314833056,85.03586059063673,56.429079264086965,0.07228950832201086,0.7542459239130435,0.44675199529918713,0.0,27241,231793,145039,145039,2545037623296
01-math-b1,mathematical reasoning,S2_P50,DIRECT_FIXED_CONTEXT,DIRECT_FIXED_CONTEXT,high-cache,111986638848,4c9d3fd45442d6bdcc34232b3183bb5d91b375605e71d9700059e2ca95f1c4ae,512,512,0.014839623379690178,-0.034197286834537266,0.009653695048983895,0.002373944859912648,0.09495365544103856,0.16006202787488244,0.966796875,0.007303521037101746,0.0031046646390445673,168.61433654651046,127.90704194530875,0.07206128991168478,0.7521654211956522,0.4459432043663797,0.0,54310,457015,296649,296649,5205378318336
02-formal-b3,formal logic / proof-style reasoning,KNEE,DIRECT_FIXED_CONTEXT,DIRECT_FIXED_CONTEXT,high-cache,111986638848,cb9805c10188c3210db22a2da3ce55e925c33f6de21c1fd623d4400e780ee79a,16,512,0.002761386190067716,9.830972622637546e-07,0.00020734891083418558,5.197378403372934e-05,0.08656008760480709,0.13199127183607162,1.0,0.003082573413848877,0.001320584030063064,0.8913942202925682,-1.5742771462537348,0.02865998641304348,0.4585597826086957,0.4181527881192411,0.0,675,13359,10193,10193,178859261952
02-formal-b3,formal logic / proof-style reasoning,KNEE,DIRECT_FIXED_CONTEXT,DIRECT_FIXED_CONTEXT,high-cache,111986638848,cb9805c10188c3210db22a2da3ce55e925c33f6de21c1fd623d4400e780ee79a,32,512,0.004145496160971485,-0.000302840830133988,0.0008571287964011893,0.0002171401175752574,0.09047033155628048,0.13501491016187123,1.0,0.003082573413848877,0.0013035790996125953,1.7819926291704178,-2.000436295988038,0.029020889945652172,0.46433423913043476,0.40297296995780674,0.0,1367,27264,19840,19840,348137717760
02-formal-b3,formal logic / proof-style reasoning,KNEE,DIRECT_FIXED_CONTEXT,DIRECT_FIXED_CONTEXT,high-cache,111986638848,cb9805c10188c3210db22a2da3ce55e925c33f6de21c1fd623d4400e780ee79a,64,512,-0.01564019187293092,-0.021871760493546333,0.002760230623740514,0.000673668359813186,0.08845640815872821,0.13223108196372635,1.0,0.0030872076749801636,0.0012921579612040837,3.5831540264189243,-1.7053645562373276,0.029434867527173912,0.4709578804347826,0.411798079948446,0.0,2773,54796,39412,39412,691572768768
02-formal-b3,formal logic / proof-style reasoning,KNEE,DIRECT_FIXED_CONTEXT,DIRECT_FIXED_CONTEXT,high-cache,111986638848,cb9805c10188c3210db22a2da3ce55e925c33f6de21c1fd623d4400e780ee79a,128,512,-0.00993349616206518,-4.811396436821269e-06,0.004302422075354159,0.0010436259149667543,0.0875224634235452,0.13238940860949544,1.0,0.0030872896313667297,0.0012982348769795884,7.2116947416216135,-4.027533385680044,0.029482634171195652,0.47172214673913043,0.4140662569190196,0.0,5555,107197,81219,81219,1425171234816
02-formal-b3,formal logic / proof-style reasoning,KNEE,DIRECT_FIXED_CONTEXT,DIRECT_FIXED_CONTEXT,high-cache,111986638848,cb9805c10188c3210db22a2da3ce55e925c33f6de21c1fd623d4400e780ee79a,256,512,-0.004158496496583633,-0.013855183506262136,0.009512442907235736,0.0023042319896546012,0.08772804064729159,0.13110175765234866,0.98046875,0.003088325262069702,0.0013023522873625434,14.436575105413795,-15.340427478741958,0.029416291610054348,0.47066066576086957,0.41263691134641056,0.0,11085,209355,167477,167477,2938763132928
02-formal-b3,formal logic / proof-style reasoning,KNEE,DIRECT_FIXED_CONTEXT,DIRECT_FIXED_CONTEXT,high-cache,111986638848,cb9805c10188c3210db22a2da3ce55e925c33f6de21c1fd623d4400e780ee79a,512,512,0.009953923751168145,3.2579787614395173e-06,0.010848463435781028,0.0026473426592617554,0.09139249686209477,0.1358614921394157,0.97265625,0.003088325262069702,0.0013083277242666972,29.12206681445241,-22.62432228758948,0.029534381368885868,0.4725501019021739,0.41440718727850534,0.0,22259,412799,340865,340865,5981248143360
02-formal-b3,formal logic / proof-style reasoning,S2_P50,DIRECT_FIXED_CONTEXT,DIRECT_FIXED_CONTEXT,high-cache,111986638848,cb9805c10188c3210db22a2da3ce55e925c33f6de21c1fd623d4400e780ee79a,16,512,0.006095684972973636,3.790173082052206e-07,0.000562617484015109,0.00014072437739649852,0.10852547484411948,0.16969372580623565,1.0,0.007294595241546631,0.003152766121516687,5.075953455641866,3.19122982211411,0.068359375,0.7302989130434783,0.45389049408629656,0.0,1610,14274,9278,9278,162803515392
02-formal-b3,formal logic / proof-style reasoning,S2_P50,DIRECT_FIXED_CONTEXT,DIRECT_FIXED_CONTEXT,high-cache,111986638848,cb9805c10188c3210db22a2da3ce55e925c33f6de21c1fd623d4400e780ee79a,32,512,0.009695956987473164,-0.0003826655927241518,0.001138273298561029,0.00029158970077998816,0.11144700652018782,0.17103916411404702,1.0,0.007294595241546631,0.0030557453840028294,9.756995011121035,8.723095388661022,0.06778617527173914,0.7248641304347826,0.4427418317847456,0.0,3193,28997,18107,18107,317728309248
02-formal-b3,formal logic / proof-style reasoning,S2_P50,DIRECT_FIXED_CONTEXT,DIRECT_FIXED_CONTEXT,high-cache,111986638848,cb9805c10188c3210db22a2da3ce55e925c33f6de21c1fd623d4400e780ee79a,64,512,-0.005548286836542349,-0.013011212123686278,0.003050974269095616,0.0007450327829230625,0.11196180436095984,0.1699776690321839,1.0,0.007301047444343567,0.0029846680394882566,19.522713646292686,14.210554177491758,0.06943147078804347,0.7275815217391305,0.43700981643335257,0.0,6541,58712,35496,35496,622857682944
02-formal-b3,formal logic / proof-style reasoning,S2_P50,DIRECT_FIXED_CONTEXT,DIRECT_FIXED_CONTEXT,high-cache,111986638848,cb9805c10188c3210db22a2da3ce55e925c33f6de21c1fd623d4400e780ee79a,128,512,-0.003678563824140252,-5.5565108780797345e-06,0.004635144051473703,0.0011327643867775055,0.10981143167877712,0.1705033256402909,1.0,0.007302343845367432,0.003020902740941739,39.679557502269745,29.56451180996237,0.06971276324728261,0.7309782608695652,0.43784686453172716,0.0,13135,114811,73605,73605,1291566366720
02-formal-b3,formal logic / proof-style reasoning,S2_P50,DIRECT_FIXED_CONTEXT,DIRECT_FIXED_CONTEXT,high-cache,111986638848,cb9805c10188c3210db22a2da3ce55e925c33f6de21c1fd623d4400e780ee79a,256,512,-0.0015137671447113116,-0.03660702004006211,0.009653622945480157,0.002358257124660196,0.10941368065827389,0.1683660391956262,0.98046875,0.0073034316301345825,0.0030093875076951356,78.57510782591999,57.42832813579889,0.06928817085597826,0.7246942934782609,0.4335506151467638,0.0,26110,224492,152340,152340,2673150197760
02-formal-b3,formal logic / proof-style reasoning,S2_P50,DIRECT_FIXED_CONTEXT,DIRECT_FIXED_CONTEXT,high-cache,111986638848,cb9805c10188c3210db22a2da3ce55e925c33f6de21c1fd623d4400e780ee79a,512,512,0.013016172891340876,3.3392774376750367e-06,0.013042883474623014,0.003183224423500183,0.1149590459496205,0.17101395272335618,0.962890625,0.0073034316301345825,0.0030126675590660375,158.5265669580549,126.16130418013057,0.06981891134510869,0.7282396399456522,0.433247467709511,0.0,52620,443543,310121,310121,5441775058944
03-science-b3,physics / scientific reasoning,KNEE,DIRECT_FIXED_CONTEXT,DIRECT_FIXED_CONTEXT,high-cache,111986638848,9d64b65900419e17cf883c923fb406dc3a915e0e28bf4fc43d1e4738a73042a1,16,512,-0.0023889096702898183,-0.00891273419533789,0.001208423790759229,0.00030833873839654195,0.0723602374816355,0.11081934777294236,1.0,0.003086969256401062,0.0013639890518033914,0.9152366537600756,-0.4411503691226244,0.02849014945652174,0.45584239130434784,0.4003631083834205,0.0,671,14961,8591,8591,150748545024
03-science-b3,physics / scientific reasoning,KNEE,DIRECT_FIXED_CONTEXT,DIRECT_FIXED_CONTEXT,high-cache,111986638848,9d64b65900419e17cf883c923fb406dc3a915e0e28bf4fc43d1e4738a73042a1,32,512,-0.002467590162043898,-3.115079257653974e-05,0.0007337881035635664,0.0001861073688679621,0.07384189279342773,0.11379934002993602,1.0,0.0030876994132995605,0.0013078470345881344,1.817907378077507,-2.7676544566638768,0.029509171195652172,0.47214673913043476,0.41857254017949574,0.0,1390,27883,19221,19221,337275961344
03-science-b3,physics / scientific reasoning,KNEE,DIRECT_FIXED_CONTEXT,DIRECT_FIXED_CONTEXT,high-cache,111986638848,9d64b65900419e17cf883c923fb406dc3a915e0e28bf4fc43d1e4738a73042a1,64,512,-0.0016820245323291294,-0.0009699362955011281,0.0005575323957581796,0.0001408907560765516,0.08535915066292056,0.1253112214176364,1.0,0.0030876994132995605,0.0013234912312104058,3.6607767455279827,-4.012957312632352,0.029360563858695652,0.46976902173913043,0.4255411828846682,0.0,2766,51860,42348,42348,743091535872
03-science-b3,physics / scientific reasoning,KNEE,DIRECT_FIXED_CONTEXT,DIRECT_FIXED_CONTEXT,high-cache,111986638848,9d64b65900419e17cf883c923fb406dc3a915e0e28bf4fc43d1e4738a73042a1,128,512,-0.0012261319604385534,-8.197816647737e-07,0.0011151873615719006,0.0002778868043041261,0.078402166533833,0.1197133800339049,0.9921875,0.0030876994132995605,0.0013141549729657862,7.467028556391597,-14.058749601943418,0.030156674592391304,0.48250679347826086,0.42460140505413524,0.0,5682,107586,80830,80830,1418345349120
03-science-b3,physics / scientific reasoning,KNEE,DIRECT_FIXED_CONTEXT,DIRECT_FIXED_CONTEXT,high-cache,111986638848,9d64b65900419e17cf883c923fb406dc3a915e0e28bf4fc43d1e4738a73042a1,256,512,-0.006287323200194164,-0.0029774196926020124,0.0026644884828385925,0.0006491305135755546,0.08155138118645516,0.12319647849926185,0.98828125,0.0030876994132995605,0.0013126298390057941,14.763147799298167,-17.334838423295878,0.02984619140625,0.4775390625,0.421974300796797,0.0,11247,221933,154899,154899,2718053646336
03-science-b3,physics / scientific reasoning,KNEE,DIRECT_FIXED_CONTEXT,DIRECT_FIXED_CONTEXT,high-cache,111986638848,9d64b65900419e17cf883c923fb406dc3a915e0e28bf4fc43d1e4738a73042a1,512,512,0.0018372396108027045,-0.0004794113936981148,0.006193405703783681,0.0015172676698046476,0.0805435155445416,0.12185760244263913,0.955078125,0.0030880868434906006,0.0013059947278028338,29.00222492031753,-16.136036071780836,0.029465385105298912,0.4714461616847826,0.4181439169312764,0.0,22207,432372,321292,321292,5637795545088
03-science-b3,physics / scientific reasoning,S2_P50,DIRECT_FIXED_CONTEXT,DIRECT_FIXED_CONTEXT,high-cache,111986638848,9d64b65900419e17cf883c923fb406dc3a915e0e28bf4fc43d1e4738a73042a1,16,512,0.008751398491614548,-0.0014653456512903063,0.0018623148966979402,0.0004778170780975312,0.09270814409722664,0.14990639005641765,1.0,0.007293857634067535,0.0030348272734805,4.79502709209919,3.143988651689142,0.06708559782608696,0.7112771739130435,0.41933139880136305,0.0,1580,15713,7839,7839,137553002496
03-science-b3,physics / scientific reasoning,S2_P50,DIRECT_FIXED_CONTEXT,DIRECT_FIXED_CONTEXT,high-cache,111986638848,9d64b65900419e17cf883c923fb406dc3a915e0e28bf4fc43d1e4738a73042a1,32,512,0.0013172709499214008,-1.2307411772383148e-05,0.0011568162127120834,0.0002947954385433725,0.09334858593818546,0.15210800829849047,1.0,0.007298067212104797,0.003037762546903199,9.827161839231849,6.1118618035689,0.06867781929347826,0.7265625,0.4296083973940382,0.0,3235,29702,17402,17402,305357488128
03-science-b3,physics / scientific reasoning,S2_P50,DIRECT_FIXED_CONTEXT,DIRECT_FIXED_CONTEXT,high-cache,111986638848,9d64b65900419e17cf883c923fb406dc3a915e0e28bf4fc43d1e4738a73042a1,64,512,-0.0014229655309065947,-0.0007421840219485887,0.0011031321587589883,0.000272213957055766,0.1128712664328449,0.16817334975590895,1.0,0.007299795746803284,0.003044152920057713,19.491711147129536,13.881440042285249,0.06796662703804347,0.7194293478260869,0.4382759191395116,0.0,6403,55550,38658,38658,678342131712
03-science-b3,physics / scientific reasoning,S2_P50,DIRECT_FIXED_CONTEXT,DIRECT_FIXED_CONTEXT,high-cache,111986638848,9d64b65900419e17cf883c923fb406dc3a915e0e28bf4fc43d1e4738a73042a1,128,512,-0.001107488921597094,-1.0213474155307267e-06,0.0017984213391526046,0.00044819317580421054,0.10204742492242987,0.15910810184776167,0.984375,0.00730191171169281,0.0030080984474767118,39.79413436166942,23.044961501698708,0.07021165930706522,0.7341202445652174,0.44087016456791406,0.0,13229,115413,73003,73003,1281002913792
03-science-b3,physics / scientific reasoning,S2_P50,DIRECT_FIXED_CONTEXT,DIRECT_FIXED_CONTEXT,high-cache,111986638848,9d64b65900419e17cf883c923fb406dc3a915e0e28bf4fc43d1e4738a73042a1,256,512,-0.003267985331583928,-0.0026372959733329537,0.003906341700237778,0.0009652922395039536,0.10363117160890925,0.1611603630970599,0.98046875,0.007303133606910706,0.003024303229379122,80.25291049480438,64.8162934401771,0.07041864809782608,0.7338654891304348,0.4376941559610447,0.0,26536,238491,138341,138341,2427506049024
03-science-b3,physics / scientific reasoning,S2_P50,DIRECT_FIXED_CONTEXT,DIRECT_FIXED_CONTEXT,high-cache,111986638848,9d64b65900419e17cf883c923fb406dc3a915e0e28bf4fc43d1e4738a73042a1,512,512,0.002517558609987078,0.016854917416146975,0.009065120516018267,0.0022111694407248314,0.11457958572150659,0.1627994382381298,0.95703125,0.0073036253452301025,0.0030192900534920966,159.12262439914048,119.6913940384984,0.06992771314538043,0.7286430027173914,0.43330161608776624,0.0,52702,465383,288281,288281,5058542813184
04-factual-b2,factual / explanatory knowledge,KNEE,DIRECT_FIXED_CONTEXT,DIRECT_FIXED_CONTEXT,high-cache,111986638848,e3367a4bb11e8ceb559c9c2f530a6f63d56086a02408aa9613ea093f2a1619ca,16,512,0.014566347127274115,-3.231575927031827e-05,0.0029715118507728836,0.00074002138296885,0.0944159536684119,0.14317958798266273,0.9375,0.0030868947505950928,0.0012359828296140871,0.836760375648737,-0.696946795820395,0.028744904891304348,0.45991847826086957,0.39669664656459797,0.0,677,13533,10019,10019,175806038016
04-factual-b2,factual / explanatory knowledge,KNEE,DIRECT_FIXED_CONTEXT,DIRECT_FIXED_CONTEXT,high-cache,111986638848,e3367a4bb11e8ceb559c9c2f530a6f63d56086a02408aa9613ea093f2a1619ca,32,512,0.015436565675792768,-1.2954849271551439e-05,0.003772528095991958,0.0009440474804742966,0.09386821423303629,0.13744171265446148,0.9375,0.0030868947505950928,0.0012927992763567943,1.710373442620039,-2.2058969463921585,0.028086786684782608,0.44938858695652173,0.40172536530909636,0.0,1323,26186,20918,20918,367053668352
04-factual-b2,factual / explanatory knowledge,KNEE,DIRECT_FIXED_CONTEXT,DIRECT_FIXED_CONTEXT,high-cache,111986638848,e3367a4bb11e8ceb559c9c2f530a6f63d56086a02408aa9613ea093f2a1619ca,64,512,0.012412794839702979,-8.24601631777e-06,0.003478171454058424,0.0008725470296999391,0.09927791068091481,0.1460721971776067,0.96875,0.0030868947505950928,0.0012828821200595987,3.4471042566001415,-6.261278866740895,0.028521993885869564,0.456351902173913,0.408472434846765,0.0,2687,51834,42374,42374,743547764736
04-factual-b2,factual / explanatory knowledge,KNEE,DIRECT_FIXED_CONTEXT,DIRECT_FIXED_CONTEXT,high-cache,111986638848,e3367a4bb11e8ceb559c9c2f530a6f63d56086a02408aa9613ea093f2a1619ca,128,512,0.009928900261500395,0.12350144668024399,0.00438430545615244,0.0010998987239861958,0.0997714186628336,0.1460404073896491,0.9765625,0.0030875802040100098,0.0012993165703393005,6.909765521064401,-12.790714416550827,0.02822477921195652,0.4515964673913043,0.40241951861246633,0.0,5318,103135,85281,85281,1496448221184
04-factual-b2,factual / explanatory knowledge,KNEE,DIRECT_FIXED_CONTEXT,DIRECT_FIXED_CONTEXT,high-cache,111986638848,e3367a4bb11e8ceb559c9c2f530a6f63d56086a02408aa9613ea093f2a1619ca,256,512,0.01726137315832857,-0.05223213225885104,0.007584176599670572,0.0018737609520112957,0.11634348829199838,0.13295325994260151,0.97265625,0.0030875802040100098,0.0013062301046018702,14.068098226562142,-21.934806193988265,0.028580375339673912,0.4572860054347826,0.40116714761354544,0.0,10770,209497,167335,167335,2936271421440
04-factual-b2,factual / explanatory knowledge,KNEE,DIRECT_FIXED_CONTEXT,DIRECT_FIXED_CONTEXT,high-cache,111986638848,e3367a4bb11e8ceb559c9c2f530a6f63d56086a02408aa9613ea093f2a1619ca,512,512,0.0228396930784074,-0.14301872028496732,0.013150362111679775,0.003142285193400961,0.10119345230301674,0.1300992786136012,0.9609375,0.003088075667619705,0.0012999816344023093,28.12380267865956,-33.07171212133301,0.028705099354619564,0.459281589673913,0.4041706263367003,0.0,21634,427874,325790,325790,5716723138560
04-factual-b2,factual / explanatory knowledge,S2_P50,DIRECT_FIXED_CONTEXT,DIRECT_FIXED_CONTEXT,high-cache,111986638848,e3367a4bb11e8ceb559c9c2f530a6f63d56086a02408aa9613ea093f2a1619ca,16,512,0.007510330740865934,-1.0650940353684746e-05,0.0033718609352805123,0.0008361605629587463,0.1160003842829504,0.1807443105147758,0.9375,0.007301837205886841,0.0029800116649534372,4.636898150667548,9.679614817650872,0.06606657608695653,0.7010869565217391,0.4244887751158376,0.0,1556,14286,9266,9266,162592948224
04-factual-b2,factual / explanatory knowledge,S2_P50,DIRECT_FIXED_CONTEXT,DIRECT_FIXED_CONTEXT,high-cache,111986638848,e3367a4bb11e8ceb559c9c2f530a6f63d56086a02408aa9613ea093f2a1619ca,32,512,0.00696926134287057,1.653903648701771e-05,0.0027812425310421766,0.0006904230088996431,0.1144185225250393,0.17365779834728334,0.9375,0.007303588092327118,0.0030371270946954404,9.542653331533074,10.98790364425804,0.06670346467391304,0.7116168478260869,0.42280633163378095,0.0,3142,27954,19150,19150,336030105600
04-factual-b2,factual / explanatory knowledge,S2_P50,DIRECT_FIXED_CONTEXT,DIRECT_FIXED_CONTEXT,high-cache,111986638848,e3367a4bb11e8ceb559c9c2f530a6f63d56086a02408aa9613ea093f2a1619ca,64,512,0.006208206627316304,1.66732394148994e-05,0.002139444729205597,0.0005351293488823338,0.11347969239544997,0.17488864768782894,0.96875,0.007303588092327118,0.003023232410435053,19.215665200725198,7.130517362875253,0.06746773097826086,0.7192595108695652,0.43147469325741955,0.0,6356,55254,38954,38954,683536121856
04-factual-b2,factual / explanatory knowledge,S2_P50,DIRECT_FIXED_CONTEXT,DIRECT_FIXED_CONTEXT,high-cache,111986638848,e3367a4bb11e8ceb559c9c2f530a6f63d56086a02408aa9613ea093f2a1619ca,128,512,0.012802032268143304,-0.0864641282013956,0.003874290332000589,0.0009815630164083395,0.11805549116575037,0.1801121656422227,0.984375,0.0073036253452301025,0.0030190053580819135,37.69831990636885,3.4972001122423535,0.06627356487771739,0.7033797554347826,0.42157498948999944,0.0,12487,110101,78315,78315,1374213980160
04-factual-b2,factual / explanatory knowledge,S2_P50,DIRECT_FIXED_CONTEXT,DIRECT_FIXED_CONTEXT,high-cache,111986638848,e3367a4bb11e8ceb559c9c2f530a6f63d56086a02408aa9613ea093f2a1619ca,256,512,0.01981863261517232,0.03396488676074583,0.007872215600512187,0.00199891859372686,0.13511561232003189,0.1676667377601742,0.9765625,0.0073036253452301025,0.0029982096131369825,75.43495386652648,12.32451612945988,0.06676715353260869,0.7045686141304348,0.417795034473031,0.0,25160,223382,153450,153450,2692627660800
04-factual-b2,factual / explanatory knowledge,S2_P50,DIRECT_FIXED_CONTEXT,DIRECT_FIXED_CONTEXT,high-cache,111986638848,e3367a4bb11e8ceb559c9c2f530a6f63d56086a02408aa9613ea093f2a1619ca,512,512,0.0267130773824472,-0.21500190599613944,0.013900998801536522,0.0034243989510283853,0.12013281795814258,0.1645339679073898,0.96875,0.007303699851036072,0.002973041713487843,150.400234201923,46.09986704511812,0.06712274966032608,0.7057787024456522,0.4186438255641355,0.0,50588,455747,297917,297917,5227628249088
04-factual-b4,factual / explanatory knowledge,KNEE,CAPACITY_FIXED_CONTEXT,CAPACITY_FIXED_CONTEXT,96-gib-bridge,103072628736,e84932711c03a56c5bcb7a0f240d4d4740e3181c4450b45dcb24756432c92865,16,512,0.008186448623275444,0.07944083006687208,0.0008113215778220128,0.0002080977918801581,0.06591763956664422,0.10088780690725893,1.0,0.003085985779762268,0.001297006519984143,0.7613428272306919,0.9430537936277688,0.024923573369565216,0.39877717391304346,0.39110062273764695,0.0,587,11873,11679,11679,204934496256
04-factual-b4,factual / explanatory knowledge,KNEE,CAPACITY_FIXED_CONTEXT,CAPACITY_FIXED_CONTEXT,96-gib-bridge,103072628736,e84932711c03a56c5bcb7a0f240d4d4740e3181c4450b45dcb24756432c92865,32,512,0.006832763941307163,9.475131825809058e-07,0.0006533247897448138,0.0001636798223521497,0.06849662962483102,0.10818038403606736,0.96875,0.003085985779762268,0.001284225075698096,1.553912341594696,0.26877533006336307,0.025687839673913044,0.4110054347826087,0.40344647744036066,0.0,1210,24127,22977,22977,403183484928
04-factual-b4,factual / explanatory knowledge,KNEE,CAPACITY_FIXED_CONTEXT,CAPACITY_FIXED_CONTEXT,96-gib-bridge,103072628736,e84932711c03a56c5bcb7a0f240d4d4740e3181c4450b45dcb24756432c92865,64,512,0.004574990340149188,-4.430052225501413e-06,0.0007882775145382944,0.0001987625348938341,0.08927972801672572,0.13078967114329454,0.984375,0.003085985779762268,0.0013454752705712658,3.346196997910738,-2.7461606714859954,0.026399031929347828,0.42238451086956524,0.4174042160863217,0.0,2487,47019,47189,47189,828037840896
04-factual-b4,factual / explanatory knowledge,KNEE,CAPACITY_FIXED_CONTEXT,CAPACITY_FIXED_CONTEXT,96-gib-bridge,103072628736,e84932711c03a56c5bcb7a0f240d4d4740e3181c4450b45dcb24756432c92865,128,512,0.0026134479408199407,-0.0038170857516917067,0.0010576622618800526,0.000259418805360855,0.10276753061395455,0.14353132583886674,0.9921875,0.003088235855102539,0.0013404326785523665,6.6338013261556625,-13.293453859467263,0.026266346807065216,0.42026154891304346,0.42159665903263155,0.0,4949,92153,96263,96263,1689152274432
04-factual-b4,factual / explanatory knowledge,KNEE,CAPACITY_FIXED_CONTEXT,CAPACITY_FIXED_CONTEXT,96-gib-bridge,103072628736,e84932711c03a56c5bcb7a0f240d4d4740e3181c4450b45dcb24756432c92865,256,512,0.00228415514134446,-2.5457922713911785e-05,0.00799428918333919,0.0018472111701619601,0.09930058776133667,0.13764980195319879,0.98046875,0.003088235855102539,0.001311849926644657,13.567151941359043,-23.269468913440505,0.027444590692934784,0.43911345108695654,0.41579051145874857,0.0,10342,200329,176503,176503,3097144737792
04-factual-b4,factual / explanatory knowledge,KNEE,CAPACITY_FIXED_CONTEXT,CAPACITY_FIXED_CONTEXT,96-gib-bridge,103072628736,e84932711c03a56c5bcb7a0f240d4d4740e3181c4450b45dcb24756432c92865,512,512,0.00982245888965029,0.0020353628198037654,0.010411402663999139,0.0024932922673957286,0.09642204304479363,0.1292953491094272,0.962890625,0.003088235855102539,0.0013063635567013817,27.629589224234223,-63.64098224787085,0.02806290336277174,0.44900645380434784,0.40637638853588276,0.0,21150,414196,339468,339468,5956734615552
04-factual-b4,factual / explanatory knowledge,KNEE,DIRECT_FIXED_CONTEXT,DIRECT_FIXED_CONTEXT,high-cache,111986638848,e84932711c03a56c5bcb7a0f240d4d4740e3181c4450b45dcb24756432c92865,16,1024,0.003892718299836506,0.06232451942613437,0.0005246457041772903,0.00013436761432715526,0.06527553899334923,0.10150448566849962,1.0,0.003086760640144348,0.0012746916738694816,0.7635403126478195,-0.013992409221827984,0.025433084239130436,0.406929347826087,0.4018003585008412,0.0,599,12149,11403,11403,200091451392
04-factual-b4,factual / explanatory knowledge,KNEE,DIRECT_FIXED_CONTEXT,DIRECT_FIXED_CONTEXT,high-cache,111986638848,e84932711c03a56c5bcb7a0f240d4d4740e3181c4450b45dcb24756432c92865,32,1024,0.00488623836316171,8.567237799184113e-07,0.00042612833456021114,0.00010641242694572309,0.06915505586900494,0.10947815975109082,0.96875,0.003086760640144348,0.0012998535541198712,1.5767223611474037,-2.974132066818129,0.025751528532608696,0.41202445652173914,0.4048649544842694,0.0,1213,24759,22345,22345,392093614080
04-factual-b4,factual / explanatory knowledge,KNEE,DIRECT_FIXED_CONTEXT,DIRECT_FIXED_CONTEXT,high-cache,111986638848,e84932711c03a56c5bcb7a0f240d4d4740e3181c4450b45dcb24756432c92865,64,1024,0.0037779980345033493,-5.489115654455645e-06,0.0006510527621543907,0.00016301430110031293,0.08962470964523697,0.1308183383514265,0.984375,0.003086760640144348,0.0013119623455561463,3.2785939015448093,-6.430657027107372,0.026526409646739132,0.4244225543478261,0.4137611437245341,0.0,2499,48293,45915,45915,805682626560
04-factual-b4,factual / explanatory knowledge,KNEE,DIRECT_FIXED_CONTEXT,DIRECT_FIXED_CONTEXT,high-cache,111986638848,e84932711c03a56c5bcb7a0f240d4d4740e3181c4450b45dcb24756432c92865,128,1024,0.003583249099156527,6.530453548947435e-05,0.000841108381903896,0.00020947590471442359,0.10212940941540244,0.1428394739711481,0.9921875,0.003087759017944336,0.0013288619906920828,6.67354491725564,-16.87871554427511,0.026653787364130436,0.426460597826087,0.41325665408139084,0.0,5022,94825,93591,93591,1642265985024
04-factual-b4,factual / explanatory knowledge,KNEE,DIRECT_FIXED_CONTEXT,DIRECT_FIXED_CONTEXT,high-cache,111986638848,e84932711c03a56c5bcb7a0f240d4d4740e3181c4450b45dcb24756432c92865,256,1024,0.0028174221654409387,2.3872461802909584e-06,0.005421927245757699,0.0012920089868044002,0.09864799248169742,0.1369151623278244,0.984375,0.003087759017944336,0.0013040465542371806,13.487753510475159,-31.046001702305148,0.027447244395380436,0.439155910326087,0.41114969657339673,0.0,10343,205701,171131,171131,3002880835584
04-factual-b4,factual / explanatory knowledge,KNEE,DIRECT_FIXED_CONTEXT,DIRECT_FIXED_CONTEXT,high-cache,111986638848,e84932711c03a56c5bcb7a0f240d4d4740e3181c4450b45dcb24756432c92865,512,1024,0.006198672416342921,0.003298830192505875,0.009295037337659814,0.0022269184300070088,0.09651640999358996,0.12927712415032067,0.9765625,0.0030884183943271637,0.0012998246250614453,27.506888715550303,-59.792414692749844,0.028078825577445652,0.44926120923913043,0.4038677701440266,0.0,21162,424281,329383,329383,5779770458112
04-factual-b4,factual / explanatory knowledge,KNEE,DIRECT_FIXED_CONTEXT,DIRECT_FIXED_CONTEXT,high-cache,111986638848,e84932711c03a56c5bcb7a0f240d4d4740e3181c4450b45dcb24756432c92865,1024,1024,0.017563673583513226,0.035146230166137826,0.012467968997070877,0.0030644949839196745,0.09424433289297379,0.12553532790994992,0.962890625,0.0030884183943271637,0.0012939443164198166,55.79746681265533,-129.54995994257752,0.02860823921535326,0.45773182744565216,0.4019345110909871,0.0,43122,851797,655531,655531,11502775517184
04-factual-b4,factual / explanatory knowledge,KNEE,FREE_TRAJECTORY,FREE_TRAJECTORY,high-cache,111986638848,e84932711c03a56c5bcb7a0f240d4d4740e3181c4450b45dcb24756432c92865,16,1024,,,0.0005246457041772903,0.00013436761432715526,0.06527553899334923,0.10150448566849962,1.0,0.003086760640144348,0.0012746916738694816,0.7635403126478195,-0.013992409221827984,0.025433084239130436,0.406929347826087,0.4018003585008412,0.0,599,12149,11403,11403,200091451392
04-factual-b4,factual / explanatory knowledge,KNEE,FREE_TRAJECTORY,FREE_TRAJECTORY,high-cache,111986638848,e84932711c03a56c5bcb7a0f240d4d4740e3181c4450b45dcb24756432c92865,32,1024,,,8.334023001873259,0.29831822575513856,1.0136929170065978,0.49359678965469367,0.53125,0.003086760640144348,0.0013104608903328578,1.6354551911354065,-2.3682532133170753,0.026494565217391304,0.42391304347826086,0.41162439886516794,0.0,1248,24627,22477,22477,394409852928
04-factual-b4,factual / explanatory knowledge,KNEE,FREE_TRAJECTORY,FREE_TRAJECTORY,high-cache,111986638848,e84932711c03a56c5bcb7a0f240d4d4740e3181c4450b45dcb24756432c92865,64,1024,,,12.06520994632971,0.49375136372786343,1.3050009864737788,0.7343693876604553,0.265625,0.003088533878326416,0.001331151058562869,3.417064767330885,3.2486099379093503,0.02724821671195652,0.4359714673913043,0.4151987386759477,0.0,2567,48737,45471,45471,797891641344
04-factual-b4,factual / explanatory knowledge,KNEE,FREE_TRAJECTORY,FREE_TRAJECTORY,high-cache,111986638848,e84932711c03a56c5bcb7a0f240d4d4740e3181c4450b45dcb24756432c92865,128,1024,,,14.541704819868494,0.586741118236958,1.460560158488517,0.852483951939055,0.1328125,0.003088533878326416,0.0013329077510580802,6.8724723644554615,-10.789183079121358,0.027364979619565216,0.43783967391304346,0.417357979336784,0.0,5156,95162,93254,93254,1636352557056
04-factual-b4,factual / explanatory knowledge,KNEE,FREE_TRAJECTORY,FREE_TRAJECTORY,high-cache,111986638848,e84932711c03a56c5bcb7a0f240d4d4740e3181c4450b45dcb24756432c92865,256,1024,,,17.086825202131614,0.6305952099335908,1.3348641175293179,0.9374285918609055,0.07421875,0.003088533878326416,0.0013166618935105418,13.960566056892276,-24.015004149374363,0.02813720703125,0.4501953125,0.4124372400201128,0.0,10603,204110,172722,172722,3030798532608
04-factual-b4,factual / explanatory knowledge,KNEE,FREE_TRAJECTORY,FREE_TRAJECTORY,high-cache,111986638848,e84932711c03a56c5bcb7a0f240d4d4740e3181c4450b45dcb24756432c92865,512,1024,,,20.010210154682078,0.6590228692441868,1.3061250955156947,1.007818808937936,0.0390625,0.0030885636806488037,0.0013079877337469294,27.835286961868405,-49.03589129340071,0.028236720872961956,0.4517875339673913,0.404131521578389,0.0,21281,426619,327045,327045,5738744954880
04-factual-b4,factual / explanatory knowledge,KNEE,FREE_TRAJECTORY,FREE_TRAJECTORY,high-cache,111986638848,e84932711c03a56c5bcb7a0f240d4d4740e3181c4450b45dcb24756432c92865,1024,1024,,,20.48475835253499,0.6720381705223714,1.3829958897679695,1.052335740189162,0.0234375,0.0030885636806488037,0.001296627014015539,56.53423443809152,-102.33264573583247,0.028926020083220108,0.46281632133152173,0.4045996797443692,0.0,43601,849959,657369,657369,11535027388416
04-factual-b4,factual / explanatory knowledge,S2_P50,CAPACITY_FIXED_CONTEXT,CAPACITY_FIXED_CONTEXT,96-gib-bridge,103072628736,e84932711c03a56c5bcb7a0f240d4d4740e3181c4450b45dcb24756432c92865,16,512,0.009990215356963095,0.02386812924800097,0.0008715275439780937,0.00022439135709623515,0.08624406368084712,0.13944450454053922,1.0,0.0072962939739227295,0.003071010813106253,4.247207954525948,2.879117015050724,0.058721127717391304,0.6379076086956522,0.40793217992559583,0.0,1383,12600,10952,10952,192177635328
04-factual-b4,factual / explanatory knowledge,S2_P50,CAPACITY_FIXED_CONTEXT,CAPACITY_FIXED_CONTEXT,96-gib-bridge,103072628736,e84932711c03a56c5bcb7a0f240d4d4740e3181c4450b45dcb24756432c92865,32,512,0.004477258782037641,1.8390429872283676e-06,0.0005822878080525555,0.00014687760260406524,0.0915940676302309,0.14886344365809628,1.0,0.0073026567697525024,0.003072167229970047,8.820192117244005,3.387475262650696,0.06095023777173913,0.6582880434782609,0.4122368224319794,0.0,2871,25736,21368,21368,374949937152
04-factual-b4,factual / explanatory knowledge,S2_P50,CAPACITY_FIXED_CONTEXT,CAPACITY_FIXED_CONTEXT,96-gib-bridge,103072628736,e84932711c03a56c5bcb7a0f240d4d4740e3181c4450b45dcb24756432c92865,64,512,0.0030956206931124775,-2.0615072777729893e-06,0.0006553372949887162,0.0001667359353294584,0.11271881472282,0.16974123929403795,1.0,0.0073026567697525024,0.0031151870576880693,18.49175037443638,2.7950372779559984,0.06300951086956522,0.6791779891304348,0.4241468942721265,0.0,5936,50529,43679,43679,766446944256
04-factual-b4,factual / explanatory knowledge,S2_P50,CAPACITY_FIXED_CONTEXT,CAPACITY_FIXED_CONTEXT,96-gib-bridge,103072628736,e84932711c03a56c5bcb7a0f240d4d4740e3181c4450b45dcb24756432c92865,128,512,0.00017712346435186377,-0.006281441474953908,0.001266481724433964,0.0003150004378982264,0.13099970458596494,0.18697741791112982,1.0,0.0073026567697525024,0.003159064001806999,37.61813413351774,5.076849805554957,0.06320057744565218,0.6815557065217391,0.4229580642400671,0.0,11908,99066,89350,89350,1567848038400
04-factual-b4,factual / explanatory knowledge,S2_P50,CAPACITY_FIXED_CONTEXT,CAPACITY_FIXED_CONTEXT,96-gib-bridge,103072628736,e84932711c03a56c5bcb7a0f240d4d4740e3181c4450b45dcb24756432c92865,256,512,0.0025964102378953913,-4.789509812397341e-05,0.0066427641617687085,0.0016030434606706602,0.14173932350029683,0.17738676406074572,0.9921875,0.00730268657207489,0.00307179477694317,74.70297718048096,7.519601315012551,0.06453538977581522,0.6903023097826086,0.4216446806693484,0.0,24319,214449,162383,162383,2849377370112
04-factual-b4,factual / explanatory knowledge,S2_P50,CAPACITY_FIXED_CONTEXT,CAPACITY_FIXED_CONTEXT,96-gib-bridge,103072628736,e84932711c03a56c5bcb7a0f240d4d4740e3181c4450b45dcb24756432c92865,512,512,0.013235728541535763,0.002303685944362144,0.012598732067395016,0.0030681364059481457,0.1274777975173762,0.1664891524653027,0.96484375,0.00730268657207489,0.003012269861515247,148.11933363042772,-15.925897305234685,0.06524392832880435,0.6912364130434783,0.4168670234252385,0.0,49172,442211,311453,311453,5465148014592
04-factual-b4,factual / explanatory knowledge,S2_P50,DIRECT_FIXED_CONTEXT,DIRECT_FIXED_CONTEXT,high-cache,111986638848,e84932711c03a56c5bcb7a0f240d4d4740e3181c4450b45dcb24756432c92865,16,1024,0.014460291518793245,-0.015291690562538207,0.0019979833430789364,0.000505269532760711,0.0868317464336624,0.14037541827435096,0.9375,0.00730036199092865,0.003086581635668034,4.435417810454965,5.134212431963533,0.061013926630434784,0.671875,0.41847001266101963,0.0,1437,12901,10651,10651,186895908864
04-factual-b4,factual / explanatory knowledge,S2_P50,DIRECT_FIXED_CONTEXT,DIRECT_FIXED_CONTEXT,high-cache,111986638848,e84932711c03a56c5bcb7a0f240d4d4740e3181c4450b45dcb24756432c92865,32,1024,0.006383592664428228,1.463753953601099e-06,0.0012516762763473174,0.0003129651411721398,0.08911666836566903,0.14698042186836835,0.96875,0.00730036199092865,0.0030765535429611536,9.048143969848752,5.276019008051662,0.062436311141304345,0.6776494565217391,0.4227971347932591,0.0,2941,26266,20838,20838,365649887232
04-factual-b4,factual / explanatory knowledge,S2_P50,DIRECT_FIXED_CONTEXT,DIRECT_FIXED_CONTEXT,high-cache,111986638848,e84932711c03a56c5bcb7a0f240d4d4740e3181c4450b45dcb24756432c92865,64,1024,0.003829713162863624,2.0998576282238446e-06,0.0009318149044618631,0.00023435032828285932,0.1070747353427931,0.16615994080913915,0.984375,0.00730036199092865,0.0031062344533366788,18.885905476287007,1.6270804815486173,0.06453804347826086,0.6965013586956522,0.4267924309704925,0.0,6080,52203,42005,42005,737072824320
04-factual-b4,factual / explanatory knowledge,S2_P50,DIRECT_FIXED_CONTEXT,DIRECT_FIXED_CONTEXT,high-cache,111986638848,e84932711c03a56c5bcb7a0f240d4d4740e3181c4450b45dcb24756432c92865,128,1024,0.002335561725149621,-0.009438182270883999,0.0011635595183634776,0.0002840429991844421,0.1309113035077655,0.18684018689842855,0.9921875,0.007303595542907715,0.00313504202527333,38.20989220403135,-7.194355910622036,0.06468665081521739,0.6984544836956522,0.4312502393583893,0.0,12188,102797,85619,85619,1502379196416
04-factual-b4,factual / explanatory knowledge,S2_P50,DIRECT_FIXED_CONTEXT,DIRECT_FIXED_CONTEXT,high-cache,111986638848,e84932711c03a56c5bcb7a0f240d4d4740e3181c4450b45dcb24756432c92865,256,1024,0.003118361466401598,6.417960051052773e-05,0.007781391258714892,0.00185557182627538,0.14096196111304488,0.17682848165345555,0.984375,0.007303595542907715,0.0030445968959500157,75.11020542308688,7.568755620115624,0.06546683933423914,0.6982421875,0.4237215651922377,0.0,24670,220524,156308,156308,2742777741312
04-factual-b4,factual / explanatory knowledge,S2_P50,DIRECT_FIXED_CONTEXT,DIRECT_FIXED_CONTEXT,high-cache,111986638848,e84932711c03a56c5bcb7a0f240d4d4740e3181c4450b45dcb24756432c92865,512,1024,0.013550240730994423,0.002600765288249818,0.015102829950991239,0.0035554094246856155,0.12766984162599876,0.16687640431763054,0.958984375,0.007303595542907715,0.00298435084319058,148.73706167377532,5.643416085567949,0.06612893809442935,0.6965225883152174,0.41610939308591666,0.0,49839,452845,300819,300819,5278550409216
04-factual-b4,factual / explanatory knowledge,S2_P50,DIRECT_FIXED_CONTEXT,DIRECT_FIXED_CONTEXT,high-cache,111986638848,e84932711c03a56c5bcb7a0f240d4d4740e3181c4450b45dcb24756432c92865,1024,1024,0.020876768372821534,0.060977505944361354,0.01766662695260896,0.004245730000713393,0.11340426644805031,0.16115965091226153,0.9482421875,0.007303595542907715,0.002960711814117812,297.9305084310472,15.140608412231884,0.06675919242527174,0.6990064538043478,0.41438187684661043,0.0,100628,910165,597163,597163,10478576812032
04-factual-b4,factual / explanatory knowledge,S2_P50,FREE_TRAJECTORY,FREE_TRAJECTORY,high-cache,111986638848,e84932711c03a56c5bcb7a0f240d4d4740e3181c4450b45dcb24756432c92865,16,1024,,,0.9892046524546781,0.05758692067388592,0.14807668373404886,0.20890507604286518,0.8125,0.00729060173034668,0.0030693153117621256,4.355358427390456,4.9089634022675455,0.06024966032608696,0.6623641304347826,0.4160618524575302,0.0,1419,12954,10598,10598,185965903872
04-factual-b4,factual / explanatory knowledge,S2_P50,FREE_TRAJECTORY,FREE_TRAJECTORY,high-cache,111986638848,e84932711c03a56c5bcb7a0f240d4d4740e3181c4450b45dcb24756432c92865,32,1024,,,11.40116202353007,0.37013369177848937,1.2382020975032133,0.6070524298032078,0.40625,0.007302425801753998,0.0030181151499320885,9.000019377097487,4.446235347157199,0.06330672554347826,0.6796875,0.4259115317052967,0.0,2982,26485,20619,20619,361807036416
04-factual-b4,factual / explanatory knowledge,S2_P50,FREE_TRAJECTORY,FREE_TRAJECTORY,high-cache,111986638848,e84932711c03a56c5bcb7a0f240d4d4740e3181c4450b45dcb24756432c92865,64,1024,,,16.466916131787286,0.5295531896055221,1.393778815891536,0.7959124173512313,0.203125,0.007302425801753998,0.003094924513489941,18.78619179688394,4.895281326713302,0.06443189538043478,0.6941236413043478,0.4307667513256668,0.0,6070,52034,42174,42174,740038311936
04-factual-b4,factual / explanatory knowledge,S2_P50,FREE_TRAJECTORY,FREE_TRAJECTORY,high-cache,111986638848,e84932711c03a56c5bcb7a0f240d4d4740e3181c4450b45dcb24756432c92865,128,1024,,,19.331977735377016,0.604233881212697,1.4001590347805717,0.8867975263421259,0.1015625,0.007302425801753998,0.0031239523032027473,38.18406900204718,-3.976333382357552,0.06487240998641304,0.7015115489130435,0.43207067435083074,0.0,12223,102898,85518,85518,1500606922752
04-factual-b4,factual / explanatory knowledge,S2_P50,FREE_TRAJECTORY,FREE_TRAJECTORY,high-cache,111986638848,e84932711c03a56c5bcb7a0f240d4d4740e3181c4450b45dcb24756432c92865,256,1024,,,20.882247963857562,0.6448499481152546,1.3510280507783006,0.9598208229757881,0.05078125,0.007302425801753998,0.003060216542693799,75.97293588891625,5.491859768975701,0.06588081691576086,0.7031674592391305,0.4263378017565389,0.0,24826,219528,157304,157304,2760254816256
04-factual-b4,factual / explanatory knowledge,S2_P50,FREE_TRAJECTORY,FREE_TRAJECTORY,high-cache,111986638848,e84932711c03a56c5bcb7a0f240d4d4740e3181c4450b45dcb24756432c92865,512,1024,,,21.54261460186436,0.6665663534116255,1.3330990836292322,1.0276875868669268,0.02734375,0.0073032379150390625,0.00300757883747549,149.54584253579378,1.1515966883416695,0.06597502335258153,0.6966499660326086,0.4166758266231778,0.0,49723,453075,300589,300589,5274514538496
04-factual-b4,factual / explanatory knowledge,S2_P50,FREE_TRAJECTORY,FREE_TRAJECTORY,high-cache,111986638848,e84932711c03a56c5bcb7a0f240d4d4740e3181c4450b45dcb24756432c92865,1024,1024,,,22.10691814165932,0.677179027017283,1.2695555260458464,1.0632563616125623,0.0146484375,0.007303759455680847,0.002986621917457654,299.3700211402029,8.866793619326927,0.06649979301120924,0.6987198539402174,0.417103891653365,0.0,100237,906229,601099,601099,10547642843136
05-codegen-b5,code generation,KNEE,DIRECT_FIXED_CONTEXT,DIRECT_FIXED_CONTEXT,high-cache,111986638848,4634bd2447d9b4d207d075a3773f75cd3c30878c5d90f323728f9f7bbf8b835b,16,512,-0.0045202633556535865,5.647685163978622e-07,0.001177351394160522,0.0003012846433071506,0.08170145725235312,0.12681168915510999,1.0,0.003079712390899658,0.0012968987659394558,0.8481717929244041,-0.5121668610145207,0.027768342391304348,0.44429347826086957,0.4050109663749549,0.0,654,13462,10090,10090,177051893760
05-codegen-b5,code generation,KNEE,DIRECT_FIXED_CONTEXT,DIRECT_FIXED_CONTEXT,high-cache,111986638848,4634bd2447d9b4d207d075a3773f75cd3c30878c5d90f323728f9f7bbf8b835b,32,512,-0.003900293995230064,1.2727409703927606e-06,0.0009599437773284157,0.0002432141969207082,0.08673447416501792,0.13339865141065865,1.0,0.0030881017446517944,0.0013003364503158883,1.7242461331188679,-1.713642236320993,0.02815047554347826,0.45040760869565216,0.41000774166214576,0.0,1326,26880,20224,20224,354875867136
05-codegen-b5,code generation,KNEE,DIRECT_FIXED_CONTEXT,DIRECT_FIXED_CONTEXT,high-cache,111986638848,4634bd2447d9b4d207d075a3773f75cd3c30878c5d90f323728f9f7bbf8b835b,64,512,-0.0037283034546825022,-0.03265976965716888,0.0007202891178654108,0.00018068506302508437,0.0956208329631982,0.13968386232627228,1.0,0.0030881017446517944,0.0013237373793161332,3.489371731877327,-2.6570970629427393,0.02798063858695652,0.4476902173913043,0.4161333488860158,0.0,2636,51864,42344,42344,743021346816
05-codegen-b5,code generation,KNEE,DIRECT_FIXED_CONTEXT,DIRECT_FIXED_CONTEXT,high-cache,111986638848,4634bd2447d9b4d207d075a3773f75cd3c30878c5d90f323728f9f7bbf8b835b,128,512,-0.0019668221930512764,-0.02366933927861936,0.0008076543590045696,0.00019928843563515972,0.11152382418533241,0.15602492903433873,0.9921875,0.0030881017446517944,0.0013482515452378388,7.054052084684372,1.1183063227445018,0.027768342391304348,0.44429347826086957,0.42197148538298784,0.0,5232,98264,90152,90152,1581920944128
05-codegen-b5,code generation,KNEE,DIRECT_FIXED_CONTEXT,DIRECT_FIXED_CONTEXT,high-cache,111986638848,4634bd2447d9b4d207d075a3773f75cd3c30878c5d90f323728f9f7bbf8b835b,256,512,-0.005095876103622346,-0.00024741336785893964,0.002838696147243157,0.0006712408504342645,0.11324525132171082,0.14283132188622127,0.98828125,0.0030881017446517944,0.0013475386412584028,13.99823140539229,-9.089914191666765,0.027566661005434784,0.44106657608695654,0.4132582713555281,0.0,10388,206253,170579,170579,2993194745856
05-codegen-b5,code generation,KNEE,DIRECT_FIXED_CONTEXT,DIRECT_FIXED_CONTEXT,high-cache,111986638848,4634bd2447d9b4d207d075a3773f75cd3c30878c5d90f323728f9f7bbf8b835b,512,512,0.002329123750091401,-0.00010228750120688801,0.00712652784573454,0.0016827481737702833,0.10198915012347928,0.1362300594513094,0.974609375,0.0030884593725204468,0.0013342690778563946,27.55532499589026,-33.06310379128627,0.027402131453804348,0.43843410326086957,0.40522383240664767,0.0,20652,419759,333905,333905,5859119185920
05-codegen-b5,code generation,S2_P50,DIRECT_FIXED_CONTEXT,DIRECT_FIXED_CONTEXT,high-cache,111986638848,4634bd2447d9b4d207d075a3773f75cd3c30878c5d90f323728f9f7bbf8b835b,16,512,-0.005039301283219277,5.126900006757751e-07,0.0028038805299656646,0.0007076309047121755,0.0989743560345741,0.1607801304657166,1.0,0.0072954148054122925,0.003059461178233871,4.711570214480162,0.619865670042941,0.06538722826086957,0.6929347826086957,0.41025991877995377,0.0,1540,14185,9367,9367,164365221888
05-codegen-b5,code generation,S2_P50,DIRECT_FIXED_CONTEXT,DIRECT_FIXED_CONTEXT,high-cache,111986638848,4634bd2447d9b4d207d075a3773f75cd3c30878c5d90f323728f9f7bbf8b835b,32,512,-0.003995579417154116,7.494309208766481e-07,0.0014504354896183076,0.0003659501753942851,0.11155156280722409,0.1754238750190798,1.0,0.007299333810806274,0.003021238922043535,9.62264596670866,3.5116536980741557,0.06761633831521739,0.7085597826086957,0.4164972420886356,0.0,3185,29105,17999,17999,315833204736
05-codegen-b5,code generation,S2_P50,DIRECT_FIXED_CONTEXT,DIRECT_FIXED_CONTEXT,high-cache,111986638848,4634bd2447d9b4d207d075a3773f75cd3c30878c5d90f323728f9f7bbf8b835b,64,512,-0.004900503355976471,-0.05223810149054131,0.001250600756657685,0.00031359888016398407,0.13493668047001484,0.19384727820044884,1.0,0.007302924990653992,0.0030924886912953855,19.600193325430155,6.466565061283404,0.06727666440217392,0.7117866847826086,0.42230131265602616,0.0,6338,55880,38328,38328,672551534592
05-codegen-b5,code generation,S2_P50,DIRECT_FIXED_CONTEXT,DIRECT_FIXED_CONTEXT,high-cache,111986638848,4634bd2447d9b4d207d075a3773f75cd3c30878c5d90f323728f9f7bbf8b835b,128,512,-0.001992859689932791,-0.019071109555333976,0.0012908046927556243,0.0003201853015740889,0.14162277435371518,0.20471847984607716,0.9921875,0.007302924990653992,0.003116867000584682,39.085512187331915,14.639277226785566,0.06655485733695653,0.7088145380434783,0.43147567364060396,0.0,12540,106204,82212,82212,1442595667968
05-codegen-b5,code generation,S2_P50,DIRECT_FIXED_CONTEXT,DIRECT_FIXED_CONTEXT,high-cache,111986638848,4634bd2447d9b4d207d075a3773f75cd3c30878c5d90f323728f9f7bbf8b835b,256,512,-0.008016701973598772,-0.00023023098757590787,0.004051911998760982,0.0009532247834736286,0.1271125672015306,0.18621442442072003,0.99609375,0.007302924990653992,0.0031159521641575807,77.08242463693023,18.624022223518068,0.06564729110054347,0.7005349864130435,0.42373555259733336,0.0,24738,221627,155205,155205,2723423109120
05-codegen-b5,code generation,S2_P50,DIRECT_FIXED_CONTEXT,DIRECT_FIXED_CONTEXT,high-cache,111986638848,4634bd2447d9b4d207d075a3773f75cd3c30878c5d90f323728f9f7bbf8b835b,512,512,-0.00432552890193226,-3.6207576457059076e-05,0.00972145658850206,0.002120404869728535,0.11825772872037303,0.17639657063113745,0.98046875,0.007303088903427124,0.0030984630781744986,151.85877392441034,18.704882708215223,0.06503030528192935,0.6935716711956522,0.41763461213629005,0.0,49011,448690,304974,304974,5351459291136
06-debug-b4,debugging / code review,KNEE,DIRECT_FIXED_CONTEXT,DIRECT_FIXED_CONTEXT,high-cache,111986638848,4314e7ab97d0d5a37c2ca1dbb39cb80ca3bd6ea791e945cdf2d899e619d62d9c,16,512,0.00836526776011648,-0.0006546035822765361,0.0021868341449570667,0.0005531154903673221,0.08501981674629412,0.12853555832278826,0.9375,0.003087475895881653,0.0013255378092575517,0.8536463491618633,0.3657143982127309,0.02734375,0.4375,0.3842347814080925,0.0,644,15415,8137,8137,142782087168
06-debug-b4,debugging / code review,KNEE,DIRECT_FIXED_CONTEXT,DIRECT_FIXED_CONTEXT,high-cache,111986638848,4314e7ab97d0d5a37c2ca1dbb39cb80ca3bd6ea791e945cdf2d899e619d62d9c,32,512,0.005326754443615966,-0.014612208960329554,0.0017919818076868013,0.00045363164052433417,0.07992092977740628,0.12440459084625968,0.96875,0.003087475895881653,0.0012961859144618578,1.8029946070164442,1.8470638657454401,0.029530400815217392,0.47248641304347827,0.39380412148294347,0.0,1391,29675,17429,17429,305831264256
06-debug-b4,debugging / code review,KNEE,DIRECT_FIXED_CONTEXT,DIRECT_FIXED_CONTEXT,high-cache,111986638848,4314e7ab97d0d5a37c2ca1dbb39cb80ca3bd6ea791e945cdf2d899e619d62d9c,64,512,0.00010963131611696486,-0.002259116683184459,0.004086739514116145,0.0010042452224248571,0.07803912131036292,0.1178808715919977,0.984375,0.003087475895881653,0.0012722971965262605,3.5000895876437426,-1.9650405577849597,0.02920134171195652,0.4672214673913043,0.38644854528828193,0.0,2751,58652,35556,35556,623910518784
06-debug-b4,debugging / code review,KNEE,DIRECT_FIXED_CONTEXT,DIRECT_FIXED_CONTEXT,high-cache,111986638848,4314e7ab97d0d5a37c2ca1dbb39cb80ca3bd6ea791e945cdf2d899e619d62d9c,128,512,0.003139669578222981,0.0007235321498981762,0.004395483962461822,0.001090926515419215,0.07521574420586412,0.11409687297433019,0.9765625,0.0030880719423294067,0.0012940427451161754,6.9904189091175795,-4.489018424646929,0.028670601222826088,0.4587296195652174,0.39183643524069434,0.0,5402,111275,77141,77141,1353613492224
06-debug-b4,debugging / code review,KNEE,DIRECT_FIXED_CONTEXT,DIRECT_FIXED_CONTEXT,high-cache,111986638848,4314e7ab97d0d5a37c2ca1dbb39cb80ca3bd6ea791e945cdf2d899e619d62d9c,256,512,0.0064375180105611385,0.04803773108088194,0.006465350926535372,0.0015802161933396832,0.08359232209978582,0.12132467570302816,0.97265625,0.003088437020778656,0.001301872024019307,14.153952645137906,-15.916532414523317,0.028851052989130436,0.461616847826087,0.4029620336107637,0.0,10872,218916,157916,157916,2770993741824
06-debug-b4,debugging / code review,KNEE,DIRECT_FIXED_CONTEXT,DIRECT_FIXED_CONTEXT,high-cache,111986638848,4314e7ab97d0d5a37c2ca1dbb39cb80ca3bd6ea791e945cdf2d899e619d62d9c,512,512,0.018093244888815155,-0.043383874262971744,0.01128503948162208,0.002800782994793179,0.08324304952758513,0.12199823239473521,0.9453125,0.003088437020778656,0.001298757239867068,28.359663089737296,-33.52577327182553,0.028973123301630436,0.463569972826087,0.40499869886554,0.0,21836,429095,324569,324569,5695297929216
06-debug-b4,debugging / code review,S2_P50,DIRECT_FIXED_CONTEXT,DIRECT_FIXED_CONTEXT,high-cache,111986638848,4314e7ab97d0d5a37c2ca1dbb39cb80ca3bd6ea791e945cdf2d899e619d62d9c,16,512,0.014241794846761913,0.0630208138983619,0.0025662983904700893,0.00064283881220845,0.10101990852666709,0.1595576730875638,0.9375,0.0072988420724868774,0.00296195625290841,4.285950697958469,3.6082366798073053,0.06143851902173913,0.6644021739130435,0.39819577839093473,0.0,1447,16108,7444,7444,130621833216
06-debug-b4,debugging / code review,S2_P50,DIRECT_FIXED_CONTEXT,DIRECT_FIXED_CONTEXT,high-cache,111986638848,4314e7ab97d0d5a37c2ca1dbb39cb80ca3bd6ea791e945cdf2d899e619d62d9c,32,512,0.013524852346131322,-0.004003093908298894,0.002181603690631896,0.0005446720696085206,0.09760125107452781,0.15717885275011845,0.96875,0.0072988420724868774,0.002900135061820111,9.228229766711593,12.488390941172838,0.06755264945652174,0.7027853260869565,0.41993850927237075,0.0,3182,31295,15809,15809,277404696576
06-debug-b4,debugging / code review,S2_P50,DIRECT_FIXED_CONTEXT,DIRECT_FIXED_CONTEXT,high-cache,111986638848,4314e7ab97d0d5a37c2ca1dbb39cb80ca3bd6ea791e945cdf2d899e619d62d9c,64,512,0.009714042444332771,0.07071271142067914,0.004673635561849161,0.0011578220135852282,0.09497618658594383,0.14968498072898972,0.984375,0.007302246987819672,0.0028847982102507695,18.1828831192106,15.524408522993326,0.06690514605978261,0.692764945652174,0.41166382911866617,0.0,6303,62179,32029,32029,562021318656
06-debug-b4,debugging / code review,S2_P50,DIRECT_FIXED_CONTEXT,DIRECT_FIXED_CONTEXT,high-cache,111986638848,4314e7ab97d0d5a37c2ca1dbb39cb80ca3bd6ea791e945cdf2d899e619d62d9c,128,512,0.01521325837703738,0.00188397915864158,0.00617560122111117,0.0015446525129479756,0.09409241670264457,0.14822499660562255,0.96875,0.007302246987819672,0.0028918775829672814,36.14846978709102,23.613597532035783,0.06634256114130435,0.69140625,0.41205032213814574,0.0,12500,118445,69971,69971,1227799609344
06-debug-b4,debugging / code review,S2_P50,DIRECT_FIXED_CONTEXT,DIRECT_FIXED_CONTEXT,high-cache,111986638848,4314e7ab97d0d5a37c2ca1dbb39cb80ca3bd6ea791e945cdf2d899e619d62d9c,256,512,0.00834014554381439,-0.004513320800583642,0.00863202632136855,0.0021171940281089685,0.10256987582029033,0.1555219108272491,0.953125,0.0073022544384002686,0.002938858717579198,73.87115272507071,44.790371760725975,0.06670346467391304,0.6970108695652174,0.4186680604286536,0.0,25136,233822,143010,143010,2509434224640
06-debug-b4,debugging / code review,S2_P50,DIRECT_FIXED_CONTEXT,DIRECT_FIXED_CONTEXT,high-cache,111986638848,4314e7ab97d0d5a37c2ca1dbb39cb80ca3bd6ea791e945cdf2d899e619d62d9c,512,512,0.016834840273727517,-0.0030306151555556937,0.015177671038380055,0.00374939091857327,0.1025162628579541,0.15672925092972656,0.943359375,0.00730346143245697,0.0029459824589406765,150.03299466893077,69.36969582620077,0.06757387907608696,0.7030613111413043,0.419799892319291,0.0,50928,459385,294279,294279,5163791302656
07-algorithms-b2,algorithms / data-structure reasoning,KNEE,DIRECT_FIXED_CONTEXT,DIRECT_FIXED_CONTEXT,high-cache,111986638848,c5014ce6cd268af98e941bee2bb1ba0c12277dedf0e4a19b69e2a98a492508b1,16,512,0.00740149663308709,-1.6313835615733296e-07,0.0008177673185134265,0.00020505038188220392,0.0779893447572684,0.1209632337896584,1.0,0.003070458769798279,0.001335861125264189,0.8963628150522709,-1.3038304587826133,0.02849014945652174,0.45584239130434784,0.40764155411698094,0.0,671,13465,10087,10087,176999251968
07-algorithms-b2,algorithms / data-structure reasoning,KNEE,DIRECT_FIXED_CONTEXT,DIRECT_FIXED_CONTEXT,high-cache,111986638848,c5014ce6cd268af98e941bee2bb1ba0c12277dedf0e4a19b69e2a98a492508b1,32,512,0.0032291094817441524,-0.08576777036875782,0.0037017605188858433,0.0009041015535836308,0.0863914426126911,0.12525818009883494,1.0,0.0030877217650413513,0.0013416554811879022,1.8139182105660439,-2.925707551650703,0.028702445652173912,0.4592391304347826,0.40354872794211977,0.0,1352,27018,20086,20086,352454344704
07-algorithms-b2,algorithms / data-structure reasoning,KNEE,DIRECT_FIXED_CONTEXT,DIRECT_FIXED_CONTEXT,high-cache,111986638848,c5014ce6cd268af98e941bee2bb1ba0c12277dedf0e4a19b69e2a98a492508b1,64,512,0.003908809390572199,-0.0006614753403724194,0.0028527776888545428,0.0006712904570626441,0.08239764302215351,0.12092728846155171,1.0,0.0030877217650413513,0.0013471053407206931,3.713969424366951,-1.2477372903522337,0.029265030570652172,0.46824048913043476,0.41374619622363473,0.0,2757,53503,40705,40705,714261381120
07-algorithms-b2,algorithms / data-structure reasoning,KNEE,DIRECT_FIXED_CONTEXT,DIRECT_FIXED_CONTEXT,high-cache,111986638848,c5014ce6cd268af98e941bee2bb1ba0c12277dedf0e4a19b69e2a98a492508b1,128,512,0.007083117657407267,2.894639163031343e-06,0.0038261731385116258,0.0009557646612289708,0.12479423621958968,0.13107955746941197,1.0,0.0030877217650413513,0.0013498919406379148,7.362310644239187,-2.5522297333809547,0.028946586277173912,0.4631453804347826,0.41892736265257663,0.0,5454,105033,83383,83383,1463143514112
07-algorithms-b2,algorithms / data-structure reasoning,KNEE,DIRECT_FIXED_CONTEXT,DIRECT_FIXED_CONTEXT,high-cache,111986638848,c5014ce6cd268af98e941bee2bb1ba0c12277dedf0e4a19b69e2a98a492508b1,256,512,0.0039146151366244025,0.025985198390557684,0.00482620031090168,0.0011538083558928966,0.11606062448174938,0.14390221744987283,0.99609375,0.0030877217650413513,0.001355872953656442,14.56885488703847,-2.5305856935383986,0.028514032778532608,0.45622452445652173,0.4223582375144453,0.0,10745,205717,171115,171115,3002600079360
07-algorithms-b2,algorithms / data-structure reasoning,KNEE,DIRECT_FIXED_CONTEXT,DIRECT_FIXED_CONTEXT,high-cache,111986638848,c5014ce6cd268af98e941bee2bb1ba0c12277dedf0e4a19b69e2a98a492508b1,512,512,0.010526880527877806,-4.610140194927226e-06,0.008556889963006784,0.002090370113556847,0.11376116464939923,0.14092126569247246,0.986328125,0.0030882805585861206,0.001341998928274439,29.19250268675387,-14.526562756222916,0.028862994650135868,0.4618079144021739,0.42129629469135005,0.0,21753,415590,338074,338074,5932273729536
07-algorithms-b2,algorithms / data-structure reasoning,S2_P50,DIRECT_FIXED_CONTEXT,DIRECT_FIXED_CONTEXT,high-cache,111986638848,c5014ce6cd268af98e941bee2bb1ba0c12277dedf0e4a19b69e2a98a492508b1,16,512,0.011524678379039033,-8.555275421429087e-07,0.0019736405628198537,0.0004904871933274959,0.09545176244098989,0.15398738747595525,0.9375,0.00730113685131073,0.00310393293330942,4.696250528097153,2.947235465515405,0.06424082880434782,0.6868206521739131,0.4029010244410394,0.0,1513,14197,9355,9355,164154654720
07-algorithms-b2,algorithms / data-structure reasoning,S2_P50,DIRECT_FIXED_CONTEXT,DIRECT_FIXED_CONTEXT,high-cache,111986638848,c5014ce6cd268af98e941bee2bb1ba0c12277dedf0e4a19b69e2a98a492508b1,32,512,0.002090591235713868,-0.08446443849561547,0.003935456700127595,0.0009494987248166518,0.10248708894151379,0.15833846512221958,0.96875,0.00730113685131073,0.003033830348671999,9.301723849028349,7.348571676760912,0.06509001358695653,0.6929347826086957,0.4099223128438338,0.0,3066,28521,18583,18583,326080806912
07-algorithms-b2,algorithms / data-structure reasoning,S2_P50,DIRECT_FIXED_CONTEXT,DIRECT_FIXED_CONTEXT,high-cache,111986638848,c5014ce6cd268af98e941bee2bb1ba0c12277dedf0e4a19b69e2a98a492508b1,64,512,0.0071047872467269735,-0.0003173237192868328,0.004495391227400823,0.0010759097515271473,0.10233087063759363,0.15795297479884218,0.984375,0.007301807403564453,0.0030484608807746804,19.379065819084644,12.190897981607122,0.06747834578804347,0.7138247282608695,0.4226438460779284,0.0,6357,56710,37498,37498,657987305472
07-algorithms-b2,algorithms / data-structure reasoning,S2_P50,DIRECT_FIXED_CONTEXT,DIRECT_FIXED_CONTEXT,high-cache,111986638848,c5014ce6cd268af98e941bee2bb1ba0c12277dedf0e4a19b69e2a98a492508b1,128,512,0.010942702071310428,2.125332301261551e-07,0.0048385397357955315,0.0012008452888134474,0.13790167328195185,0.16567587189778946,0.9921875,0.007302045822143555,0.003069006409281502,39.16359078884125,20.849357363797026,0.06772779381793478,0.7145040760869565,0.4250091138196887,0.0,12761,111649,76767,76767,1347050815488
07-algorithms-b2,algorithms / data-structure reasoning,S2_P50,DIRECT_FIXED_CONTEXT,DIRECT_FIXED_CONTEXT,high-cache,111986638848,c5014ce6cd268af98e941bee2bb1ba0c12277dedf0e4a19b69e2a98a492508b1,256,512,0.005337910301151952,0.26472461054108365,0.005989975919807803,0.0013813328539342734,0.13251508517620125,0.17906273910645037,0.9921875,0.007303640246391296,0.0030940483800566245,78.2794240154326,45.06737300587385,0.067138671875,0.7135275135869565,0.4261540184246199,0.0,25300,219500,157332,157332,2760746139648
07-algorithms-b2,algorithms / data-structure reasoning,S2_P50,DIRECT_FIXED_CONTEXT,DIRECT_FIXED_CONTEXT,high-cache,111986638848,c5014ce6cd268af98e941bee2bb1ba0c12277dedf0e4a19b69e2a98a492508b1,512,512,0.011635612357623816,-2.8988180602596003e-06,0.010273280059839197,0.0024299609859007665,0.12400002108945193,0.17724962815104914,0.986328125,0.007303640246391296,0.003084757182183889,158.81563876755536,93.59832407915036,0.06831160835597826,0.7199813179347826,0.4294379036204761,0.0,51484,444245,309419,309419,5429456879616
08-summary-b2,summarization / synthesis,KNEE,DIRECT_FIXED_CONTEXT,DIRECT_FIXED_CONTEXT,high-cache,111986638848,be744aa5bc7177f1991acd9f33cd5360679dfd4468ac4ed8b71489a7b9a51fb0,16,512,-0.005419675205670105,-9.980854904867442e-05,0.0010560132696261664,0.0002564049780200172,0.079868620002938,0.12476342984206545,1.0,0.0030775070190429688,0.0013492900010956502,0.9215650707483292,-0.488474493380636,0.028999660326086956,0.4639945652173913,0.4133783339997899,0.0,683,13796,9756,9756,171191107584
08-summary-b2,summarization / synthesis,KNEE,DIRECT_FIXED_CONTEXT,DIRECT_FIXED_CONTEXT,high-cache,111986638848,be744aa5bc7177f1991acd9f33cd5360679dfd4468ac4ed8b71489a7b9a51fb0,32,512,-0.003670926448787637,-0.059695549832422756,0.0012969815986330633,0.00031656924989802566,0.08181162999654432,0.1303465471086641,1.0,0.0030834078788757324,0.0013588496351620222,1.7991169169545174,-2.68527837239526,0.028108016304347828,0.44972826086956524,0.4227979932628832,0.0,1324,26851,20253,20253,355384737792
08-summary-b2,summarization / synthesis,KNEE,DIRECT_FIXED_CONTEXT,DIRECT_FIXED_CONTEXT,high-cache,111986638848,be744aa5bc7177f1991acd9f33cd5360679dfd4468ac4ed8b71489a7b9a51fb0,64,512,-0.0021790786597864487,-3.6539266190516173e-07,0.0008082041531574321,0.00019751984347032302,0.08807637005846827,0.14023630673939105,1.0,0.003084897994995117,0.0013520507600647928,3.4369130320847034,-5.182890997614734,0.026982846467391304,0.43172554347826086,0.4204953179116926,0.0,2542,48855,45353,45353,795821064192
08-summary-b2,summarization / synthesis,KNEE,DIRECT_FIXED_CONTEXT,DIRECT_FIXED_CONTEXT,high-cache,111986638848,be744aa5bc7177f1991acd9f33cd5360679dfd4468ac4ed8b71489a7b9a51fb0,128,512,0.005964799985402169,0.6082438290266694,0.0023335152043426964,0.0005761329962967665,0.09655281143607772,0.14823141986134208,0.984375,0.0030881166458129883,0.0013450350835129059,6.974006908014417,-12.596605207186215,0.027518894361413044,0.4403023097826087,0.4235878587419231,0.0,5185,96970,91446,91446,1604627103744
08-summary-b2,summarization / synthesis,KNEE,DIRECT_FIXED_CONTEXT,DIRECT_FIXED_CONTEXT,high-cache,111986638848,be744aa5bc7177f1991acd9f33cd5360679dfd4468ac4ed8b71489a7b9a51fb0,256,512,0.008600960500650554,5.542466396946111e-07,0.005732111331778813,0.001435053296673823,0.09070228692553912,0.13943556556602868,0.97265625,0.0030881166458129883,0.001339045995324664,13.935451673343778,-33.49312189648931,0.027617081351902172,0.44187330163043476,0.41686251284148884,0.0,10407,197427,179405,179405,3148066897920
08-summary-b2,summarization / synthesis,KNEE,DIRECT_FIXED_CONTEXT,DIRECT_FIXED_CONTEXT,high-cache,111986638848,be744aa5bc7177f1991acd9f33cd5360679dfd4468ac4ed8b71489a7b9a51fb0,512,512,0.017019202813907085,-9.306934563824143e-05,0.007742274353418725,0.001931248174309849,0.08495621023272978,0.13071057399689864,0.974609375,0.003088340163230896,0.001337942194495285,27.888067102059722,-68.3866023402306,0.027656886888586956,0.4425101902173913,0.40956875795757863,0.0,20844,391006,362658,362658,6363655667712
08-summary-b2,summarization / synthesis,S2_P50,DIRECT_FIXED_CONTEXT,DIRECT_FIXED_CONTEXT,high-cache,111986638848,be744aa5bc7177f1991acd9f33cd5360679dfd4468ac4ed8b71489a7b9a51fb0,16,512,-0.0027527125214417136,-8.688254752087232e-05,0.0008614050014800216,0.0002118773052035274,0.09544328987240254,0.1566631746602486,1.0,0.007303416728973389,0.003002723038662225,4.612182587385178,2.3885024851188064,0.06521739130434782,0.6942934782608695,0.40882011099006715,0.0,1536,14536,9016,9016,158206132224
08-summary-b2,summarization / synthesis,S2_P50,DIRECT_FIXED_CONTEXT,DIRECT_FIXED_CONTEXT,high-cache,111986638848,be744aa5bc7177f1991acd9f33cd5360679dfd4468ac4ed8b71489a7b9a51fb0,32,512,-0.0005290597832703359,0.017821447670382184,0.00107558275458386,0.0002656009984615988,0.10235322222387036,0.16656925600535738,1.0,0.007303416728973389,0.003076733437126689,9.368653316050768,-1.792915973062918,0.06464419157608696,0.6929347826086957,0.4180153317530056,0.0,3045,28424,18680,18680,327782891520
08-summary-b2,summarization / synthesis,S2_P50,DIRECT_FIXED_CONTEXT,DIRECT_FIXED_CONTEXT,high-cache,111986638848,be744aa5bc7177f1991acd9f33cd5360679dfd4468ac4ed8b71489a7b9a51fb0,64,512,-0.0001530487562124705,-5.755175891408726e-07,0.0006605259282489476,0.00016285612815176027,0.1138809493935893,0.18036837327371363,1.0,0.007303416728973389,0.0031034149276215513,18.819108121097088,0.7217780320876699,0.06436820652173914,0.6941236413043478,0.42765144766326907,0.0,6064,52448,41760,41760,732773744640
08-summary-b2,summarization / synthesis,S2_P50,DIRECT_FIXED_CONTEXT,DIRECT_FIXED_CONTEXT,high-cache,111986638848,be744aa5bc7177f1991acd9f33cd5360679dfd4468ac4ed8b71489a7b9a51fb0,128,512,0.004538515104713592,0.3343832796510888,0.0019934284384095276,0.0004945891403468029,0.11584183581899116,0.18041375902048593,0.9765625,0.007303416728973389,0.0031300689181242547,38.69078189693391,1.7806370893503498,0.06560483186141304,0.7038043478260869,0.42461255644654367,0.0,12361,104594,83822,83822,1470846763008
08-summary-b2,summarization / synthesis,S2_P50,DIRECT_FIXED_CONTEXT,DIRECT_FIXED_CONTEXT,high-cache,111986638848,be744aa5bc7177f1991acd9f33cd5360679dfd4468ac4ed8b71489a7b9a51fb0,256,512,0.007999822547348434,-8.674141369624522e-07,0.004340205625029048,0.0010827261876115045,0.10912563340180188,0.17242575003210336,0.96484375,0.007303416728973389,0.003110129536363494,76.9570452477783,2.4903588256219535,0.06566321331521739,0.7017238451086957,0.4210281619915105,0.0,24744,212567,164265,164265,2882401320960
08-summary-b2,summarization / synthesis,S2_P50,DIRECT_FIXED_CONTEXT,DIRECT_FIXED_CONTEXT,high-cache,111986638848,be744aa5bc7177f1991acd9f33cd5360679dfd4468ac4ed8b71489a7b9a51fb0,512,512,0.007318591789361888,-5.7029965198296395e-05,0.007642832556900039,0.0018869182998972004,0.10458834324868163,0.16580354780292864,0.966796875,0.007303416728973389,0.0030923743478365596,152.83132501877844,-12.082286981922223,0.06557564113451086,0.6978388247282609,0.4169781420437695,0.0,49422,420572,333092,333092,5844853260288
09-extract-b8,structured extraction / transformation,KNEE,DIRECT_FIXED_CONTEXT,DIRECT_FIXED_CONTEXT,high-cache,111986638848,488d2e083dea7b8160cc5e90a8c7a50e3ef17a22d629a4114e08fcf3e0fede37,16,512,7.869719929853858e-05,0.03730968708284621,0.00168508883925944,0.0004213572714009185,0.08141848962045109,0.12736402274618944,1.0,0.003088340163230896,0.0013411382314139544,0.9159974120557308,0.8346833875402808,0.028999660326086956,0.4639945652173913,0.41855155528881965,0.0,683,14195,9357,9357,164189749248
09-extract-b8,structured extraction / transformation,KNEE,DIRECT_FIXED_CONTEXT,DIRECT_FIXED_CONTEXT,high-cache,111986638848,488d2e083dea7b8160cc5e90a8c7a50e3ef17a22d629a4114e08fcf3e0fede37,32,512,-0.0019525958466969362,0.00021056590212253923,0.0019260433105601064,0.00048122296884319,0.07638128401897767,0.12091472422163928,1.0,0.003088340163230896,0.0013251485060804648,1.8035271167755127,-0.4232398187741637,0.028893512228260868,0.4622961956521739,0.41813006121783663,0.0,1361,28149,18955,18955,332608389120
09-extract-b8,structured extraction / transformation,KNEE,DIRECT_FIXED_CONTEXT,DIRECT_FIXED_CONTEXT,high-cache,111986638848,488d2e083dea7b8160cc5e90a8c7a50e3ef17a22d629a4114e08fcf3e0fede37,64,512,-0.0038557700678670814,3.042141329956394e-07,0.0019013708237644777,0.0004709005828164177,0.09370620493197447,0.1441840862405841,0.984375,0.003088340163230896,0.0013065476721475754,3.6230566948652267,-2.7119350569846574,0.029434867527173912,0.4709578804347826,0.4227150456902689,0.0,2773,53675,40533,40533,711243251712
09-extract-b8,structured extraction / transformation,KNEE,DIRECT_FIXED_CONTEXT,DIRECT_FIXED_CONTEXT,high-cache,111986638848,488d2e083dea7b8160cc5e90a8c7a50e3ef17a22d629a4114e08fcf3e0fede37,128,512,-0.005222939842801422,-2.0975924286403824e-07,0.0020399581423461545,0.000507272312723147,0.09630583998238394,0.1459110739511159,0.9921875,0.003088340163230896,0.0013374415380799018,7.392039380967617,-6.049475735575982,0.029334026834239132,0.4693444293478261,0.42499995461122553,0.0,5527,101981,86435,86435,1516697763840
09-extract-b8,structured extraction / transformation,KNEE,DIRECT_FIXED_CONTEXT,DIRECT_FIXED_CONTEXT,high-cache,111986638848,488d2e083dea7b8160cc5e90a8c7a50e3ef17a22d629a4114e08fcf3e0fede37,256,512,0.0037959344324011296,-0.02285162332888291,0.004940829239314177,0.0012318505872237044,0.09656225853870928,0.14306598509837332,0.98046875,0.003088340163230896,0.0013405121329335924,14.60085815191269,-18.475711914416266,0.02890412703804348,0.4624660326086957,0.4172145825102735,0.0,10892,198935,177897,177897,3121605623808
09-extract-b8,structured extraction / transformation,KNEE,DIRECT_FIXED_CONTEXT,DIRECT_FIXED_CONTEXT,high-cache,111986638848,488d2e083dea7b8160cc5e90a8c7a50e3ef17a22d629a4114e08fcf3e0fede37,512,512,0.013202544536250721,0.004419900149230216,0.00844753867831065,0.0020939578895999814,0.09432128178758462,0.14117811900735952,0.966796875,0.003088340163230896,0.0013402367765884978,29.37128895893693,-55.534182928208125,0.029077944548233696,0.46524711277173914,0.41420965035016627,0.0,21915,398425,355239,355239,6233472516096
09-extract-b8,structured extraction / transformation,S2_P50,DIRECT_FIXED_CONTEXT,DIRECT_FIXED_CONTEXT,high-cache,111986638848,488d2e083dea7b8160cc5e90a8c7a50e3ef17a22d629a4114e08fcf3e0fede37,16,512,-0.0015680151682271326,0.017685864779867444,0.0038304065834762133,0.0009543450135287456,0.10029176128100345,0.16289449682740342,1.0,0.007282853126525879,0.003030662964428625,4.697527594864368,4.597186817321926,0.06581182065217392,0.6895380434782609,0.4086777104654915,0.0,1550,14919,8633,8633,151485530112
09-extract-b8,structured extraction / transformation,S2_P50,DIRECT_FIXED_CONTEXT,DIRECT_FIXED_CONTEXT,high-cache,111986638848,488d2e083dea7b8160cc5e90a8c7a50e3ef17a22d629a4114e08fcf3e0fede37,32,512,-0.011914202757906778,5.0279412537435064e-05,0.003228826052032903,0.0008023852197292807,0.0951239356008562,0.15684428788064314,1.0,0.007302872836589813,0.003037500225055294,9.477000702172518,6.377995687071234,0.06623641304347826,0.6946331521739131,0.4140880726083798,0.0,3120,29758,17346,17346,304374841344
09-extract-b8,structured extraction / transformation,S2_P50,DIRECT_FIXED_CONTEXT,DIRECT_FIXED_CONTEXT,high-cache,111986638848,488d2e083dea7b8160cc5e90a8c7a50e3ef17a22d629a4114e08fcf3e0fede37,64,512,-0.00521284078421741,7.274139477431163e-07,0.0027500826626744483,0.0006794816836569273,0.11234164685055957,0.18010460563298758,0.984375,0.007303744554519653,0.003063622796274518,19.59186778217554,14.530982458112703,0.06788170855978261,0.7168817934782609,0.4260008905294602,0.0,6395,57027,37181,37181,652424822784
09-extract-b8,structured extraction / transformation,S2_P50,DIRECT_FIXED_CONTEXT,DIRECT_FIXED_CONTEXT,high-cache,111986638848,488d2e083dea7b8160cc5e90a8c7a50e3ef17a22d629a4114e08fcf3e0fede37,128,512,-0.0003378755225167118,2.481548726507299e-07,0.0029232942253388057,0.0007302529526431156,0.12226341550711957,0.18483120542832104,0.984375,0.007303744554519653,0.0030897346904772355,39.91937220096588,18.3275789427411,0.06857167119565218,0.7255434782608695,0.4370486586554943,0.0,12920,109174,79242,79242,1390480293888
09-extract-b8,structured extraction / transformation,S2_P50,DIRECT_FIXED_CONTEXT,DIRECT_FIXED_CONTEXT,high-cache,111986638848,488d2e083dea7b8160cc5e90a8c7a50e3ef17a22d629a4114e08fcf3e0fede37,256,512,0.003237775520968336,-0.06446320483473755,0.007546569545057013,0.0018727433750771818,0.1205664298397086,0.18619362129908656,0.9765625,0.007303744554519653,0.0030856416318256834,79.29481865465641,22.474170679729895,0.06819484544836957,0.7179008152173914,0.42945380421413326,0.0,25698,213351,163481,163481,2868644265984
09-extract-b8,structured extraction / transformation,S2_P50,DIRECT_FIXED_CONTEXT,DIRECT_FIXED_CONTEXT,high-cache,111986638848,488d2e083dea7b8160cc5e90a8c7a50e3ef17a22d629a4114e08fcf3e0fede37,512,512,0.012617828996938425,0.004497078576523705,0.009438240617182809,0.00233201832113868,0.11629260134508235,0.18084302619691867,0.966796875,0.007303744554519653,0.003065122220373865,158.4116465933621,2.6504363146281946,0.06857432489809782,0.7178158967391305,0.427869688271567,0.0,51682,427786,325878,325878,5718267297792
10-planning-b2,planning / constraint satisfaction,KNEE,CAPACITY_FIXED_CONTEXT,CAPACITY_FIXED_CONTEXT,96-gib-bridge,103072628736,ac262c34572a0ce9f551e1a20d80032af165c8cd3b6af503e2590397f24035f3,16,512,-0.011963850169999901,1.4183227001751675e-06,0.0019204309708954394,0.00046972285964550463,0.07820598531334551,0.1206500932015764,1.0,0.003087267279624939,0.0013774095672615773,0.8650132082402706,-0.4348378418944776,0.026664402173913044,0.4266304347826087,0.3969446780805375,0.0,628,12990,10562,10562,185334202368
10-planning-b2,planning / constraint satisfaction,KNEE,CAPACITY_FIXED_CONTEXT,CAPACITY_FIXED_CONTEXT,96-gib-bridge,103072628736,ac262c34572a0ce9f551e1a20d80032af165c8cd3b6af503e2590397f24035f3,32,512,-0.005317244196094029,3.6202385444994434e-07,0.0010917848035982235,0.0002671564490869737,0.08312146885749314,0.12792003604446164,1.0,0.003087267279624939,0.0013532018113303537,1.7361579239368439,-4.289118849206716,0.027237601902173912,0.4358016304347826,0.4044112848811637,0.0,1283,26733,20371,20371,357455314944
10-planning-b2,planning / constraint satisfaction,KNEE,CAPACITY_FIXED_CONTEXT,CAPACITY_FIXED_CONTEXT,96-gib-bridge,103072628736,ac262c34572a0ce9f551e1a20d80032af165c8cd3b6af503e2590397f24035f3,64,512,-0.0006779784352097806,0.015074137308452862,0.0007675536087370153,0.00018962576183573966,0.1520485783089113,0.1435294382291895,0.984375,0.003088042140007019,0.001358332770517828,3.490915220230818,-13.044717447540506,0.027280061141304348,0.43648097826086957,0.41348774963798596,0.0,2570,51121,43087,43087,756058963968
10-planning-b2,planning / constraint satisfaction,KNEE,CAPACITY_FIXED_CONTEXT,CAPACITY_FIXED_CONTEXT,96-gib-bridge,103072628736,ac262c34572a0ce9f551e1a20d80032af165c8cd3b6af503e2590397f24035f3,128,512,-0.0009748899175723857,0.0008323504604561549,0.0007128334941291591,0.00017443787718149627,0.1565689753012595,0.14527703748390666,0.9921875,0.003088235855102539,0.0013564672698084354,6.889497263357043,-15.937907982478691,0.026956309442934784,0.43130095108695654,0.416903462689429,0.0,5079,96253,92163,92163,1617208492032
10-planning-b2,planning / constraint satisfaction,KNEE,CAPACITY_FIXED_CONTEXT,CAPACITY_FIXED_CONTEXT,96-gib-bridge,103072628736,ac262c34572a0ce9f551e1a20d80032af165c8cd3b6af503e2590397f24035f3,256,512,0.006417940441814998,0.10869741146099798,0.0021154597363456503,0.0005182941449770267,0.15309170133650257,0.15166970887765657,0.98046875,0.00308845192193985,0.0013591775118956143,13.830990361049771,-29.86656925096237,0.02700407608695652,0.4320652173913043,0.4188467002349825,0.0,10176,201370,175462,175462,3078878035968
10-planning-b2,planning / constraint satisfaction,KNEE,CAPACITY_FIXED_CONTEXT,CAPACITY_FIXED_CONTEXT,96-gib-bridge,103072628736,ac262c34572a0ce9f551e1a20d80032af165c8cd3b6af503e2590397f24035f3,512,512,0.006929448635410798,0.06286655155190601,0.004314916357485987,0.001118684347309001,0.13061005691605415,0.15410156152804863,0.982421875,0.00308845192193985,0.0013641538994706326,27.7127864677459,-58.758040347248865,0.026954982591711956,0.4312797214673913,0.4240660606495274,0.0,20315,402675,350989,350989,6158896644096
10-planning-b2,planning / constraint satisfaction,KNEE,DIRECT_FIXED_CONTEXT,DIRECT_FIXED_CONTEXT,high-cache,111986638848,ac262c34572a0ce9f551e1a20d80032af165c8cd3b6af503e2590397f24035f3,16,1024,-0.00026274662018055395,5.782010426003126e-07,0.00040210368817443335,0.00010113757535390432,0.07875342697874874,0.12084679660905026,1.0,0.0030802786350250244,0.0013560409930166324,0.8434574976563454,0.8877606811001897,0.026409646739130436,0.422554347826087,0.4062702262713068,0.0,622,13301,10251,10251,179877003264
10-planning-b2,planning / constraint satisfaction,KNEE,DIRECT_FIXED_CONTEXT,DIRECT_FIXED_CONTEXT,high-cache,111986638848,ac262c34572a0ce9f551e1a20d80032af165c8cd3b6af503e2590397f24035f3,32,1024,-0.0027048270624862036,-6.346017507041779e-07,0.00036113909574885113,9.005125403729682e-05,0.08128417579286103,0.12631669126260892,1.0,0.0030847787857055664,0.0013511982312976564,1.718724150210619,1.5164090972393751,0.02700407608695652,0.4320652173913043,0.4121832665794855,0.0,1272,27602,19502,19502,342206742528
10-planning-b2,planning / constraint satisfaction,KNEE,DIRECT_FIXED_CONTEXT,DIRECT_FIXED_CONTEXT,high-cache,111986638848,ac262c34572a0ce9f551e1a20d80032af165c8cd3b6af503e2590397f24035f3,64,1024,-0.0004794327602902215,0.00028120376467555275,0.0003174339337270555,7.942786233594276e-05,0.15406643182704255,0.14357302853095202,0.984375,0.003086179494857788,0.0013453693297484919,3.527558382600546,-3.281915100099525,0.02783203125,0.4453125,0.4141973852985727,0.0,2622,53309,40899,40899,717665550336
10-planning-b2,planning / constraint satisfaction,KNEE,DIRECT_FIXED_CONTEXT,DIRECT_FIXED_CONTEXT,high-cache,111986638848,ac262c34572a0ce9f551e1a20d80032af165c8cd3b6af503e2590397f24035f3,128,1024,-0.0010816961813285009,-0.00022416540230807414,0.0004972892337134272,0.00012084262013256582,0.15763082547828755,0.14422855431415504,0.9921875,0.0030867159366607666,0.0013463373681460525,7.0386517606675625,-10.174050232312823,0.027747112771739132,0.4439538043478261,0.41552342687828325,0.0,5228,100286,88130,88130,1546440376320
10-planning-b2,planning / constraint satisfaction,KNEE,DIRECT_FIXED_CONTEXT,DIRECT_FIXED_CONTEXT,high-cache,111986638848,ac262c34572a0ce9f551e1a20d80032af165c8cd3b6af503e2590397f24035f3,256,1024,0.006207439185341099,0.15603853621112052,0.002198588830894512,0.0005447150195641648,0.13625972323198698,0.15060739788631372,0.98046875,0.003087937831878662,0.0013457302179160195,14.11805571615696,-24.008126091299957,0.027839992357336956,0.4454398777173913,0.4180866897966702,0.0,10491,208823,168009,168009,2948098277376
10-planning-b2,planning / constraint satisfaction,KNEE,DIRECT_FIXED_CONTEXT,DIRECT_FIXED_CONTEXT,high-cache,111986638848,ac262c34572a0ce9f551e1a20d80032af165c8cd3b6af503e2590397f24035f3,512,1024,0.009728619818830442,0.021610120792963983,0.004210919174418953,0.0010212434712356742,0.123676288506072,0.15392593664254578,0.982421875,0.003088347613811493,0.0013539299750654971,28.19152994081378,-50.67939484788131,0.027627696161684784,0.44204313858695654,0.4246106277730009,0.0,20822,415196,338468,338468,5939187351552
10-planning-b2,planning / constraint satisfaction,KNEE,DIRECT_FIXED_CONTEXT,DIRECT_FIXED_CONTEXT,high-cache,111986638848,ac262c34572a0ce9f551e1a20d80032af165c8cd3b6af503e2590397f24035f3,1024,1024,0.01563603660851039,4.5624607381000715e-07,0.00841276470673392,0.00209704391271936,0.1176153869680037,0.15642349157192065,0.9775390625,0.003088347613811493,0.0013511089848636919,56.585795395076275,-108.09484223690004,0.027784928031589672,0.44455884850543476,0.4234124198926918,0.0,41881,819052,688276,688276,12077360676864
10-planning-b2,planning / constraint satisfaction,KNEE,FREE_TRAJECTORY,FREE_TRAJECTORY,high-cache,111986638848,ac262c34572a0ce9f551e1a20d80032af165c8cd3b6af503e2590397f24035f3,16,1024,,,0.00040210368817443335,0.00010113757535390432,0.07875342697874874,0.12084679660905026,1.0,0.0030802786350250244,0.0013560409930166324,0.8434574976563454,0.8877606811001897,0.026409646739130436,0.422554347826087,0.4062702262713068,0.0,622,13301,10251,10251,179877003264
10-planning-b2,planning / constraint satisfaction,KNEE,FREE_TRAJECTORY,FREE_TRAJECTORY,high-cache,111986638848,ac262c34572a0ce9f551e1a20d80032af165c8cd3b6af503e2590397f24035f3,32,1024,,,0.00036113909574885113,9.005125403729682e-05,0.08128417579286103,0.12631669126260892,1.0,0.0030847787857055664,0.0013511982312976564,1.718724150210619,1.5164090972393751,0.02700407608695652,0.4320652173913043,0.4121832665794855,0.0,1272,27602,19502,19502,342206742528
10-planning-b2,planning / constraint satisfaction,KNEE,FREE_TRAJECTORY,FREE_TRAJECTORY,high-cache,111986638848,ac262c34572a0ce9f551e1a20d80032af165c8cd3b6af503e2590397f24035f3,64,1024,,,5.597019366779094,0.22747626777432903,0.6361729184417502,0.4071599573189168,0.65625,0.003086179494857788,0.0013579138077507264,3.474901434034109,0.6436415790421393,0.027163298233695652,0.43461277173913043,0.4142737430949572,0.0,2559,52634,41574,41574,729509953536
10-planning-b2,planning / constraint satisfaction,KNEE,FREE_TRAJECTORY,FREE_TRAJECTORY,high-cache,111986638848,ac262c34572a0ce9f551e1a20d80032af165c8cd3b6af503e2590397f24035f3,128,1024,,,10.070760078099449,0.451175009469699,0.9489608144327909,0.6733561037948558,0.328125,0.003087669610977173,0.0013697821454618142,7.005065891891718,-6.7410385492722185,0.027142068614130436,0.434273097826087,0.4157467719509733,0.0,5114,99798,88618,88618,1555003441152
10-planning-b2,planning / constraint satisfaction,KNEE,FREE_TRAJECTORY,FREE_TRAJECTORY,high-cache,111986638848,ac262c34572a0ce9f551e1a20d80032af165c8cd3b6af503e2590397f24035f3,256,1024,,,14.48299758183326,0.5655084523503369,1.407685482312311,0.8471366131198803,0.171875,0.003087669610977173,0.0013523047162759467,14.14916424639523,-27.073155879102572,0.027765688688858696,0.44425101902173914,0.4172336819870499,0.0,10463,209303,167529,167529,2939675590656
10-planning-b2,planning / constraint satisfaction,KNEE,FREE_TRAJECTORY,FREE_TRAJECTORY,high-cache,111986638848,ac262c34572a0ce9f551e1a20d80032af165c8cd3b6af503e2590397f24035f3,512,1024,,,18.253747111677846,0.6226139324743838,1.6570336861797994,0.9685099328722294,0.095703125,0.0030878186225891113,0.0013616177494879121,28.45508772879839,-54.758177560084235,0.027728536854619564,0.443656589673913,0.4259485738831109,0.0,20898,417948,335716,335716,5890897281024
10-planning-b2,planning / constraint satisfaction,KNEE,FREE_TRAJECTORY,FREE_TRAJECTORY,high-cache,111986638848,ac262c34572a0ce9f551e1a20d80032af165c8cd3b6af503e2590397f24035f3,1024,1024,,,20.85961196390234,0.6486316774606793,1.8941297755287698,1.029456046078694,0.0595703125,0.0030882060527801514,0.0013639879436794704,56.735078517347574,-93.48897053012664,0.027595188306725544,0.4415230129076087,0.42873238526215546,0.0,41595,812681,694647,694647,12189154295808
10-planning-b2,planning / constraint satisfaction,S2_P50,CAPACITY_FIXED_CONTEXT,CAPACITY_FIXED_CONTEXT,96-gib-bridge,103072628736,ac262c34572a0ce9f551e1a20d80032af165c8cd3b6af503e2590397f24035f3,16,512,-0.008111493952811077,-1.1993528730158687e-06,0.0006435433717535102,0.00015712281472137033,0.09477137711607829,0.15562040000024951,1.0,0.007286757230758667,0.003147239523980867,4.780656836926937,-1.596847202628851,0.06449558423913043,0.6908967391304348,0.42084133114941147,0.0,1519,13862,9690,9690,170032988160
10-planning-b2,planning / constraint satisfaction,S2_P50,CAPACITY_FIXED_CONTEXT,CAPACITY_FIXED_CONTEXT,96-gib-bridge,103072628736,ac262c34572a0ce9f551e1a20d80032af165c8cd3b6af503e2590397f24035f3,32,512,-0.0031788669669148284,2.2006835465049335e-07,0.0008083877636000399,0.00019905908143842758,0.10243119092785263,0.1632356778461244,1.0,0.007293403148651123,0.0031610011673935947,9.59363854303956,0.6674704430624843,0.06443189538043478,0.6942934782608695,0.42207375835746247,0.0,3035,28586,18518,18518,324940234752
10-planning-b2,planning / constraint satisfaction,S2_P50,CAPACITY_FIXED_CONTEXT,CAPACITY_FIXED_CONTEXT,96-gib-bridge,103072628736,ac262c34572a0ce9f551e1a20d80032af165c8cd3b6af503e2590397f24035f3,64,512,0.000946690184447041,0.00017382344301353214,0.0007879338668129096,0.00019475955384439875,0.11305645491380693,0.17584292154442765,0.984375,0.007302507758140564,0.0031801354880708573,19.417907290160656,5.33944246992975,0.06481402853260869,0.6963315217391305,0.42841998569806855,0.0,6106,55603,38605,38605,677412126720
10-planning-b2,planning / constraint satisfaction,S2_P50,CAPACITY_FIXED_CONTEXT,CAPACITY_FIXED_CONTEXT,96-gib-bridge,103072628736,ac262c34572a0ce9f551e1a20d80032af165c8cd3b6af503e2590397f24035f3,128,512,-0.000519037174497472,0.0006271611048092041,0.0007891459750410708,0.00019427666180190978,0.11614280468752913,0.18096676437244663,0.9921875,0.007302507758140564,0.0031794357172427977,38.36625079996884,-0.19424980472761888,0.06404445482336957,0.6928498641304348,0.43267071846647964,0.0,12067,104809,83607,83607,1467074101248
10-planning-b2,planning / constraint satisfaction,S2_P50,CAPACITY_FIXED_CONTEXT,CAPACITY_FIXED_CONTEXT,96-gib-bridge,103072628736,ac262c34572a0ce9f551e1a20d80032af165c8cd3b6af503e2590397f24035f3,256,512,0.002706693654671244,0.05802582680727042,0.002616567963751933,0.0006392810506920907,0.12612125401253274,0.1876926759684318,0.98046875,0.007303595542907715,0.0031793026284634034,77.61631506867707,7.2388726636604375,0.06478483780570653,0.7002802309782609,0.4335897890885765,0.0,24413,217189,159643,159643,2801297866752
10-planning-b2,planning / constraint satisfaction,S2_P50,CAPACITY_FIXED_CONTEXT,CAPACITY_FIXED_CONTEXT,96-gib-bridge,103072628736,ac262c34572a0ce9f551e1a20d80032af165c8cd3b6af503e2590397f24035f3,512,512,0.0016068945075169844,0.038973758225260724,0.004232517643187949,0.0010063683793226587,0.12931818004236376,0.19322522207792192,0.982421875,0.007303595542907715,0.003195903799266179,156.30526301451027,-7.787783204132644,0.06489363960597826,0.7022333559782609,0.43483565998277873,0.0,48908,433659,320005,320005,5615212216320
10-planning-b2,planning / constraint satisfaction,S2_P50,DIRECT_FIXED_CONTEXT,DIRECT_FIXED_CONTEXT,high-cache,111986638848,ac262c34572a0ce9f551e1a20d80032af165c8cd3b6af503e2590397f24035f3,16,1024,-0.007862841044902646,-5.3147285683508017e-08,0.0009927390424868442,0.00024241322808734328,0.10073249379802497,0.16056826803949362,1.0,0.007292300462722778,0.00313270656971742,4.730386920273304,-0.42198220174759626,0.06411345108695653,0.6990489130434783,0.4172565607187522,0.0,1510,14125,9427,9427,165418057728
10-planning-b2,planning / constraint satisfaction,S2_P50,DIRECT_FIXED_CONTEXT,DIRECT_FIXED_CONTEXT,high-cache,111986638848,ac262c34572a0ce9f551e1a20d80032af165c8cd3b6af503e2590397f24035f3,32,1024,-0.005318788598641544,-4.586425426111873e-07,0.0007504946760175997,0.00018299850003063563,0.10581063075939769,0.16655448142689094,1.0,0.007292300462722778,0.003154093023969121,9.711452420800924,0.5480339268688112,0.06536599864130435,0.7055027173913043,0.4210332566157796,0.0,3079,29390,17714,17714,310832234496
10-planning-b2,planning / constraint satisfaction,S2_P50,DIRECT_FIXED_CONTEXT,DIRECT_FIXED_CONTEXT,high-cache,111986638848,ac262c34572a0ce9f551e1a20d80032af165c8cd3b6af503e2590397f24035f3,64,1024,0.0003486649946119469,-0.04512911617326054,0.0009877060642663686,0.000234727785212292,0.11460346827593351,0.17615797210930406,0.984375,0.007300578057765961,0.003165101295288396,19.61729782819748,9.438354094408453,0.06579059103260869,0.7082201086956522,0.42908199187565865,0.0,6198,57654,36554,36554,641422688256
10-planning-b2,planning / constraint satisfaction,S2_P50,DIRECT_FIXED_CONTEXT,DIRECT_FIXED_CONTEXT,high-cache,111986638848,ac262c34572a0ce9f551e1a20d80032af165c8cd3b6af503e2590397f24035f3,128,1024,-0.0016425992501030717,0.00025123437956153793,0.0012210480873431435,0.0002950185303145212,0.14994372779208318,0.18134336507875462,0.9921875,0.007303312420845032,0.003172507035052054,39.113839235156775,11.12969742814795,0.06543499490489131,0.7059273097826086,0.43305145205088286,0.0,12329,108376,80040,80040,1404483010560
10-planning-b2,planning / constraint satisfaction,S2_P50,DIRECT_FIXED_CONTEXT,DIRECT_FIXED_CONTEXT,high-cache,111986638848,ac262c34572a0ce9f551e1a20d80032af165c8cd3b6af503e2590397f24035f3,256,1024,-0.0008137106583989001,0.19571421181444393,0.0027691505974491893,0.000658077824317131,0.14285450394111665,0.18787164304039944,0.98046875,0.007303312420845032,0.0031700922261975323,78.92895624786615,27.731843117821825,0.06607188349184782,0.710343070652174,0.43411712355601284,0.0,24898,224819,152013,152013,2667412242432
10-planning-b2,planning / constraint satisfaction,S2_P50,DIRECT_FIXED_CONTEXT,DIRECT_FIXED_CONTEXT,high-cache,111986638848,ac262c34572a0ce9f551e1a20d80032af165c8cd3b6af503e2590397f24035f3,512,1024,-0.002128975135371587,0.021540213142053233,0.004434885282346922,0.0010379687270810247,0.1383015429896529,0.19314978710376393,0.98828125,0.007303565740585327,0.003171553705077045,157.8101692572236,12.353922236328593,0.06602146314538043,0.7109162703804348,0.43458495328302293,0.0,49758,446724,306940,306940,5385957212160
10-planning-b2,planning / constraint satisfaction,S2_P50,DIRECT_FIXED_CONTEXT,DIRECT_FIXED_CONTEXT,high-cache,111986638848,ac262c34572a0ce9f551e1a20d80032af165c8cd3b6af503e2590397f24035f3,1024,1024,0.007961477704162695,1.7197932677959216e-07,0.008933954062706684,0.0021516525914060396,0.13550478043556932,0.19463455399341634,0.978515625,0.007303565740585327,0.003155688902071852,315.29434527270496,8.701728369347293,0.06628484311311142,0.7109587296195652,0.43332806094542325,0.0,99913,881028,626300,626300,10989851443200
10-planning-b2,planning / constraint satisfaction,S2_P50,FREE_TRAJECTORY,FREE_TRAJECTORY,high-cache,111986638848,ac262c34572a0ce9f551e1a20d80032af165c8cd3b6af503e2590397f24035f3,16,1024,,,0.0009927390424868442,0.00024241322808734328,0.10073249379802497,0.16056826803949362,1.0,0.007292300462722778,0.00313270656971742,4.730386920273304,-0.42198220174759626,0.06411345108695653,0.6990489130434783,0.4172565607187522,0.0,1510,14125,9427,9427,165418057728
10-planning-b2,planning / constraint satisfaction,S2_P50,FREE_TRAJECTORY,FREE_TRAJECTORY,high-cache,111986638848,ac262c34572a0ce9f551e1a20d80032af165c8cd3b6af503e2590397f24035f3,32,1024,,,0.0007504946760175997,0.00018299850003063563,0.10581063075939769,0.16655448142689094,1.0,0.007292300462722778,0.003154093023969121,9.711452420800924,0.5480339268688112,0.06536599864130435,0.7055027173913043,0.4210332566157796,0.0,3079,29390,17714,17714,310832234496
10-planning-b2,planning / constraint satisfaction,S2_P50,FREE_TRAJECTORY,FREE_TRAJECTORY,high-cache,111986638848,ac262c34572a0ce9f551e1a20d80032af165c8cd3b6af503e2590397f24035f3,64,1024,,,3.6026564170736277,0.11929091341854042,0.2644185825381233,0.3107089481141162,0.8125,0.007300578057765961,0.0031436336796872833,19.45280520990491,5.706173749536276,0.06568444293478261,0.7102581521739131,0.4284328705364639,0.0,6188,57083,37125,37125,651442176000
10-planning-b2,planning / constraint satisfaction,S2_P50,FREE_TRAJECTORY,FREE_TRAJECTORY,high-cache,111986638848,ac262c34572a0ce9f551e1a20d80032af165c8cd3b6af503e2590397f24035f3,128,1024,,,12.844546951092198,0.39453554175894723,0.7980455651780671,0.6506193538268166,0.421875,0.007301583886146545,0.003153871848418414,38.97554830275476,8.047789789537376,0.06558890964673914,0.7080502717391305,0.43101394603718796,0.0,12358,107798,80618,80618,1414625329152
10-planning-b2,planning / constraint satisfaction,S2_P50,FREE_TRAJECTORY,FREE_TRAJECTORY,high-cache,111986638848,ac262c34572a0ce9f551e1a20d80032af165c8cd3b6af503e2590397f24035f3,256,1024,,,17.447660014426198,0.5406909010153473,1.562958201847397,0.8585249884325538,0.21484375,0.007303759455680847,0.0031407338840202803,78.90779810212553,3.592664001126579,0.06667162024456522,0.7162873641304348,0.4306920152269881,0.0,25124,224989,151843,151843,2664429207552
10-planning-b2,planning / constraint satisfaction,S2_P50,FREE_TRAJECTORY,FREE_TRAJECTORY,high-cache,111986638848,ac262c34572a0ce9f551e1a20d80032af165c8cd3b6af503e2590397f24035f3,512,1024,,,20.24725386771894,0.6082639143379595,1.5826417433233007,0.9850397519254361,0.119140625,0.007303759455680847,0.0031367791342317842,158.05602701567113,2.290790909219581,0.06685737941576086,0.7147163722826086,0.428405119122828,0.0,50388,439989,313675,313675,5504138035200
10-planning-b2,planning / constraint satisfaction,S2_P50,FREE_TRAJECTORY,FREE_TRAJECTORY,high-cache,111986638848,ac262c34572a0ce9f551e1a20d80032af165c8cd3b6af503e2590397f24035f3,1024,1024,,,21.688425014258804,0.6447935372402314,1.778714222071382,1.0467008505631088,0.0673828125,0.007303759455680847,0.003140251401110325,317.2250562887639,-19.617381663412647,0.06701859183933424,0.7162555197010869,0.4302906163376819,0.0,101019,886802,620526,620526,10888533540864
10-planning-b4,planning / constraint satisfaction,KNEE,DIRECT_FIXED_CONTEXT,DIRECT_FIXED_CONTEXT,high-cache,111986638848,03ac730477ca12adde81ca3d7825e7ee679a3bd0bfc3292b3c278163bd9efa25,16,512,0.011564439231600332,-4.252018506178956e-06,0.0023483489050229634,0.0006002647416768933,0.07765840973634702,0.1203742983204056,0.9375,0.003076225519180298,0.001377078000365234,0.9033631682395935,-0.30983138270676136,0.027853260869565216,0.44565217391304346,0.38083452900734427,0.0,656,12937,10615,10615,186264207360
10-planning-b4,planning / constraint satisfaction,KNEE,DIRECT_FIXED_CONTEXT,DIRECT_FIXED_CONTEXT,high-cache,111986638848,03ac730477ca12adde81ca3d7825e7ee679a3bd0bfc3292b3c278163bd9efa25,32,512,0.014262600599095676,-1.3645073444479294e-06,0.0017020685898553535,0.0004312905531166173,0.08071836091285042,0.126421159963142,0.9375,0.003078967332839966,0.0013267538650373442,1.7990782409906387,1.093913930872077,0.028787364130434784,0.46059782608695654,0.40149419912767126,0.0,1356,26665,20439,20439,358648528896
10-planning-b4,planning / constraint satisfaction,KNEE,DIRECT_FIXED_CONTEXT,DIRECT_FIXED_CONTEXT,high-cache,111986638848,03ac730477ca12adde81ca3d7825e7ee679a3bd0bfc3292b3c278163bd9efa25,64,512,0.005849918769425366,-5.569180672182483e-08,0.0012014725818765772,0.0003020659968864369,0.09609193156269043,0.1418367221912758,0.96875,0.003087356686592102,0.001336348039997743,3.6161577962338924,1.5708496140141506,0.028723675271739132,0.4595788043478261,0.4129389938133873,0.0,2706,50885,43323,43323,760200118272
10-planning-b4,planning / constraint satisfaction,KNEE,DIRECT_FIXED_CONTEXT,DIRECT_FIXED_CONTEXT,high-cache,111986638848,03ac730477ca12adde81ca3d7825e7ee679a3bd0bfc3292b3c278163bd9efa25,128,512,0.004202649996915581,0.011698410294641803,0.0007786621029917891,0.00019629750159045017,0.10951132146430889,0.15549415574310296,0.984375,0.003088325262069702,0.0013443178946943586,7.132950749248266,-5.311855380266934,0.028161090353260868,0.4505774456521739,0.4223906854773992,0.0,5306,97478,90938,90938,1595713093632
10-planning-b4,planning / constraint satisfaction,KNEE,DIRECT_FIXED_CONTEXT,DIRECT_FIXED_CONTEXT,high-cache,111986638848,03ac730477ca12adde81ca3d7825e7ee679a3bd0bfc3292b3c278163bd9efa25,256,512,0.011051458049600033,-0.02068261745581168,0.006637685226006198,0.0016320583390746083,0.10050332093661075,0.14548715304681287,0.9765625,0.003088325262069702,0.0013303644800157976,14.068604376167059,-18.091940046946547,0.02806290336277174,0.44900645380434784,0.41279033191728476,0.0,10575,204163,172669,172669,3029868527616
10-planning-b4,planning / constraint satisfaction,KNEE,DIRECT_FIXED_CONTEXT,DIRECT_FIXED_CONTEXT,high-cache,111986638848,03ac730477ca12adde81ca3d7825e7ee679a3bd0bfc3292b3c278163bd9efa25,512,512,0.01442806800913881,0.012633795123402791,0.012162302636263316,0.0029869119292268106,0.09263348236287011,0.1368294988342929,0.96484375,0.003088325262069702,0.0013058358830194611,27.950111240148544,-45.51419153619884,0.028399923573369564,0.454398777173913,0.40617520351094794,0.0,21404,411538,342126,342126,6003375243264
10-planning-b4,planning / constraint satisfaction,S2_P50,DIRECT_FIXED_CONTEXT,DIRECT_FIXED_CONTEXT,high-cache,111986638848,03ac730477ca12adde81ca3d7825e7ee679a3bd0bfc3292b3c278163bd9efa25,16,512,-0.0022878911965866777,-5.5622699228763395e-06,0.0050284697813579,0.0012943753787226847,0.09734585879473467,0.1571608530654704,0.9375,0.007298260927200317,0.003139975041525052,4.753922212868929,2.7816408877260983,0.06428328804347826,0.6949728260869565,0.41609981593663803,0.0,1514,13754,9798,9798,171928092672
10-planning-b4,planning / constraint satisfaction,S2_P50,DIRECT_FIXED_CONTEXT,DIRECT_FIXED_CONTEXT,high-cache,111986638848,03ac730477ca12adde81ca3d7825e7ee679a3bd0bfc3292b3c278163bd9efa25,32,512,-0.0010622812693582562,-3.730819944536279e-06,0.0028715650681488277,0.0007357439790942558,0.10054987956493114,0.1622669598884859,0.96875,0.007301419973373413,0.003036425008020833,9.491864575073123,4.582321069643513,0.06636379076086957,0.7058423913043478,0.4297364741571802,0.0,3126,28321,18783,18783,329590259712
10-planning-b4,planning / constraint satisfaction,S2_P50,DIRECT_FIXED_CONTEXT,DIRECT_FIXED_CONTEXT,high-cache,111986638848,03ac730477ca12adde81ca3d7825e7ee679a3bd0bfc3292b3c278163bd9efa25,64,512,-0.0005955014586535023,-7.39338368305198e-08,0.0016837239015410365,0.0004302883509759531,0.11503382455035424,0.1766340782453659,0.984375,0.007301419973373413,0.0030641067085466875,19.32225690409541,13.361592647226644,0.06693699048913043,0.7094089673913043,0.43516872661687317,0.0,6306,54357,39851,39851,699276017664
10-planning-b4,planning / constraint satisfaction,S2_P50,DIRECT_FIXED_CONTEXT,DIRECT_FIXED_CONTEXT,high-cache,111986638848,03ac730477ca12adde81ca3d7825e7ee679a3bd0bfc3292b3c278163bd9efa25,128,512,0.00200386144413478,0.03826722823411188,0.0010918970523798935,0.00027750788408420507,0.1280867286617118,0.1901322845205431,0.984375,0.007301419973373413,0.0031045978006281733,38.86025067046285,15.524151108991646,0.06643278702445653,0.7067764945652174,0.4333107386151144,0.0,12517,104680,83736,83736,1469337698304
10-planning-b4,planning / constraint satisfaction,S2_P50,DIRECT_FIXED_CONTEXT,DIRECT_FIXED_CONTEXT,high-cache,111986638848,03ac730477ca12adde81ca3d7825e7ee679a3bd0bfc3292b3c278163bd9efa25,256,512,0.00463410485025173,-0.027994819150308103,0.005702326505553177,0.001389437869849021,0.11665073945720915,0.17849994821354526,0.98046875,0.007302790880203247,0.003058303506601396,76.13952410034835,21.56934957427029,0.06606657608695653,0.699600883152174,0.42438377994997134,0.0,24896,218465,158367,158367,2778907557888
10-planning-b4,planning / constraint satisfaction,S2_P50,DIRECT_FIXED_CONTEXT,DIRECT_FIXED_CONTEXT,high-cache,111986638848,03ac730477ca12adde81ca3d7825e7ee679a3bd0bfc3292b3c278163bd9efa25,512,512,0.019635015494937562,0.004638686922987745,0.013908112181720035,0.0034163897900296118,0.11090326320501681,0.17134136303521816,0.962890625,0.007302790880203247,0.003009996166986542,151.42989716492593,52.2971539534026,0.06675255816915761,0.702530570652174,0.4222379539842963,0.0,50309,440100,313564,313564,5502190288896
11-instructions-b1,multi-step instruction following / structured response,KNEE,DIRECT_FIXED_CONTEXT,DIRECT_FIXED_CONTEXT,high-cache,111986638848,44f65ad94cca5eee7dec2f5c4d371536577a88466056330a8aa95826d6c69956,16,512,0.0005228972605042514,-4.196120642063761e-07,0.00021744986410550165,5.391680693809983e-05,0.09270415650411071,0.1470172530396485,1.0,0.003086775541305542,0.0013461608908638422,0.9517357498407364,3.386685040875477,0.030018682065217392,0.48029891304347827,0.43286689108960574,0.0,707,13332,10220,10220,179333038080
11-instructions-b1,multi-step instruction following / structured response,KNEE,DIRECT_FIXED_CONTEXT,DIRECT_FIXED_CONTEXT,high-cache,111986638848,44f65ad94cca5eee7dec2f5c4d371536577a88466056330a8aa95826d6c69956,32,512,-0.00013451739283953934,-6.210163682851544e-06,0.0003217885891742151,7.780460107869916e-05,0.11851312861197726,0.16846538166190897,1.0,0.003086775541305542,0.0013419337679472685,1.9297007583081722,3.425685710966377,0.030528192934782608,0.48845108695652173,0.44332354091663734,0.0,1438,27076,20028,20028,351436603392
11-instructions-b1,multi-step instruction following / structured response,KNEE,DIRECT_FIXED_CONTEXT,DIRECT_FIXED_CONTEXT,high-cache,111986638848,44f65ad94cca5eee7dec2f5c4d371536577a88466056330a8aa95826d6c69956,64,512,1.4356398348347454e-05,2.199033705352349e-06,0.00023036792504449628,5.63147881379869e-05,0.1134776223698914,0.16560117832246402,1.0,0.003088034689426422,0.0013585634495256135,3.8325074911117554,2.206942090205871,0.029944378396739132,0.4791100543478261,0.44756163870418414,0.0,2821,51415,42793,42793,750900068352
11-instructions-b1,multi-step instruction following / structured response,KNEE,DIRECT_FIXED_CONTEXT,DIRECT_FIXED_CONTEXT,high-cache,111986638848,44f65ad94cca5eee7dec2f5c4d371536577a88466056330a8aa95826d6c69956,128,512,0.002608965454078932,-0.010834805869095021,0.0006928469355185154,0.00017556120273582153,0.11499937079399111,0.16391172867579307,1.0,0.0030882060527801514,0.001360238761449631,7.6159768253564835,-1.5054852116314592,0.029716159986413044,0.4754585597826087,0.4504106144762659,0.0,5599,101263,87153,87153,1529296699392
11-instructions-b1,multi-step instruction following / structured response,KNEE,DIRECT_FIXED_CONTEXT,DIRECT_FIXED_CONTEXT,high-cache,111986638848,44f65ad94cca5eee7dec2f5c4d371536577a88466056330a8aa95826d6c69956,256,512,0.004302702659685867,0.29510050150352996,0.003879421972303931,0.000978240274872879,0.10999949749717708,0.1578651682721378,0.99609375,0.0030882060527801514,0.0013671201894016097,15.04105632379651,-13.819526364708828,0.029196034307065216,0.46713654891304346,0.44271866045015934,0.0,11002,199371,177461,177461,3113955016704
11-instructions-b1,multi-step instruction following / structured response,KNEE,DIRECT_FIXED_CONTEXT,DIRECT_FIXED_CONTEXT,high-cache,111986638848,44f65ad94cca5eee7dec2f5c4d371536577a88466056330a8aa95826d6c69956,512,512,0.011626674410287363,0.24766759331426158,0.007107620806952494,0.0017863769705680228,0.10376202123049047,0.15446886541526733,0.98046875,0.0030884668231010437,0.0013515838579993495,29.67132043465972,-44.06898071084088,0.029128364894701088,0.4660538383152174,0.4332856395493679,0.0,21953,384206,369458,369458,6482977062912
11-instructions-b1,multi-step instruction following / structured response,S2_P50,DIRECT_FIXED_CONTEXT,DIRECT_FIXED_CONTEXT,high-cache,111986638848,44f65ad94cca5eee7dec2f5c4d371536577a88466056330a8aa95826d6c69956,16,512,-0.0018753849488939434,-7.737763851878299e-07,0.0003709048149651112,9.015908169958452e-05,0.11635836053172946,0.1897736116894789,1.0,0.007285028696060181,0.003065688593708882,5.107437197118998,7.791798693800672,0.07073709239130435,0.7377717391304348,0.43271030016118134,0.0,1666,14178,9374,9374,164488052736
11-instructions-b1,multi-step instruction following / structured response,S2_P50,DIRECT_FIXED_CONTEXT,DIRECT_FIXED_CONTEXT,high-cache,111986638848,44f65ad94cca5eee7dec2f5c4d371536577a88466056330a8aa95826d6c69956,32,512,-0.00023027020094923412,-8.728589122597441e-07,0.0002960806704640471,7.311033354237792e-05,0.12258188535326905,0.19958543068661383,1.0,0.007285028696060181,0.0030838912198376967,10.593166340142488,13.360575736895413,0.07292374320652174,0.7578125,0.44568744740819094,0.0,3435,28745,18359,18359,322150219776
11-instructions-b1,multi-step instruction following / structured response,S2_P50,DIRECT_FIXED_CONTEXT,DIRECT_FIXED_CONTEXT,high-cache,111986638848,44f65ad94cca5eee7dec2f5c4d371536577a88466056330a8aa95826d6c69956,64,512,-0.0003628340807222963,3.272692097766594e-06,0.0002986914836235354,7.10251469523235e-05,0.12215103585665729,0.19761504400648225,1.0,0.007297351956367493,0.003091335749548612,20.67176215723157,19.618772925956677,0.07098123301630435,0.7476222826086957,0.44928015690533163,0.0,6687,54955,39253,39253,688782753792
11-instructions-b1,multi-step instruction following / structured response,S2_P50,DIRECT_FIXED_CONTEXT,DIRECT_FIXED_CONTEXT,high-cache,111986638848,44f65ad94cca5eee7dec2f5c4d371536577a88466056330a8aa95826d6c69956,128,512,0.0029070157907845617,-0.015604622908160337,0.0010038703826945766,0.0002518335773781575,0.15456711074660756,0.1963816202270796,0.9921875,0.0073034316301345825,0.0031475125670618713,41.42756040766835,30.299294711221876,0.06985606317934782,0.73828125,0.4477717704144276,0.0,13162,108502,79914,79914,1402272055296
11-instructions-b1,multi-step instruction following / structured response,S2_P50,DIRECT_FIXED_CONTEXT,DIRECT_FIXED_CONTEXT,high-cache,111986638848,44f65ad94cca5eee7dec2f5c4d371536577a88466056330a8aa95826d6c69956,256,512,0.008995074904019504,0.07081401351930694,0.003757447485707159,0.0009513355521497601,0.13502518003550487,0.1892961800163225,0.98828125,0.0073034316301345825,0.0031383231808550776,82.54417630285025,37.221120881548956,0.06979768172554347,0.733780570652174,0.44568428226543655,0.0,26302,214593,162239,162239,2846850564096
11-instructions-b1,multi-step instruction following / structured response,S2_P50,DIRECT_FIXED_CONTEXT,DIRECT_FIXED_CONTEXT,high-cache,111986638848,44f65ad94cca5eee7dec2f5c4d371536577a88466056330a8aa95826d6c69956,512,512,0.011989541746923384,0.4133173225416584,0.007365687977840461,0.001825184949671667,0.12571872061625694,0.18804255176951973,0.984375,0.007303684949874878,0.003122557309858837,164.8085748143494,36.86137726299222,0.07003120754076086,0.734757133152174,0.4426614335513448,0.0,52780,415402,338262,338262,5935572615168
12-compare-b1,analytical comparison / argumentation,KNEE,DIRECT_FIXED_CONTEXT,DIRECT_FIXED_CONTEXT,high-cache,111986638848,72dc37eb962a007c61438d9079849656a550c2fc45b1e35dc0caa55ea0f64c62,16,512,0.0019085691183287068,0.07335177319414399,0.0012040070774930241,0.0003017183443827367,0.07171821710711802,0.11012972832336909,0.9375,0.0030798912048339844,0.0012444626198697636,0.8151230160146952,-0.3079717578366399,0.027810801630434784,0.44497282608695654,0.38365528242631114,0.0,655,13827,9725,9725,170647142400
12-compare-b1,analytical comparison / argumentation,KNEE,DIRECT_FIXED_CONTEXT,DIRECT_FIXED_CONTEXT,high-cache,111986638848,72dc37eb962a007c61438d9079849656a550c2fc45b1e35dc0caa55ea0f64c62,32,512,0.0032748082055451544,-3.627990590615582e-05,0.000818666547828178,0.00020549651753802047,0.07474978973722374,0.11549610139958459,0.9375,0.0030798912048339844,0.0012556521092043367,1.6197912208735943,-1.3929009894518458,0.027386209239130436,0.438179347826087,0.3955600464762392,0.0,1290,25954,21150,21150,371124633600
12-compare-b1,analytical comparison / argumentation,KNEE,DIRECT_FIXED_CONTEXT,DIRECT_FIXED_CONTEXT,high-cache,111986638848,72dc37eb962a007c61438d9079849656a550c2fc45b1e35dc0caa55ea0f64c62,64,512,0.005809837228587467,-0.0002572243973872901,0.001349005451971114,0.00034263966461015955,0.08366370844902725,0.1267523109260152,0.96875,0.0030815601348876953,0.0012897233393046065,3.448720209300518,-6.879927613573045,0.028384001358695652,0.45414402173913043,0.409110559176994,0.0,2674,50920,43288,43288,759585964032
12-compare-b1,analytical comparison / argumentation,KNEE,DIRECT_FIXED_CONTEXT,DIRECT_FIXED_CONTEXT,high-cache,111986638848,72dc37eb962a007c61438d9079849656a550c2fc45b1e35dc0caa55ea0f64c62,128,512,0.0035127532920564974,0.086817789621211,0.002027258673406066,0.0005076145222955822,0.08781939604259757,0.13093373557628907,0.96875,0.0030875280499458313,0.0013056743079954405,6.850873094052076,-10.30672444917468,0.027847953464673912,0.4455672554347826,0.4044257272307206,0.0,5247,101286,87130,87130,1528893112320
12-compare-b1,analytical comparison / argumentation,KNEE,DIRECT_FIXED_CONTEXT,DIRECT_FIXED_CONTEXT,high-cache,111986638848,72dc37eb962a007c61438d9079849656a550c2fc45b1e35dc0caa55ea0f64c62,256,512,0.0024575713436235935,-0.2718006365926833,0.006393195889979632,0.0015483018521151221,0.08570505134133496,0.12825337978563697,0.97265625,0.0030882619321346283,0.0012972896193199541,14.002944150939584,-23.997382855998467,0.028644064198369564,0.458305027173913,0.4048622686891022,0.0,10794,208069,168763,168763,2961328914432
12-compare-b1,analytical comparison / argumentation,KNEE,DIRECT_FIXED_CONTEXT,DIRECT_FIXED_CONTEXT,high-cache,111986638848,72dc37eb962a007c61438d9079849656a550c2fc45b1e35dc0caa55ea0f64c62,512,512,0.0013164547453559869,-0.02434433178522255,0.012636987095439336,0.003020852180564467,0.10027727878982007,0.1377097313023462,0.974609375,0.0030882619321346283,0.0013006355053248085,28.662104630842805,-41.93738187942746,0.02923982039741848,0.4678371263586957,0.4067282222819051,0.0,22037,419138,334526,334526,5870016036864
12-compare-b1,analytical comparison / argumentation,S2_P50,DIRECT_FIXED_CONTEXT,DIRECT_FIXED_CONTEXT,high-cache,111986638848,72dc37eb962a007c61438d9079849656a550c2fc45b1e35dc0caa55ea0f64c62,16,512,0.021627801348094833,-0.015311545743500687,0.0030586762829480627,0.0007651411670973145,0.09555471075142805,0.1521155252428,0.9375,0.007302537560462952,0.0030165963106182168,4.56712681427598,-1.2869877512566745,0.06428328804347826,0.6875,0.39802007878879436,0.0,1514,14586,8966,8966,157328769024
12-compare-b1,analytical comparison / argumentation,S2_P50,DIRECT_FIXED_CONTEXT,DIRECT_FIXED_CONTEXT,high-cache,111986638848,72dc37eb962a007c61438d9079849656a550c2fc45b1e35dc0caa55ea0f64c62,32,512,0.011203625910142678,-2.9979181256578613e-05,0.0018046331727072976,0.00044913923705913934,0.0945293046186971,0.15145774939526507,0.9375,0.007302537560462952,0.0030367761773584636,9.283424774184823,-0.2550703726718595,0.06489894701086957,0.6915760869565217,0.41172490152763486,0.0,3057,27670,19434,19434,341013528576
12-compare-b1,analytical comparison / argumentation,S2_P50,DIRECT_FIXED_CONTEXT,DIRECT_FIXED_CONTEXT,high-cache,111986638848,72dc37eb962a007c61438d9079849656a550c2fc45b1e35dc0caa55ea0f64c62,64,512,0.006388244404115229,0.0012463226091874446,0.0017790126451359975,0.0004433894826966876,0.10453156611512512,0.16383915995505002,0.953125,0.007302820682525635,0.00303776803376497,19.201731741428375,8.517564181761582,0.06709621263586957,0.7088994565217391,0.42352751097676156,0.0,6321,54442,39766,39766,697784500224
12-compare-b1,analytical comparison / argumentation,S2_P50,DIRECT_FIXED_CONTEXT,DIRECT_FIXED_CONTEXT,high-cache,111986638848,72dc37eb962a007c61438d9079849656a550c2fc45b1e35dc0caa55ea0f64c62,128,512,-0.0024229653419287622,-0.10281642421543324,0.0022177421529244543,0.0005439111848193024,0.10839253089684113,0.16682469847304976,0.96875,0.007302820682525635,0.0030519990507739685,37.564004316926,20.544418691978745,0.06532353940217392,0.6951426630434783,0.4182332605802413,0.0,12308,108098,80318,80318,1409361149952
12-compare-b1,analytical comparison / argumentation,S2_P50,DIRECT_FIXED_CONTEXT,DIRECT_FIXED_CONTEXT,high-cache,111986638848,72dc37eb962a007c61438d9079849656a550c2fc45b1e35dc0caa55ea0f64c62,256,512,0.004015303490143354,-0.46062362616647334,0.007813068892406686,0.0018324794993700116,0.1056073391451986,0.1634314415609886,0.97265625,0.007302820682525635,0.002978567999639415,75.35181325487792,38.21708935114678,0.06713336447010869,0.7061396059782609,0.4181983913054106,0.0,25298,222520,154312,154312,2707753402368
12-compare-b1,analytical comparison / argumentation,S2_P50,DIRECT_FIXED_CONTEXT,DIRECT_FIXED_CONTEXT,high-cache,111986638848,72dc37eb962a007c61438d9079849656a550c2fc45b1e35dc0caa55ea0f64c62,512,512,0.004895980120090626,-0.029465803107768807,0.016886644500016847,0.004035727773798283,0.12495140098438363,0.17398156761184055,0.98046875,0.007302895188331604,0.0029594918720145694,152.1829910427332,96.17826027073399,0.06822934358016304,0.7133152173913043,0.4193865052550505,0.0,51422,448851,304813,304813,5348634181632
13-creative-b3,creative / language generation,KNEE,DIRECT_FIXED_CONTEXT,DIRECT_FIXED_CONTEXT,high-cache,111986638848,58cc8fa6b9ded0e27936211b20d06fcabe62f6285d895f25392bac9c19a63a0c,16,512,-0.006876111617678982,-3.50651340852437e-07,0.0015702803807923764,0.00037534885542226206,0.09050573414458407,0.1345865314594916,1.0,0.0030806586146354675,0.001327979520623907,0.8087395280599594,0.7245968603529036,0.025857676630434784,0.41372282608695654,0.395024034012101,0.0,609,13234,10318,10318,181052669952
13-creative-b3,creative / language generation,KNEE,DIRECT_FIXED_CONTEXT,DIRECT_FIXED_CONTEXT,high-cache,111986638848,58cc8fa6b9ded0e27936211b20d06fcabe62f6285d895f25392bac9c19a63a0c,32,512,-0.003784032934590731,6.617559414223706e-06,0.0010566034381010304,0.00025471847122757993,0.09285956951228479,0.13892983935124867,1.0,0.0030875802040100098,0.001323198195290469,1.6341497711837292,-2.058403929967483,0.02621858016304348,0.4194972826086957,0.39881636319829256,0.0,1235,26056,21048,21048,369334812672
13-creative-b3,creative / language generation,KNEE,DIRECT_FIXED_CONTEXT,DIRECT_FIXED_CONTEXT,high-cache,111986638848,58cc8fa6b9ded0e27936211b20d06fcabe62f6285d895f25392bac9c19a63a0c,64,512,-0.0026550293792568236,0.00907641610431753,0.0006977038336227933,0.00016899675044538775,0.10788896729546477,0.15373474215021093,1.0,0.003087759017944336,0.0013364519269936782,3.2582697980105877,-7.89580209949176,0.02587890625,0.4140625,0.40536253786203247,0.0,2438,49816,44392,44392,778958143488
13-creative-b3,creative / language generation,KNEE,DIRECT_FIXED_CONTEXT,DIRECT_FIXED_CONTEXT,high-cache,111986638848,58cc8fa6b9ded0e27936211b20d06fcabe62f6285d895f25392bac9c19a63a0c,128,512,-0.0017287283910592255,-0.0006265453464138204,0.0016702868709173452,0.0004136041175910539,0.1046457787319221,0.14845068458213012,0.9921875,0.0030883997678756714,0.001342494562105095,6.743350185453892,-5.6277158468923005,0.02665909476902174,0.42654551630434784,0.4079120662525897,0.0,5023,98286,90130,90130,1581534904320
13-creative-b3,creative / language generation,KNEE,DIRECT_FIXED_CONTEXT,DIRECT_FIXED_CONTEXT,high-cache,111986638848,58cc8fa6b9ded0e27936211b20d06fcabe62f6285d895f25392bac9c19a63a0c,256,512,0.01674387267159938,0.05590164372739892,0.01115383400885217,0.002736513799931116,0.10028201430510053,0.14294186440488166,0.97265625,0.0030883997678756714,0.0013292017155282847,13.628305189311504,-19.903630996957276,0.02720841117527174,0.43533457880434784,0.4016740416586959,0.0,10253,201807,175025,175025,3071209881600
13-creative-b3,creative / language generation,KNEE,DIRECT_FIXED_CONTEXT,DIRECT_FIXED_CONTEXT,high-cache,111986638848,58cc8fa6b9ded0e27936211b20d06fcabe62f6285d895f25392bac9c19a63a0c,512,512,0.012190324570864837,-0.22886320230753654,0.012484683125149604,0.0030786138968239883,0.09376277087769773,0.1374117945004543,0.9765625,0.0030883997678756714,0.001326603882610294,27.46733338944614,-49.429326537775836,0.027472454568614132,0.4395592730978261,0.3979517139484956,0.0,20705,405657,348007,348007,6106570702848
13-creative-b3,creative / language generation,S2_P50,DIRECT_FIXED_CONTEXT,DIRECT_FIXED_CONTEXT,high-cache,111986638848,58cc8fa6b9ded0e27936211b20d06fcabe62f6285d895f25392bac9c19a63a0c,16,512,-0.006255289618370297,-5.754671654756294e-07,0.0006418887534043404,0.00015798293239501854,0.11139001956335076,0.17213446528355403,1.0,0.007301986217498779,0.0031695455700779954,4.5641456209123135,2.187575850635767,0.06114130434782609,0.6684782608695652,0.4219902680481606,0.0,1440,13986,9566,9566,167857127424
13-creative-b3,creative / language generation,S2_P50,DIRECT_FIXED_CONTEXT,DIRECT_FIXED_CONTEXT,high-cache,111986638848,58cc8fa6b9ded0e27936211b20d06fcabe62f6285d895f25392bac9c19a63a0c,32,512,-0.003231129864618487,-1.4351652808386461e-05,0.0006985473823390741,0.00017083317352112735,0.11480347887472109,0.1805027373426796,1.0,0.007301986217498779,0.0031653613135157964,9.331485152244568,0.06441915411222254,0.06258491847826086,0.6830842391304348,0.421832671224488,0.0,2948,28129,18975,18975,332959334400
13-creative-b3,creative / language generation,S2_P50,DIRECT_FIXED_CONTEXT,DIRECT_FIXED_CONTEXT,high-cache,111986638848,58cc8fa6b9ded0e27936211b20d06fcabe62f6285d895f25392bac9c19a63a0c,64,512,-0.0015501302334954281,0.004609644284862213,0.00040263698311535784,9.88380378585658e-05,0.13217162405717198,0.19579394770290098,1.0,0.007301986217498779,0.0031847081565704485,18.926720574498177,5.708850723807359,0.06308381453804347,0.6893682065217391,0.4237036028634761,0.0,5943,53772,40436,40436,709541167104
13-creative-b3,creative / language generation,S2_P50,DIRECT_FIXED_CONTEXT,DIRECT_FIXED_CONTEXT,high-cache,111986638848,58cc8fa6b9ded0e27936211b20d06fcabe62f6285d895f25392bac9c19a63a0c,128,512,0.0029047755210264425,-0.0008533734041549224,0.002827872697269986,0.0007260680916649307,0.1353678068849194,0.1949975370554743,1.0,0.007301986217498779,0.0031351167875040132,37.549293763935566,16.591190534989096,0.06356678838315218,0.6880095108695652,0.4220704093041448,0.0,11977,105837,82579,82579,1449035513856
13-creative-b3,creative / language generation,S2_P50,DIRECT_FIXED_CONTEXT,DIRECT_FIXED_CONTEXT,high-cache,111986638848,58cc8fa6b9ded0e27936211b20d06fcabe62f6285d895f25392bac9c19a63a0c,256,512,0.013844851545955036,0.14835143206479628,0.011611325939186925,0.0028842675750778003,0.12460386185828887,0.1831990739399078,0.97265625,0.007301986217498779,0.0030765960451892903,74.66590942069888,1.6565512682969938,0.06440270465353261,0.6875424592391305,0.41523633157898443,0.0,24269,216259,160573,160573,2817616822272
13-creative-b3,creative / language generation,S2_P50,DIRECT_FIXED_CONTEXT,DIRECT_FIXED_CONTEXT,high-cache,111986638848,58cc8fa6b9ded0e27936211b20d06fcabe62f6285d895f25392bac9c19a63a0c,512,512,0.018949954949503425,-0.15209361467725557,0.0157872389355196,0.0038526122910711507,0.11560937094501673,0.17480503446167933,0.96875,0.007303420454263687,0.003050902497041823,148.84132922068238,9.88251199154513,0.06473176375679347,0.6858228600543478,0.411900139042926,0.0,48786,434807,318857,318857,5595067957248
14-qa-b2,conversational / direct QA,KNEE,DIRECT_FIXED_CONTEXT,DIRECT_FIXED_CONTEXT,high-cache,111986638848,100f0233fe819e3357f1708c465bb74048d6c3cf80c1f92f0fe6fb1d17e77e07,16,512,-0.0011744559653896758,-1.02042177019257e-06,0.0018990775858765327,0.000476719331683758,0.08044208897044022,0.11878646020629888,0.9375,0.0030856654047966003,0.0014556427948347484,0.9534460306167603,-1.319602487143129,0.027810801630434784,0.44497282608695654,0.4094758604029027,0.0,655,12670,10882,10882,190949326848
14-qa-b2,conversational / direct QA,KNEE,DIRECT_FIXED_CONTEXT,DIRECT_FIXED_CONTEXT,high-cache,111986638848,100f0233fe819e3357f1708c465bb74048d6c3cf80c1f92f0fe6fb1d17e77e07,32,512,-0.004780818494341754,-1.0050249663606792e-06,0.0015276817374293196,0.0003812030121632892,0.07508149494502821,0.1141061566946055,0.96875,0.0030856654047966003,0.0014001160460413644,1.8271514400839806,-1.4745219974468,0.027704653532608696,0.44327445652173914,0.41029352850235956,0.0,1305,25192,21912,21912,384495648768
14-qa-b2,conversational / direct QA,KNEE,DIRECT_FIXED_CONTEXT,DIRECT_FIXED_CONTEXT,high-cache,111986638848,100f0233fe819e3357f1708c465bb74048d6c3cf80c1f92f0fe6fb1d17e77e07,64,512,-0.002398744016210208,-9.238298943614609e-07,0.0009394522364934274,0.0002341552664248531,0.08522412621795183,0.12834577328726715,0.984375,0.0030856654047966003,0.001385371843966189,3.618591256439686,-4.319014006261796,0.027725883152173912,0.4436141304347826,0.4128394455277332,0.0,2612,47637,46571,46571,817193631744
14-qa-b2,conversational / direct QA,KNEE,DIRECT_FIXED_CONTEXT,DIRECT_FIXED_CONTEXT,high-cache,111986638848,100f0233fe819e3357f1708c465bb74048d6c3cf80c1f92f0fe6fb1d17e77e07,128,512,-0.0025680231935030495,-0.003910714868190723,0.0015148427856105145,0.0003756562181059528,0.08847495984461518,0.1362984920687329,0.984375,0.0030883848667144775,0.0013661615774873237,7.168249797075987,-11.906635970776051,0.027847953464673912,0.4455672554347826,0.4140237138517554,0.0,5247,97226,91190,91190,1600135004160
14-qa-b2,conversational / direct QA,KNEE,DIRECT_FIXED_CONTEXT,DIRECT_FIXED_CONTEXT,high-cache,111986638848,100f0233fe819e3357f1708c465bb74048d6c3cf80c1f92f0fe6fb1d17e77e07,256,512,0.003862140578925574,-2.4001636234061152e-08,0.004012480685696153,0.0009901281406943026,0.0824600879281561,0.1261444585437158,0.96875,0.0030883848667144775,0.0013376782294968834,14.22487029246986,-32.455601991281014,0.028219471807065216,0.45151154891304346,0.4057620613521734,0.0,10634,203590,173242,173242,3039923109888
14-qa-b2,conversational / direct QA,KNEE,DIRECT_FIXED_CONTEXT,DIRECT_FIXED_CONTEXT,high-cache,111986638848,100f0233fe819e3357f1708c465bb74048d6c3cf80c1f92f0fe6fb1d17e77e07,512,512,0.009104083756145583,-0.038934377205386284,0.006928595290505957,0.0017314402907247376,0.08177524799997404,0.12330265225083765,0.966796875,0.0030885636806488037,0.0012971159351298136,28.46910054422915,-53.82925465667381,0.029121730638586956,0.4659476902173913,0.4060031227057975,0.0,21948,422564,331100,331100,5809899110400
14-qa-b2,conversational / direct QA,S2_P50,DIRECT_FIXED_CONTEXT,DIRECT_FIXED_CONTEXT,high-cache,111986638848,100f0233fe819e3357f1708c465bb74048d6c3cf80c1f92f0fe6fb1d17e77e07,16,512,0.004280426186090036,-1.1585001796987626e-05,0.0031637312207017207,0.0007890711963116075,0.09783136879654825,0.15118771451740476,0.9375,0.007283546030521393,0.0030097160501116192,4.397195149213076,-2.0049820370040834,0.062032948369565216,0.6677989130434783,0.39494933629764356,0.0,1461,13471,10081,10081,176893968384
14-qa-b2,conversational / direct QA,S2_P50,DIRECT_FIXED_CONTEXT,DIRECT_FIXED_CONTEXT,high-cache,111986638848,100f0233fe819e3357f1708c465bb74048d6c3cf80c1f92f0fe6fb1d17e77e07,32,512,-0.00044684877266254475,3.6129258162986844e-07,0.0022607028541393624,0.0005618847491856501,0.09700957545613566,0.1521601023410577,0.96875,0.00729910284280777,0.003116092058151192,9.30776697769761,-1.193761226339575,0.06341287364130435,0.6817255434782609,0.4058047405825162,0.0,2987,26815,20289,20289,356016439296
14-qa-b2,conversational / direct QA,S2_P50,DIRECT_FIXED_CONTEXT,DIRECT_FIXED_CONTEXT,high-cache,111986638848,100f0233fe819e3357f1708c465bb74048d6c3cf80c1f92f0fe6fb1d17e77e07,64,512,-0.0009154844469307366,2.589673389508107e-06,0.0013565581684593247,0.00033688181891254886,0.10807843169040399,0.16771208497288032,0.984375,0.00729910284280777,0.0031360090501543997,19.076343052089214,7.078880857126478,0.06456988790760869,0.6941236413043478,0.41384675846807956,0.0,6083,51314,42894,42894,752672342016
14-qa-b2,conversational / direct QA,S2_P50,DIRECT_FIXED_CONTEXT,DIRECT_FIXED_CONTEXT,high-cache,111986638848,100f0233fe819e3357f1708c465bb74048d6c3cf80c1f92f0fe6fb1d17e77e07,128,512,0.00016288303682826522,-0.06021119048712009,0.0018937359568413394,0.0004656946899801831,0.11171082069129548,0.17484398752229185,0.984375,0.007303357124328613,0.003105117703638548,38.317152462899685,15.245250560259137,0.06549337635869565,0.7000679347826086,0.4202844797590924,0.0,12340,104615,83801,83801,1470478270464
14-qa-b2,conversational / direct QA,S2_P50,DIRECT_FIXED_CONTEXT,DIRECT_FIXED_CONTEXT,high-cache,111986638848,100f0233fe819e3357f1708c465bb74048d6c3cf80c1f92f0fe6fb1d17e77e07,256,512,0.003722079250816357,5.268621450227329e-08,0.009306703166326773,0.002138029239234893,0.10471966205678603,0.16359003532647595,0.98046875,0.007303357124328613,0.003033584876982452,75.67277475632727,16.572952593778496,0.06619660750679347,0.7018936820652174,0.41711149552144394,0.0,24945,218419,158413,158413,2779714732032
14-qa-b2,conversational / direct QA,S2_P50,DIRECT_FIXED_CONTEXT,DIRECT_FIXED_CONTEXT,high-cache,111986638848,100f0233fe819e3357f1708c465bb74048d6c3cf80c1f92f0fe6fb1d17e77e07,512,512,0.012243104791506518,-0.009296263289222395,0.012367857922909035,0.0030354328459002533,0.10903334475450621,0.16026580831067452,0.96875,0.007303357124328613,0.0029586535706847116,151.1043551620096,44.83909879094415,0.06776494565217392,0.7067128057065217,0.4173734384279049,0.0,51072,452471,301193,301193,5285113085952
15-spanish-b2,Spanish-language reasoning/explanation,KNEE,DIRECT_FIXED_CONTEXT,DIRECT_FIXED_CONTEXT,high-cache,111986638848,fa56c29d22b9458a8d61744c919f39021570620bfd02ea066576f7cd717a527d,16,512,-0.009945212813561533,-0.010145503423817814,0.0015951383581791461,0.0003924922332750774,0.08622310888605697,0.12778327361645053,0.9375,0.003086090087890625,0.001380939678899173,0.8810395151376724,-0.5499209850095212,0.027088994565217392,0.43342391304347827,0.4122968396875751,0.0,638,14685,8867,8867,155591589888
15-spanish-b2,Spanish-language reasoning/explanation,KNEE,DIRECT_FIXED_CONTEXT,DIRECT_FIXED_CONTEXT,high-cache,111986638848,fa56c29d22b9458a8d61744c919f39021570620bfd02ea066576f7cd717a527d,32,512,-0.005814888916534033,-3.0069599361581822e-06,0.0012227526175027916,0.0003004315880310586,0.09309168310790783,0.13670777380843158,0.96875,0.003087565302848816,0.0013572729257786264,1.7278084345161915,-1.853627813514322,0.02702530570652174,0.43240489130434784,0.413969959400402,0.0,1273,27347,19757,19757,346681294848
15-spanish-b2,Spanish-language reasoning/explanation,KNEE,DIRECT_FIXED_CONTEXT,DIRECT_FIXED_CONTEXT,high-cache,111986638848,fa56c29d22b9458a8d61744c919f39021570620bfd02ea066576f7cd717a527d,64,512,0.0012278393588056047,-0.0033909115325840844,0.001759099975957404,0.0003903132428562364,0.10042659622993068,0.1381249594297847,0.96875,0.003087565302848816,0.0013371777577468982,3.4766621701419353,-6.825533008235652,0.027598505434782608,0.44157608695652173,0.42129967263110857,0.0,2600,54678,39530,39530,693643345920
15-spanish-b2,Spanish-language reasoning/explanation,KNEE,DIRECT_FIXED_CONTEXT,DIRECT_FIXED_CONTEXT,high-cache,111986638848,fa56c29d22b9458a8d61744c919f39021570620bfd02ea066576f7cd717a527d,128,512,-0.0002547392818531835,-0.025661112402897146,0.0017600407107785615,0.0004130711692194803,0.09582677334833145,0.1367277534358925,0.9765625,0.003087565302848816,0.0013328380596402277,6.84945478849113,-9.038879974894371,0.027274753736413044,0.4363960597826087,0.4106290160398081,0.0,5139,105782,82634,82634,1450000613376
15-spanish-b2,Spanish-language reasoning/explanation,KNEE,DIRECT_FIXED_CONTEXT,DIRECT_FIXED_CONTEXT,high-cache,111986638848,fa56c29d22b9458a8d61744c919f39021570620bfd02ea066576f7cd717a527d,256,512,0.013039833950608343,-0.010120377071704212,0.00968373031229136,0.0023790211350777847,0.09301560775825594,0.13503819615641555,0.9609375,0.003087766468524933,0.0013030383267846753,13.980298208072782,-18.827661395556788,0.028471573539402172,0.45554517663043476,0.4089900587351114,0.0,10729,213270,163562,163562,2870065594368
15-spanish-b2,Spanish-language reasoning/explanation,KNEE,DIRECT_FIXED_CONTEXT,DIRECT_FIXED_CONTEXT,high-cache,111986638848,fa56c29d22b9458a8d61744c919f39021570620bfd02ea066576f7cd717a527d,512,512,0.007431001223807361,-0.0010319938586178523,0.011920455265351994,0.002909585609058826,0.09271956017672864,0.1364918653506499,0.966796875,0.00308835506439209,0.0012857844165433219,28.1008184235543,-47.15079548567559,0.028998333474864132,0.4639733355978261,0.4116120980286491,0.0,21855,432974,320690,320690,5627232092160
15-spanish-b2,Spanish-language reasoning/explanation,S2_P50,DIRECT_FIXED_CONTEXT,DIRECT_FIXED_CONTEXT,high-cache,111986638848,fa56c29d22b9458a8d61744c919f39021570620bfd02ea066576f7cd717a527d,16,512,-0.012624818483895739,-0.025663859891587038,0.0024505391549480976,0.0005997835127367276,0.11185182836242295,0.17279155266153284,0.9375,0.007296338677406311,0.0031897618937006145,4.535841412842274,3.1291638873517513,0.060377038043478264,0.6582880434782609,0.394294107952718,0.0,1422,15297,8255,8255,144852664320
15-spanish-b2,Spanish-language reasoning/explanation,S2_P50,DIRECT_FIXED_CONTEXT,DIRECT_FIXED_CONTEXT,high-cache,111986638848,fa56c29d22b9458a8d61744c919f39021570620bfd02ea066576f7cd717a527d,32,512,-0.009251418020101987,-4.983228329535905e-06,0.0017008979171600658,0.00041439591223606145,0.11874103460645508,0.17789120085156201,0.96875,0.007296338677406311,0.003135287586754915,9.173851478844881,2.483919439924648,0.06211786684782609,0.6711956521739131,0.4119038844314417,0.0,2926,28731,18373,18373,322395881472
15-spanish-b2,Spanish-language reasoning/explanation,S2_P50,DIRECT_FIXED_CONTEXT,DIRECT_FIXED_CONTEXT,high-cache,111986638848,fa56c29d22b9458a8d61744c919f39021570620bfd02ea066576f7cd717a527d,64,512,-0.0022845582498086103,-0.008253761710008689,0.0017120310853616456,0.0004165470638944228,0.1270238185118464,0.17883565178672223,0.96875,0.00730346143245697,0.003102433041856871,18.636315282434225,4.186666284942476,0.06376316236413043,0.690047554347826,0.42002109023804085,0.0,6007,57615,36593,36593,642107031552
15-spanish-b2,Spanish-language reasoning/explanation,S2_P50,DIRECT_FIXED_CONTEXT,DIRECT_FIXED_CONTEXT,high-cache,111986638848,fa56c29d22b9458a8d61744c919f39021570620bfd02ea066576f7cd717a527d,128,512,0.002209961022334145,0.060875266723410704,0.003683360407352982,0.0008812992170833693,0.15320674127150372,0.17727308913716044,0.96875,0.00730346143245697,0.0030912807622284627,37.29321111552417,21.4767908133108,0.06402853260869565,0.6897078804347826,0.4190957439175984,0.0,12064,112972,75444,75444,1323835785216
15-spanish-b2,Spanish-language reasoning/explanation,S2_P50,DIRECT_FIXED_CONTEXT,DIRECT_FIXED_CONTEXT,high-cache,111986638848,fa56c29d22b9458a8d61744c919f39021570620bfd02ea066576f7cd717a527d,256,512,0.0173102515480046,0.06706453116771627,0.016964412209546097,0.00390671104267893,0.13285321793727178,0.17429443700054154,0.94140625,0.00730346143245697,0.002993843903444316,75.06764203496277,25.702915713616676,0.06653893512228261,0.7025730298913043,0.4234853627700883,0.0,25074,228763,148069,148069,2598205833216
15-spanish-b2,Spanish-language reasoning/explanation,S2_P50,DIRECT_FIXED_CONTEXT,DIRECT_FIXED_CONTEXT,high-cache,111986638848,fa56c29d22b9458a8d61744c919f39021570620bfd02ea066576f7cd717a527d,512,512,0.016034963691665717,-0.0032617307792790484,0.017040256132813875,0.00403999433848347,0.12235472772779898,0.17383101513047367,0.951171875,0.00730346143245697,0.0029548916989673274,149.83369337953627,48.35791028270114,0.06728064495584239,0.7068826426630435,0.42246359080242696,0.0,50707,463740,289924,289924,5087372967936
16-multi-b2,multilingual / translation / cross-language transformation,KNEE,DIRECT_FIXED_CONTEXT,DIRECT_FIXED_CONTEXT,high-cache,111986638848,60f3c914f54dabd674480fcdad04a8197550bfcf1bbc8e433ab8a4853608c19d,16,512,0.003547096560961638,2.061706560141374e-06,0.0007411916406354524,0.00018505722835213245,0.06761923229688668,0.11039050049557192,1.0,0.0030864328145980835,0.0014080672130901896,0.9419969655573368,-0.040609932504594326,0.028405230978260868,0.4544836956521739,0.39722842758697585,0.0,669,13819,9733,9733,170787520512
16-multi-b2,multilingual / translation / cross-language transformation,KNEE,DIRECT_FIXED_CONTEXT,DIRECT_FIXED_CONTEXT,high-cache,111986638848,60f3c914f54dabd674480fcdad04a8197550bfcf1bbc8e433ab8a4853608c19d,32,512,0.00401313075940779,1.7085715544595814e-05,0.0009320750315680412,0.00023221400487661285,0.079286469718758,0.12332648777864719,1.0,0.0030880123376846313,0.0014132607225139657,1.81038698554039,-1.609485107474029,0.02719514266304348,0.4351222826086957,0.39792478396248454,0.0,1281,27023,20081,20081,352366608384
16-multi-b2,multilingual / translation / cross-language transformation,KNEE,DIRECT_FIXED_CONTEXT,DIRECT_FIXED_CONTEXT,high-cache,111986638848,60f3c914f54dabd674480fcdad04a8197550bfcf1bbc8e433ab8a4853608c19d,64,512,0.006147765787886339,-4.770435317880128e-07,0.0009004244112701373,0.00022555872181530934,0.08900147068760952,0.1308412924321944,0.984375,0.0030880123376846313,0.0014008129875026183,3.6309072636067867,2.515699584968388,0.02751358695652174,0.44021739130434784,0.4204057494588385,0.0,2592,52169,42039,42039,737669431296
16-multi-b2,multilingual / translation / cross-language transformation,KNEE,DIRECT_FIXED_CONTEXT,DIRECT_FIXED_CONTEXT,high-cache,111986638848,60f3c914f54dabd674480fcdad04a8197550bfcf1bbc8e433ab8a4853608c19d,128,512,0.0015667454790337931,-1.0561578278611705e-09,0.0019407302602703525,0.00046894371863462315,0.07935942776523545,0.12266107030763593,0.9921875,0.0030885040760040283,0.0013791589037686536,7.250238357111812,-3.5734015521011315,0.027901027513586956,0.4464164402173913,0.42678494459133326,0.0,5257,101436,86980,86980,1526261022720
16-multi-b2,multilingual / translation / cross-language transformation,KNEE,DIRECT_FIXED_CONTEXT,DIRECT_FIXED_CONTEXT,high-cache,111986638848,60f3c914f54dabd674480fcdad04a8197550bfcf1bbc8e433ab8a4853608c19d,256,512,0.0169566522753751,2.708896044367748e-06,0.008083024643830714,0.0019820212970239975,0.0778188009517059,0.12062577718676729,0.9765625,0.0030885040760040283,0.001363957352679791,14.343375520780683,-6.273513420426752,0.02790633491847826,0.44650135869565216,0.4258640783508729,0.0,10516,214068,162764,162764,2856062877696
16-multi-b2,multilingual / translation / cross-language transformation,KNEE,DIRECT_FIXED_CONTEXT,DIRECT_FIXED_CONTEXT,high-cache,111986638848,60f3c914f54dabd674480fcdad04a8197550bfcf1bbc8e433ab8a4853608c19d,512,512,0.010977421519304705,1.6669190472384798e-09,0.006561986534675344,0.001616468034046318,0.07244887181994197,0.11473470381870665,0.97265625,0.0030885040760040283,0.0013593619465481221,28.626803232356906,4.512649064177822,0.027942159901494564,0.447074558423913,0.4300545715408761,0.0,21059,425659,328005,328005,5755590328320
16-multi-b2,multilingual / translation / cross-language transformation,S2_P50,DIRECT_FIXED_CONTEXT,DIRECT_FIXED_CONTEXT,high-cache,111986638848,60f3c914f54dabd674480fcdad04a8197550bfcf1bbc8e433ab8a4853608c19d,16,512,-0.009249446121164295,2.8253056072458094e-06,0.0026288481346326492,0.0006240408989233867,0.08899215334771494,0.14784222772964853,0.9375,0.0073014795780181885,0.0030980245385335615,4.860800500959158,3.8534788037650287,0.06661854619565218,0.7105978260869565,0.4208852064827257,0.0,1569,14559,8993,8993,157802545152
16-multi-b2,multilingual / translation / cross-language transformation,S2_P50,DIRECT_FIXED_CONTEXT,DIRECT_FIXED_CONTEXT,high-cache,111986638848,60f3c914f54dabd674480fcdad04a8197550bfcf1bbc8e433ab8a4853608c19d,32,512,4.349801909109274e-05,1.4888731087125961e-05,0.0029037793649930527,0.0007119672966781662,0.10045447000819147,0.15964870195366043,0.96875,0.0073014795780181885,0.003105243565304425,9.352993618696928,8.745342616457492,0.06394361413043478,0.6919157608695652,0.4178593060830428,0.0,3012,28598,18506,18506,324729667584
16-multi-b2,multilingual / translation / cross-language transformation,S2_P50,DIRECT_FIXED_CONTEXT,DIRECT_FIXED_CONTEXT,high-cache,111986638848,60f3c914f54dabd674480fcdad04a8197550bfcf1bbc8e433ab8a4853608c19d,64,512,0.001421505803680223,-2.2353908946115553e-07,0.0027821587228636976,0.0006814469069776135,0.10407488930108538,0.163657150182857,0.96875,0.0073014795780181885,0.003166848162729894,19.241769436746836,21.30432132491842,0.06449558423913043,0.7000679347826086,0.4372597838499939,0.0,6076,55674,38534,38534,676166270976
16-multi-b2,multilingual / translation / cross-language transformation,S2_P50,DIRECT_FIXED_CONTEXT,DIRECT_FIXED_CONTEXT,high-cache,111986638848,60f3c914f54dabd674480fcdad04a8197550bfcf1bbc8e433ab8a4853608c19d,128,512,-0.002609265071205291,-2.747234617572758e-08,0.003061571729920055,0.0007472256332450403,0.09857323324060605,0.159042757235063,0.984375,0.0073014795780181885,0.003184210254989489,39.40460190549493,26.35089685287542,0.06567913552989131,0.7111073369565217,0.44234040437383754,0.0,12375,108888,79528,79528,1395498811392
16-multi-b2,multilingual / translation / cross-language transformation,S2_P50,DIRECT_FIXED_CONTEXT,DIRECT_FIXED_CONTEXT,high-cache,111986638848,60f3c914f54dabd674480fcdad04a8197550bfcf1bbc8e433ab8a4853608c19d,256,512,0.008178146541519452,4.336249020298055e-06,0.00621603677469817,0.0015058231549733027,0.09664328365988098,0.1568171819827368,0.98046875,0.007303394377231598,0.003155600124075615,78.77640149742365,59.430174511011984,0.06624702785326086,0.7126783288043478,0.43890061553722387,0.0,24964,229595,147237,147237,2583606509568
16-multi-b2,multilingual / translation / cross-language transformation,S2_P50,DIRECT_FIXED_CONTEXT,DIRECT_FIXED_CONTEXT,high-cache,111986638848,60f3c914f54dabd674480fcdad04a8197550bfcf1bbc8e433ab8a4853608c19d,512,512,0.007571403265166116,6.753190007202647e-09,0.005677078007367091,0.0013954604977921335,0.09178017034792847,0.1517354244816464,0.970703125,0.00730365514755249,0.003144994837370744,157.68689615093172,134.4444916625712,0.06652699346127718,0.7153957201086957,0.44007941751487145,0.0,50139,456269,297395,297395,5218468577280
issue102-sentinel,sentinel,KNEE,CAPACITY_FIXED_CONTEXT,CAPACITY_FIXED_CONTEXT,96-gib-bridge,103072628736,045289a0241fc9e5de71a7620fa6b42cf8264a7223d026dc03d52cf5c2b6f6e5,16,512,0.010216090032531211,-2.9418681251058842e-06,0.0010135179420125442,0.00025648523488405685,0.07513614409059774,0.11312452849566686,0.9375,0.003085985779762268,0.0013423407889948868,0.8644674681127071,-1.3582534254528582,0.02734375,0.4375,0.3991829587177102,0.0,644,13959,9593,9593,168330903552
issue102-sentinel,sentinel,KNEE,CAPACITY_FIXED_CONTEXT,CAPACITY_FIXED_CONTEXT,96-gib-bridge,103072628736,045289a0241fc9e5de71a7620fa6b42cf8264a7223d026dc03d52cf5c2b6f6e5,32,512,0.0012436570547933457,-0.004991966327875019,0.0011417798145074386,0.0002842603349255945,0.0723383557098363,0.11145221803088876,0.96875,0.0030881762504577637,0.0013439792715515119,1.7350772395730019,-4.320754121057689,0.027407438858695652,0.43851902173913043,0.39651725690715395,0.0,1291,26601,20503,20503,359771553792
issue102-sentinel,sentinel,KNEE,CAPACITY_FIXED_CONTEXT,CAPACITY_FIXED_CONTEXT,96-gib-bridge,103072628736,045289a0241fc9e5de71a7620fa6b42cf8264a7223d026dc03d52cf5c2b6f6e5,64,512,-0.00022263604217714894,-0.13639254656531818,0.002565209446481628,0.0006420391632854265,0.07281873599814542,0.11266664208299315,0.96875,0.0030881762504577637,0.0012893726827213454,3.3317390121519566,-9.503165327827446,0.027428668478260868,0.4388586956521739,0.3923107952593358,0.0,2584,53378,40830,40830,716454789120
issue102-sentinel,sentinel,KNEE,CAPACITY_FIXED_CONTEXT,CAPACITY_FIXED_CONTEXT,96-gib-bridge,103072628736,045289a0241fc9e5de71a7620fa6b42cf8264a7223d026dc03d52cf5c2b6f6e5,128,512,0.00931132489160616,9.664871285508525e-06,0.005380398787373508,0.0013235723047054487,0.07201402816787697,0.1125494148772828,0.96875,0.0030881762504577637,0.001291763140495038,6.8644293285906315,-17.897291828634025,0.028203549592391304,0.45125679347826086,0.39382966247577617,0.0,5314,108056,80360,80360,1410098135040
issue102-sentinel,sentinel,KNEE,CAPACITY_FIXED_CONTEXT,CAPACITY_FIXED_CONTEXT,96-gib-bridge,103072628736,045289a0241fc9e5de71a7620fa6b42cf8264a7223d026dc03d52cf5c2b6f6e5,256,512,0.008919647281919477,-0.08531805982251583,0.005759577160429305,0.001421843028856701,0.07344905251177272,0.11367990210717951,0.9765625,0.0030881762504577637,0.0012959821965051463,14.143053710460663,-40.85598889257544,0.028959854789402172,0.46335767663043476,0.3954990065775429,0.0,10913,212755,164077,164077,2879102435328
issue102-sentinel,sentinel,KNEE,CAPACITY_FIXED_CONTEXT,CAPACITY_FIXED_CONTEXT,96-gib-bridge,103072628736,045289a0241fc9e5de71a7620fa6b42cf8264a7223d026dc03d52cf5c2b6f6e5,512,512,0.011386340151483772,0.02631657820621669,0.008910741864397446,0.002201008337496123,0.08620348420626141,0.11873459850729128,0.966796875,0.003088533878326416,0.0012904512150040922,28.32153281569481,-54.491769030068966,0.029120403787364132,0.4659264605978261,0.39524208104607456,0.0,21947,415673,337991,337991,5930817306624
issue102-sentinel,sentinel,KNEE,DIRECT_FIXED_CONTEXT,DIRECT_FIXED_CONTEXT,high-cache,111986638848,045289a0241fc9e5de71a7620fa6b42cf8264a7223d026dc03d52cf5c2b6f6e5,16,1024,-3.7834870949327026e-05,-9.734680944006868e-06,0.0016348569871870357,0.0004104043513811666,0.0723446702393511,0.10972358005202232,0.9375,0.0030841678380966187,0.0012650856451114263,0.8248358406126499,-0.5911548617295921,0.02768342391304348,0.4429347826086957,0.3948289821264026,0.0,652,14251,9301,9301,163207102464
issue102-sentinel,sentinel,KNEE,DIRECT_FIXED_CONTEXT,DIRECT_FIXED_CONTEXT,high-cache,111986638848,045289a0241fc9e5de71a7620fa6b42cf8264a7223d026dc03d52cf5c2b6f6e5,32,1024,-0.0011765973771928895,-0.002781838768129319,0.001386313482121615,0.000346051097070305,0.07143068949053905,0.11022236156798221,0.96875,0.0030841678380966187,0.0012998067004890213,1.7300427183508873,-1.587316497694701,0.028256623641304348,0.45210597826086957,0.39737405845768214,0.0,1331,27040,20064,20064,352068304896
issue102-sentinel,sentinel,KNEE,DIRECT_FIXED_CONTEXT,DIRECT_FIXED_CONTEXT,high-cache,111986638848,045289a0241fc9e5de71a7620fa6b42cf8264a7223d026dc03d52cf5c2b6f6e5,64,1024,-0.005436506915903971,-0.13857541441769428,0.002124465659108313,0.0005356978672632605,0.07336726918657636,0.11328627129848076,0.984375,0.0030878670513629913,0.0012976963627132953,3.463551592081785,-2.619420298433397,0.028330927309782608,0.45329483695652173,0.3938206917623215,0.0,2669,54611,39597,39597,694819012608
issue102-sentinel,sentinel,KNEE,DIRECT_FIXED_CONTEXT,DIRECT_FIXED_CONTEXT,high-cache,111986638848,045289a0241fc9e5de71a7620fa6b42cf8264a7223d026dc03d52cf5c2b6f6e5,128,1024,0.011555602069588417,9.869977137810793e-06,0.006140937520167338,0.0014965958573766361,0.07340897034520222,0.11380821444782585,0.96875,0.0030878670513629913,0.0013028893580013749,7.079900771379471,-14.597443204667627,0.028840438179347828,0.46144701086956524,0.39041054658093993,0.0,5434,110339,78077,78077,1370037731328
issue102-sentinel,sentinel,KNEE,DIRECT_FIXED_CONTEXT,DIRECT_FIXED_CONTEXT,high-cache,111986638848,045289a0241fc9e5de71a7620fa6b42cf8264a7223d026dc03d52cf5c2b6f6e5,256,1024,0.008066862275095218,-0.1098506848777312,0.006546819009568029,0.0015995340472398927,0.07312159069952788,0.11345727786734773,0.9765625,0.003087952733039856,0.0012972513518250423,14.363166967406869,-32.457543820342664,0.029381793478260868,0.4701086956521739,0.3948191843742978,0.0,11072,217547,159285,159285,2795015946240
issue102-sentinel,sentinel,KNEE,DIRECT_FIXED_CONTEXT,DIRECT_FIXED_CONTEXT,high-cache,111986638848,045289a0241fc9e5de71a7620fa6b42cf8264a7223d026dc03d52cf5c2b6f6e5,512,1024,0.010322405128893257,-0.06458537965897193,0.0109600868235522,0.002692701042912405,0.08695443989435839,0.11946039845605255,0.966796875,0.00308854877948761,0.0012882356993238232,28.880956143140793,-62.40570450680764,0.029746677564538044,0.4759468410326087,0.39726912566864764,0.0,22419,426033,327631,327631,5749027651584
issue102-sentinel,sentinel,KNEE,DIRECT_FIXED_CONTEXT,DIRECT_FIXED_CONTEXT,high-cache,111986638848,045289a0241fc9e5de71a7620fa6b42cf8264a7223d026dc03d52cf5c2b6f6e5,1024,1024,0.017405624139186376,0.0003105302734169868,0.012700421444411882,0.003109717544387605,0.09161502290965588,0.1221608460783031,0.955078125,0.0030885785818099976,0.0012787730963090026,57.92714248970151,-111.32710057871743,0.030052516771399456,0.4808402683423913,0.4002013726185402,0.0,45299,847399,659929,659929,11579948384256
issue102-sentinel,sentinel,KNEE,FREE_TRAJECTORY,FREE_TRAJECTORY,high-cache,111986638848,045289a0241fc9e5de71a7620fa6b42cf8264a7223d026dc03d52cf5c2b6f6e5,16,1024,,,12.709577379182456,0.432625249244275,0.6807513541649314,0.7071422177920064,0.3125,0.003088090568780899,0.0012618317849096194,0.8302853144705296,-1.2682304778136313,0.027938179347826088,0.4470108695652174,0.38178286412750473,0.0,658,14940,8612,8612,151117037568
issue102-sentinel,sentinel,KNEE,FREE_TRAJECTORY,FREE_TRAJECTORY,high-cache,111986638848,045289a0241fc9e5de71a7620fa6b42cf8264a7223d026dc03d52cf5c2b6f6e5,32,1024,,,17.38158981624957,0.5628449235560189,0.8915415187294735,0.8949638556230757,0.15625,0.003088090568780899,0.0012738455204165907,1.6598207131028175,-2.663072828669101,0.02766219429347826,0.44259510869565216,0.3968801914378994,0.0,1303,27316,19788,19788,347225260032
issue102-sentinel,sentinel,KNEE,FREE_TRAJECTORY,FREE_TRAJECTORY,high-cache,111986638848,045289a0241fc9e5de71a7620fa6b42cf8264a7223d026dc03d52cf5c2b6f6e5,64,1024,,,20.802019484651403,0.6276916406556704,1.3696825817838723,0.9892348753738822,0.078125,0.003088090568780899,0.0012730338404777402,3.327710459008813,-4.387882397590147,0.027747112771739132,0.4439538043478261,0.3850529518475332,0.0,2614,55704,38504,38504,675639853056
issue102-sentinel,sentinel,KNEE,FREE_TRAJECTORY,FREE_TRAJECTORY,high-cache,111986638848,045289a0241fc9e5de71a7620fa6b42cf8264a7223d026dc03d52cf5c2b6f6e5,128,1024,,,22.178657144796965,0.6418623616684899,1.451212441777621,1.035613773947545,0.0625,0.003088090568780899,0.001281567667707382,6.930717946961522,-9.681620155493533,0.028702445652173912,0.4592391304347826,0.39189248956128914,0.0,5408,111458,76958,76958,1350402342912
issue102-sentinel,sentinel,KNEE,FREE_TRAJECTORY,FREE_TRAJECTORY,high-cache,111986638848,045289a0241fc9e5de71a7620fa6b42cf8264a7223d026dc03d52cf5c2b6f6e5,256,1024,,,23.957449138081515,0.6580553965870928,1.5374869570862146,1.0598050632477833,0.046875,0.003088090568780899,0.001266982498894954,14.003957560285926,-35.430500918890345,0.02933137313179348,0.4693019701086957,0.3921805312418244,0.0,11053,218565,158267,158267,2777152831488
issue102-sentinel,sentinel,KNEE,FREE_TRAJECTORY,FREE_TRAJECTORY,high-cache,111986638848,045289a0241fc9e5de71a7620fa6b42cf8264a7223d026dc03d52cf5c2b6f6e5,512,1024,,,24.60714700642051,0.673089946537647,1.4639682721941578,1.0806054564187955,0.025390625,0.003088090568780899,0.0012647627338735214,28.414159579202533,-51.609159135122326,0.029809039572010868,0.4769446331521739,0.3993764024979537,0.0,22466,430034,323630,323630,5678821048320
issue102-sentinel,sentinel,KNEE,FREE_TRAJECTORY,FREE_TRAJECTORY,high-cache,111986638848,045289a0241fc9e5de71a7620fa6b42cf8264a7223d026dc03d52cf5c2b6f6e5,1024,1024,,,24.326591426097508,0.6773520865998895,1.47875947798731,1.0853776235102808,0.0205078125,0.0030883848667144775,0.0012730869123991487,57.426404444500804,-102.85327605789291,0.029925802479619564,0.478812839673913,0.40038387532618763,0.0,45108,859325,648003,648003,11370679713792
issue102-sentinel,sentinel,S2_P50,CAPACITY_FIXED_CONTEXT,CAPACITY_FIXED_CONTEXT,96-gib-bridge,103072628736,045289a0241fc9e5de71a7620fa6b42cf8264a7223d026dc03d52cf5c2b6f6e5,16,512,-0.010233835195171181,2.365035861373599e-06,0.0018277913068163517,0.0004591844269998832,0.09503411031611522,0.15060763586742087,0.9375,0.007297515869140625,0.0029926213842741203,4.5068878047168255,3.3615124942734838,0.06394361413043478,0.673233695652174,0.40163716567432867,0.0,1506,14707,8845,8845,155205550080
issue102-sentinel,sentinel,S2_P50,CAPACITY_FIXED_CONTEXT,CAPACITY_FIXED_CONTEXT,96-gib-bridge,103072628736,045289a0241fc9e5de71a7620fa6b42cf8264a7223d026dc03d52cf5c2b6f6e5,32,512,-0.006593893029562481,-0.003830280810468878,0.0015756273939401464,0.00038973477102090384,0.09135424905184292,0.14619731316010676,0.96875,0.007301196455955505,0.0029458275345378734,8.781511880457401,4.621538363862783,0.06328549592391304,0.6708559782608695,0.4072890841695107,0.0,2981,28078,19026,19026,333854244864
issue102-sentinel,sentinel,S2_P50,CAPACITY_FIXED_CONTEXT,CAPACITY_FIXED_CONTEXT,96-gib-bridge,103072628736,045289a0241fc9e5de71a7620fa6b42cf8264a7223d026dc03d52cf5c2b6f6e5,64,512,-0.0032041729381577233,-0.12033720379081814,0.0029120013394359403,0.000727899563552332,0.0921960097054687,0.14809654635062283,0.984375,0.007301196455955505,0.0029070837348176546,17.393081985414028,8.765463758143596,0.06350840692934782,0.6700067934782609,0.4054790191431207,0.0,5983,56578,37630,37630,660303544320
issue102-sentinel,sentinel,S2_P50,CAPACITY_FIXED_CONTEXT,CAPACITY_FIXED_CONTEXT,96-gib-bridge,103072628736,045289a0241fc9e5de71a7620fa6b42cf8264a7223d026dc03d52cf5c2b6f6e5,128,512,0.008924794164724997,7.2138270965638185e-06,0.005848742437832281,0.0014496065846574535,0.09304181266889425,0.14786535570847534,0.9765625,0.007301196455955505,0.0028883789785349944,34.911836713552475,5.322648630833257,0.06415060292119565,0.6728940217391305,0.4058220078286444,0.0,12087,114320,74096,74096,1300182073344
issue102-sentinel,sentinel,S2_P50,CAPACITY_FIXED_CONTEXT,CAPACITY_FIXED_CONTEXT,96-gib-bridge,103072628736,045289a0241fc9e5de71a7620fa6b42cf8264a7223d026dc03d52cf5c2b6f6e5,256,512,0.004216801216609764,-0.28596299325841557,0.009010043057089695,0.002198106415360331,0.09315911330715518,0.14841978247074072,0.98046875,0.007303275167942047,0.0029043709343174713,72.40306302160025,10.228778833658154,0.06615414826766304,0.6895805027173914,0.409192843460413,0.0,24929,226516,150316,150316,2637634535424
issue102-sentinel,sentinel,S2_P50,CAPACITY_FIXED_CONTEXT,CAPACITY_FIXED_CONTEXT,96-gib-bridge,103072628736,045289a0241fc9e5de71a7620fa6b42cf8264a7223d026dc03d52cf5c2b6f6e5,512,512,0.010569269687606395,9.573200734536158e-05,0.01685313070477022,0.004114094378658339,0.10832336875765808,0.1554448916804344,0.978515625,0.007303580641746521,0.0029078828226557444,146.93531902879477,27.102384132769615,0.06704579228940218,0.6960130774456522,0.4110424614185444,0.0,50530,444636,309028,309028,5422595899392
issue102-sentinel,sentinel,S2_P50,DIRECT_FIXED_CONTEXT,DIRECT_FIXED_CONTEXT,high-cache,111986638848,045289a0241fc9e5de71a7620fa6b42cf8264a7223d026dc03d52cf5c2b6f6e5,16,1024,0.0005283966777294147,2.9799166512134434e-07,0.0013358534424575616,0.0003342797778819578,0.0959177971863304,0.15142371663038814,0.9375,0.0073004961013793945,0.002911256136877231,4.288280289620161,2.3939171652309597,0.06254245923913043,0.6637228260869565,0.4049969462294759,0.0,1473,15005,8547,8547,149976465408
issue102-sentinel,sentinel,S2_P50,DIRECT_FIXED_CONTEXT,DIRECT_FIXED_CONTEXT,high-cache,111986638848,045289a0241fc9e5de71a7620fa6b42cf8264a7223d026dc03d52cf5c2b6f6e5,32,1024,-0.005877513896675901,-0.0070123583057117855,0.0020692418671506927,0.0005032892878470035,0.09301066191001302,0.14928654894448143,0.96875,0.007300764322280884,0.002907210674853136,8.72453923523426,1.8538716956973076,0.06371008831521739,0.6762907608695652,0.41071804157157055,0.0,3001,28577,18527,18527,325098160128
issue102-sentinel,sentinel,S2_P50,DIRECT_FIXED_CONTEXT,DIRECT_FIXED_CONTEXT,high-cache,111986638848,045289a0241fc9e5de71a7620fa6b42cf8264a7223d026dc03d52cf5c2b6f6e5,64,1024,-0.002063245235296385,-0.09017635129033508,0.004069574350741073,0.0010146808595619405,0.09290646955716382,0.1497521863057441,0.984375,0.007300764322280884,0.00288628247290338,17.314808554947376,3.2701031583128497,0.06367824388586957,0.6722146739130435,0.4065996001341794,0.0,5999,57919,36289,36289,636772663296
issue102-sentinel,sentinel,S2_P50,DIRECT_FIXED_CONTEXT,DIRECT_FIXED_CONTEXT,high-cache,111986638848,045289a0241fc9e5de71a7620fa6b42cf8264a7223d026dc03d52cf5c2b6f6e5,128,1024,0.009438979523288482,1.4301592852206113e-05,0.006173424809373053,0.0015276753090194058,0.08997532992159951,0.1463089377618539,0.96875,0.007303580641746521,0.0028642090140987985,34.785818476229906,-7.673392867644864,0.06445843240489131,0.6733186141304348,0.40744791039418493,0.0,12145,116987,71429,71429,1253383520256
issue102-sentinel,sentinel,S2_P50,DIRECT_FIXED_CONTEXT,DIRECT_FIXED_CONTEXT,high-cache,111986638848,045289a0241fc9e5de71a7620fa6b42cf8264a7223d026dc03d52cf5c2b6f6e5,256,1024,0.012363028490533445,-0.07132774172416134,0.00961936525991288,0.002380539085522746,0.09102782945127227,0.1473315383136799,0.97265625,0.007303580641746521,0.002875362832549842,72.21186217665672,-4.984921059409004,0.06664508322010869,0.6898777173913043,0.40899216202475225,0.0,25114,231607,145225,145225,2548301414400
issue102-sentinel,sentinel,S2_P50,DIRECT_FIXED_CONTEXT,DIRECT_FIXED_CONTEXT,high-cache,111986638848,045289a0241fc9e5de71a7620fa6b42cf8264a7223d026dc03d52cf5c2b6f6e5,512,1024,0.01114066263297557,-0.027003747567256653,0.015547175182383351,0.003730023861203848,0.11834540937924516,0.15486487637766716,0.966796875,0.007303580641746521,0.002887264440035728,147.90589546971023,6.132741580058905,0.06797060759171196,0.70166015625,0.41272209633837625,0.0,51227,456071,297593,297593,5221942935552
issue102-sentinel,sentinel,S2_P50,DIRECT_FIXED_CONTEXT,DIRECT_FIXED_CONTEXT,high-cache,111986638848,045289a0241fc9e5de71a7620fa6b42cf8264a7223d026dc03d52cf5c2b6f6e5,1024,1024,0.024103789734307206,-0.0029218656317020475,0.0182878232041242,0.004486417599092025,0.11765024904823138,0.15846309068124603,0.9521484375,0.007303677499294281,0.0028890438512383077,300.01275873184204,50.35549108090394,0.0688934326171875,0.7094514266304348,0.41610927976705947,0.0,103845,906213,601115,601115,10547923599360
issue102-sentinel,sentinel,S2_P50,FREE_TRAJECTORY,FREE_TRAJECTORY,high-cache,111986638848,045289a0241fc9e5de71a7620fa6b42cf8264a7223d026dc03d52cf5c2b6f6e5,16,1024,,,12.650312443896677,0.43250073146912255,0.6886519049067479,0.7219099564927659,0.3125,0.007302701473236084,0.002906404002289542,4.397389255464077,-2.3324922416359186,0.06424082880434782,0.6759510869565217,0.39888674822314657,0.0,1513,15772,7780,7780,136517713920
issue102-sentinel,sentinel,S2_P50,FREE_TRAJECTORY,FREE_TRAJECTORY,high-cache,111986638848,045289a0241fc9e5de71a7620fa6b42cf8264a7223d026dc03d52cf5c2b6f6e5,32,1024,,,17.275025954943917,0.5627761532652295,0.8952492499968686,0.902695963814996,0.15625,0.007302701473236084,0.0029188977750146416,8.695396471768618,-3.4809496477246284,0.06324303668478261,0.6681385869565217,0.4104822489608796,0.0,2979,28958,18146,18146,318412652544
issue102-sentinel,sentinel,S2_P50,FREE_TRAJECTORY,FREE_TRAJECTORY,high-cache,111986638848,045289a0241fc9e5de71a7620fa6b42cf8264a7223d026dc03d52cf5c2b6f6e5,64,1024,,,20.753353454201058,0.6277045663167901,1.3717061036220048,0.9933062641702363,0.078125,0.007302701473236084,0.002916095873151354,17.53156838938594,0.9598353150699808,0.06381623641304347,0.6689877717391305,0.40849461781083424,0.0,6012,59078,35130,35130,616435384320
issue102-sentinel,sentinel,S2_P50,FREE_TRAJECTORY,FREE_TRAJECTORY,high-cache,111986638848,045289a0241fc9e5de71a7620fa6b42cf8264a7223d026dc03d52cf5c2b6f6e5,128,1024,,,22.639422793359373,0.6550202452764307,1.2901677247871592,1.03682736104968,0.046875,0.007302701473236084,0.002952966740929704,36.37169134803116,13.63699083128482,0.06537130604619565,0.6842730978260869,0.40835116176244535,0.0,12317,117943,70473,70473,1236608335872
issue102-sentinel,sentinel,S2_P50,FREE_TRAJECTORY,FREE_TRAJECTORY,high-cache,111986638848,045289a0241fc9e5de71a7620fa6b42cf8264a7223d026dc03d52cf5c2b6f6e5,256,1024,,,24.04654307501978,0.6675005309178996,1.405286977043861,1.0608800239871372,0.03125,0.0073027461767196655,0.0029268628337481522,73.50816006958485,-12.216727653301902,0.06664773692255435,0.6933169157608695,0.4091999671401046,0.0,25115,233925,142907,142907,2507626856448
issue102-sentinel,sentinel,S2_P50,FREE_TRAJECTORY,FREE_TRAJECTORY,high-cache,111986638848,045289a0241fc9e5de71a7620fa6b42cf8264a7223d026dc03d52cf5c2b6f6e5,512,1024,,,23.714826359658638,0.6755758250750802,1.3866474529789876,1.0832618942110812,0.017578125,0.007303744554519653,0.0029099514922323174,149.4347389806062,24.984126003347644,0.06813779084578804,0.7043350883152174,0.4141382991399792,0.0,51353,458794,294870,294870,5174161735680
issue102-sentinel,sentinel,S2_P50,FREE_TRAJECTORY,FREE_TRAJECTORY,high-cache,111986638848,045289a0241fc9e5de71a7620fa6b42cf8264a7223d026dc03d52cf5c2b6f6e5,1024,1024,,,24.04705348028633,0.682626121560709,1.3920989160953714,1.0929434621393357,0.009765625,0.007303744554519653,0.002899214509915448,298.9119151867926,73.95846065123074,0.06839984396229619,0.7055557914402174,0.4146500431108928,0.0,103101,907580,599748,599748,10523936489472
