source_issue_release,archive_member_original_path,sha256,bytes,schema_version,case_run_identity,protocol,policy,source_evidence_class,authority_scope,status,reason,supersedes,superseded_by
#102/issue102-cross-prompt-v1,external-identities/issue98-build-fingerprint.json,d150d179f41ebd2deab49b663e64c909b7d8fa6b4546c716aee889479f633a10,5518,,,issue102_full_prompt,,CURATED_FROM_MEASURED,issue102_full_prompt,accepted,checksum-verified member within frozen authority,,
#102/issue102-cross-prompt-v1,external-identities/k3-model-identity.json,58b14d13a602944e1134fc753b2cc819a84a31290aee9c1479264a66dbb5efe2,8828,,,issue102_full_prompt,,CURATED_FROM_MEASURED,issue102_full_prompt,accepted,checksum-verified member within frozen authority,,
#102/issue102-cross-prompt-v1,host/checkpoint-a/helper-vs-issue98-v2.diff,1ddfbbdafb42f80e7c7d041f4110f36dc0c25138adfa3abd336ccf3c95d31f23,15950,,,issue102_full_prompt,,CURATED_FROM_MEASURED,issue102_full_prompt,accepted,checksum-verified member within frozen authority,,
#102/issue102-cross-prompt-v1,host/checkpoint-a/helper-vs-issue98-v3.diff,685d79870140b2db54e7943bea448917b23f9d71ef91feadf84744c5196b9464,16085,,,issue102_full_prompt,,CURATED_FROM_MEASURED,issue102_full_prompt,accepted,checksum-verified member within frozen authority,,
#102/issue102-cross-prompt-v1,host/checkpoint-a/helper-vs-issue98.diff,485a16ad0cc695c9d3ed5f63d812edd89fdf0c973b1f9457fc720918bb8030fd,15922,,,issue102_full_prompt,,CURATED_FROM_MEASURED,issue102_full_prompt,accepted,checksum-verified member within frozen authority,,
#102/issue102-cross-prompt-v1,host/corpus/draft-repro.json,a2dc5b2b025cb7adecad8f25418bd2127ba1427d501f0101b501a310ff19f772,103152,,,issue102_full_prompt,,CURATED_FROM_MEASURED,issue102_full_prompt,accepted,checksum-verified member within frozen authority,,
#102/issue102-cross-prompt-v1,host/corpus/draft.json,a2dc5b2b025cb7adecad8f25418bd2127ba1427d501f0101b501a310ff19f772,103152,,,issue102_full_prompt,,CURATED_FROM_MEASURED,issue102_full_prompt,accepted,checksum-verified member within frozen authority,,
#102/issue102-cross-prompt-v1,host/corpus/execution-manifest-repro.json,e0f1746f987f888d68a36261a2822f4754a413b7799c6252aae8a4ded2a900d8,385670,,,issue102_full_prompt,,CURATED_FROM_MEASURED,issue102_full_prompt,accepted,checksum-verified member within frozen authority,,
#102/issue102-cross-prompt-v1,host/corpus/execution-manifest-repro.stdout.json,32020d1cc772a805317f17965e237f19b8c08ad231d2c19f557e9b462e1a460e,373269,,,issue102_full_prompt,,CURATED_FROM_MEASURED,issue102_full_prompt,accepted,checksum-verified member within frozen authority,,
#102/issue102-cross-prompt-v1,host/corpus/final-freeze-v2.stdout.json,32020d1cc772a805317f17965e237f19b8c08ad231d2c19f557e9b462e1a460e,373269,,,issue102_full_prompt,,CURATED_FROM_MEASURED,issue102_full_prompt,accepted,checksum-verified member within frozen authority,,
#102/issue102-cross-prompt-v1,host/corpus/final-freeze.stdout.json,27a8170ed8599e09bd00437b1269318b66c07ec96964e73d0bde80c5c902271d,245139,,,issue102_full_prompt,,CURATED_FROM_MEASURED,issue102_full_prompt,accepted,checksum-verified member within frozen authority,,
#102/issue102-cross-prompt-v1,host/corpus/freeze.stdout.json,27a8170ed8599e09bd00437b1269318b66c07ec96964e73d0bde80c5c902271d,245139,,,issue102_full_prompt,,CURATED_FROM_MEASURED,issue102_full_prompt,accepted,checksum-verified member within frozen authority,,
#102/issue102-cross-prompt-v1,host/corpus/frozen-preflight.json,3b93cdf45ee52acf363a0392934df0a317e682ebe9aa910990a2fbf6317f616d,254419,,,issue102_full_prompt,,CURATED_FROM_MEASURED,issue102_full_prompt,accepted,checksum-verified member within frozen authority,,
#102/issue102-cross-prompt-v1,host/corpus/frozen-repro.json,3b93cdf45ee52acf363a0392934df0a317e682ebe9aa910990a2fbf6317f616d,254419,,,issue102_full_prompt,,CURATED_FROM_MEASURED,issue102_full_prompt,accepted,checksum-verified member within frozen authority,,
#102/issue102-cross-prompt-v1,host/corpus/frozen-repro.stdout.json,27a8170ed8599e09bd00437b1269318b66c07ec96964e73d0bde80c5c902271d,245139,,,issue102_full_prompt,,CURATED_FROM_MEASURED,issue102_full_prompt,accepted,checksum-verified member within frozen authority,,
#102/issue102-cross-prompt-v1,host/corpus/owner-candidate-v2-provenance-final.json,7c09e056a52a8303b4cf208679ada45583851862b9c7446d0d41b2bb4c4720ee,6528,,,issue102_full_prompt,,CURATED_FROM_MEASURED,issue102_full_prompt,accepted,checksum-verified member within frozen authority,,
#102/issue102-cross-prompt-v1,host/corpus/owner-candidate-v2-provenance.json,7c09e056a52a8303b4cf208679ada45583851862b9c7446d0d41b2bb4c4720ee,6528,,,issue102_full_prompt,,CURATED_FROM_MEASURED,issue102_full_prompt,accepted,checksum-verified member within frozen authority,,
#102/issue102-cross-prompt-v1,host/corpus/owner-candidate-v2-repro.json,864b2802fba4ed4f281033835107798a76b4f50d23ce27ea39c1e3b848ea0dbc,148274,,,issue102_full_prompt,,CURATED_FROM_MEASURED,issue102_full_prompt,accepted,checksum-verified member within frozen authority,,
#102/issue102-cross-prompt-v1,host/corpus/owner-candidate-v2.json,864b2802fba4ed4f281033835107798a76b4f50d23ce27ea39c1e3b848ea0dbc,148274,,,issue102_full_prompt,,CURATED_FROM_MEASURED,issue102_full_prompt,accepted,checksum-verified member within frozen authority,,
#102/issue102-cross-prompt-v1,host/corpus/owner-freeze.stderr.log,2beb3b06c225ab52c517592853c6b821e2ea757e1cbcc1c6eef02c2e7b8c84bc,5399,,,issue102_full_prompt,,CURATED_FROM_MEASURED,issue102_full_prompt,accepted,checksum-verified member within frozen authority,,
#102/issue102-cross-prompt-v1,host/corpus/owner-freeze.stdout.json,e3b0c44298fc1c149afbf4c8996fb92427ae41e4649b934ca495991b7852b855,0,,,issue102_full_prompt,,CURATED_FROM_MEASURED,issue102_full_prompt,accepted,checksum-verified member within frozen authority,,
#102/issue102-cross-prompt-v1,host/corpus/owner-provenance-repro.json,7c09e056a52a8303b4cf208679ada45583851862b9c7446d0d41b2bb4c4720ee,6528,,,issue102_full_prompt,,CURATED_FROM_MEASURED,issue102_full_prompt,accepted,checksum-verified member within frozen authority,,
#102/issue102-cross-prompt-v1,host/host-normalization/post-clean-pre-reboot.json,23966985312d819fb249e28771447c9a933f4a794b3026d70fc087a429eb85d8,201653,,,issue102_full_prompt,,CURATED_FROM_MEASURED,issue102_full_prompt,accepted,checksum-verified member within frozen authority,,
#102/issue102-cross-prompt-v1,host/host-normalization/post-reboot-initial.json,c40da8a1150319bcc9fe11b05bce6fbbd8e40459c350ba7226a0d884b92aa911,192721,,,issue102_full_prompt,,CURATED_FROM_MEASURED,issue102_full_prompt,accepted,checksum-verified member within frozen authority,,
#102/issue102-cross-prompt-v1,host/host-normalization/post-reboot-normalized.json,8845553055ff4ec361702e0bc29f896511f12bc84bf91d8fa22ad731f2290774,198797,,,issue102_full_prompt,,CURATED_FROM_MEASURED,issue102_full_prompt,accepted,checksum-verified member within frozen authority,,
#102/issue102-cross-prompt-v1,host/host-normalization/post-stage-a-post-reboot.json,beb89e0f7a98a655c309fe89a376e7c69d806a10982565901ca79075acb615d2,198420,,,issue102_full_prompt,,CURATED_FROM_MEASURED,issue102_full_prompt,accepted,checksum-verified member within frozen authority,,
#102/issue102-cross-prompt-v1,host/host-normalization/post-stage-a-pre-reboot.json,b16c2269204ec71a97d9cc7476ab32ad8bbf2e51eb0e5f65b151e3e0acaffd95,193492,,,issue102_full_prompt,,CURATED_FROM_MEASURED,issue102_full_prompt,accepted,checksum-verified member within frozen authority,,
#102/issue102-cross-prompt-v1,host/host-normalization/pre-clean-pre-reboot.json,d19f9ee45735acbbad55e40fb9a1fee0287c86e1909e7483f4e9c1de6b3d8646,201620,,,issue102_full_prompt,,CURATED_FROM_MEASURED,issue102_full_prompt,accepted,checksum-verified member within frozen authority,,
#102/issue102-cross-prompt-v1,host/host-normalization/pre-reboot-final.json,d80286de8ef7434d42b2e0de863ff8a496328566573ea64eeb32f2597109e540,200885,,,issue102_full_prompt,,CURATED_FROM_MEASURED,issue102_full_prompt,accepted,checksum-verified member within frozen authority,,
#102/issue102-cross-prompt-v1,host/long-horizon/01-sentinel-s2-post-reboot-gate/envelope.json,ab5f2531bd6e7490da36f76eea2b2fa6be2713e400c9d891be14699bc53fa30a,25306,,,issue102_full_prompt,,CURATED_FROM_MEASURED,issue102_full_prompt,accepted,checksum-verified member within frozen authority,,
#102/issue102-cross-prompt-v1,host/long-horizon/01-sentinel-s2-post-reboot-gate/result.json,60ff3175bbea6b0e2dd5d1cc7c9bdc22c9b04373dd8b8dc9b64fbdd90288ff1e,45073,,,issue102_full_prompt,,CURATED_FROM_MEASURED,issue102_full_prompt,accepted,checksum-verified member within frozen authority,,
#102/issue102-cross-prompt-v1,host/long-horizon/01-sentinel-s2-post-reboot-gate/stderr.log,08d85235c87ca327f337bf2a23a5250e06e2ae94ced24b687fbb05344f317a7f,67,,,issue102_full_prompt,,CURATED_FROM_MEASURED,issue102_full_prompt,accepted,checksum-verified member within frozen authority,,
#102/issue102-cross-prompt-v1,host/long-horizon/01-sentinel-s2-post-reboot-gate/stdout.log,d0c3938c08097cede85ffb0230724585cf2d2fca2b03d800ee601d5ea1ecaa71,29603,,,issue102_full_prompt,,CURATED_FROM_MEASURED,issue102_full_prompt,accepted,checksum-verified member within frozen authority,,
#102/issue102-cross-prompt-v1,host/long-horizon/01-sentinel-s2-retry-01/envelope.json,e83e977c3f9cd768a2b83ea961d190f1b38b907698c8763c25b0d0fe6b3134b3,25294,,,issue102_full_prompt,,CURATED_FROM_MEASURED,issue102_full_prompt,accepted,checksum-verified member within frozen authority,,
#102/issue102-cross-prompt-v1,host/long-horizon/01-sentinel-s2-retry-01/stderr.log,0f6d3b45b046f4f26da59ca25cecadcaa15a9e5775db736de622def87ba53267,332,,,issue102_full_prompt,,CURATED_FROM_MEASURED,issue102_full_prompt,accepted,checksum-verified member within frozen authority,,
#102/issue102-cross-prompt-v1,host/long-horizon/01-sentinel-s2-retry-01/stdout.log,e3b0c44298fc1c149afbf4c8996fb92427ae41e4649b934ca495991b7852b855,0,,,issue102_full_prompt,,CURATED_FROM_MEASURED,issue102_full_prompt,accepted,checksum-verified member within frozen authority,,
#102/issue102-cross-prompt-v1,host/long-horizon/01-sentinel-s2/envelope.json,fe95cc3f7149ef2d35e9f700675695b37f024f27a75479e022f2e91733b3fa17,25294,,,issue102_full_prompt,,CURATED_FROM_MEASURED,issue102_full_prompt,accepted,checksum-verified member within frozen authority,,
#102/issue102-cross-prompt-v1,host/long-horizon/01-sentinel-s2/stderr.log,0f6d3b45b046f4f26da59ca25cecadcaa15a9e5775db736de622def87ba53267,332,,,issue102_full_prompt,,CURATED_FROM_MEASURED,issue102_full_prompt,accepted,checksum-verified member within frozen authority,,
#102/issue102-cross-prompt-v1,host/long-horizon/01-sentinel-s2/stdout.log,e3b0c44298fc1c149afbf4c8996fb92427ae41e4649b934ca495991b7852b855,0,,,issue102_full_prompt,,CURATED_FROM_MEASURED,issue102_full_prompt,accepted,checksum-verified member within frozen authority,,
#102/issue102-cross-prompt-v1,host/long-horizon/02-sentinel-exact/envelope.json,18acc20d7fcfa025b92ac9f26dd69e43c55d866853c69f2e7803dedcfcc0bc4d,25354,,,issue102_full_prompt,,CURATED_FROM_MEASURED,issue102_full_prompt,accepted,checksum-verified member within frozen authority,,
#102/issue102-cross-prompt-v1,host/long-horizon/02-sentinel-exact/result.json,84f16a44ca59f6fe74908486e0ab9c84af98cba4d06a1efc40d5132a112c0d50,44832,,,issue102_full_prompt,,CURATED_FROM_MEASURED,issue102_full_prompt,accepted,checksum-verified member within frozen authority,,
#102/issue102-cross-prompt-v1,host/long-horizon/02-sentinel-exact/stderr.log,08d85235c87ca327f337bf2a23a5250e06e2ae94ced24b687fbb05344f317a7f,67,,,issue102_full_prompt,,CURATED_FROM_MEASURED,issue102_full_prompt,accepted,checksum-verified member within frozen authority,,
#102/issue102-cross-prompt-v1,host/long-horizon/02-sentinel-exact/stdout.log,7620078e87e0ab33483e54d0541bf6b0efc8b42935474e0142f892d96fd3edf9,29362,,,issue102_full_prompt,,CURATED_FROM_MEASURED,issue102_full_prompt,accepted,checksum-verified member within frozen authority,,
#102/issue102-cross-prompt-v1,host/long-horizon/03-low-hit-s2/envelope.json,6563f5720a758c2881091c8f4c38f75b682d77583e59936ba02f513438a1ae66,25339,,,issue102_full_prompt,,CURATED_FROM_MEASURED,issue102_full_prompt,accepted,checksum-verified member within frozen authority,,
#102/issue102-cross-prompt-v1,host/long-horizon/03-low-hit-s2/result.json,3af95da45dc81b556b8dd83547bf6eb30496d1163d57ff09515c4141d5d47aa4,45119,,,issue102_full_prompt,,CURATED_FROM_MEASURED,issue102_full_prompt,accepted,checksum-verified member within frozen authority,,
#102/issue102-cross-prompt-v1,host/long-horizon/03-low-hit-s2/stderr.log,08d85235c87ca327f337bf2a23a5250e06e2ae94ced24b687fbb05344f317a7f,67,,,issue102_full_prompt,,CURATED_FROM_MEASURED,issue102_full_prompt,accepted,checksum-verified member within frozen authority,,
#102/issue102-cross-prompt-v1,host/long-horizon/03-low-hit-s2/stdout.log,9560e86cdbe60fe8414ca6d49ef02ddab53535241eababf2d11c9f5b269e1dfa,29649,,,issue102_full_prompt,,CURATED_FROM_MEASURED,issue102_full_prompt,accepted,checksum-verified member within frozen authority,,
#102/issue102-cross-prompt-v1,host/long-horizon/04-low-hit-exact/envelope.json,2df02ce610134a8084823f47c51eba393c09d1984ec203054ef3b95995819806,25357,,,issue102_full_prompt,,CURATED_FROM_MEASURED,issue102_full_prompt,accepted,checksum-verified member within frozen authority,,
#102/issue102-cross-prompt-v1,host/long-horizon/04-low-hit-exact/result.json,ec3b673d23260cf0acba50a0a1dabf371357a2c87a7c878c7d86ab199dce7a5f,44837,,,issue102_full_prompt,,CURATED_FROM_MEASURED,issue102_full_prompt,accepted,checksum-verified member within frozen authority,,
#102/issue102-cross-prompt-v1,host/long-horizon/04-low-hit-exact/stderr.log,08d85235c87ca327f337bf2a23a5250e06e2ae94ced24b687fbb05344f317a7f,67,,,issue102_full_prompt,,CURATED_FROM_MEASURED,issue102_full_prompt,accepted,checksum-verified member within frozen authority,,
#102/issue102-cross-prompt-v1,host/long-horizon/04-low-hit-exact/stdout.log,05ae7be67fbc8f2ad977ca31210eb0ce385258863d85f332cf97c75de60376c7,29367,,,issue102_full_prompt,,CURATED_FROM_MEASURED,issue102_full_prompt,accepted,checksum-verified member within frozen authority,,
#102/issue102-cross-prompt-v1,host/long-horizon/05-high-hit-s2/envelope.json,f7314346df8dfbbd84fc81bf656ace3bfa5c302941494f9b2fe02814c9638eec,25354,,,issue102_full_prompt,,CURATED_FROM_MEASURED,issue102_full_prompt,accepted,checksum-verified member within frozen authority,,
#102/issue102-cross-prompt-v1,host/long-horizon/05-high-hit-s2/result.json,6df141312a4356911e448df240e52586f698a3c743c7fb29084d23eb0ada9015,44987,,,issue102_full_prompt,,CURATED_FROM_MEASURED,issue102_full_prompt,accepted,checksum-verified member within frozen authority,,
#102/issue102-cross-prompt-v1,host/long-horizon/05-high-hit-s2/stderr.log,08d85235c87ca327f337bf2a23a5250e06e2ae94ced24b687fbb05344f317a7f,67,,,issue102_full_prompt,,CURATED_FROM_MEASURED,issue102_full_prompt,accepted,checksum-verified member within frozen authority,,
#102/issue102-cross-prompt-v1,host/long-horizon/05-high-hit-s2/stdout.log,5b486656fd8352dcd190c7b14ec6fb746ecdbae1c9a3597ab3f8993fbe30fea7,29517,,,issue102_full_prompt,,CURATED_FROM_MEASURED,issue102_full_prompt,accepted,checksum-verified member within frozen authority,,
#102/issue102-cross-prompt-v1,host/long-horizon/06-high-hit-exact/envelope.json,bc040973d9a918c067176c22805f5d1ddabc526b394688a39ebc6655db5e831c,25362,,,issue102_full_prompt,,CURATED_FROM_MEASURED,issue102_full_prompt,accepted,checksum-verified member within frozen authority,,
#102/issue102-cross-prompt-v1,host/long-horizon/06-high-hit-exact/result.json,1b77d36437e8109cbdaccc02b192f7de3764cf1147c3802ddc6a97333c6f5c00,44727,,,issue102_full_prompt,,CURATED_FROM_MEASURED,issue102_full_prompt,accepted,checksum-verified member within frozen authority,,
#102/issue102-cross-prompt-v1,host/long-horizon/06-high-hit-exact/stderr.log,08d85235c87ca327f337bf2a23a5250e06e2ae94ced24b687fbb05344f317a7f,67,,,issue102_full_prompt,,CURATED_FROM_MEASURED,issue102_full_prompt,accepted,checksum-verified member within frozen authority,,
#102/issue102-cross-prompt-v1,host/long-horizon/06-high-hit-exact/stdout.log,2fccdea18dd677a4d096d8bcd98196d58f9982eec2ee58d9472ad5118f611463,29257,,,issue102_full_prompt,,CURATED_FROM_MEASURED,issue102_full_prompt,accepted,checksum-verified member within frozen authority,,
#102/issue102-cross-prompt-v1,host/observer-replay-v1/committee-pin-capacity-counterfactual.json,0927db654db7b106584a5099415733edc65ed505a631836268158dc94d876889,2811402,phase13-6pg-committee-pin-capacity-counterfactual-v1,,issue102_offline_fixed_route_replay,COMMITTEE_PIN_FIXED_ROUTE,FIXED_ROUTE_COUNTERFACTUAL,issue102_full_prompt,accepted,checksum-verified member within frozen authority,,
#102/issue102-cross-prompt-v1,host/observer-replay-v1/exact-capacity-mrc.json,18ab89a63b63f6c96a0e0aa4807fcf152aed251b441ab77a8b593bcb35929ba0,1047538,phase13-6pg-exact-capacity-mrc-v1,,issue102_offline_fixed_route_replay,EXACT_LRU,EXACT_REPLAY,issue102_full_prompt,accepted,checksum-verified member within frozen authority,,
#102/issue102-cross-prompt-v1,host/observer-replay-v1/family-length-capacity-extension.json,abcc533e974347585d544a914e0a7820b405986eaacaad3ce4577f4c95632f03,1837059,phase13-6pg-family-length-capacity-extension-v1,,issue102_offline_fixed_route_replay,,EXACT_REPLAY_COUNTERFACTUAL,issue102_full_prompt,accepted,checksum-verified member within frozen authority,,
#102/issue102-cross-prompt-v1,host/observer-replay-v1/observer-replay-index.json,d49db861f81ade803ab3d9c9e07c10d803247d2f3bcaf15b84d8afbf8a9b3dac,1963,phase13-6pg-observer-replay-index-v1,,issue102_offline_fixed_route_replay,,FIXED_ROUTE_COUNTERFACTUAL,issue102_full_prompt,accepted,checksum-verified member within frozen authority,,
#102/issue102-cross-prompt-v1,host/observer-replay-v1/s2-fixed-route-capacity-counterfactual.json,b87d9461ff503e2d13675b08d0362d5675ab8b6a2481e2d19ee46027d0b0ea9d,1351344,phase13-6pg-s2-fixed-route-capacity-counterfactual-v1,,issue102_offline_fixed_route_replay,S2_P50_FIXED_ROUTE,FIXED_ROUTE_COUNTERFACTUAL,issue102_full_prompt,accepted,checksum-verified member within frozen authority,,
#102/issue102-cross-prompt-v1,host/owner-comments.json,8fe1d6263f648cad9c06436b7cdbc3cbdbe857d86ca40e4cbbde55e16c7b14f2,374006,,,issue102_full_prompt,,CURATED_FROM_MEASURED,issue102_full_prompt,accepted,checksum-verified member within frozen authority,,
#102/issue102-cross-prompt-v1,host/posthoc-analysis-v1/locality-throughput-calibration.json,aa0814eb56d959f0ca839d9743234abbc32c78311cf9d12e1bfb52f7751747e4,40789,phase13-6pg-locality-throughput-calibration-v1,,issue102_full_prompt,,POST_HOC_EXPLORATORY,issue102_full_prompt,accepted,checksum-verified member within frozen authority,,
#102/issue102-cross-prompt-v1,host/posthoc-analysis-v1/stage-a-family-length-analysis.csv,b3c37ec43864d2b7f992576f3393500079fcd2cfa07bb0161c8e5b9d6aa7a6e6,38167,,,issue102_full_prompt,,POST_HOC_EXPLORATORY,issue102_full_prompt,accepted,checksum-verified member within frozen authority,,
#102/issue102-cross-prompt-v1,host/posthoc-analysis-v1/stage-a-family-length-analysis.json,3a29f1664fa4510b06092cb15d0dea9e66acd698e5d104fbbfdc15c16766b15b,56684,phase13-6pg-stage-a-family-length-analysis-v1,,issue102_full_prompt,,POST_HOC_EXPLORATORY,issue102_full_prompt,accepted,checksum-verified member within frozen authority,,
#102/issue102-cross-prompt-v1,host/posthoc-analysis-v1/stage-a-posthoc-analysis-index.json,1a7e42c0d549ccd9486a91b24e89b172d2848b1f80874e0cd40986d273d60111,1557,,,issue102_full_prompt,,POST_HOC_EXPLORATORY,issue102_full_prompt,accepted,checksum-verified member within frozen authority,,
#102/issue102-cross-prompt-v1,host/prefill-depth-curve/n009-exact/envelope.json,fa5eeb2333a366584f0cf86e87486e454f9aaedb1174de86dcf08e2c5ff6c7e4,25394,,,issue102_full_prompt,,CURATED_FROM_MEASURED,issue102_full_prompt,accepted,checksum-verified member within frozen authority,,
#102/issue102-cross-prompt-v1,host/prefill-depth-curve/n009-exact/result.json,9dc7d1d8411e8d6e4eb53d84ad849723bc603ff7b5dd857a61a254b095646f09,12066,,,issue102_full_prompt,,CURATED_FROM_MEASURED,issue102_full_prompt,accepted,checksum-verified member within frozen authority,,
#102/issue102-cross-prompt-v1,host/prefill-depth-curve/n009-exact/stderr.log,08d85235c87ca327f337bf2a23a5250e06e2ae94ced24b687fbb05344f317a7f,67,,,issue102_full_prompt,,CURATED_FROM_MEASURED,issue102_full_prompt,accepted,checksum-verified member within frozen authority,,
#102/issue102-cross-prompt-v1,host/prefill-depth-curve/n009-exact/stdout.log,eafd2f0f2ef72b87a4be497c2a6132a3e73bfabc5851f468d1585f75427ad28f,9061,,,issue102_full_prompt,,CURATED_FROM_MEASURED,issue102_full_prompt,accepted,checksum-verified member within frozen authority,,
#102/issue102-cross-prompt-v1,host/prefill-depth-curve/n016-exact/envelope.json,bceb30b66fb261a181bd510b1e21518001de79cf0d799a2c37d1980a0337f42e,25406,,,issue102_full_prompt,,CURATED_FROM_MEASURED,issue102_full_prompt,accepted,checksum-verified member within frozen authority,,
#102/issue102-cross-prompt-v1,host/prefill-depth-curve/n016-exact/result.json,00410582cbdf820c3950fa4ae4a17b8df30700b67502386b7b3db22e73103ecd,12085,,,issue102_full_prompt,,CURATED_FROM_MEASURED,issue102_full_prompt,accepted,checksum-verified member within frozen authority,,
#102/issue102-cross-prompt-v1,host/prefill-depth-curve/n016-exact/stderr.log,08d85235c87ca327f337bf2a23a5250e06e2ae94ced24b687fbb05344f317a7f,67,,,issue102_full_prompt,,CURATED_FROM_MEASURED,issue102_full_prompt,accepted,checksum-verified member within frozen authority,,
#102/issue102-cross-prompt-v1,host/prefill-depth-curve/n016-exact/stdout.log,5eb97e75c8dc8b699d2923cbd63745bf1831320aa2b1493fa82f9fd14cfb824a,9080,,,issue102_full_prompt,,CURATED_FROM_MEASURED,issue102_full_prompt,accepted,checksum-verified member within frozen authority,,
#102/issue102-cross-prompt-v1,host/prefill-depth-curve/n016-s2/envelope.json,d03fb6896eb0836a6c6028ff13d9ae6ddae8bc8b8b240f41c39d669f1f134b45,25407,,,issue102_full_prompt,,CURATED_FROM_MEASURED,issue102_full_prompt,accepted,checksum-verified member within frozen authority,,
#102/issue102-cross-prompt-v1,host/prefill-depth-curve/n016-s2/result.json,cbc2ba398b4f7d086a9f987a45909ee0e5b10dbe9949ac2d0f1ca4d6b0a1b0ff,12178,,,issue102_full_prompt,,CURATED_FROM_MEASURED,issue102_full_prompt,accepted,checksum-verified member within frozen authority,,
#102/issue102-cross-prompt-v1,host/prefill-depth-curve/n016-s2/stderr.log,08d85235c87ca327f337bf2a23a5250e06e2ae94ced24b687fbb05344f317a7f,67,,,issue102_full_prompt,,CURATED_FROM_MEASURED,issue102_full_prompt,accepted,checksum-verified member within frozen authority,,
#102/issue102-cross-prompt-v1,host/prefill-depth-curve/n016-s2/stdout.log,8b0964b8569a86ac7b2bc6f1d784b6c104c89406addec94dcf020255533d4c01,9173,,,issue102_full_prompt,,CURATED_FROM_MEASURED,issue102_full_prompt,accepted,checksum-verified member within frozen authority,,
#102/issue102-cross-prompt-v1,host/prefill-depth-curve/n032-exact/envelope.json,4f487b871ef811253d2992a29e6b4f5a8cd6649ee68e45b9a0b29da349241281,25406,,,issue102_full_prompt,,CURATED_FROM_MEASURED,issue102_full_prompt,accepted,checksum-verified member within frozen authority,,
#102/issue102-cross-prompt-v1,host/prefill-depth-curve/n032-exact/result.json,a7c6715b5284239a37d20abad4273bea9fc618cee5461ad25cbfd218eb56bf8f,12088,,,issue102_full_prompt,,CURATED_FROM_MEASURED,issue102_full_prompt,accepted,checksum-verified member within frozen authority,,
#102/issue102-cross-prompt-v1,host/prefill-depth-curve/n032-exact/stderr.log,08d85235c87ca327f337bf2a23a5250e06e2ae94ced24b687fbb05344f317a7f,67,,,issue102_full_prompt,,CURATED_FROM_MEASURED,issue102_full_prompt,accepted,checksum-verified member within frozen authority,,
#102/issue102-cross-prompt-v1,host/prefill-depth-curve/n032-exact/stdout.log,dfa7d1435d2827f6f2de90643eb34417fbf2c7b83f9779d6d37d39f5e3c8be7a,9083,,,issue102_full_prompt,,CURATED_FROM_MEASURED,issue102_full_prompt,accepted,checksum-verified member within frozen authority,,
#102/issue102-cross-prompt-v1,host/prefill-depth-curve/n032-s2/envelope.json,3e83bdd8a5b87f9aae8cdf54f01bd3e6503a8451cadd6b2c8861c43ce671acd1,25407,,,issue102_full_prompt,,CURATED_FROM_MEASURED,issue102_full_prompt,accepted,checksum-verified member within frozen authority,,
#102/issue102-cross-prompt-v1,host/prefill-depth-curve/n032-s2/result.json,d1dd6f5cf4541fece8302b0b34a5a318d127e71714d32177b78f9b06361237c1,12169,,,issue102_full_prompt,,CURATED_FROM_MEASURED,issue102_full_prompt,accepted,checksum-verified member within frozen authority,,
#102/issue102-cross-prompt-v1,host/prefill-depth-curve/n032-s2/stderr.log,08d85235c87ca327f337bf2a23a5250e06e2ae94ced24b687fbb05344f317a7f,67,,,issue102_full_prompt,,CURATED_FROM_MEASURED,issue102_full_prompt,accepted,checksum-verified member within frozen authority,,
#102/issue102-cross-prompt-v1,host/prefill-depth-curve/n032-s2/stdout.log,8f447c62675c195948ca0a5c1f69ff0651a9f12d319d701e714f9719e9cd32c9,9164,,,issue102_full_prompt,,CURATED_FROM_MEASURED,issue102_full_prompt,accepted,checksum-verified member within frozen authority,,
#102/issue102-cross-prompt-v1,host/prefill-depth-curve/n064-exact/envelope.json,3face3fa5aa04abbb2c345a5ea1fc923df120698205a0d7c8d453c48d7ac0d44,25408,,,issue102_full_prompt,,CURATED_FROM_MEASURED,issue102_full_prompt,accepted,checksum-verified member within frozen authority,,
#102/issue102-cross-prompt-v1,host/prefill-depth-curve/n064-exact/result.json,279cb75a80b19b7ce3b1e7c9acb3d23a5b85f73df853fc95bb705c717cbceaeb,12102,,,issue102_full_prompt,,CURATED_FROM_MEASURED,issue102_full_prompt,accepted,checksum-verified member within frozen authority,,
#102/issue102-cross-prompt-v1,host/prefill-depth-curve/n064-exact/stderr.log,08d85235c87ca327f337bf2a23a5250e06e2ae94ced24b687fbb05344f317a7f,67,,,issue102_full_prompt,,CURATED_FROM_MEASURED,issue102_full_prompt,accepted,checksum-verified member within frozen authority,,
#102/issue102-cross-prompt-v1,host/prefill-depth-curve/n064-exact/stdout.log,1f93399f27d9409eae6f883e580541ecaa621af4189122c4c95fde1fd172c919,9097,,,issue102_full_prompt,,CURATED_FROM_MEASURED,issue102_full_prompt,accepted,checksum-verified member within frozen authority,,
#102/issue102-cross-prompt-v1,host/prefill-depth-curve/n064-s2/envelope.json,528a7a4e05d1a035d38f354a61b2713a2b6fca87ecaaa1a57e8a33aa107405fa,25411,,,issue102_full_prompt,,CURATED_FROM_MEASURED,issue102_full_prompt,accepted,checksum-verified member within frozen authority,,
#102/issue102-cross-prompt-v1,host/prefill-depth-curve/n064-s2/result.json,2584d315246b0b360e753f4e2a21d69d339edaadb02362cb33eadc7a8afd8013,12166,,,issue102_full_prompt,,CURATED_FROM_MEASURED,issue102_full_prompt,accepted,checksum-verified member within frozen authority,,
#102/issue102-cross-prompt-v1,host/prefill-depth-curve/n064-s2/stderr.log,08d85235c87ca327f337bf2a23a5250e06e2ae94ced24b687fbb05344f317a7f,67,,,issue102_full_prompt,,CURATED_FROM_MEASURED,issue102_full_prompt,accepted,checksum-verified member within frozen authority,,
#102/issue102-cross-prompt-v1,host/prefill-depth-curve/n064-s2/stdout.log,1156bde1e9e58f862f511697edea63da13bbf2945817a44d937015a146f99575,9161,,,issue102_full_prompt,,CURATED_FROM_MEASURED,issue102_full_prompt,accepted,checksum-verified member within frozen authority,,
#102/issue102-cross-prompt-v1,host/protocol-bridge/legacy-s2-ctx768-01/envelope.json,b35f000718fad7222f649d623761d1e27277a6e6cc417d4b2040c1b35529ff88,25343,,,issue102_full_prompt,,CURATED_FROM_MEASURED,issue102_full_prompt,accepted,checksum-verified member within frozen authority,,
#102/issue102-cross-prompt-v1,host/protocol-bridge/legacy-s2-ctx768-01/result.json,3f999ca1eeab1bff49f12684e2c91d4cb62955e2370b9b89f0fc4cbed19f4095,12055,,,issue102_full_prompt,,CURATED_FROM_MEASURED,issue102_full_prompt,accepted,checksum-verified member within frozen authority,,
#102/issue102-cross-prompt-v1,host/protocol-bridge/legacy-s2-ctx768-01/stderr.log,08d85235c87ca327f337bf2a23a5250e06e2ae94ced24b687fbb05344f317a7f,67,,,issue102_full_prompt,,CURATED_FROM_MEASURED,issue102_full_prompt,accepted,checksum-verified member within frozen authority,,
#102/issue102-cross-prompt-v1,host/protocol-bridge/legacy-s2-ctx768-01/stdout.log,e2f20a191515e927d79c14238f5ba6e9f4d379f661fe18b453e3ac3c5ecaab40,9050,,,issue102_full_prompt,,CURATED_FROM_MEASURED,issue102_full_prompt,accepted,checksum-verified member within frozen authority,,
#102/issue102-cross-prompt-v1,host/protocol-bridge/legacy-s2-ctx768-02/envelope.json,13d2f1c03c52c77db48631432c5e95acf323a1b59863c5b0485c24dc74e689d2,25346,,,issue102_full_prompt,,CURATED_FROM_MEASURED,issue102_full_prompt,accepted,checksum-verified member within frozen authority,,
#102/issue102-cross-prompt-v1,host/protocol-bridge/legacy-s2-ctx768-02/result.json,c26d4b51414e65b166abb0b4ba3c683528f1d9a2b0f8d9e1fe0c289ab40d3cb3,12049,,,issue102_full_prompt,,CURATED_FROM_MEASURED,issue102_full_prompt,accepted,checksum-verified member within frozen authority,,
#102/issue102-cross-prompt-v1,host/protocol-bridge/legacy-s2-ctx768-02/stderr.log,08d85235c87ca327f337bf2a23a5250e06e2ae94ced24b687fbb05344f317a7f,67,,,issue102_full_prompt,,CURATED_FROM_MEASURED,issue102_full_prompt,accepted,checksum-verified member within frozen authority,,
#102/issue102-cross-prompt-v1,host/protocol-bridge/legacy-s2-ctx768-02/stdout.log,d30633c1eb7a38055859c407c9f4e6ea376ed784f359ae4950c8c289f4bdc948,9044,,,issue102_full_prompt,,CURATED_FROM_MEASURED,issue102_full_prompt,accepted,checksum-verified member within frozen authority,,
#102/issue102-cross-prompt-v1,host/protocol-bridge/legacy-s2-ctx768-03/envelope.json,e48ae1e816d516f673406dd6cb40a3e38105f9a7a435ba682cb5ca09e15453ec,25345,,,issue102_full_prompt,,CURATED_FROM_MEASURED,issue102_full_prompt,accepted,checksum-verified member within frozen authority,,
#102/issue102-cross-prompt-v1,host/protocol-bridge/legacy-s2-ctx768-03/result.json,3e08bba5498593bd21290bce5051c8f2f01b733c9ad081d7b4cedb8b754187c5,12050,,,issue102_full_prompt,,CURATED_FROM_MEASURED,issue102_full_prompt,accepted,checksum-verified member within frozen authority,,
#102/issue102-cross-prompt-v1,host/protocol-bridge/legacy-s2-ctx768-03/stderr.log,08d85235c87ca327f337bf2a23a5250e06e2ae94ced24b687fbb05344f317a7f,67,,,issue102_full_prompt,,CURATED_FROM_MEASURED,issue102_full_prompt,accepted,checksum-verified member within frozen authority,,
#102/issue102-cross-prompt-v1,host/protocol-bridge/legacy-s2-ctx768-03/stdout.log,6fe11442efc39ef9affca1b462e7b622b0a578673626b8bffd8906dec9ce3146,9045,,,issue102_full_prompt,,CURATED_FROM_MEASURED,issue102_full_prompt,accepted,checksum-verified member within frozen authority,,
#102/issue102-cross-prompt-v1,host/protocol-bridge/pair-01-full-exact/envelope.json,8fce3ca787901336be2791ea55d0270dc7a76f649aed8f48550121d57d70b603,25337,,,issue102_full_prompt,,CURATED_FROM_MEASURED,issue102_full_prompt,accepted,checksum-verified member within frozen authority,,
#102/issue102-cross-prompt-v1,host/protocol-bridge/pair-01-full-exact/result.json,ed1c295f1cf3bd856b541220a3f5449daa5be4da7d6ea3347a8b4f9091283264,11986,,,issue102_full_prompt,,CURATED_FROM_MEASURED,issue102_full_prompt,accepted,checksum-verified member within frozen authority,,
#102/issue102-cross-prompt-v1,host/protocol-bridge/pair-01-full-exact/stderr.log,08d85235c87ca327f337bf2a23a5250e06e2ae94ced24b687fbb05344f317a7f,67,,,issue102_full_prompt,,CURATED_FROM_MEASURED,issue102_full_prompt,accepted,checksum-verified member within frozen authority,,
#102/issue102-cross-prompt-v1,host/protocol-bridge/pair-01-full-exact/stdout.log,9d4664f685f57a5c1086f7dd3912b1a207aeb86af2ae5e7ac15cc41b36cee651,8981,,,issue102_full_prompt,,CURATED_FROM_MEASURED,issue102_full_prompt,accepted,checksum-verified member within frozen authority,,
#102/issue102-cross-prompt-v1,host/protocol-bridge/pair-01-full-knee/envelope.json,10f767807142571c0e5de2d0080bb7a4796467fd7edb051af6788fafe130f27e,25326,,,issue102_full_prompt,,CURATED_FROM_MEASURED,issue102_full_prompt,accepted,checksum-verified member within frozen authority,,
#102/issue102-cross-prompt-v1,host/protocol-bridge/pair-01-full-knee/result.json,688117d38182cd12753595a7cf959fcf0e27313ec241aed1ff4063e3b60dbc03,12059,,,issue102_full_prompt,,CURATED_FROM_MEASURED,issue102_full_prompt,accepted,checksum-verified member within frozen authority,,
#102/issue102-cross-prompt-v1,host/protocol-bridge/pair-01-full-knee/stderr.log,08d85235c87ca327f337bf2a23a5250e06e2ae94ced24b687fbb05344f317a7f,67,,,issue102_full_prompt,,CURATED_FROM_MEASURED,issue102_full_prompt,accepted,checksum-verified member within frozen authority,,
#102/issue102-cross-prompt-v1,host/protocol-bridge/pair-01-full-knee/stdout.log,1ca14cc04d387d6836dd338babf6c98d60e846fc7ca83d1119257e45e265aa8b,9054,,,issue102_full_prompt,,CURATED_FROM_MEASURED,issue102_full_prompt,accepted,checksum-verified member within frozen authority,,
#102/issue102-cross-prompt-v1,host/protocol-bridge/pair-02-full-exact/envelope.json,840586e2a9ab5045ddb7dee34371de4b987e60c3d973334e44adb29652a9cc7f,25332,,,issue102_full_prompt,,CURATED_FROM_MEASURED,issue102_full_prompt,accepted,checksum-verified member within frozen authority,,
#102/issue102-cross-prompt-v1,host/protocol-bridge/pair-02-full-exact/result.json,6f99c167279e93c880b42c3e73a94e5639dc4c91ad624d82d4d221529491c976,11995,,,issue102_full_prompt,,CURATED_FROM_MEASURED,issue102_full_prompt,accepted,checksum-verified member within frozen authority,,
#102/issue102-cross-prompt-v1,host/protocol-bridge/pair-02-full-exact/stderr.log,08d85235c87ca327f337bf2a23a5250e06e2ae94ced24b687fbb05344f317a7f,67,,,issue102_full_prompt,,CURATED_FROM_MEASURED,issue102_full_prompt,accepted,checksum-verified member within frozen authority,,
#102/issue102-cross-prompt-v1,host/protocol-bridge/pair-02-full-exact/stdout.log,c48d21196c0b5ea6468fbbc7beeb830e4f9c7e0011b5e422f2d3b22f1aded895,8990,,,issue102_full_prompt,,CURATED_FROM_MEASURED,issue102_full_prompt,accepted,checksum-verified member within frozen authority,,
#102/issue102-cross-prompt-v1,host/protocol-bridge/pair-02-full-knee/envelope.json,065c2a219571b1019cd85c8af3e98e2b74df0d74bf7e7089000cd4cb65bc70bc,25324,,,issue102_full_prompt,,CURATED_FROM_MEASURED,issue102_full_prompt,accepted,checksum-verified member within frozen authority,,
#102/issue102-cross-prompt-v1,host/protocol-bridge/pair-02-full-knee/result.json,b9024cc16acc8457b833caef1d9585773370ab7c6607a1845755e1cb476555ee,12052,,,issue102_full_prompt,,CURATED_FROM_MEASURED,issue102_full_prompt,accepted,checksum-verified member within frozen authority,,
#102/issue102-cross-prompt-v1,host/protocol-bridge/pair-02-full-knee/stderr.log,08d85235c87ca327f337bf2a23a5250e06e2ae94ced24b687fbb05344f317a7f,67,,,issue102_full_prompt,,CURATED_FROM_MEASURED,issue102_full_prompt,accepted,checksum-verified member within frozen authority,,
#102/issue102-cross-prompt-v1,host/protocol-bridge/pair-02-full-knee/stdout.log,21adcb62b63ccc62a45202127f2e626fa8951a94eed3556a999713c1055f8fbf,9047,,,issue102_full_prompt,,CURATED_FROM_MEASURED,issue102_full_prompt,accepted,checksum-verified member within frozen authority,,
#102/issue102-cross-prompt-v1,host/protocol-bridge/pair-03-full-exact/envelope.json,a1cf93423991bbea66d07ffcaf827c0910bb4e0af793a4bceb22877dac128a89,25338,,,issue102_full_prompt,,CURATED_FROM_MEASURED,issue102_full_prompt,accepted,checksum-verified member within frozen authority,,
#102/issue102-cross-prompt-v1,host/protocol-bridge/pair-03-full-exact/result.json,9ac3de538bdc204e5e61e8afc60b622e432e644544bcf9d188d67cfee5f064d0,11994,,,issue102_full_prompt,,CURATED_FROM_MEASURED,issue102_full_prompt,accepted,checksum-verified member within frozen authority,,
#102/issue102-cross-prompt-v1,host/protocol-bridge/pair-03-full-exact/stderr.log,08d85235c87ca327f337bf2a23a5250e06e2ae94ced24b687fbb05344f317a7f,67,,,issue102_full_prompt,,CURATED_FROM_MEASURED,issue102_full_prompt,accepted,checksum-verified member within frozen authority,,
#102/issue102-cross-prompt-v1,host/protocol-bridge/pair-03-full-exact/stdout.log,65875a33a0fce93ba39210acecde42ef5bcdb9cf574225c88adde82cd7cd9375,8989,,,issue102_full_prompt,,CURATED_FROM_MEASURED,issue102_full_prompt,accepted,checksum-verified member within frozen authority,,
#102/issue102-cross-prompt-v1,host/protocol-bridge/pair-03-full-knee/envelope.json,1656a3bc8e2eac667b707910e7913a6a6f652c575e26a4e9a87f0fc653b82d8f,25334,,,issue102_full_prompt,,CURATED_FROM_MEASURED,issue102_full_prompt,accepted,checksum-verified member within frozen authority,,
#102/issue102-cross-prompt-v1,host/protocol-bridge/pair-03-full-knee/result.json,74ae63fbeb9db59984ffb5c01eb74ff7af002a30f300c6fcbf2258ec10c47e0b,12039,,,issue102_full_prompt,,CURATED_FROM_MEASURED,issue102_full_prompt,accepted,checksum-verified member within frozen authority,,
#102/issue102-cross-prompt-v1,host/protocol-bridge/pair-03-full-knee/stderr.log,08d85235c87ca327f337bf2a23a5250e06e2ae94ced24b687fbb05344f317a7f,67,,,issue102_full_prompt,,CURATED_FROM_MEASURED,issue102_full_prompt,accepted,checksum-verified member within frozen authority,,
#102/issue102-cross-prompt-v1,host/protocol-bridge/pair-03-full-knee/stdout.log,42c9cff88a801a4b59877b5819eaa300e4bb8168e17e86099dfe777602135802,9034,,,issue102_full_prompt,,CURATED_FROM_MEASURED,issue102_full_prompt,accepted,checksum-verified member within frozen authority,,
#102/issue102-cross-prompt-v1,host/qualification-clean/capacity-target-768-01/disposition.json,b0a473fafcdda94d303004f1c5d7bacf4157b5b1c6d02673dfb5e83b04f04598,1276,,,issue102_full_prompt,,CURATED_FROM_MEASURED,issue102_full_prompt,accepted,checksum-verified member within frozen authority,,
#102/issue102-cross-prompt-v1,host/qualification-clean/capacity-target-768-01/envelope.json,f4240afc613dc46334ad6875fd3087e3557ca462525afd6bf269ff120a305572,25756,,,issue102_full_prompt,,CURATED_FROM_MEASURED,issue102_full_prompt,accepted,checksum-verified member within frozen authority,,
#102/issue102-cross-prompt-v1,host/qualification-clean/capacity-target-768-01/result.json,df782fb945ad8089261bc0da31639b9e276ff4e6995ab7d20bb207472a3114f4,11204,,,issue102_full_prompt,,CURATED_FROM_MEASURED,issue102_full_prompt,accepted,checksum-verified member within frozen authority,,
#102/issue102-cross-prompt-v1,host/qualification-clean/capacity-target-768-01/stderr.log,08d85235c87ca327f337bf2a23a5250e06e2ae94ced24b687fbb05344f317a7f,67,,,issue102_full_prompt,,CURATED_FROM_MEASURED,issue102_full_prompt,accepted,checksum-verified member within frozen authority,,
#102/issue102-cross-prompt-v1,host/qualification-clean/capacity-target-768-01/stdout.log,fab452185102de21c338c3b7ca56c52147a27f2a20707fc9c610b0296317dc4f,8640,,,issue102_full_prompt,,CURATED_FROM_MEASURED,issue102_full_prompt,accepted,checksum-verified member within frozen authority,,
#102/issue102-cross-prompt-v1,host/qualification-clean/capacity-target-768-02/disposition.json,333a07411f09ad8faf2c3d03e444878cbf0dc8744ad9589f74dbb11ce753f9b3,1276,,,issue102_full_prompt,,CURATED_FROM_MEASURED,issue102_full_prompt,accepted,checksum-verified member within frozen authority,,
#102/issue102-cross-prompt-v1,host/qualification-clean/capacity-target-768-02/envelope.json,bbd40a6728b659f14caca5de46e6967187d9fd8646e278849263c698da8155c2,25772,,,issue102_full_prompt,,CURATED_FROM_MEASURED,issue102_full_prompt,accepted,checksum-verified member within frozen authority,,
#102/issue102-cross-prompt-v1,host/qualification-clean/capacity-target-768-02/result.json,fe9dbc9108fd26c52e713ac0e05469718c6b81d1bca216acf512e5b2fb616131,11206,,,issue102_full_prompt,,CURATED_FROM_MEASURED,issue102_full_prompt,accepted,checksum-verified member within frozen authority,,
#102/issue102-cross-prompt-v1,host/qualification-clean/capacity-target-768-02/stderr.log,08d85235c87ca327f337bf2a23a5250e06e2ae94ced24b687fbb05344f317a7f,67,,,issue102_full_prompt,,CURATED_FROM_MEASURED,issue102_full_prompt,accepted,checksum-verified member within frozen authority,,
#102/issue102-cross-prompt-v1,host/qualification-clean/capacity-target-768-02/stdout.log,e47618e9d398e0897ee1c7cc1aa9e10041787d83b92f1e0b011a124868f926f9,8642,,,issue102_full_prompt,,CURATED_FROM_MEASURED,issue102_full_prompt,accepted,checksum-verified member within frozen authority,,
#102/issue102-cross-prompt-v1,host/qualification-clean/capacity-target-768-03/disposition.json,e153ab7c558ed838ac0e3a5d437273b4a9b02d58828627b03cbe0c7a940e49d7,1276,,,issue102_full_prompt,,CURATED_FROM_MEASURED,issue102_full_prompt,accepted,checksum-verified member within frozen authority,,
#102/issue102-cross-prompt-v1,host/qualification-clean/capacity-target-768-03/envelope.json,fc20b1d1d8564a811fb59bb799eb4f1daf1980715acb652c40c54033eb04649c,25764,,,issue102_full_prompt,,CURATED_FROM_MEASURED,issue102_full_prompt,accepted,checksum-verified member within frozen authority,,
#102/issue102-cross-prompt-v1,host/qualification-clean/capacity-target-768-03/result.json,f51e3291533fa33b16225c9992f7e5ef06df762975dddf98109161d96e716a37,11200,,,issue102_full_prompt,,CURATED_FROM_MEASURED,issue102_full_prompt,accepted,checksum-verified member within frozen authority,,
#102/issue102-cross-prompt-v1,host/qualification-clean/capacity-target-768-03/stderr.log,08d85235c87ca327f337bf2a23a5250e06e2ae94ced24b687fbb05344f317a7f,67,,,issue102_full_prompt,,CURATED_FROM_MEASURED,issue102_full_prompt,accepted,checksum-verified member within frozen authority,,
#102/issue102-cross-prompt-v1,host/qualification-clean/capacity-target-768-03/stdout.log,6c4029517ff49e4308e27a5aa9e3c7456297618750efb72d76a020d11ba40181,8636,,,issue102_full_prompt,,CURATED_FROM_MEASURED,issue102_full_prompt,accepted,checksum-verified member within frozen authority,,
#102/issue102-cross-prompt-v1,host/qualification-clean/legacy-parity-exact-7849-clean-01/envelope.json,68a4bc301e2c53c57ea889640f2cbb16c3cf433bd3396cbe9a9ad406f20c1e54,25256,,,issue102_full_prompt,,CURATED_FROM_MEASURED,issue102_full_prompt,accepted,checksum-verified member within frozen authority,,
#102/issue102-cross-prompt-v1,host/qualification-clean/legacy-parity-exact-7849-clean-01/result.json,21196a5e3db73df63f41b068755e38d26f62521b2e4055dd8bcf6f94ca971e90,12060,,,issue102_full_prompt,,CURATED_FROM_MEASURED,issue102_full_prompt,accepted,checksum-verified member within frozen authority,,
#102/issue102-cross-prompt-v1,host/qualification-clean/legacy-parity-exact-7849-clean-01/stderr.log,08d85235c87ca327f337bf2a23a5250e06e2ae94ced24b687fbb05344f317a7f,67,,,issue102_full_prompt,,CURATED_FROM_MEASURED,issue102_full_prompt,accepted,checksum-verified member within frozen authority,,
#102/issue102-cross-prompt-v1,host/qualification-clean/legacy-parity-exact-7849-clean-01/stdout.log,2652f725474e5a3e8b0f49046e11fc6d617a000fb7500dc1c9dbb952b9a07b97,9055,,,issue102_full_prompt,,CURATED_FROM_MEASURED,issue102_full_prompt,accepted,checksum-verified member within frozen authority,,
#102/issue102-cross-prompt-v1,host/qualification/capacity-auto-01/envelope.json,d065482aaf7a1df97530e6b2cb27e4afe97f4587820d26f7383c618d7a04195e,26289,,,issue102_full_prompt,,CURATED_FROM_MEASURED,issue102_full_prompt,accepted,checksum-verified member within frozen authority,,
#102/issue102-cross-prompt-v1,host/qualification/capacity-auto-01/result.json,0eb08526df3e7a782d4661a1e54ab43e8bace95c393e99965e1f69651c8bfce4,11158,,,issue102_full_prompt,,CURATED_FROM_MEASURED,issue102_full_prompt,accepted,checksum-verified member within frozen authority,,
#102/issue102-cross-prompt-v1,host/qualification/capacity-auto-01/stderr.log,08d85235c87ca327f337bf2a23a5250e06e2ae94ced24b687fbb05344f317a7f,67,,,issue102_full_prompt,,CURATED_FROM_MEASURED,issue102_full_prompt,accepted,checksum-verified member within frozen authority,,
#102/issue102-cross-prompt-v1,host/qualification/capacity-auto-01/stdout.log,a01cad9847e5dccc3c67c2b253efb84c8f32d0abbacfbc0df34bcc662aa7d069,8594,,,issue102_full_prompt,,CURATED_FROM_MEASURED,issue102_full_prompt,accepted,checksum-verified member within frozen authority,,
#102/issue102-cross-prompt-v1,host/qualification/capacity-target-01/disposition.json,6a6d5cabf146b11af135ac6fffb8f32c4e14167c9a12d82b3fcc01ad34ed6026,582,,,issue102_full_prompt,,CURATED_FROM_MEASURED,issue102_full_prompt,accepted,checksum-verified member within frozen authority,,
#102/issue102-cross-prompt-v1,host/qualification/capacity-target-01/envelope.json,6a4bfa2fe78a75cf7acae8daf6f385888a19559f27a78d1b60f60106bc606aeb,26238,,,issue102_full_prompt,,CURATED_FROM_MEASURED,issue102_full_prompt,accepted,checksum-verified member within frozen authority,,
#102/issue102-cross-prompt-v1,host/qualification/capacity-target-01/stderr.log,0f6d3b45b046f4f26da59ca25cecadcaa15a9e5775db736de622def87ba53267,332,,,issue102_full_prompt,,CURATED_FROM_MEASURED,issue102_full_prompt,accepted,checksum-verified member within frozen authority,,
#102/issue102-cross-prompt-v1,host/qualification/capacity-target-01/stdout.log,e3b0c44298fc1c149afbf4c8996fb92427ae41e4649b934ca495991b7852b855,0,,,issue102_full_prompt,,CURATED_FROM_MEASURED,issue102_full_prompt,accepted,checksum-verified member within frozen authority,,
#102/issue102-cross-prompt-v1,host/qualification/capacity-target-02/disposition.json,aebfea8bcb9c055f33a20a2bab9a3e0ce2c9e77014ad47dbbf64ef2ddb1b3573,582,,,issue102_full_prompt,,CURATED_FROM_MEASURED,issue102_full_prompt,accepted,checksum-verified member within frozen authority,,
#102/issue102-cross-prompt-v1,host/qualification/capacity-target-02/envelope.json,6f717e3e05e19c8094126c75a527550752c97a084dcea1abba06e113de918e93,26249,,,issue102_full_prompt,,CURATED_FROM_MEASURED,issue102_full_prompt,accepted,checksum-verified member within frozen authority,,
#102/issue102-cross-prompt-v1,host/qualification/capacity-target-02/stderr.log,0f6d3b45b046f4f26da59ca25cecadcaa15a9e5775db736de622def87ba53267,332,,,issue102_full_prompt,,CURATED_FROM_MEASURED,issue102_full_prompt,accepted,checksum-verified member within frozen authority,,
#102/issue102-cross-prompt-v1,host/qualification/capacity-target-02/stdout.log,e3b0c44298fc1c149afbf4c8996fb92427ae41e4649b934ca495991b7852b855,0,,,issue102_full_prompt,,CURATED_FROM_MEASURED,issue102_full_prompt,accepted,checksum-verified member within frozen authority,,
#102/issue102-cross-prompt-v1,host/qualification/capacity-target-03/disposition.json,e74417e833f342e226e10126036e477857e80f79c20f383df8db349a4775d497,582,,,issue102_full_prompt,,CURATED_FROM_MEASURED,issue102_full_prompt,accepted,checksum-verified member within frozen authority,,
#102/issue102-cross-prompt-v1,host/qualification/capacity-target-03/envelope.json,e388a64f4f937fed3b7abc573b9e960f721d6acb1cd961c3468cc30124892d81,26230,,,issue102_full_prompt,,CURATED_FROM_MEASURED,issue102_full_prompt,accepted,checksum-verified member within frozen authority,,
#102/issue102-cross-prompt-v1,host/qualification/capacity-target-03/stderr.log,0f6d3b45b046f4f26da59ca25cecadcaa15a9e5775db736de622def87ba53267,332,,,issue102_full_prompt,,CURATED_FROM_MEASURED,issue102_full_prompt,accepted,checksum-verified member within frozen authority,,
#102/issue102-cross-prompt-v1,host/qualification/capacity-target-03/stdout.log,e3b0c44298fc1c149afbf4c8996fb92427ae41e4649b934ca495991b7852b855,0,,,issue102_full_prompt,,CURATED_FROM_MEASURED,issue102_full_prompt,accepted,checksum-verified member within frozen authority,,
#102/issue102-cross-prompt-v1,host/qualification/legacy-parity-01/envelope.json,01d3a877b4578fc268ca252da15cf3792d3235ef56711c1b4e49084b270ab347,25794,,,issue102_full_prompt,,CURATED_FROM_MEASURED,issue102_full_prompt,accepted,checksum-verified member within frozen authority,,
#102/issue102-cross-prompt-v1,host/qualification/legacy-parity-01/stderr.log,0f6d3b45b046f4f26da59ca25cecadcaa15a9e5775db736de622def87ba53267,332,,,issue102_full_prompt,,CURATED_FROM_MEASURED,issue102_full_prompt,accepted,checksum-verified member within frozen authority,,
#102/issue102-cross-prompt-v1,host/qualification/legacy-parity-01/stdout.log,e3b0c44298fc1c149afbf4c8996fb92427ae41e4649b934ca495991b7852b855,0,,,issue102_full_prompt,,CURATED_FROM_MEASURED,issue102_full_prompt,accepted,checksum-verified member within frozen authority,,
#102/issue102-cross-prompt-v1,host/qualification/legacy-parity-02/envelope.json,5cf184267f53bf884ca3c47ff39701627fd0cab848a859f7d9512d88b15287be,25782,,,issue102_full_prompt,,CURATED_FROM_MEASURED,issue102_full_prompt,accepted,checksum-verified member within frozen authority,,
#102/issue102-cross-prompt-v1,host/qualification/legacy-parity-02/stderr.log,0f6d3b45b046f4f26da59ca25cecadcaa15a9e5775db736de622def87ba53267,332,,,issue102_full_prompt,,CURATED_FROM_MEASURED,issue102_full_prompt,accepted,checksum-verified member within frozen authority,,
#102/issue102-cross-prompt-v1,host/qualification/legacy-parity-02/stdout.log,e3b0c44298fc1c149afbf4c8996fb92427ae41e4649b934ca495991b7852b855,0,,,issue102_full_prompt,,CURATED_FROM_MEASURED,issue102_full_prompt,accepted,checksum-verified member within frozen authority,,
#102/issue102-cross-prompt-v1,host/sentinel-baseline/sentinel-full-01/envelope.json,a5337f686c1af889bfc3971ff1e99cd603f77dac4a63eba8af37fcbbd93ac66f,25332,,,issue102_full_prompt,,CURATED_FROM_MEASURED,issue102_full_prompt,accepted,checksum-verified member within frozen authority,,
#102/issue102-cross-prompt-v1,host/sentinel-baseline/sentinel-full-01/result.json,8140dade12c623db448f47de7cd7944b49fcc4627d7bf088112a0843c71d5fb2,12036,,,issue102_full_prompt,,CURATED_FROM_MEASURED,issue102_full_prompt,accepted,checksum-verified member within frozen authority,,
#102/issue102-cross-prompt-v1,host/sentinel-baseline/sentinel-full-01/stderr.log,08d85235c87ca327f337bf2a23a5250e06e2ae94ced24b687fbb05344f317a7f,67,,,issue102_full_prompt,,CURATED_FROM_MEASURED,issue102_full_prompt,accepted,checksum-verified member within frozen authority,,
#102/issue102-cross-prompt-v1,host/sentinel-baseline/sentinel-full-01/stdout.log,2b559b980299d2cbb7bbfec9cc3170481d403437f0ac7185107f972f24491962,9031,,,issue102_full_prompt,,CURATED_FROM_MEASURED,issue102_full_prompt,accepted,checksum-verified member within frozen authority,,
#102/issue102-cross-prompt-v1,host/sentinel-baseline/sentinel-full-02/envelope.json,f9f1c9c4ef2f9554beefec6fe574ca7224ad3d4935c231f9fff24371c9d80f70,25336,,,issue102_full_prompt,,CURATED_FROM_MEASURED,issue102_full_prompt,accepted,checksum-verified member within frozen authority,,
#102/issue102-cross-prompt-v1,host/sentinel-baseline/sentinel-full-02/result.json,95f74cbfa6910d4864797b6c0670e8cb9c90cb059a134f08360625cee47aa355,12051,,,issue102_full_prompt,,CURATED_FROM_MEASURED,issue102_full_prompt,accepted,checksum-verified member within frozen authority,,
#102/issue102-cross-prompt-v1,host/sentinel-baseline/sentinel-full-02/stderr.log,08d85235c87ca327f337bf2a23a5250e06e2ae94ced24b687fbb05344f317a7f,67,,,issue102_full_prompt,,CURATED_FROM_MEASURED,issue102_full_prompt,accepted,checksum-verified member within frozen authority,,
#102/issue102-cross-prompt-v1,host/sentinel-baseline/sentinel-full-02/stdout.log,12b7eb528438317a7c8156ea581077d67b2594dc0f7688ff550e9071cb63fc94,9046,,,issue102_full_prompt,,CURATED_FROM_MEASURED,issue102_full_prompt,accepted,checksum-verified member within frozen authority,,
#102/issue102-cross-prompt-v1,host/sentinel-baseline/sentinel-full-03/envelope.json,a01d44d8c742bd2410d57ab5a82d49b64ce3ba8c02b17b58dccf23b8f0faba2b,25316,,,issue102_full_prompt,,CURATED_FROM_MEASURED,issue102_full_prompt,accepted,checksum-verified member within frozen authority,,
#102/issue102-cross-prompt-v1,host/sentinel-baseline/sentinel-full-03/result.json,0446e5171d95d12e7c9e47105fd436cb2ee1f7bfadc1627adcb530a3cb5cfaa8,12046,,,issue102_full_prompt,,CURATED_FROM_MEASURED,issue102_full_prompt,accepted,checksum-verified member within frozen authority,,
#102/issue102-cross-prompt-v1,host/sentinel-baseline/sentinel-full-03/stderr.log,08d85235c87ca327f337bf2a23a5250e06e2ae94ced24b687fbb05344f317a7f,67,,,issue102_full_prompt,,CURATED_FROM_MEASURED,issue102_full_prompt,accepted,checksum-verified member within frozen authority,,
#102/issue102-cross-prompt-v1,host/sentinel-baseline/sentinel-full-03/stdout.log,6843c82a018851f4dc4d6340ca4faf4c6e40b7d6413238543c30a10b095bb8de,9041,,,issue102_full_prompt,,CURATED_FROM_MEASURED,issue102_full_prompt,accepted,checksum-verified member within frozen authority,,
#102/issue102-cross-prompt-v1,host/stage-a-sentinels/round-01-sentinel/envelope.json,e5d350ed28427f390aa692ef4cd01934b39ac719b6d8634cc7421b4d4788face,25342,,,issue102_full_prompt,S2_P50,MEASURED_PHYSICAL,issue102_full_prompt,accepted,checksum-verified member within frozen authority,,
#102/issue102-cross-prompt-v1,host/stage-a-sentinels/round-01-sentinel/result.json,116b20b2c9a5b2779aba18f7ca1cbc86098b8f6153c8b59c90d8e9f8a58c6d77,12054,,,issue102_full_prompt,S2_P50,MEASURED_PHYSICAL,issue102_full_prompt,accepted,checksum-verified member within frozen authority,,
#102/issue102-cross-prompt-v1,host/stage-a-sentinels/round-01-sentinel/stderr.log,08d85235c87ca327f337bf2a23a5250e06e2ae94ced24b687fbb05344f317a7f,67,,,issue102_full_prompt,S2_P50,MEASURED_PHYSICAL,issue102_full_prompt,accepted,checksum-verified member within frozen authority,,
#102/issue102-cross-prompt-v1,host/stage-a-sentinels/round-01-sentinel/stdout.log,5bf42c9bb7818cdff04593d488d7e98eb7daeab95becf33ae1a45ade040ccb76,9049,,,issue102_full_prompt,S2_P50,MEASURED_PHYSICAL,issue102_full_prompt,accepted,checksum-verified member within frozen authority,,
#102/issue102-cross-prompt-v1,host/stage-a-sentinels/round-02-sentinel/envelope.json,71498b0f6f38c213bf28314df32516a865674108d035a6524c63feafe2e60524,25375,,,issue102_full_prompt,S2_P50,MEASURED_PHYSICAL,issue102_full_prompt,accepted,checksum-verified member within frozen authority,,
#102/issue102-cross-prompt-v1,host/stage-a-sentinels/round-02-sentinel/result.json,23e245256f43f44d6d61a4babc9208a9673e793de23e0de6e7d6268e4791a380,12051,,,issue102_full_prompt,S2_P50,MEASURED_PHYSICAL,issue102_full_prompt,accepted,checksum-verified member within frozen authority,,
#102/issue102-cross-prompt-v1,host/stage-a-sentinels/round-02-sentinel/stderr.log,08d85235c87ca327f337bf2a23a5250e06e2ae94ced24b687fbb05344f317a7f,67,,,issue102_full_prompt,S2_P50,MEASURED_PHYSICAL,issue102_full_prompt,accepted,checksum-verified member within frozen authority,,
#102/issue102-cross-prompt-v1,host/stage-a-sentinels/round-02-sentinel/stdout.log,60687ec74f5792df0161f2d4b80812116827535218b3d672627755dedf7d83e1,9046,,,issue102_full_prompt,S2_P50,MEASURED_PHYSICAL,issue102_full_prompt,accepted,checksum-verified member within frozen authority,,
#102/issue102-cross-prompt-v1,host/stage-a-sentinels/round-03-sentinel/envelope.json,c00c19df38c3c7e47e43ea34da1fd9f7a09376e3510d6256368efd0cad087754,25381,,,issue102_full_prompt,S2_P50,MEASURED_PHYSICAL,issue102_full_prompt,accepted,checksum-verified member within frozen authority,,
#102/issue102-cross-prompt-v1,host/stage-a-sentinels/round-03-sentinel/result.json,ccfdfef0b64a97b2539e687c27ac1e3f1fd3cd2121330b54fdd3051ce8b07229,12054,,,issue102_full_prompt,S2_P50,MEASURED_PHYSICAL,issue102_full_prompt,accepted,checksum-verified member within frozen authority,,
#102/issue102-cross-prompt-v1,host/stage-a-sentinels/round-03-sentinel/stderr.log,08d85235c87ca327f337bf2a23a5250e06e2ae94ced24b687fbb05344f317a7f,67,,,issue102_full_prompt,S2_P50,MEASURED_PHYSICAL,issue102_full_prompt,accepted,checksum-verified member within frozen authority,,
#102/issue102-cross-prompt-v1,host/stage-a-sentinels/round-03-sentinel/stdout.log,59f0e20fde1f09718788b99be3bcf898a7310220c5dfabda6204738cd8ea70ff,9049,,,issue102_full_prompt,S2_P50,MEASURED_PHYSICAL,issue102_full_prompt,accepted,checksum-verified member within frozen authority,,
#102/issue102-cross-prompt-v1,host/stage-a-sentinels/round-04-sentinel/envelope.json,dce83f40f589b2197e4493f58231d37b44072cc6444890b2f077faafc3bb055e,25384,,,issue102_full_prompt,S2_P50,MEASURED_PHYSICAL,issue102_full_prompt,accepted,checksum-verified member within frozen authority,,
#102/issue102-cross-prompt-v1,host/stage-a-sentinels/round-04-sentinel/result.json,19abd7964cf837b9e15e3cd2b7f1ba11c27d876f74cd36726f4f1133b10c56bd,12049,,,issue102_full_prompt,S2_P50,MEASURED_PHYSICAL,issue102_full_prompt,accepted,checksum-verified member within frozen authority,,
#102/issue102-cross-prompt-v1,host/stage-a-sentinels/round-04-sentinel/stderr.log,08d85235c87ca327f337bf2a23a5250e06e2ae94ced24b687fbb05344f317a7f,67,,,issue102_full_prompt,S2_P50,MEASURED_PHYSICAL,issue102_full_prompt,accepted,checksum-verified member within frozen authority,,
#102/issue102-cross-prompt-v1,host/stage-a-sentinels/round-04-sentinel/stdout.log,b0f2b2768f0238bd749d8c750fb186ed94300512f01380f7f06e89554181502e,9044,,,issue102_full_prompt,S2_P50,MEASURED_PHYSICAL,issue102_full_prompt,accepted,checksum-verified member within frozen authority,,
#102/issue102-cross-prompt-v1,host/stage-a-sentinels/round-05-sentinel/envelope.json,03edf018c2fa69148078f35eb7da8aac5ce166d5956a352b4400ebb212466198,25391,,,issue102_full_prompt,S2_P50,MEASURED_PHYSICAL,issue102_full_prompt,accepted,checksum-verified member within frozen authority,,
#102/issue102-cross-prompt-v1,host/stage-a-sentinels/round-05-sentinel/result.json,95f5e4e72252fad4272cb6b9a044b6657c26f68682a4f2cafc6d73a9b0f93de4,12055,,,issue102_full_prompt,S2_P50,MEASURED_PHYSICAL,issue102_full_prompt,accepted,checksum-verified member within frozen authority,,
#102/issue102-cross-prompt-v1,host/stage-a-sentinels/round-05-sentinel/stderr.log,08d85235c87ca327f337bf2a23a5250e06e2ae94ced24b687fbb05344f317a7f,67,,,issue102_full_prompt,S2_P50,MEASURED_PHYSICAL,issue102_full_prompt,accepted,checksum-verified member within frozen authority,,
#102/issue102-cross-prompt-v1,host/stage-a-sentinels/round-05-sentinel/stdout.log,67107f591d0ca2c037c12ded6a2fd8af32f57deb46217f6f347759b53dc5d27f,9050,,,issue102_full_prompt,S2_P50,MEASURED_PHYSICAL,issue102_full_prompt,accepted,checksum-verified member within frozen authority,,
#102/issue102-cross-prompt-v1,host/stage-a-sentinels/round-06-sentinel/envelope.json,4ab7e60ba57ea7490c7e1525c7d3658aca23db9f7373f6ee94a99fde7cdc1e63,25384,,,issue102_full_prompt,S2_P50,MEASURED_PHYSICAL,issue102_full_prompt,accepted,checksum-verified member within frozen authority,,
#102/issue102-cross-prompt-v1,host/stage-a-sentinels/round-06-sentinel/result.json,5267325172ad235d71ab61e5adcfa5c2081aaab37bc33f1e94e2691cdd4bade8,12053,,,issue102_full_prompt,S2_P50,MEASURED_PHYSICAL,issue102_full_prompt,accepted,checksum-verified member within frozen authority,,
#102/issue102-cross-prompt-v1,host/stage-a-sentinels/round-06-sentinel/stderr.log,08d85235c87ca327f337bf2a23a5250e06e2ae94ced24b687fbb05344f317a7f,67,,,issue102_full_prompt,S2_P50,MEASURED_PHYSICAL,issue102_full_prompt,accepted,checksum-verified member within frozen authority,,
#102/issue102-cross-prompt-v1,host/stage-a-sentinels/round-06-sentinel/stdout.log,7c20e6d8cd988d75eb83818e57af8575c3697228540cf187097aaf446c55c4e8,9048,,,issue102_full_prompt,S2_P50,MEASURED_PHYSICAL,issue102_full_prompt,accepted,checksum-verified member within frozen authority,,
#102/issue102-cross-prompt-v1,host/stage-a-sentinels/round-07-sentinel/envelope.json,0f709d72eac18a7d8faa674c949f4cf58b4dcb0a6fc27abe1851777dffad1dc6,25372,,,issue102_full_prompt,S2_P50,MEASURED_PHYSICAL,issue102_full_prompt,accepted,checksum-verified member within frozen authority,,
#102/issue102-cross-prompt-v1,host/stage-a-sentinels/round-07-sentinel/result.json,2c39e3fa6b303f16367a428b55148900c09e5977b1eb6051976fe5a9392e0aab,12044,,,issue102_full_prompt,S2_P50,MEASURED_PHYSICAL,issue102_full_prompt,accepted,checksum-verified member within frozen authority,,
#102/issue102-cross-prompt-v1,host/stage-a-sentinels/round-07-sentinel/stderr.log,08d85235c87ca327f337bf2a23a5250e06e2ae94ced24b687fbb05344f317a7f,67,,,issue102_full_prompt,S2_P50,MEASURED_PHYSICAL,issue102_full_prompt,accepted,checksum-verified member within frozen authority,,
#102/issue102-cross-prompt-v1,host/stage-a-sentinels/round-07-sentinel/stdout.log,3b5920d1983a3460411359379e4f840ae30da1664cf3a0e993d0533375283a50,9039,,,issue102_full_prompt,S2_P50,MEASURED_PHYSICAL,issue102_full_prompt,accepted,checksum-verified member within frozen authority,,
#102/issue102-cross-prompt-v1,host/stage-a-sentinels/round-08-sentinel/envelope.json,80b6fc074b579eb75f80f93b093db3cd6b877535ef9680712d76703686c7185e,25383,,,issue102_full_prompt,S2_P50,MEASURED_PHYSICAL,issue102_full_prompt,accepted,checksum-verified member within frozen authority,,
#102/issue102-cross-prompt-v1,host/stage-a-sentinels/round-08-sentinel/result.json,c3eda5d3674fddfc060e3425483ea652d331f7365cb3eaf1f0104a78554762af,12055,,,issue102_full_prompt,S2_P50,MEASURED_PHYSICAL,issue102_full_prompt,accepted,checksum-verified member within frozen authority,,
#102/issue102-cross-prompt-v1,host/stage-a-sentinels/round-08-sentinel/stderr.log,08d85235c87ca327f337bf2a23a5250e06e2ae94ced24b687fbb05344f317a7f,67,,,issue102_full_prompt,S2_P50,MEASURED_PHYSICAL,issue102_full_prompt,accepted,checksum-verified member within frozen authority,,
#102/issue102-cross-prompt-v1,host/stage-a-sentinels/round-08-sentinel/stdout.log,027cff0b19bbc40a9cf6c487b849313bd71e71d756a55541de6795e78cb8c262,9050,,,issue102_full_prompt,S2_P50,MEASURED_PHYSICAL,issue102_full_prompt,accepted,checksum-verified member within frozen authority,,
#102/issue102-cross-prompt-v1,host/stage-a/run-001-01-math-b1/envelope.json,c39b44f2811273b63be17498f09ed80fe2e8825e5a07f44a31d0c8554b08132d,25308,,01-math-b1,issue102_full_prompt,S2_P50,MEASURED_PHYSICAL,issue102_full_prompt,accepted,checksum-verified member within frozen authority,,
#102/issue102-cross-prompt-v1,host/stage-a/run-001-01-math-b1/result.json,eaac1bc84ed8d1cb20d253313383296d103b4a22e33f0cfc46f5d155560ad2a7,12047,,01-math-b1,issue102_full_prompt,S2_P50,MEASURED_PHYSICAL,issue102_full_prompt,accepted,checksum-verified member within frozen authority,,
#102/issue102-cross-prompt-v1,host/stage-a/run-001-01-math-b1/stderr.log,08d85235c87ca327f337bf2a23a5250e06e2ae94ced24b687fbb05344f317a7f,67,,01-math-b1,issue102_full_prompt,S2_P50,MEASURED_PHYSICAL,issue102_full_prompt,accepted,checksum-verified member within frozen authority,,
#102/issue102-cross-prompt-v1,host/stage-a/run-001-01-math-b1/stdout.log,fc290b52130e57dbf77bfd39774f35d061713338ea48258110e1872ead52aef6,9042,,01-math-b1,issue102_full_prompt,S2_P50,MEASURED_PHYSICAL,issue102_full_prompt,accepted,checksum-verified member within frozen authority,,
#102/issue102-cross-prompt-v1,host/stage-a/run-002-02-formal-b1/envelope.json,13f0f9566cd4cb2c92bfe3233df7a0b56d46aa627dc35bc17ed1234fea9383fc,25310,,02-formal-b1,issue102_full_prompt,S2_P50,MEASURED_PHYSICAL,issue102_full_prompt,accepted,checksum-verified member within frozen authority,,
#102/issue102-cross-prompt-v1,host/stage-a/run-002-02-formal-b1/result.json,0af0eaf98b3463e12bea6d30ec0d97055907629373b73df969f6419eae23bfa1,12060,,02-formal-b1,issue102_full_prompt,S2_P50,MEASURED_PHYSICAL,issue102_full_prompt,accepted,checksum-verified member within frozen authority,,
#102/issue102-cross-prompt-v1,host/stage-a/run-002-02-formal-b1/stderr.log,08d85235c87ca327f337bf2a23a5250e06e2ae94ced24b687fbb05344f317a7f,67,,02-formal-b1,issue102_full_prompt,S2_P50,MEASURED_PHYSICAL,issue102_full_prompt,accepted,checksum-verified member within frozen authority,,
#102/issue102-cross-prompt-v1,host/stage-a/run-002-02-formal-b1/stdout.log,feff72ee81ae9a86586a7397a9f7a9a89acac711e44bf258f73f51134c4fbdee,9055,,02-formal-b1,issue102_full_prompt,S2_P50,MEASURED_PHYSICAL,issue102_full_prompt,accepted,checksum-verified member within frozen authority,,
#102/issue102-cross-prompt-v1,host/stage-a/run-003-03-science-b1/envelope.json,d324671dc0558b087b0213689b68af5e678131b48565f6519ade59a06278609f,25318,,03-science-b1,issue102_full_prompt,S2_P50,MEASURED_PHYSICAL,issue102_full_prompt,accepted,checksum-verified member within frozen authority,,
#102/issue102-cross-prompt-v1,host/stage-a/run-003-03-science-b1/result.json,0dc75e5e5c6af1d124cb8b77757fda9685ce484eb466be291dade58eb4e4131a,12048,,03-science-b1,issue102_full_prompt,S2_P50,MEASURED_PHYSICAL,issue102_full_prompt,accepted,checksum-verified member within frozen authority,,
#102/issue102-cross-prompt-v1,host/stage-a/run-003-03-science-b1/stderr.log,08d85235c87ca327f337bf2a23a5250e06e2ae94ced24b687fbb05344f317a7f,67,,03-science-b1,issue102_full_prompt,S2_P50,MEASURED_PHYSICAL,issue102_full_prompt,accepted,checksum-verified member within frozen authority,,
#102/issue102-cross-prompt-v1,host/stage-a/run-003-03-science-b1/stdout.log,6445a9292d8ed889fe95421d75decef6e72c5fab4a2a992520f41edb15c1ad29,9043,,03-science-b1,issue102_full_prompt,S2_P50,MEASURED_PHYSICAL,issue102_full_prompt,accepted,checksum-verified member within frozen authority,,
#102/issue102-cross-prompt-v1,host/stage-a/run-004-04-factual-b1/envelope.json,8fe9d47113a48ffba219959ef527cefb1a3bbe6f6b40ee0374541e796fd2b1e7,25327,,04-factual-b1,issue102_full_prompt,S2_P50,MEASURED_PHYSICAL,issue102_full_prompt,accepted,checksum-verified member within frozen authority,,
#102/issue102-cross-prompt-v1,host/stage-a/run-004-04-factual-b1/result.json,073729885989877f935dbd76acc0f33da8d3c155366e89bf4e2f3365ac5ae7a4,12063,,04-factual-b1,issue102_full_prompt,S2_P50,MEASURED_PHYSICAL,issue102_full_prompt,accepted,checksum-verified member within frozen authority,,
#102/issue102-cross-prompt-v1,host/stage-a/run-004-04-factual-b1/stderr.log,08d85235c87ca327f337bf2a23a5250e06e2ae94ced24b687fbb05344f317a7f,67,,04-factual-b1,issue102_full_prompt,S2_P50,MEASURED_PHYSICAL,issue102_full_prompt,accepted,checksum-verified member within frozen authority,,
#102/issue102-cross-prompt-v1,host/stage-a/run-004-04-factual-b1/stdout.log,17087350703985f01b25d815844919a6911c6741a4c2d9a4774aa895a2241c02,9058,,04-factual-b1,issue102_full_prompt,S2_P50,MEASURED_PHYSICAL,issue102_full_prompt,accepted,checksum-verified member within frozen authority,,
#102/issue102-cross-prompt-v1,host/stage-a/run-005-05-codegen-b1/envelope.json,cd73d6f8d45e95019f01ae25e8d0148aafb23844c5e6c82140b3c0b1ba60be52,25315,,05-codegen-b1,issue102_full_prompt,S2_P50,MEASURED_PHYSICAL,issue102_full_prompt,accepted,checksum-verified member within frozen authority,,
#102/issue102-cross-prompt-v1,host/stage-a/run-005-05-codegen-b1/result.json,80b38dc58005a825ef7e75659a7915301f9297b2a19eb29b508f667d35281ee3,12040,,05-codegen-b1,issue102_full_prompt,S2_P50,MEASURED_PHYSICAL,issue102_full_prompt,accepted,checksum-verified member within frozen authority,,
#102/issue102-cross-prompt-v1,host/stage-a/run-005-05-codegen-b1/stderr.log,08d85235c87ca327f337bf2a23a5250e06e2ae94ced24b687fbb05344f317a7f,67,,05-codegen-b1,issue102_full_prompt,S2_P50,MEASURED_PHYSICAL,issue102_full_prompt,accepted,checksum-verified member within frozen authority,,
#102/issue102-cross-prompt-v1,host/stage-a/run-005-05-codegen-b1/stdout.log,4f429c471554e4f8d7f06985b94c8383fbd39931a06ee3a342abf85438eaba2d,9035,,05-codegen-b1,issue102_full_prompt,S2_P50,MEASURED_PHYSICAL,issue102_full_prompt,accepted,checksum-verified member within frozen authority,,
#102/issue102-cross-prompt-v1,host/stage-a/run-006-06-debug-b1/envelope.json,18fa7e10cad82c40e12f48255ddce5a145d2a66d89b59fe0d7c12c54c62618db,25303,,06-debug-b1,issue102_full_prompt,S2_P50,MEASURED_PHYSICAL,issue102_full_prompt,accepted,checksum-verified member within frozen authority,,
#102/issue102-cross-prompt-v1,host/stage-a/run-006-06-debug-b1/result.json,c0399f3f1e7ff85cd252bd0065b8664a73d64307aa886c077b42a460236d566b,12047,,06-debug-b1,issue102_full_prompt,S2_P50,MEASURED_PHYSICAL,issue102_full_prompt,accepted,checksum-verified member within frozen authority,,
#102/issue102-cross-prompt-v1,host/stage-a/run-006-06-debug-b1/stderr.log,08d85235c87ca327f337bf2a23a5250e06e2ae94ced24b687fbb05344f317a7f,67,,06-debug-b1,issue102_full_prompt,S2_P50,MEASURED_PHYSICAL,issue102_full_prompt,accepted,checksum-verified member within frozen authority,,
#102/issue102-cross-prompt-v1,host/stage-a/run-006-06-debug-b1/stdout.log,93ca4d3ee9eef0198bf32b9293649410358bb4ae59cea0034fe81c9bd51bdb11,9042,,06-debug-b1,issue102_full_prompt,S2_P50,MEASURED_PHYSICAL,issue102_full_prompt,accepted,checksum-verified member within frozen authority,,
#102/issue102-cross-prompt-v1,host/stage-a/run-007-07-algorithms-b1/envelope.json,ee656bb3a58c23ac9d7f5abeb982734efa897ab25bf4eb8560af5d4fd14393a3,25319,,07-algorithms-b1,issue102_full_prompt,S2_P50,MEASURED_PHYSICAL,issue102_full_prompt,accepted,checksum-verified member within frozen authority,,
#102/issue102-cross-prompt-v1,host/stage-a/run-007-07-algorithms-b1/result.json,a373e1c4c0e8fbf647bdb06983b2137809ae87a81e4a16d53ad0b3d97b9f6756,12078,,07-algorithms-b1,issue102_full_prompt,S2_P50,MEASURED_PHYSICAL,issue102_full_prompt,accepted,checksum-verified member within frozen authority,,
#102/issue102-cross-prompt-v1,host/stage-a/run-007-07-algorithms-b1/stderr.log,08d85235c87ca327f337bf2a23a5250e06e2ae94ced24b687fbb05344f317a7f,67,,07-algorithms-b1,issue102_full_prompt,S2_P50,MEASURED_PHYSICAL,issue102_full_prompt,accepted,checksum-verified member within frozen authority,,
#102/issue102-cross-prompt-v1,host/stage-a/run-007-07-algorithms-b1/stdout.log,38136b6f1839f1a13356c4d6dc26fec85a7c7d00cacae5f91e506e9fdf86371a,9073,,07-algorithms-b1,issue102_full_prompt,S2_P50,MEASURED_PHYSICAL,issue102_full_prompt,accepted,checksum-verified member within frozen authority,,
#102/issue102-cross-prompt-v1,host/stage-a/run-008-08-summary-b1/envelope.json,120a58f6147228ff20c4363212e25d093181f666c67661c28e11443a7f37a0bd,25321,,08-summary-b1,issue102_full_prompt,S2_P50,MEASURED_PHYSICAL,issue102_full_prompt,accepted,checksum-verified member within frozen authority,,
#102/issue102-cross-prompt-v1,host/stage-a/run-008-08-summary-b1/result.json,9352ba29c885320ec14114576c4d31126c7027aa890ce0f5053ab24cdd8f2211,12064,,08-summary-b1,issue102_full_prompt,S2_P50,MEASURED_PHYSICAL,issue102_full_prompt,accepted,checksum-verified member within frozen authority,,
#102/issue102-cross-prompt-v1,host/stage-a/run-008-08-summary-b1/stderr.log,08d85235c87ca327f337bf2a23a5250e06e2ae94ced24b687fbb05344f317a7f,67,,08-summary-b1,issue102_full_prompt,S2_P50,MEASURED_PHYSICAL,issue102_full_prompt,accepted,checksum-verified member within frozen authority,,
#102/issue102-cross-prompt-v1,host/stage-a/run-008-08-summary-b1/stdout.log,0d8070f33a352581e5d6abb45165b4cc5f34db358f4ef398a61f7e7e3877f9d6,9059,,08-summary-b1,issue102_full_prompt,S2_P50,MEASURED_PHYSICAL,issue102_full_prompt,accepted,checksum-verified member within frozen authority,,
#102/issue102-cross-prompt-v1,host/stage-a/run-009-09-extract-b1/envelope.json,cea462c9653a6d676c819a1880398044e996c068fb6eec0ba76e60840f169248,25313,,09-extract-b1,issue102_full_prompt,S2_P50,MEASURED_PHYSICAL,issue102_full_prompt,accepted,checksum-verified member within frozen authority,,
#102/issue102-cross-prompt-v1,host/stage-a/run-009-09-extract-b1/result.json,96ad06baaa40e7566c5c129233d7c14966f50a497d703a588de1e44e2982120e,12058,,09-extract-b1,issue102_full_prompt,S2_P50,MEASURED_PHYSICAL,issue102_full_prompt,accepted,checksum-verified member within frozen authority,,
#102/issue102-cross-prompt-v1,host/stage-a/run-009-09-extract-b1/stderr.log,08d85235c87ca327f337bf2a23a5250e06e2ae94ced24b687fbb05344f317a7f,67,,09-extract-b1,issue102_full_prompt,S2_P50,MEASURED_PHYSICAL,issue102_full_prompt,accepted,checksum-verified member within frozen authority,,
#102/issue102-cross-prompt-v1,host/stage-a/run-009-09-extract-b1/stdout.log,3e9320c10b98b1ca625ee53780e9263cb12b912b045d43bafac2c98e51ca7ab0,9053,,09-extract-b1,issue102_full_prompt,S2_P50,MEASURED_PHYSICAL,issue102_full_prompt,accepted,checksum-verified member within frozen authority,,
#102/issue102-cross-prompt-v1,host/stage-a/run-010-10-planning-b1/envelope.json,61715f1c49eda46d80d7c7428cb41f0facfbfe42a46bda6ec7f355c30813539a,25312,,10-planning-b1,issue102_full_prompt,S2_P50,MEASURED_PHYSICAL,issue102_full_prompt,accepted,checksum-verified member within frozen authority,,
#102/issue102-cross-prompt-v1,host/stage-a/run-010-10-planning-b1/result.json,2c2babbcbedbf4a033a8a030663c3fbf14535bdeb1b67d79f14ec4172503a961,12056,,10-planning-b1,issue102_full_prompt,S2_P50,MEASURED_PHYSICAL,issue102_full_prompt,accepted,checksum-verified member within frozen authority,,
#102/issue102-cross-prompt-v1,host/stage-a/run-010-10-planning-b1/stderr.log,08d85235c87ca327f337bf2a23a5250e06e2ae94ced24b687fbb05344f317a7f,67,,10-planning-b1,issue102_full_prompt,S2_P50,MEASURED_PHYSICAL,issue102_full_prompt,accepted,checksum-verified member within frozen authority,,
#102/issue102-cross-prompt-v1,host/stage-a/run-010-10-planning-b1/stdout.log,e8a7e1fd99a538d81024c35309d5ded91a8453b6d539af0ece35f28fe57db477,9051,,10-planning-b1,issue102_full_prompt,S2_P50,MEASURED_PHYSICAL,issue102_full_prompt,accepted,checksum-verified member within frozen authority,,
#102/issue102-cross-prompt-v1,host/stage-a/run-011-11-instructions-b1/envelope.json,46e6256c4b5cebd3fc680ed7f8af4f5d4bbd132dc3143f239786b72ffe77189c,25322,,11-instructions-b1,issue102_full_prompt,S2_P50,MEASURED_PHYSICAL,issue102_full_prompt,accepted,checksum-verified member within frozen authority,,
#102/issue102-cross-prompt-v1,host/stage-a/run-011-11-instructions-b1/result.json,88be0831b8fef6d861b36639ac59b06d6475eca4a10de1248748135183c0994f,12068,,11-instructions-b1,issue102_full_prompt,S2_P50,MEASURED_PHYSICAL,issue102_full_prompt,accepted,checksum-verified member within frozen authority,,
#102/issue102-cross-prompt-v1,host/stage-a/run-011-11-instructions-b1/stderr.log,08d85235c87ca327f337bf2a23a5250e06e2ae94ced24b687fbb05344f317a7f,67,,11-instructions-b1,issue102_full_prompt,S2_P50,MEASURED_PHYSICAL,issue102_full_prompt,accepted,checksum-verified member within frozen authority,,
#102/issue102-cross-prompt-v1,host/stage-a/run-011-11-instructions-b1/stdout.log,d4731afaeefd13169bf30b9f57f750d0c8a498eba01caf1c49ead90402e7b32d,9063,,11-instructions-b1,issue102_full_prompt,S2_P50,MEASURED_PHYSICAL,issue102_full_prompt,accepted,checksum-verified member within frozen authority,,
#102/issue102-cross-prompt-v1,host/stage-a/run-012-12-compare-b1/envelope.json,000a1d3c7ac5709d48cfa6ed91d1101b3ce285f1918ab5382434513f66991e5b,25305,,12-compare-b1,issue102_full_prompt,S2_P50,MEASURED_PHYSICAL,issue102_full_prompt,accepted,checksum-verified member within frozen authority,,
#102/issue102-cross-prompt-v1,host/stage-a/run-012-12-compare-b1/result.json,9013a34b83ec69a9d16225967a6f2e962d35a2023840a8dc7c8b468d7caeaa36,12067,,12-compare-b1,issue102_full_prompt,S2_P50,MEASURED_PHYSICAL,issue102_full_prompt,accepted,checksum-verified member within frozen authority,,
#102/issue102-cross-prompt-v1,host/stage-a/run-012-12-compare-b1/stderr.log,08d85235c87ca327f337bf2a23a5250e06e2ae94ced24b687fbb05344f317a7f,67,,12-compare-b1,issue102_full_prompt,S2_P50,MEASURED_PHYSICAL,issue102_full_prompt,accepted,checksum-verified member within frozen authority,,
#102/issue102-cross-prompt-v1,host/stage-a/run-012-12-compare-b1/stdout.log,4ca7e792cf48b5e4a22cdb2af6305d92691ddca040c52851c5fb6362d1c24f6c,9062,,12-compare-b1,issue102_full_prompt,S2_P50,MEASURED_PHYSICAL,issue102_full_prompt,accepted,checksum-verified member within frozen authority,,
#102/issue102-cross-prompt-v1,host/stage-a/run-013-13-creative-b1/envelope.json,0f39dd243ce6ce538e773587202f51fd2619aeca61be96a99bf09f77c68be3e5,25322,,13-creative-b1,issue102_full_prompt,S2_P50,MEASURED_PHYSICAL,issue102_full_prompt,accepted,checksum-verified member within frozen authority,,
#102/issue102-cross-prompt-v1,host/stage-a/run-013-13-creative-b1/result.json,caa767d119fa3872e6c03bde01d7a3c634c797b7dff7b46fee3d21f6fdbbf2bc,12067,,13-creative-b1,issue102_full_prompt,S2_P50,MEASURED_PHYSICAL,issue102_full_prompt,accepted,checksum-verified member within frozen authority,,
#102/issue102-cross-prompt-v1,host/stage-a/run-013-13-creative-b1/stderr.log,08d85235c87ca327f337bf2a23a5250e06e2ae94ced24b687fbb05344f317a7f,67,,13-creative-b1,issue102_full_prompt,S2_P50,MEASURED_PHYSICAL,issue102_full_prompt,accepted,checksum-verified member within frozen authority,,
#102/issue102-cross-prompt-v1,host/stage-a/run-013-13-creative-b1/stdout.log,fca7ea5365292bffdac64876499ed08fdc5e9febc6d5c31bfd2191e53a8cd132,9062,,13-creative-b1,issue102_full_prompt,S2_P50,MEASURED_PHYSICAL,issue102_full_prompt,accepted,checksum-verified member within frozen authority,,
#102/issue102-cross-prompt-v1,host/stage-a/run-014-14-qa-b1/envelope.json,975f4470909848e4057b23b999573e542fc0296b0c161182b94a02aaa45edbe7,25331,,14-qa-b1,issue102_full_prompt,S2_P50,MEASURED_PHYSICAL,issue102_full_prompt,accepted,checksum-verified member within frozen authority,,
#102/issue102-cross-prompt-v1,host/stage-a/run-014-14-qa-b1/result.json,3274a51d6f915758ab61db1b0a0613d54bc848bf0b0998819989156176e11480,12060,,14-qa-b1,issue102_full_prompt,S2_P50,MEASURED_PHYSICAL,issue102_full_prompt,accepted,checksum-verified member within frozen authority,,
#102/issue102-cross-prompt-v1,host/stage-a/run-014-14-qa-b1/stderr.log,08d85235c87ca327f337bf2a23a5250e06e2ae94ced24b687fbb05344f317a7f,67,,14-qa-b1,issue102_full_prompt,S2_P50,MEASURED_PHYSICAL,issue102_full_prompt,accepted,checksum-verified member within frozen authority,,
#102/issue102-cross-prompt-v1,host/stage-a/run-014-14-qa-b1/stdout.log,fb115f69b2662a7f6f5efabe709f6aacbc082806b2cfdeb3d831f14931652709,9055,,14-qa-b1,issue102_full_prompt,S2_P50,MEASURED_PHYSICAL,issue102_full_prompt,accepted,checksum-verified member within frozen authority,,
#102/issue102-cross-prompt-v1,host/stage-a/run-015-15-spanish-b1/envelope.json,961d4462614020cdd1b6430a89b4f2c7251cf51ab563f1cb494836f6e029f8ed,25339,,15-spanish-b1,issue102_full_prompt,S2_P50,MEASURED_PHYSICAL,issue102_full_prompt,accepted,checksum-verified member within frozen authority,,
#102/issue102-cross-prompt-v1,host/stage-a/run-015-15-spanish-b1/result.json,6dc2778844acdf853368e366007a8bc5dd618ac691acccafcd6b95fb18d1d39e,12076,,15-spanish-b1,issue102_full_prompt,S2_P50,MEASURED_PHYSICAL,issue102_full_prompt,accepted,checksum-verified member within frozen authority,,
#102/issue102-cross-prompt-v1,host/stage-a/run-015-15-spanish-b1/stderr.log,08d85235c87ca327f337bf2a23a5250e06e2ae94ced24b687fbb05344f317a7f,67,,15-spanish-b1,issue102_full_prompt,S2_P50,MEASURED_PHYSICAL,issue102_full_prompt,accepted,checksum-verified member within frozen authority,,
#102/issue102-cross-prompt-v1,host/stage-a/run-015-15-spanish-b1/stdout.log,63696e2eb04cd7b7fc14ebee1e75b81722d4705adb9a8edc0c20468e1f92fbff,9071,,15-spanish-b1,issue102_full_prompt,S2_P50,MEASURED_PHYSICAL,issue102_full_prompt,accepted,checksum-verified member within frozen authority,,
#102/issue102-cross-prompt-v1,host/stage-a/run-016-16-multi-b1/envelope.json,bb284912d7e8c25bff1cbef1ef9b7cd2ea161e6fef206f220c9a68cf13905e5f,25325,,16-multi-b1,issue102_full_prompt,S2_P50,MEASURED_PHYSICAL,issue102_full_prompt,accepted,checksum-verified member within frozen authority,,
#102/issue102-cross-prompt-v1,host/stage-a/run-016-16-multi-b1/result.json,f93a7e16fb78b6696269669e739b4a51950e5272b1c390a4f45f130d8959c07c,12079,,16-multi-b1,issue102_full_prompt,S2_P50,MEASURED_PHYSICAL,issue102_full_prompt,accepted,checksum-verified member within frozen authority,,
#102/issue102-cross-prompt-v1,host/stage-a/run-016-16-multi-b1/stderr.log,08d85235c87ca327f337bf2a23a5250e06e2ae94ced24b687fbb05344f317a7f,67,,16-multi-b1,issue102_full_prompt,S2_P50,MEASURED_PHYSICAL,issue102_full_prompt,accepted,checksum-verified member within frozen authority,,
#102/issue102-cross-prompt-v1,host/stage-a/run-016-16-multi-b1/stdout.log,8af2dc9551539f343e571b2c84794a79d856cd02a192033ac0f91e74193352f7,9074,,16-multi-b1,issue102_full_prompt,S2_P50,MEASURED_PHYSICAL,issue102_full_prompt,accepted,checksum-verified member within frozen authority,,
#102/issue102-cross-prompt-v1,host/stage-a/run-017-01-math-b2/envelope.json,6f6748a8aef30a9953340b0d56d10078a9ee2fc34f0e92215a67323f72392acf,25344,,01-math-b2,issue102_full_prompt,S2_P50,MEASURED_PHYSICAL,issue102_full_prompt,accepted,checksum-verified member within frozen authority,,
#102/issue102-cross-prompt-v1,host/stage-a/run-017-01-math-b2/result.json,994d94ff886497042a564d2027f356bcc9b1b97c48344182a6438e441dfd2b9d,12042,,01-math-b2,issue102_full_prompt,S2_P50,MEASURED_PHYSICAL,issue102_full_prompt,accepted,checksum-verified member within frozen authority,,
#102/issue102-cross-prompt-v1,host/stage-a/run-017-01-math-b2/stderr.log,08d85235c87ca327f337bf2a23a5250e06e2ae94ced24b687fbb05344f317a7f,67,,01-math-b2,issue102_full_prompt,S2_P50,MEASURED_PHYSICAL,issue102_full_prompt,accepted,checksum-verified member within frozen authority,,
#102/issue102-cross-prompt-v1,host/stage-a/run-017-01-math-b2/stdout.log,74b244b395651c88d6992e8ad61c5bbd87db2cd0c6428095ef57ec96f0171321,9037,,01-math-b2,issue102_full_prompt,S2_P50,MEASURED_PHYSICAL,issue102_full_prompt,accepted,checksum-verified member within frozen authority,,
#102/issue102-cross-prompt-v1,host/stage-a/run-018-02-formal-b2/envelope.json,afc7643749446076f4cad223f30c0b6aa01471cc87a1aa8fc58f01b9c6628788,25337,,02-formal-b2,issue102_full_prompt,S2_P50,MEASURED_PHYSICAL,issue102_full_prompt,accepted,checksum-verified member within frozen authority,,
#102/issue102-cross-prompt-v1,host/stage-a/run-018-02-formal-b2/result.json,ba9b84d82f189f6923276932a50aa06e7da39931a60b66d380678a02b53cc2dd,12066,,02-formal-b2,issue102_full_prompt,S2_P50,MEASURED_PHYSICAL,issue102_full_prompt,accepted,checksum-verified member within frozen authority,,
#102/issue102-cross-prompt-v1,host/stage-a/run-018-02-formal-b2/stderr.log,08d85235c87ca327f337bf2a23a5250e06e2ae94ced24b687fbb05344f317a7f,67,,02-formal-b2,issue102_full_prompt,S2_P50,MEASURED_PHYSICAL,issue102_full_prompt,accepted,checksum-verified member within frozen authority,,
#102/issue102-cross-prompt-v1,host/stage-a/run-018-02-formal-b2/stdout.log,d74b3d0a2b699f407e64bcd1b960bef00a937010e27b195336c56076c470eac7,9061,,02-formal-b2,issue102_full_prompt,S2_P50,MEASURED_PHYSICAL,issue102_full_prompt,accepted,checksum-verified member within frozen authority,,
#102/issue102-cross-prompt-v1,host/stage-a/run-019-03-science-b2/envelope.json,653558778c3aa8ba4e169cd92435785f30c69086e4d6de9e13d3edb0a463cc8e,25344,,03-science-b2,issue102_full_prompt,S2_P50,MEASURED_PHYSICAL,issue102_full_prompt,accepted,checksum-verified member within frozen authority,,
#102/issue102-cross-prompt-v1,host/stage-a/run-019-03-science-b2/result.json,5134c9b9f318a0c72aa460918b58c79e88fdf2a961c3b757bf3bcdb7d6c1178a,12076,,03-science-b2,issue102_full_prompt,S2_P50,MEASURED_PHYSICAL,issue102_full_prompt,accepted,checksum-verified member within frozen authority,,
#102/issue102-cross-prompt-v1,host/stage-a/run-019-03-science-b2/stderr.log,08d85235c87ca327f337bf2a23a5250e06e2ae94ced24b687fbb05344f317a7f,67,,03-science-b2,issue102_full_prompt,S2_P50,MEASURED_PHYSICAL,issue102_full_prompt,accepted,checksum-verified member within frozen authority,,
#102/issue102-cross-prompt-v1,host/stage-a/run-019-03-science-b2/stdout.log,220815ab86d0ad4c96da43588d97877a97fb3af718cb87ef96d159b6f7f048c8,9071,,03-science-b2,issue102_full_prompt,S2_P50,MEASURED_PHYSICAL,issue102_full_prompt,accepted,checksum-verified member within frozen authority,,
#102/issue102-cross-prompt-v1,host/stage-a/run-020-04-factual-b2/envelope.json,aa456f630f363596792a7e3fb45df87ce89b768ec2a083b3dc851746cb797923,25345,,04-factual-b2,issue102_full_prompt,S2_P50,MEASURED_PHYSICAL,issue102_full_prompt,accepted,checksum-verified member within frozen authority,,
#102/issue102-cross-prompt-v1,host/stage-a/run-020-04-factual-b2/result.json,3879af6b3303e842172ac8d9b36bc2f01ab2e103b9d67efe84612766a1a0de4c,12072,,04-factual-b2,issue102_full_prompt,S2_P50,MEASURED_PHYSICAL,issue102_full_prompt,accepted,checksum-verified member within frozen authority,,
#102/issue102-cross-prompt-v1,host/stage-a/run-020-04-factual-b2/stderr.log,08d85235c87ca327f337bf2a23a5250e06e2ae94ced24b687fbb05344f317a7f,67,,04-factual-b2,issue102_full_prompt,S2_P50,MEASURED_PHYSICAL,issue102_full_prompt,accepted,checksum-verified member within frozen authority,,
#102/issue102-cross-prompt-v1,host/stage-a/run-020-04-factual-b2/stdout.log,10d24bcd5a73b1378de2157d9ad60551122700723e6d9509886994c226867958,9067,,04-factual-b2,issue102_full_prompt,S2_P50,MEASURED_PHYSICAL,issue102_full_prompt,accepted,checksum-verified member within frozen authority,,
#102/issue102-cross-prompt-v1,host/stage-a/run-021-05-codegen-b2/envelope.json,ee8e7018426b4a8633de06629419cc111161e72f37998b6ea86dafe7aeb8784e,25338,,05-codegen-b2,issue102_full_prompt,S2_P50,MEASURED_PHYSICAL,issue102_full_prompt,accepted,checksum-verified member within frozen authority,,
#102/issue102-cross-prompt-v1,host/stage-a/run-021-05-codegen-b2/result.json,9456ed5160cb76988a77dc4a50e79fec80955e877d20898597091a233f8278a0,12060,,05-codegen-b2,issue102_full_prompt,S2_P50,MEASURED_PHYSICAL,issue102_full_prompt,accepted,checksum-verified member within frozen authority,,
#102/issue102-cross-prompt-v1,host/stage-a/run-021-05-codegen-b2/stderr.log,08d85235c87ca327f337bf2a23a5250e06e2ae94ced24b687fbb05344f317a7f,67,,05-codegen-b2,issue102_full_prompt,S2_P50,MEASURED_PHYSICAL,issue102_full_prompt,accepted,checksum-verified member within frozen authority,,
#102/issue102-cross-prompt-v1,host/stage-a/run-021-05-codegen-b2/stdout.log,1ac394fd8a84dcd238a41bf0fef826746baf3c390b52292f30068d70bb0b7e25,9055,,05-codegen-b2,issue102_full_prompt,S2_P50,MEASURED_PHYSICAL,issue102_full_prompt,accepted,checksum-verified member within frozen authority,,
#102/issue102-cross-prompt-v1,host/stage-a/run-022-06-debug-b2/envelope.json,04d5a5602ed1501fdebffac4d740d6d667d1732b6e2b7b29ca5425eed5536772,25350,,06-debug-b2,issue102_full_prompt,S2_P50,MEASURED_PHYSICAL,issue102_full_prompt,accepted,checksum-verified member within frozen authority,,
#102/issue102-cross-prompt-v1,host/stage-a/run-022-06-debug-b2/result.json,f870056656be31e2a8a4abbb61babba8cdaa278214f848ec4b1dc02a54591584,12055,,06-debug-b2,issue102_full_prompt,S2_P50,MEASURED_PHYSICAL,issue102_full_prompt,accepted,checksum-verified member within frozen authority,,
#102/issue102-cross-prompt-v1,host/stage-a/run-022-06-debug-b2/stderr.log,08d85235c87ca327f337bf2a23a5250e06e2ae94ced24b687fbb05344f317a7f,67,,06-debug-b2,issue102_full_prompt,S2_P50,MEASURED_PHYSICAL,issue102_full_prompt,accepted,checksum-verified member within frozen authority,,
#102/issue102-cross-prompt-v1,host/stage-a/run-022-06-debug-b2/stdout.log,502486d5216f8e404a8f2a310993810150b2e09b201e009d87a5789cd6163111,9050,,06-debug-b2,issue102_full_prompt,S2_P50,MEASURED_PHYSICAL,issue102_full_prompt,accepted,checksum-verified member within frozen authority,,
#102/issue102-cross-prompt-v1,host/stage-a/run-023-07-algorithms-b2/envelope.json,23223f48b2c90d73e5fc4737d56bcd42352b7bc6573a6e430f20baf61dc705c4,25361,,07-algorithms-b2,issue102_full_prompt,S2_P50,MEASURED_PHYSICAL,issue102_full_prompt,accepted,checksum-verified member within frozen authority,,
#102/issue102-cross-prompt-v1,host/stage-a/run-023-07-algorithms-b2/result.json,a54189257b11efd8dd789be86c7475865ff6d8e2bed1adf2a1d754235df9810d,12076,,07-algorithms-b2,issue102_full_prompt,S2_P50,MEASURED_PHYSICAL,issue102_full_prompt,accepted,checksum-verified member within frozen authority,,
#102/issue102-cross-prompt-v1,host/stage-a/run-023-07-algorithms-b2/stderr.log,08d85235c87ca327f337bf2a23a5250e06e2ae94ced24b687fbb05344f317a7f,67,,07-algorithms-b2,issue102_full_prompt,S2_P50,MEASURED_PHYSICAL,issue102_full_prompt,accepted,checksum-verified member within frozen authority,,
#102/issue102-cross-prompt-v1,host/stage-a/run-023-07-algorithms-b2/stdout.log,4888ca2ef43b5d6bc63791c24c7a81400a356f6288d17f80d83d9d74f106b400,9071,,07-algorithms-b2,issue102_full_prompt,S2_P50,MEASURED_PHYSICAL,issue102_full_prompt,accepted,checksum-verified member within frozen authority,,
#102/issue102-cross-prompt-v1,host/stage-a/run-024-08-summary-b2/envelope.json,3c3eee0e5c9427f9eaf7d1dd020420f8f738d17e651d64a071604e12d42449ae,25350,,08-summary-b2,issue102_full_prompt,S2_P50,MEASURED_PHYSICAL,issue102_full_prompt,accepted,checksum-verified member within frozen authority,,
#102/issue102-cross-prompt-v1,host/stage-a/run-024-08-summary-b2/result.json,8c18956c3de327809eb2003ef08d1f538745acdf01f30f059df5be6d0acb5ea9,12050,,08-summary-b2,issue102_full_prompt,S2_P50,MEASURED_PHYSICAL,issue102_full_prompt,accepted,checksum-verified member within frozen authority,,
#102/issue102-cross-prompt-v1,host/stage-a/run-024-08-summary-b2/stderr.log,08d85235c87ca327f337bf2a23a5250e06e2ae94ced24b687fbb05344f317a7f,67,,08-summary-b2,issue102_full_prompt,S2_P50,MEASURED_PHYSICAL,issue102_full_prompt,accepted,checksum-verified member within frozen authority,,
#102/issue102-cross-prompt-v1,host/stage-a/run-024-08-summary-b2/stdout.log,6471ad8cdafb535251a3c008741fce888b7dc79fb04745b7af53752b5339e22e,9045,,08-summary-b2,issue102_full_prompt,S2_P50,MEASURED_PHYSICAL,issue102_full_prompt,accepted,checksum-verified member within frozen authority,,
#102/issue102-cross-prompt-v1,host/stage-a/run-025-09-extract-b2/envelope.json,11a3427c20df51eae9c2b95a0d181b7f5b4cbc7817ebfd58aa7ea183f2ab4ae8,25348,,09-extract-b2,issue102_full_prompt,S2_P50,MEASURED_PHYSICAL,issue102_full_prompt,accepted,checksum-verified member within frozen authority,,
#102/issue102-cross-prompt-v1,host/stage-a/run-025-09-extract-b2/result.json,ee0594cd525d1231b62c44a8ea088aeeaefe6a332ca66f343c2ef33784c99a08,12043,,09-extract-b2,issue102_full_prompt,S2_P50,MEASURED_PHYSICAL,issue102_full_prompt,accepted,checksum-verified member within frozen authority,,
#102/issue102-cross-prompt-v1,host/stage-a/run-025-09-extract-b2/stderr.log,08d85235c87ca327f337bf2a23a5250e06e2ae94ced24b687fbb05344f317a7f,67,,09-extract-b2,issue102_full_prompt,S2_P50,MEASURED_PHYSICAL,issue102_full_prompt,accepted,checksum-verified member within frozen authority,,
#102/issue102-cross-prompt-v1,host/stage-a/run-025-09-extract-b2/stdout.log,99104a485b072e5d290fdfe918d5524ca4207a8b5239fa0f587fa5ea0fde72c0,9038,,09-extract-b2,issue102_full_prompt,S2_P50,MEASURED_PHYSICAL,issue102_full_prompt,accepted,checksum-verified member within frozen authority,,
#102/issue102-cross-prompt-v1,host/stage-a/run-026-10-planning-b2/envelope.json,b83d959102a05f59ef6d1eb9c5d7638e4197d550292422a44772830572154748,25341,,10-planning-b2,issue102_full_prompt,S2_P50,MEASURED_PHYSICAL,issue102_full_prompt,accepted,checksum-verified member within frozen authority,,
#102/issue102-cross-prompt-v1,host/stage-a/run-026-10-planning-b2/result.json,9b067ca876b3b5850775ce3501ec93ccfe44ac4835a98c4e2aa5215e424fa0d9,12063,,10-planning-b2,issue102_full_prompt,S2_P50,MEASURED_PHYSICAL,issue102_full_prompt,accepted,checksum-verified member within frozen authority,,
#102/issue102-cross-prompt-v1,host/stage-a/run-026-10-planning-b2/stderr.log,08d85235c87ca327f337bf2a23a5250e06e2ae94ced24b687fbb05344f317a7f,67,,10-planning-b2,issue102_full_prompt,S2_P50,MEASURED_PHYSICAL,issue102_full_prompt,accepted,checksum-verified member within frozen authority,,
#102/issue102-cross-prompt-v1,host/stage-a/run-026-10-planning-b2/stdout.log,b9110f4dd9b88424677015cc4f7d5acda99bd719af264a3db70939eea0e89e61,9058,,10-planning-b2,issue102_full_prompt,S2_P50,MEASURED_PHYSICAL,issue102_full_prompt,accepted,checksum-verified member within frozen authority,,
#102/issue102-cross-prompt-v1,host/stage-a/run-027-11-instructions-b2/envelope.json,1ec493d543495e73a097186147a4a02ac17e43e059b8987149a64f545315a045,25353,,11-instructions-b2,issue102_full_prompt,S2_P50,MEASURED_PHYSICAL,issue102_full_prompt,accepted,checksum-verified member within frozen authority,,
#102/issue102-cross-prompt-v1,host/stage-a/run-027-11-instructions-b2/result.json,f0786c98bad5b53dfbf5cb73cc971a54a119f017c7b21f16c01604911a6962fc,12079,,11-instructions-b2,issue102_full_prompt,S2_P50,MEASURED_PHYSICAL,issue102_full_prompt,accepted,checksum-verified member within frozen authority,,
#102/issue102-cross-prompt-v1,host/stage-a/run-027-11-instructions-b2/stderr.log,08d85235c87ca327f337bf2a23a5250e06e2ae94ced24b687fbb05344f317a7f,67,,11-instructions-b2,issue102_full_prompt,S2_P50,MEASURED_PHYSICAL,issue102_full_prompt,accepted,checksum-verified member within frozen authority,,
#102/issue102-cross-prompt-v1,host/stage-a/run-027-11-instructions-b2/stdout.log,627065e2883b0f28a7d3ab861f1d551b37f19cae88d4bfbc0dea0e85efb0e260,9074,,11-instructions-b2,issue102_full_prompt,S2_P50,MEASURED_PHYSICAL,issue102_full_prompt,accepted,checksum-verified member within frozen authority,,
#102/issue102-cross-prompt-v1,host/stage-a/run-028-12-compare-b2/envelope.json,2630c5ea8cb5790df4dd9cca3a46deb509eda7bf17e85d468685dcc0ab3989b3,25350,,12-compare-b2,issue102_full_prompt,S2_P50,MEASURED_PHYSICAL,issue102_full_prompt,accepted,checksum-verified member within frozen authority,,
#102/issue102-cross-prompt-v1,host/stage-a/run-028-12-compare-b2/result.json,748eb82ea7202b57df7f4e93e366ea398ef7ae448cf66ac0858014263a426eb1,12074,,12-compare-b2,issue102_full_prompt,S2_P50,MEASURED_PHYSICAL,issue102_full_prompt,accepted,checksum-verified member within frozen authority,,
#102/issue102-cross-prompt-v1,host/stage-a/run-028-12-compare-b2/stderr.log,08d85235c87ca327f337bf2a23a5250e06e2ae94ced24b687fbb05344f317a7f,67,,12-compare-b2,issue102_full_prompt,S2_P50,MEASURED_PHYSICAL,issue102_full_prompt,accepted,checksum-verified member within frozen authority,,
#102/issue102-cross-prompt-v1,host/stage-a/run-028-12-compare-b2/stdout.log,2d57517350bf7bfa1b62083d917e9647ffe396cf874f283b27bc22819baa934e,9069,,12-compare-b2,issue102_full_prompt,S2_P50,MEASURED_PHYSICAL,issue102_full_prompt,accepted,checksum-verified member within frozen authority,,
#102/issue102-cross-prompt-v1,host/stage-a/run-029-13-creative-b2/envelope.json,ad73a46606fa5968506b59968f5c7d25ad7eedadeedfc19ca572fb38178ffae3,25359,,13-creative-b2,issue102_full_prompt,S2_P50,MEASURED_PHYSICAL,issue102_full_prompt,accepted,checksum-verified member within frozen authority,,
#102/issue102-cross-prompt-v1,host/stage-a/run-029-13-creative-b2/result.json,749e9c6469e2b92dad4cef4636e054132b852b87aab817b3e2f89888efd84604,12061,,13-creative-b2,issue102_full_prompt,S2_P50,MEASURED_PHYSICAL,issue102_full_prompt,accepted,checksum-verified member within frozen authority,,
#102/issue102-cross-prompt-v1,host/stage-a/run-029-13-creative-b2/stderr.log,08d85235c87ca327f337bf2a23a5250e06e2ae94ced24b687fbb05344f317a7f,67,,13-creative-b2,issue102_full_prompt,S2_P50,MEASURED_PHYSICAL,issue102_full_prompt,accepted,checksum-verified member within frozen authority,,
#102/issue102-cross-prompt-v1,host/stage-a/run-029-13-creative-b2/stdout.log,8f39df9cf677910d10226ad729a74bf71da693b22e7ffc35b14f103a1307406f,9056,,13-creative-b2,issue102_full_prompt,S2_P50,MEASURED_PHYSICAL,issue102_full_prompt,accepted,checksum-verified member within frozen authority,,
#102/issue102-cross-prompt-v1,host/stage-a/run-030-14-qa-b2/envelope.json,d174300e7506757722ee720c58de1da2044a985e45f44bc17063527bd17db11a,25338,,14-qa-b2,issue102_full_prompt,S2_P50,MEASURED_PHYSICAL,issue102_full_prompt,accepted,checksum-verified member within frozen authority,,
#102/issue102-cross-prompt-v1,host/stage-a/run-030-14-qa-b2/result.json,7e82ef56e094bddc4d32f6a38fffe26025f2c060039ac35ea05b7268c193dd12,12041,,14-qa-b2,issue102_full_prompt,S2_P50,MEASURED_PHYSICAL,issue102_full_prompt,accepted,checksum-verified member within frozen authority,,
#102/issue102-cross-prompt-v1,host/stage-a/run-030-14-qa-b2/stderr.log,08d85235c87ca327f337bf2a23a5250e06e2ae94ced24b687fbb05344f317a7f,67,,14-qa-b2,issue102_full_prompt,S2_P50,MEASURED_PHYSICAL,issue102_full_prompt,accepted,checksum-verified member within frozen authority,,
#102/issue102-cross-prompt-v1,host/stage-a/run-030-14-qa-b2/stdout.log,47c3b5b5e8f31321ae73736ffecf3bbbe8f4ae195f8ff3f3392bf674053962ec,9036,,14-qa-b2,issue102_full_prompt,S2_P50,MEASURED_PHYSICAL,issue102_full_prompt,accepted,checksum-verified member within frozen authority,,
#102/issue102-cross-prompt-v1,host/stage-a/run-031-15-spanish-b2/envelope.json,734e3c6c6ff7e9062801e11d627377217dd772dd90ab22b36e8edee0b5dd89a5,25361,,15-spanish-b2,issue102_full_prompt,S2_P50,MEASURED_PHYSICAL,issue102_full_prompt,accepted,checksum-verified member within frozen authority,,
#102/issue102-cross-prompt-v1,host/stage-a/run-031-15-spanish-b2/result.json,cc30c1f8afdcea2a102ca01356442d52473defa563c6d8618ebf900e6355acab,12064,,15-spanish-b2,issue102_full_prompt,S2_P50,MEASURED_PHYSICAL,issue102_full_prompt,accepted,checksum-verified member within frozen authority,,
#102/issue102-cross-prompt-v1,host/stage-a/run-031-15-spanish-b2/stderr.log,08d85235c87ca327f337bf2a23a5250e06e2ae94ced24b687fbb05344f317a7f,67,,15-spanish-b2,issue102_full_prompt,S2_P50,MEASURED_PHYSICAL,issue102_full_prompt,accepted,checksum-verified member within frozen authority,,
#102/issue102-cross-prompt-v1,host/stage-a/run-031-15-spanish-b2/stdout.log,e1977564a1a0111b0f1ba2a1b478a0a0ec876a678cb5632b628f30d4b2ec496d,9059,,15-spanish-b2,issue102_full_prompt,S2_P50,MEASURED_PHYSICAL,issue102_full_prompt,accepted,checksum-verified member within frozen authority,,
#102/issue102-cross-prompt-v1,host/stage-a/run-032-16-multi-b2/envelope.json,57f2ec338ba31944215afe1a3342c3dfb9ad4eeec8f0655a0c7d4d0f0f3ed94b,25348,,16-multi-b2,issue102_full_prompt,S2_P50,MEASURED_PHYSICAL,issue102_full_prompt,accepted,checksum-verified member within frozen authority,,
#102/issue102-cross-prompt-v1,host/stage-a/run-032-16-multi-b2/result.json,c4d50e04d755a87222e2cea639c27527615fd9a18caca5c93c09535828e8eac8,12087,,16-multi-b2,issue102_full_prompt,S2_P50,MEASURED_PHYSICAL,issue102_full_prompt,accepted,checksum-verified member within frozen authority,,
#102/issue102-cross-prompt-v1,host/stage-a/run-032-16-multi-b2/stderr.log,08d85235c87ca327f337bf2a23a5250e06e2ae94ced24b687fbb05344f317a7f,67,,16-multi-b2,issue102_full_prompt,S2_P50,MEASURED_PHYSICAL,issue102_full_prompt,accepted,checksum-verified member within frozen authority,,
#102/issue102-cross-prompt-v1,host/stage-a/run-032-16-multi-b2/stdout.log,75669025243cc0f15a59e65be312cc63b45ab8353b557bb7c9f84d3bc8afbf3e,9082,,16-multi-b2,issue102_full_prompt,S2_P50,MEASURED_PHYSICAL,issue102_full_prompt,accepted,checksum-verified member within frozen authority,,
#102/issue102-cross-prompt-v1,host/stage-a/run-033-01-math-b3/envelope.json,3dc340eed82c3dadd2f1192e7d74f6b2388c9594f8b79438edd0078f4fc142c3,25358,,01-math-b3,issue102_full_prompt,S2_P50,MEASURED_PHYSICAL,issue102_full_prompt,accepted,checksum-verified member within frozen authority,,
#102/issue102-cross-prompt-v1,host/stage-a/run-033-01-math-b3/result.json,dc1772f63de72927ab6cc7a1cf9908151936f33c76666e281f738a9e2ea881c4,12059,,01-math-b3,issue102_full_prompt,S2_P50,MEASURED_PHYSICAL,issue102_full_prompt,accepted,checksum-verified member within frozen authority,,
#102/issue102-cross-prompt-v1,host/stage-a/run-033-01-math-b3/stderr.log,08d85235c87ca327f337bf2a23a5250e06e2ae94ced24b687fbb05344f317a7f,67,,01-math-b3,issue102_full_prompt,S2_P50,MEASURED_PHYSICAL,issue102_full_prompt,accepted,checksum-verified member within frozen authority,,
#102/issue102-cross-prompt-v1,host/stage-a/run-033-01-math-b3/stdout.log,e837cff9526ab9dacf456100b616d81edb59ca09418d1173a27b53b2c6b9ab19,9054,,01-math-b3,issue102_full_prompt,S2_P50,MEASURED_PHYSICAL,issue102_full_prompt,accepted,checksum-verified member within frozen authority,,
#102/issue102-cross-prompt-v1,host/stage-a/run-034-02-formal-b3/envelope.json,fd3846fbdedd254ab7bb9f9e2f76a3db3046de7ed75522b60811bed8c2318859,25362,,02-formal-b3,issue102_full_prompt,S2_P50,MEASURED_PHYSICAL,issue102_full_prompt,accepted,checksum-verified member within frozen authority,,
#102/issue102-cross-prompt-v1,host/stage-a/run-034-02-formal-b3/result.json,758caf1f8613f4e2d235406e9bb4052dbfd47e60931929f865dbf41eef8dd88f,12050,,02-formal-b3,issue102_full_prompt,S2_P50,MEASURED_PHYSICAL,issue102_full_prompt,accepted,checksum-verified member within frozen authority,,
#102/issue102-cross-prompt-v1,host/stage-a/run-034-02-formal-b3/stderr.log,08d85235c87ca327f337bf2a23a5250e06e2ae94ced24b687fbb05344f317a7f,67,,02-formal-b3,issue102_full_prompt,S2_P50,MEASURED_PHYSICAL,issue102_full_prompt,accepted,checksum-verified member within frozen authority,,
#102/issue102-cross-prompt-v1,host/stage-a/run-034-02-formal-b3/stdout.log,8e6c227d2fef6ab95a7e5c9d067dd804728c757d7d3e8b6c6f0a4e306b3f72ca,9045,,02-formal-b3,issue102_full_prompt,S2_P50,MEASURED_PHYSICAL,issue102_full_prompt,accepted,checksum-verified member within frozen authority,,
#102/issue102-cross-prompt-v1,host/stage-a/run-035-03-science-b3/envelope.json,85d0a3f34bb0fe3b86ffde8ad5c8db1cc5c99392318f846a443d84fde5f9dc9d,25361,,03-science-b3,issue102_full_prompt,S2_P50,MEASURED_PHYSICAL,issue102_full_prompt,accepted,checksum-verified member within frozen authority,,
#102/issue102-cross-prompt-v1,host/stage-a/run-035-03-science-b3/result.json,817515448713deab58b2b189caba151fe6881a770d912b5a91fe0519b79a5316,12085,,03-science-b3,issue102_full_prompt,S2_P50,MEASURED_PHYSICAL,issue102_full_prompt,accepted,checksum-verified member within frozen authority,,
#102/issue102-cross-prompt-v1,host/stage-a/run-035-03-science-b3/stderr.log,08d85235c87ca327f337bf2a23a5250e06e2ae94ced24b687fbb05344f317a7f,67,,03-science-b3,issue102_full_prompt,S2_P50,MEASURED_PHYSICAL,issue102_full_prompt,accepted,checksum-verified member within frozen authority,,
#102/issue102-cross-prompt-v1,host/stage-a/run-035-03-science-b3/stdout.log,44b8fc75ce72edd300fa366597e3b870453d55792757127f5bb35deb5f04d78c,9080,,03-science-b3,issue102_full_prompt,S2_P50,MEASURED_PHYSICAL,issue102_full_prompt,accepted,checksum-verified member within frozen authority,,
#102/issue102-cross-prompt-v1,host/stage-a/run-036-04-factual-b3/envelope.json,e9d7e8c5467f5d9b5901335d004ae6e27cff013730fea6feb08d59e5b417e373,25357,,04-factual-b3,issue102_full_prompt,S2_P50,MEASURED_PHYSICAL,issue102_full_prompt,accepted,checksum-verified member within frozen authority,,
#102/issue102-cross-prompt-v1,host/stage-a/run-036-04-factual-b3/result.json,6b3681619ac5602d6208b442cf609e86c352788bd20c9f0fd6d93dca6439bc6d,12073,,04-factual-b3,issue102_full_prompt,S2_P50,MEASURED_PHYSICAL,issue102_full_prompt,accepted,checksum-verified member within frozen authority,,
#102/issue102-cross-prompt-v1,host/stage-a/run-036-04-factual-b3/stderr.log,08d85235c87ca327f337bf2a23a5250e06e2ae94ced24b687fbb05344f317a7f,67,,04-factual-b3,issue102_full_prompt,S2_P50,MEASURED_PHYSICAL,issue102_full_prompt,accepted,checksum-verified member within frozen authority,,
#102/issue102-cross-prompt-v1,host/stage-a/run-036-04-factual-b3/stdout.log,af0de80271f34fa843d5fb8dedd087b6e70eab84729ac3deb052c9085803e826,9068,,04-factual-b3,issue102_full_prompt,S2_P50,MEASURED_PHYSICAL,issue102_full_prompt,accepted,checksum-verified member within frozen authority,,
#102/issue102-cross-prompt-v1,host/stage-a/run-037-05-codegen-b3/envelope.json,77a5152dbdba920644bc7846329dd5f3313256140afe377910f59dc211f4b13f,25350,,05-codegen-b3,issue102_full_prompt,S2_P50,MEASURED_PHYSICAL,issue102_full_prompt,accepted,checksum-verified member within frozen authority,,
#102/issue102-cross-prompt-v1,host/stage-a/run-037-05-codegen-b3/result.json,b78b0fa1599c68846c2f7142e4c2a6d2b06d4b5d4d192a63003f63b73355ec46,12039,,05-codegen-b3,issue102_full_prompt,S2_P50,MEASURED_PHYSICAL,issue102_full_prompt,accepted,checksum-verified member within frozen authority,,
#102/issue102-cross-prompt-v1,host/stage-a/run-037-05-codegen-b3/stderr.log,08d85235c87ca327f337bf2a23a5250e06e2ae94ced24b687fbb05344f317a7f,67,,05-codegen-b3,issue102_full_prompt,S2_P50,MEASURED_PHYSICAL,issue102_full_prompt,accepted,checksum-verified member within frozen authority,,
#102/issue102-cross-prompt-v1,host/stage-a/run-037-05-codegen-b3/stdout.log,06a13ea41a61c155697a622fdde89bd529aca61bb16f583c19f29c3c6dd6912a,9034,,05-codegen-b3,issue102_full_prompt,S2_P50,MEASURED_PHYSICAL,issue102_full_prompt,accepted,checksum-verified member within frozen authority,,
#102/issue102-cross-prompt-v1,host/stage-a/run-038-06-debug-b3/envelope.json,8fc7a129401fb29914ba3a3511f1288a7e5a465cb7112168c674667393d698c6,25353,,06-debug-b3,issue102_full_prompt,S2_P50,MEASURED_PHYSICAL,issue102_full_prompt,accepted,checksum-verified member within frozen authority,,
#102/issue102-cross-prompt-v1,host/stage-a/run-038-06-debug-b3/result.json,2126efc6e2c631d81aecd005e615d682a81d1ac73adf46b1dd98ce766866bb0e,12042,,06-debug-b3,issue102_full_prompt,S2_P50,MEASURED_PHYSICAL,issue102_full_prompt,accepted,checksum-verified member within frozen authority,,
#102/issue102-cross-prompt-v1,host/stage-a/run-038-06-debug-b3/stderr.log,08d85235c87ca327f337bf2a23a5250e06e2ae94ced24b687fbb05344f317a7f,67,,06-debug-b3,issue102_full_prompt,S2_P50,MEASURED_PHYSICAL,issue102_full_prompt,accepted,checksum-verified member within frozen authority,,
#102/issue102-cross-prompt-v1,host/stage-a/run-038-06-debug-b3/stdout.log,1477e648c4997f40f0ce87600d9d9cd6ffc72ea54f7768d81ab7aa5d23253367,9037,,06-debug-b3,issue102_full_prompt,S2_P50,MEASURED_PHYSICAL,issue102_full_prompt,accepted,checksum-verified member within frozen authority,,
#102/issue102-cross-prompt-v1,host/stage-a/run-039-07-algorithms-b3/envelope.json,fb68f1635b4d3918f568649574a46899b54cf38ffaaa0c17935003e99a02e6af,25353,,07-algorithms-b3,issue102_full_prompt,S2_P50,MEASURED_PHYSICAL,issue102_full_prompt,accepted,checksum-verified member within frozen authority,,
#102/issue102-cross-prompt-v1,host/stage-a/run-039-07-algorithms-b3/result.json,ed4849db7eca2c388a7c3c8da34bd5b006873b60e045cbfad608692973bb463d,12108,,07-algorithms-b3,issue102_full_prompt,S2_P50,MEASURED_PHYSICAL,issue102_full_prompt,accepted,checksum-verified member within frozen authority,,
#102/issue102-cross-prompt-v1,host/stage-a/run-039-07-algorithms-b3/stderr.log,08d85235c87ca327f337bf2a23a5250e06e2ae94ced24b687fbb05344f317a7f,67,,07-algorithms-b3,issue102_full_prompt,S2_P50,MEASURED_PHYSICAL,issue102_full_prompt,accepted,checksum-verified member within frozen authority,,
#102/issue102-cross-prompt-v1,host/stage-a/run-039-07-algorithms-b3/stdout.log,92915e057747d2d3fecb897fe847cc52d028c62b696e669a76987f5a7e76ae4f,9103,,07-algorithms-b3,issue102_full_prompt,S2_P50,MEASURED_PHYSICAL,issue102_full_prompt,accepted,checksum-verified member within frozen authority,,
#102/issue102-cross-prompt-v1,host/stage-a/run-040-08-summary-b3/envelope.json,7b94e69857cb71fc9764307cb5c61f424ff24df5e32edc4d5cc8e2de19e534b7,25362,,08-summary-b3,issue102_full_prompt,S2_P50,MEASURED_PHYSICAL,issue102_full_prompt,accepted,checksum-verified member within frozen authority,,
#102/issue102-cross-prompt-v1,host/stage-a/run-040-08-summary-b3/result.json,6483e310b088253f8860db2b1366fba53e458ce39dd0e056ed94494ea3259997,12064,,08-summary-b3,issue102_full_prompt,S2_P50,MEASURED_PHYSICAL,issue102_full_prompt,accepted,checksum-verified member within frozen authority,,
#102/issue102-cross-prompt-v1,host/stage-a/run-040-08-summary-b3/stderr.log,08d85235c87ca327f337bf2a23a5250e06e2ae94ced24b687fbb05344f317a7f,67,,08-summary-b3,issue102_full_prompt,S2_P50,MEASURED_PHYSICAL,issue102_full_prompt,accepted,checksum-verified member within frozen authority,,
#102/issue102-cross-prompt-v1,host/stage-a/run-040-08-summary-b3/stdout.log,45f8d03084eba45130abc074325e27a58e7c60eebcd1da7add623bc6effa181b,9059,,08-summary-b3,issue102_full_prompt,S2_P50,MEASURED_PHYSICAL,issue102_full_prompt,accepted,checksum-verified member within frozen authority,,
#102/issue102-cross-prompt-v1,host/stage-a/run-041-09-extract-b3/envelope.json,88fb3a2bfd0e1612edbc6e711f0ea38702283151400778441cf7477dded3d18e,25361,,09-extract-b3,issue102_full_prompt,S2_P50,MEASURED_PHYSICAL,issue102_full_prompt,accepted,checksum-verified member within frozen authority,,
#102/issue102-cross-prompt-v1,host/stage-a/run-041-09-extract-b3/result.json,5a5eaab1d286adf039416e0eb9a34396f3b4105bad3643ff91f620851c1d0bdb,12059,,09-extract-b3,issue102_full_prompt,S2_P50,MEASURED_PHYSICAL,issue102_full_prompt,accepted,checksum-verified member within frozen authority,,
#102/issue102-cross-prompt-v1,host/stage-a/run-041-09-extract-b3/stderr.log,08d85235c87ca327f337bf2a23a5250e06e2ae94ced24b687fbb05344f317a7f,67,,09-extract-b3,issue102_full_prompt,S2_P50,MEASURED_PHYSICAL,issue102_full_prompt,accepted,checksum-verified member within frozen authority,,
#102/issue102-cross-prompt-v1,host/stage-a/run-041-09-extract-b3/stdout.log,189e47fa4b8a42e44c45b0d76eceffcef16029a6ed36d8d472f6663ef1bbc205,9054,,09-extract-b3,issue102_full_prompt,S2_P50,MEASURED_PHYSICAL,issue102_full_prompt,accepted,checksum-verified member within frozen authority,,
#102/issue102-cross-prompt-v1,host/stage-a/run-042-10-planning-b3/envelope.json,c73fe83fb734fc830546f089ba66df138f7e8bee7e190838fb7f93383d68e0ca,25370,,10-planning-b3,issue102_full_prompt,S2_P50,MEASURED_PHYSICAL,issue102_full_prompt,accepted,checksum-verified member within frozen authority,,
#102/issue102-cross-prompt-v1,host/stage-a/run-042-10-planning-b3/result.json,0ad84782ce245ea3e05d0075ddc2fa0ce51fd1441a1c31b9608866747839284e,12048,,10-planning-b3,issue102_full_prompt,S2_P50,MEASURED_PHYSICAL,issue102_full_prompt,accepted,checksum-verified member within frozen authority,,
#102/issue102-cross-prompt-v1,host/stage-a/run-042-10-planning-b3/stderr.log,08d85235c87ca327f337bf2a23a5250e06e2ae94ced24b687fbb05344f317a7f,67,,10-planning-b3,issue102_full_prompt,S2_P50,MEASURED_PHYSICAL,issue102_full_prompt,accepted,checksum-verified member within frozen authority,,
#102/issue102-cross-prompt-v1,host/stage-a/run-042-10-planning-b3/stdout.log,d5fdd27925acf22b58dd7c380a89d334fd83a26a0b9798a0b04ed292a592928e,9043,,10-planning-b3,issue102_full_prompt,S2_P50,MEASURED_PHYSICAL,issue102_full_prompt,accepted,checksum-verified member within frozen authority,,
#102/issue102-cross-prompt-v1,host/stage-a/run-043-11-instructions-b3/envelope.json,ceee86216ab3e93a4715d7b87e939239ef6672a7db4b863a86087771790d2a5e,25363,,11-instructions-b3,issue102_full_prompt,S2_P50,MEASURED_PHYSICAL,issue102_full_prompt,accepted,checksum-verified member within frozen authority,,
#102/issue102-cross-prompt-v1,host/stage-a/run-043-11-instructions-b3/result.json,2df46c2ae267bb014f871b7fede1291456e4a0c834474c87be8f6f752e29c095,12075,,11-instructions-b3,issue102_full_prompt,S2_P50,MEASURED_PHYSICAL,issue102_full_prompt,accepted,checksum-verified member within frozen authority,,
#102/issue102-cross-prompt-v1,host/stage-a/run-043-11-instructions-b3/stderr.log,08d85235c87ca327f337bf2a23a5250e06e2ae94ced24b687fbb05344f317a7f,67,,11-instructions-b3,issue102_full_prompt,S2_P50,MEASURED_PHYSICAL,issue102_full_prompt,accepted,checksum-verified member within frozen authority,,
#102/issue102-cross-prompt-v1,host/stage-a/run-043-11-instructions-b3/stdout.log,04ab51c5c3098e101f112540a370e17a31489e739653ec87a523e98a6d6d2b55,9070,,11-instructions-b3,issue102_full_prompt,S2_P50,MEASURED_PHYSICAL,issue102_full_prompt,accepted,checksum-verified member within frozen authority,,
#102/issue102-cross-prompt-v1,host/stage-a/run-044-12-compare-b3/envelope.json,a0cb0c241ce8c3980cc3e3c277b9ec0f01f76618e255a83a6ebad2e45e7ab4db,25362,,12-compare-b3,issue102_full_prompt,S2_P50,MEASURED_PHYSICAL,issue102_full_prompt,accepted,checksum-verified member within frozen authority,,
#102/issue102-cross-prompt-v1,host/stage-a/run-044-12-compare-b3/result.json,5f6be8eb46006d37c1943dc482f8bf27fd788a1d3d11fa717033168acc6bb407,12072,,12-compare-b3,issue102_full_prompt,S2_P50,MEASURED_PHYSICAL,issue102_full_prompt,accepted,checksum-verified member within frozen authority,,
#102/issue102-cross-prompt-v1,host/stage-a/run-044-12-compare-b3/stderr.log,08d85235c87ca327f337bf2a23a5250e06e2ae94ced24b687fbb05344f317a7f,67,,12-compare-b3,issue102_full_prompt,S2_P50,MEASURED_PHYSICAL,issue102_full_prompt,accepted,checksum-verified member within frozen authority,,
#102/issue102-cross-prompt-v1,host/stage-a/run-044-12-compare-b3/stdout.log,46da3c69bb9a489391a989ad97a7ed71fd14299e4f99ddec13ede9c8a5da6971,9067,,12-compare-b3,issue102_full_prompt,S2_P50,MEASURED_PHYSICAL,issue102_full_prompt,accepted,checksum-verified member within frozen authority,,
#102/issue102-cross-prompt-v1,host/stage-a/run-045-13-creative-b3/envelope.json,8b008aa2420deee13aef9a9b61fcac5b50d7d90139c25794fb825b2aeb5ea87b,25370,,13-creative-b3,issue102_full_prompt,S2_P50,MEASURED_PHYSICAL,issue102_full_prompt,accepted,checksum-verified member within frozen authority,,
#102/issue102-cross-prompt-v1,host/stage-a/run-045-13-creative-b3/result.json,e0342de661b06b451c9c22bc4856f694d7136f8ec605c060f8630a2794dda8db,12083,,13-creative-b3,issue102_full_prompt,S2_P50,MEASURED_PHYSICAL,issue102_full_prompt,accepted,checksum-verified member within frozen authority,,
#102/issue102-cross-prompt-v1,host/stage-a/run-045-13-creative-b3/stderr.log,08d85235c87ca327f337bf2a23a5250e06e2ae94ced24b687fbb05344f317a7f,67,,13-creative-b3,issue102_full_prompt,S2_P50,MEASURED_PHYSICAL,issue102_full_prompt,accepted,checksum-verified member within frozen authority,,
#102/issue102-cross-prompt-v1,host/stage-a/run-045-13-creative-b3/stdout.log,b9736075b05e7f79f175762e2833f1ddc6285111b522268a41fe4695ba3bf3b0,9078,,13-creative-b3,issue102_full_prompt,S2_P50,MEASURED_PHYSICAL,issue102_full_prompt,accepted,checksum-verified member within frozen authority,,
#102/issue102-cross-prompt-v1,host/stage-a/run-046-14-qa-b3/envelope.json,b36a16edfcc14bbd798daedd053a49bbc0b8344f0f3b882b60efba82f45d813a,25353,,14-qa-b3,issue102_full_prompt,S2_P50,MEASURED_PHYSICAL,issue102_full_prompt,accepted,checksum-verified member within frozen authority,,
#102/issue102-cross-prompt-v1,host/stage-a/run-046-14-qa-b3/result.json,13dbd5a0e02e9e7860287876ce8367e94fb6d6e8046f966d8c28281d70057764,12051,,14-qa-b3,issue102_full_prompt,S2_P50,MEASURED_PHYSICAL,issue102_full_prompt,accepted,checksum-verified member within frozen authority,,
#102/issue102-cross-prompt-v1,host/stage-a/run-046-14-qa-b3/stderr.log,08d85235c87ca327f337bf2a23a5250e06e2ae94ced24b687fbb05344f317a7f,67,,14-qa-b3,issue102_full_prompt,S2_P50,MEASURED_PHYSICAL,issue102_full_prompt,accepted,checksum-verified member within frozen authority,,
#102/issue102-cross-prompt-v1,host/stage-a/run-046-14-qa-b3/stdout.log,c0e8d64ae455e2799032ec6f39ca3870008865390063a752c0cdd58e0eead33b,9046,,14-qa-b3,issue102_full_prompt,S2_P50,MEASURED_PHYSICAL,issue102_full_prompt,accepted,checksum-verified member within frozen authority,,
#102/issue102-cross-prompt-v1,host/stage-a/run-047-15-spanish-b3/envelope.json,a9ed6892783f0e81e3b7f9b2517bbf3206793f70e3ee1dcff4a085ea1c3788c5,25367,,15-spanish-b3,issue102_full_prompt,S2_P50,MEASURED_PHYSICAL,issue102_full_prompt,accepted,checksum-verified member within frozen authority,,
#102/issue102-cross-prompt-v1,host/stage-a/run-047-15-spanish-b3/result.json,610480cf049e2b2ee9b7b475a417088300c028f524200a34d16a6e03c7c6fd0c,12073,,15-spanish-b3,issue102_full_prompt,S2_P50,MEASURED_PHYSICAL,issue102_full_prompt,accepted,checksum-verified member within frozen authority,,
#102/issue102-cross-prompt-v1,host/stage-a/run-047-15-spanish-b3/stderr.log,08d85235c87ca327f337bf2a23a5250e06e2ae94ced24b687fbb05344f317a7f,67,,15-spanish-b3,issue102_full_prompt,S2_P50,MEASURED_PHYSICAL,issue102_full_prompt,accepted,checksum-verified member within frozen authority,,
#102/issue102-cross-prompt-v1,host/stage-a/run-047-15-spanish-b3/stdout.log,08c2f9a47358724d9fbd00f0639929db429bffee33f0af5ec037370ae5ac7130,9068,,15-spanish-b3,issue102_full_prompt,S2_P50,MEASURED_PHYSICAL,issue102_full_prompt,accepted,checksum-verified member within frozen authority,,
#102/issue102-cross-prompt-v1,host/stage-a/run-048-16-multi-b3/envelope.json,3856b327a56efc5ecd10b93d3348dde7cf00806f0bb5f3f732625eec096a1797,25367,,16-multi-b3,issue102_full_prompt,S2_P50,MEASURED_PHYSICAL,issue102_full_prompt,accepted,checksum-verified member within frozen authority,,
#102/issue102-cross-prompt-v1,host/stage-a/run-048-16-multi-b3/result.json,c0944a83b2f9af2eccc7bb107c37deececf82c78534b3ab915bc0daedf219636,12094,,16-multi-b3,issue102_full_prompt,S2_P50,MEASURED_PHYSICAL,issue102_full_prompt,accepted,checksum-verified member within frozen authority,,
#102/issue102-cross-prompt-v1,host/stage-a/run-048-16-multi-b3/stderr.log,08d85235c87ca327f337bf2a23a5250e06e2ae94ced24b687fbb05344f317a7f,67,,16-multi-b3,issue102_full_prompt,S2_P50,MEASURED_PHYSICAL,issue102_full_prompt,accepted,checksum-verified member within frozen authority,,
#102/issue102-cross-prompt-v1,host/stage-a/run-048-16-multi-b3/stdout.log,5f423deff1bc3ef2717e0b90e67735a648aad13a80c31be0095c80edd68d7daf,9089,,16-multi-b3,issue102_full_prompt,S2_P50,MEASURED_PHYSICAL,issue102_full_prompt,accepted,checksum-verified member within frozen authority,,
#102/issue102-cross-prompt-v1,host/stage-a/run-049-01-math-b4/envelope.json,12105984c23fa9ffd3e0d487d194835e3aacd7dec5f1f996bf51d606a3b28617,25359,,01-math-b4,issue102_full_prompt,S2_P50,MEASURED_PHYSICAL,issue102_full_prompt,accepted,checksum-verified member within frozen authority,,
#102/issue102-cross-prompt-v1,host/stage-a/run-049-01-math-b4/result.json,67db0860ea47b6a349a851f6d2be37025e689738179a2c6741abda918780bc43,12037,,01-math-b4,issue102_full_prompt,S2_P50,MEASURED_PHYSICAL,issue102_full_prompt,accepted,checksum-verified member within frozen authority,,
#102/issue102-cross-prompt-v1,host/stage-a/run-049-01-math-b4/stderr.log,08d85235c87ca327f337bf2a23a5250e06e2ae94ced24b687fbb05344f317a7f,67,,01-math-b4,issue102_full_prompt,S2_P50,MEASURED_PHYSICAL,issue102_full_prompt,accepted,checksum-verified member within frozen authority,,
#102/issue102-cross-prompt-v1,host/stage-a/run-049-01-math-b4/stdout.log,d3963a7cb7996fc054991291f2a436537f6c36ca386ee6a665175630675f986a,9032,,01-math-b4,issue102_full_prompt,S2_P50,MEASURED_PHYSICAL,issue102_full_prompt,accepted,checksum-verified member within frozen authority,,
#102/issue102-cross-prompt-v1,host/stage-a/run-050-02-formal-b4/envelope.json,2341ff303f181677d135a1c9a14029f3ec7d9f95925d9a1cce63e162e45175a3,25376,,02-formal-b4,issue102_full_prompt,S2_P50,MEASURED_PHYSICAL,issue102_full_prompt,accepted,checksum-verified member within frozen authority,,
#102/issue102-cross-prompt-v1,host/stage-a/run-050-02-formal-b4/result.json,ffbd782fb1ef0ba4c2e1d1cbb8fbb5928733545e6a1e67a36ff9b68f8d8c351c,12099,,02-formal-b4,issue102_full_prompt,S2_P50,MEASURED_PHYSICAL,issue102_full_prompt,accepted,checksum-verified member within frozen authority,,
#102/issue102-cross-prompt-v1,host/stage-a/run-050-02-formal-b4/stderr.log,08d85235c87ca327f337bf2a23a5250e06e2ae94ced24b687fbb05344f317a7f,67,,02-formal-b4,issue102_full_prompt,S2_P50,MEASURED_PHYSICAL,issue102_full_prompt,accepted,checksum-verified member within frozen authority,,
#102/issue102-cross-prompt-v1,host/stage-a/run-050-02-formal-b4/stdout.log,bb05dcceb0d52d7b381dc222da4aadc5b3513d55fe5f1f6621c9fef9557c21dd,9094,,02-formal-b4,issue102_full_prompt,S2_P50,MEASURED_PHYSICAL,issue102_full_prompt,accepted,checksum-verified member within frozen authority,,
#102/issue102-cross-prompt-v1,host/stage-a/run-051-03-science-b4/envelope.json,476082bc869f5a7b1a514dc8345ecf1b6cf7bfe6ca7bcd2ce6312a82544f5166,25369,,03-science-b4,issue102_full_prompt,S2_P50,MEASURED_PHYSICAL,issue102_full_prompt,accepted,checksum-verified member within frozen authority,,
#102/issue102-cross-prompt-v1,host/stage-a/run-051-03-science-b4/result.json,621fe20a06ab2db83e58c4cf2277ea2195d95112cb14dd087349ff294ab80732,12084,,03-science-b4,issue102_full_prompt,S2_P50,MEASURED_PHYSICAL,issue102_full_prompt,accepted,checksum-verified member within frozen authority,,
#102/issue102-cross-prompt-v1,host/stage-a/run-051-03-science-b4/stderr.log,08d85235c87ca327f337bf2a23a5250e06e2ae94ced24b687fbb05344f317a7f,67,,03-science-b4,issue102_full_prompt,S2_P50,MEASURED_PHYSICAL,issue102_full_prompt,accepted,checksum-verified member within frozen authority,,
#102/issue102-cross-prompt-v1,host/stage-a/run-051-03-science-b4/stdout.log,88ebe3ad7cac943d3ce440416cb656e4987e7147d5700bbfa13c72f31f6df7b2,9079,,03-science-b4,issue102_full_prompt,S2_P50,MEASURED_PHYSICAL,issue102_full_prompt,accepted,checksum-verified member within frozen authority,,
#102/issue102-cross-prompt-v1,host/stage-a/run-052-04-factual-b4/envelope.json,f8ca2f1a7dbdca329d928dacae94c84691c8957808e76bfe558aa8594b2c2998,25364,,04-factual-b4,issue102_full_prompt,S2_P50,MEASURED_PHYSICAL,issue102_full_prompt,accepted,checksum-verified member within frozen authority,,
#102/issue102-cross-prompt-v1,host/stage-a/run-052-04-factual-b4/result.json,125531f8adcf0bb6c4049fa1f43e3b93b7c3ab4ae4d8d3d1327aecefa69f442a,12054,,04-factual-b4,issue102_full_prompt,S2_P50,MEASURED_PHYSICAL,issue102_full_prompt,accepted,checksum-verified member within frozen authority,,
#102/issue102-cross-prompt-v1,host/stage-a/run-052-04-factual-b4/stderr.log,08d85235c87ca327f337bf2a23a5250e06e2ae94ced24b687fbb05344f317a7f,67,,04-factual-b4,issue102_full_prompt,S2_P50,MEASURED_PHYSICAL,issue102_full_prompt,accepted,checksum-verified member within frozen authority,,
#102/issue102-cross-prompt-v1,host/stage-a/run-052-04-factual-b4/stdout.log,5ef35294a6c5f4e3e308e0e824e8c54a770bc325c23228c5c2a18b25e3721473,9049,,04-factual-b4,issue102_full_prompt,S2_P50,MEASURED_PHYSICAL,issue102_full_prompt,accepted,checksum-verified member within frozen authority,,
#102/issue102-cross-prompt-v1,host/stage-a/run-053-05-codegen-b4/envelope.json,bcb4497264b341a5b2955237a9981e67a75a23873da0313cae3580b6a43264f0,25379,,05-codegen-b4,issue102_full_prompt,S2_P50,MEASURED_PHYSICAL,issue102_full_prompt,accepted,checksum-verified member within frozen authority,,
#102/issue102-cross-prompt-v1,host/stage-a/run-053-05-codegen-b4/result.json,71da6c2dca05d6629274a7c7cf00a7ce9126fd497b1e9b54984eade58d9ee76f,12052,,05-codegen-b4,issue102_full_prompt,S2_P50,MEASURED_PHYSICAL,issue102_full_prompt,accepted,checksum-verified member within frozen authority,,
#102/issue102-cross-prompt-v1,host/stage-a/run-053-05-codegen-b4/stderr.log,08d85235c87ca327f337bf2a23a5250e06e2ae94ced24b687fbb05344f317a7f,67,,05-codegen-b4,issue102_full_prompt,S2_P50,MEASURED_PHYSICAL,issue102_full_prompt,accepted,checksum-verified member within frozen authority,,
#102/issue102-cross-prompt-v1,host/stage-a/run-053-05-codegen-b4/stdout.log,96d5abbc6a1201d688c6dcad848442b852d18346d3dbe8e28f65d8fd03bdefb7,9047,,05-codegen-b4,issue102_full_prompt,S2_P50,MEASURED_PHYSICAL,issue102_full_prompt,accepted,checksum-verified member within frozen authority,,
#102/issue102-cross-prompt-v1,host/stage-a/run-054-06-debug-b4/envelope.json,be2ab33736c071bfeccf95b73eff647ef05e2135ab7da2c504d7b53e7d64feff,25365,,06-debug-b4,issue102_full_prompt,S2_P50,MEASURED_PHYSICAL,issue102_full_prompt,accepted,checksum-verified member within frozen authority,,
#102/issue102-cross-prompt-v1,host/stage-a/run-054-06-debug-b4/result.json,50246a918beb9b6cf8072aeddd6bf4add5574cd66200e9b2b79edac7ef9736fc,12079,,06-debug-b4,issue102_full_prompt,S2_P50,MEASURED_PHYSICAL,issue102_full_prompt,accepted,checksum-verified member within frozen authority,,
#102/issue102-cross-prompt-v1,host/stage-a/run-054-06-debug-b4/stderr.log,08d85235c87ca327f337bf2a23a5250e06e2ae94ced24b687fbb05344f317a7f,67,,06-debug-b4,issue102_full_prompt,S2_P50,MEASURED_PHYSICAL,issue102_full_prompt,accepted,checksum-verified member within frozen authority,,
#102/issue102-cross-prompt-v1,host/stage-a/run-054-06-debug-b4/stdout.log,a27ec4ac16f4ba8555a24c19e6fb7a8e60f87c0c00459a56e5bb3cdee6ff1392,9074,,06-debug-b4,issue102_full_prompt,S2_P50,MEASURED_PHYSICAL,issue102_full_prompt,accepted,checksum-verified member within frozen authority,,
#102/issue102-cross-prompt-v1,host/stage-a/run-055-07-algorithms-b4/envelope.json,c2923e00cc298d4a7f52d522ae83d2beb4b9b628991a18199b3d5b8ddcda3ea7,25379,,07-algorithms-b4,issue102_full_prompt,S2_P50,MEASURED_PHYSICAL,issue102_full_prompt,accepted,checksum-verified member within frozen authority,,
#102/issue102-cross-prompt-v1,host/stage-a/run-055-07-algorithms-b4/result.json,3a22f6e27bd60a12ac1aae3257d234ee7d4ce2f337dfb2844d3c27ffb3f2fad0,12099,,07-algorithms-b4,issue102_full_prompt,S2_P50,MEASURED_PHYSICAL,issue102_full_prompt,accepted,checksum-verified member within frozen authority,,
#102/issue102-cross-prompt-v1,host/stage-a/run-055-07-algorithms-b4/stderr.log,08d85235c87ca327f337bf2a23a5250e06e2ae94ced24b687fbb05344f317a7f,67,,07-algorithms-b4,issue102_full_prompt,S2_P50,MEASURED_PHYSICAL,issue102_full_prompt,accepted,checksum-verified member within frozen authority,,
#102/issue102-cross-prompt-v1,host/stage-a/run-055-07-algorithms-b4/stdout.log,3839b5d6bfd66c9b3cc5331ef59ec1dfb9ec1db7a33d883504aa9b5284158684,9094,,07-algorithms-b4,issue102_full_prompt,S2_P50,MEASURED_PHYSICAL,issue102_full_prompt,accepted,checksum-verified member within frozen authority,,
#102/issue102-cross-prompt-v1,host/stage-a/run-056-08-summary-b4/envelope.json,16e42bdc2763afb05432b6511a957ff2addb7814de6df2d0bb0ed355f5920a91,25376,,08-summary-b4,issue102_full_prompt,S2_P50,MEASURED_PHYSICAL,issue102_full_prompt,accepted,checksum-verified member within frozen authority,,
#102/issue102-cross-prompt-v1,host/stage-a/run-056-08-summary-b4/result.json,d3a7ee626b820339899ffda8024075e19abc3d0138d50c32ea807a0b4321a7b0,12052,,08-summary-b4,issue102_full_prompt,S2_P50,MEASURED_PHYSICAL,issue102_full_prompt,accepted,checksum-verified member within frozen authority,,
#102/issue102-cross-prompt-v1,host/stage-a/run-056-08-summary-b4/stderr.log,08d85235c87ca327f337bf2a23a5250e06e2ae94ced24b687fbb05344f317a7f,67,,08-summary-b4,issue102_full_prompt,S2_P50,MEASURED_PHYSICAL,issue102_full_prompt,accepted,checksum-verified member within frozen authority,,
#102/issue102-cross-prompt-v1,host/stage-a/run-056-08-summary-b4/stdout.log,843ed9ec4f4eb8ddab94f66513303992897f046ddb9f731de1bd9725460507ff,9047,,08-summary-b4,issue102_full_prompt,S2_P50,MEASURED_PHYSICAL,issue102_full_prompt,accepted,checksum-verified member within frozen authority,,
#102/issue102-cross-prompt-v1,host/stage-a/run-057-09-extract-b4/envelope.json,734ba1b5d7834ef102c7115ae4760171476ce0fd4273ffae44229548b6b197d5,25373,,09-extract-b4,issue102_full_prompt,S2_P50,MEASURED_PHYSICAL,issue102_full_prompt,accepted,checksum-verified member within frozen authority,,
#102/issue102-cross-prompt-v1,host/stage-a/run-057-09-extract-b4/result.json,522322a01c8b3bd223c14af78efddfec2d1b59a5deca7edc9474fc751e29912e,12056,,09-extract-b4,issue102_full_prompt,S2_P50,MEASURED_PHYSICAL,issue102_full_prompt,accepted,checksum-verified member within frozen authority,,
#102/issue102-cross-prompt-v1,host/stage-a/run-057-09-extract-b4/stderr.log,08d85235c87ca327f337bf2a23a5250e06e2ae94ced24b687fbb05344f317a7f,67,,09-extract-b4,issue102_full_prompt,S2_P50,MEASURED_PHYSICAL,issue102_full_prompt,accepted,checksum-verified member within frozen authority,,
#102/issue102-cross-prompt-v1,host/stage-a/run-057-09-extract-b4/stdout.log,d59397625db3f452cecd3de819daea98fba4a91f1c3bf298ca373e1760eec0ad,9051,,09-extract-b4,issue102_full_prompt,S2_P50,MEASURED_PHYSICAL,issue102_full_prompt,accepted,checksum-verified member within frozen authority,,
#102/issue102-cross-prompt-v1,host/stage-a/run-058-10-planning-b4/envelope.json,90f5f1cdd4ff33fb7a4abebdfd2698c54881795bb25eece6ef093a5c771a0388,25388,,10-planning-b4,issue102_full_prompt,S2_P50,MEASURED_PHYSICAL,issue102_full_prompt,accepted,checksum-verified member within frozen authority,,
#102/issue102-cross-prompt-v1,host/stage-a/run-058-10-planning-b4/result.json,7b66fe0a5530d042a04e01d928e984aef6a19a7acf38290c9dea8b8ab5265e3a,12086,,10-planning-b4,issue102_full_prompt,S2_P50,MEASURED_PHYSICAL,issue102_full_prompt,accepted,checksum-verified member within frozen authority,,
#102/issue102-cross-prompt-v1,host/stage-a/run-058-10-planning-b4/stderr.log,08d85235c87ca327f337bf2a23a5250e06e2ae94ced24b687fbb05344f317a7f,67,,10-planning-b4,issue102_full_prompt,S2_P50,MEASURED_PHYSICAL,issue102_full_prompt,accepted,checksum-verified member within frozen authority,,
#102/issue102-cross-prompt-v1,host/stage-a/run-058-10-planning-b4/stdout.log,05f64e0024a7c5d0cb4bc1e8f387b999975bcd02e21610df2aa6e58376005548,9081,,10-planning-b4,issue102_full_prompt,S2_P50,MEASURED_PHYSICAL,issue102_full_prompt,accepted,checksum-verified member within frozen authority,,
#102/issue102-cross-prompt-v1,host/stage-a/run-059-11-instructions-b4/envelope.json,949d850579e66a416c86cbd5eae60d6a11836e9de678e3ce20c4df0453d21c4f,25383,,11-instructions-b4,issue102_full_prompt,S2_P50,MEASURED_PHYSICAL,issue102_full_prompt,accepted,checksum-verified member within frozen authority,,
#102/issue102-cross-prompt-v1,host/stage-a/run-059-11-instructions-b4/result.json,d081fd64d90d173181ba4faa05f4abe5fd00c16821861bb766a87db0b5b697e2,12082,,11-instructions-b4,issue102_full_prompt,S2_P50,MEASURED_PHYSICAL,issue102_full_prompt,accepted,checksum-verified member within frozen authority,,
#102/issue102-cross-prompt-v1,host/stage-a/run-059-11-instructions-b4/stderr.log,08d85235c87ca327f337bf2a23a5250e06e2ae94ced24b687fbb05344f317a7f,67,,11-instructions-b4,issue102_full_prompt,S2_P50,MEASURED_PHYSICAL,issue102_full_prompt,accepted,checksum-verified member within frozen authority,,
#102/issue102-cross-prompt-v1,host/stage-a/run-059-11-instructions-b4/stdout.log,3dba6af7d191f2e4c046651c7ea1896df5f5b51eef00626b4ce43767ef2c6ac4,9077,,11-instructions-b4,issue102_full_prompt,S2_P50,MEASURED_PHYSICAL,issue102_full_prompt,accepted,checksum-verified member within frozen authority,,
#102/issue102-cross-prompt-v1,host/stage-a/run-060-12-compare-b4/envelope.json,13b7a42c77e2aed9b824760f2f2f34c6a3d43348c4508d0141a70f8f20474155,25378,,12-compare-b4,issue102_full_prompt,S2_P50,MEASURED_PHYSICAL,issue102_full_prompt,accepted,checksum-verified member within frozen authority,,
#102/issue102-cross-prompt-v1,host/stage-a/run-060-12-compare-b4/result.json,9f2196b1c6c8b078c24241e55b62c99ebd0157a8126a8ef2b2297a114d225069,12073,,12-compare-b4,issue102_full_prompt,S2_P50,MEASURED_PHYSICAL,issue102_full_prompt,accepted,checksum-verified member within frozen authority,,
#102/issue102-cross-prompt-v1,host/stage-a/run-060-12-compare-b4/stderr.log,08d85235c87ca327f337bf2a23a5250e06e2ae94ced24b687fbb05344f317a7f,67,,12-compare-b4,issue102_full_prompt,S2_P50,MEASURED_PHYSICAL,issue102_full_prompt,accepted,checksum-verified member within frozen authority,,
#102/issue102-cross-prompt-v1,host/stage-a/run-060-12-compare-b4/stdout.log,901a29373138c65653997109751aaed6951ed0899aa12421b2462d1c14e704d7,9068,,12-compare-b4,issue102_full_prompt,S2_P50,MEASURED_PHYSICAL,issue102_full_prompt,accepted,checksum-verified member within frozen authority,,
#102/issue102-cross-prompt-v1,host/stage-a/run-061-13-creative-b4/envelope.json,1069c58e8a284f3b01fd1de7ccac726d46479a68f9ae501320ea922909e83d7a,25375,,13-creative-b4,issue102_full_prompt,S2_P50,MEASURED_PHYSICAL,issue102_full_prompt,accepted,checksum-verified member within frozen authority,,
#102/issue102-cross-prompt-v1,host/stage-a/run-061-13-creative-b4/result.json,abae79b2d667c5880b9786a4e15ef711d680520f4454fbe951cfd4166fd8d562,12077,,13-creative-b4,issue102_full_prompt,S2_P50,MEASURED_PHYSICAL,issue102_full_prompt,accepted,checksum-verified member within frozen authority,,
#102/issue102-cross-prompt-v1,host/stage-a/run-061-13-creative-b4/stderr.log,08d85235c87ca327f337bf2a23a5250e06e2ae94ced24b687fbb05344f317a7f,67,,13-creative-b4,issue102_full_prompt,S2_P50,MEASURED_PHYSICAL,issue102_full_prompt,accepted,checksum-verified member within frozen authority,,
#102/issue102-cross-prompt-v1,host/stage-a/run-061-13-creative-b4/stdout.log,877e9153cd366e49ee4221e59ebacfd84fc047a65f3c5c47e86affa4a66c3697,9072,,13-creative-b4,issue102_full_prompt,S2_P50,MEASURED_PHYSICAL,issue102_full_prompt,accepted,checksum-verified member within frozen authority,,
#102/issue102-cross-prompt-v1,host/stage-a/run-062-14-qa-b4/envelope.json,a8b68b9718d22da81a9c566a0571a1493dfc7a2f0502d206bfd3f542a738cc80,25370,,14-qa-b4,issue102_full_prompt,S2_P50,MEASURED_PHYSICAL,issue102_full_prompt,accepted,checksum-verified member within frozen authority,,
#102/issue102-cross-prompt-v1,host/stage-a/run-062-14-qa-b4/result.json,17e59dc105f3f15e1c56107053dffe99d34181940a581f640f434bf697110bb2,12060,,14-qa-b4,issue102_full_prompt,S2_P50,MEASURED_PHYSICAL,issue102_full_prompt,accepted,checksum-verified member within frozen authority,,
#102/issue102-cross-prompt-v1,host/stage-a/run-062-14-qa-b4/stderr.log,08d85235c87ca327f337bf2a23a5250e06e2ae94ced24b687fbb05344f317a7f,67,,14-qa-b4,issue102_full_prompt,S2_P50,MEASURED_PHYSICAL,issue102_full_prompt,accepted,checksum-verified member within frozen authority,,
#102/issue102-cross-prompt-v1,host/stage-a/run-062-14-qa-b4/stdout.log,b063425e92287f0cf2f7de32702d545ae147bd4b6bd16436982e1a9c32c35706,9055,,14-qa-b4,issue102_full_prompt,S2_P50,MEASURED_PHYSICAL,issue102_full_prompt,accepted,checksum-verified member within frozen authority,,
#102/issue102-cross-prompt-v1,host/stage-a/run-063-15-spanish-b4/envelope.json,88837f0c517e413d85992f46d4bc1d6460769d72a5e2bc88e5206bbeecf968b8,25382,,15-spanish-b4,issue102_full_prompt,S2_P50,MEASURED_PHYSICAL,issue102_full_prompt,accepted,checksum-verified member within frozen authority,,
#102/issue102-cross-prompt-v1,host/stage-a/run-063-15-spanish-b4/result.json,7e3eecddf356c523327560fa56ba22de10bd87bc4e3918ac2ef160d0e92a185b,12067,,15-spanish-b4,issue102_full_prompt,S2_P50,MEASURED_PHYSICAL,issue102_full_prompt,accepted,checksum-verified member within frozen authority,,
#102/issue102-cross-prompt-v1,host/stage-a/run-063-15-spanish-b4/stderr.log,08d85235c87ca327f337bf2a23a5250e06e2ae94ced24b687fbb05344f317a7f,67,,15-spanish-b4,issue102_full_prompt,S2_P50,MEASURED_PHYSICAL,issue102_full_prompt,accepted,checksum-verified member within frozen authority,,
#102/issue102-cross-prompt-v1,host/stage-a/run-063-15-spanish-b4/stdout.log,7eb5da78440bffce2bae136547197936365c6052574e2417c1e9afa2ce4f1e0a,9062,,15-spanish-b4,issue102_full_prompt,S2_P50,MEASURED_PHYSICAL,issue102_full_prompt,accepted,checksum-verified member within frozen authority,,
#102/issue102-cross-prompt-v1,host/stage-a/run-064-16-multi-b4/envelope.json,a90dcbe8703d47304fb48d55e403927d9ff3b2e5d91877605a5980b062af01d5,25380,,16-multi-b4,issue102_full_prompt,S2_P50,MEASURED_PHYSICAL,issue102_full_prompt,accepted,checksum-verified member within frozen authority,,
#102/issue102-cross-prompt-v1,host/stage-a/run-064-16-multi-b4/result.json,79eac0b26b373af7d0e6ee655438d4ca3f7d2c7c67bef708dec5a43dabca4fda,12099,,16-multi-b4,issue102_full_prompt,S2_P50,MEASURED_PHYSICAL,issue102_full_prompt,accepted,checksum-verified member within frozen authority,,
#102/issue102-cross-prompt-v1,host/stage-a/run-064-16-multi-b4/stderr.log,08d85235c87ca327f337bf2a23a5250e06e2ae94ced24b687fbb05344f317a7f,67,,16-multi-b4,issue102_full_prompt,S2_P50,MEASURED_PHYSICAL,issue102_full_prompt,accepted,checksum-verified member within frozen authority,,
#102/issue102-cross-prompt-v1,host/stage-a/run-064-16-multi-b4/stdout.log,dd6fc41126b5bd3dd54b3a0d0db2a4810f7a01c34a31367977dcec9a691441a4,9094,,16-multi-b4,issue102_full_prompt,S2_P50,MEASURED_PHYSICAL,issue102_full_prompt,accepted,checksum-verified member within frozen authority,,
#102/issue102-cross-prompt-v1,host/stage-a/run-065-01-math-b5/envelope.json,21b5e2aec0f2af8d21792d23334a03685c7e9d0f198ba6e1b8e2df9faedb4828,25376,,01-math-b5,issue102_full_prompt,S2_P50,MEASURED_PHYSICAL,issue102_full_prompt,accepted,checksum-verified member within frozen authority,,
#102/issue102-cross-prompt-v1,host/stage-a/run-065-01-math-b5/result.json,b822193d49748f8e89209e21eea81c7b2f392937c25bde2d0a86884a7e9bf6b7,12049,,01-math-b5,issue102_full_prompt,S2_P50,MEASURED_PHYSICAL,issue102_full_prompt,accepted,checksum-verified member within frozen authority,,
#102/issue102-cross-prompt-v1,host/stage-a/run-065-01-math-b5/stderr.log,08d85235c87ca327f337bf2a23a5250e06e2ae94ced24b687fbb05344f317a7f,67,,01-math-b5,issue102_full_prompt,S2_P50,MEASURED_PHYSICAL,issue102_full_prompt,accepted,checksum-verified member within frozen authority,,
#102/issue102-cross-prompt-v1,host/stage-a/run-065-01-math-b5/stdout.log,d34ed0595737543ded3af654d78b62117dc478fd0cf672175586808d5e9fdea1,9044,,01-math-b5,issue102_full_prompt,S2_P50,MEASURED_PHYSICAL,issue102_full_prompt,accepted,checksum-verified member within frozen authority,,
#102/issue102-cross-prompt-v1,host/stage-a/run-066-02-formal-b5/envelope.json,0073a78d115050a8e6e50d51edd87fb313435c8b6e0534fc45a8492e01dcef42,25369,,02-formal-b5,issue102_full_prompt,S2_P50,MEASURED_PHYSICAL,issue102_full_prompt,accepted,checksum-verified member within frozen authority,,
#102/issue102-cross-prompt-v1,host/stage-a/run-066-02-formal-b5/result.json,1fe2b919de1dca2c7e23bea84e78165d14f436e35f4e536f3a3522f45964c5db,12060,,02-formal-b5,issue102_full_prompt,S2_P50,MEASURED_PHYSICAL,issue102_full_prompt,accepted,checksum-verified member within frozen authority,,
#102/issue102-cross-prompt-v1,host/stage-a/run-066-02-formal-b5/stderr.log,08d85235c87ca327f337bf2a23a5250e06e2ae94ced24b687fbb05344f317a7f,67,,02-formal-b5,issue102_full_prompt,S2_P50,MEASURED_PHYSICAL,issue102_full_prompt,accepted,checksum-verified member within frozen authority,,
#102/issue102-cross-prompt-v1,host/stage-a/run-066-02-formal-b5/stdout.log,8c70802d90433fff54c1bcc347ef582a0d9d2b3023b5599dbc3167ed2024449c,9055,,02-formal-b5,issue102_full_prompt,S2_P50,MEASURED_PHYSICAL,issue102_full_prompt,accepted,checksum-verified member within frozen authority,,
#102/issue102-cross-prompt-v1,host/stage-a/run-067-03-science-b5/envelope.json,502dabcdd4f6b75a9b2f4a0f11adbc39651c2e5f39596ddbb1b5cf83b26510bf,25384,,03-science-b5,issue102_full_prompt,S2_P50,MEASURED_PHYSICAL,issue102_full_prompt,accepted,checksum-verified member within frozen authority,,
#102/issue102-cross-prompt-v1,host/stage-a/run-067-03-science-b5/result.json,3e00e23088d6557fe718198529ff70503c4012448cf3a3cd74885e34edc85075,12077,,03-science-b5,issue102_full_prompt,S2_P50,MEASURED_PHYSICAL,issue102_full_prompt,accepted,checksum-verified member within frozen authority,,
#102/issue102-cross-prompt-v1,host/stage-a/run-067-03-science-b5/stderr.log,08d85235c87ca327f337bf2a23a5250e06e2ae94ced24b687fbb05344f317a7f,67,,03-science-b5,issue102_full_prompt,S2_P50,MEASURED_PHYSICAL,issue102_full_prompt,accepted,checksum-verified member within frozen authority,,
#102/issue102-cross-prompt-v1,host/stage-a/run-067-03-science-b5/stdout.log,76714c3914ece80c8e2d6d388970223c04b822293fe2729b86422f3a30b612ec,9072,,03-science-b5,issue102_full_prompt,S2_P50,MEASURED_PHYSICAL,issue102_full_prompt,accepted,checksum-verified member within frozen authority,,
#102/issue102-cross-prompt-v1,host/stage-a/run-068-04-factual-b5/envelope.json,fc37eaf9d0d7fff3768eba48fb341bfd3518b2a296ed572d2f42ba5327c42069,25372,,04-factual-b5,issue102_full_prompt,S2_P50,MEASURED_PHYSICAL,issue102_full_prompt,accepted,checksum-verified member within frozen authority,,
#102/issue102-cross-prompt-v1,host/stage-a/run-068-04-factual-b5/result.json,82c8e38230f95668b8a1a7a49486d18c4473c252de7aa5daa3a8ea6cc8252e8b,12055,,04-factual-b5,issue102_full_prompt,S2_P50,MEASURED_PHYSICAL,issue102_full_prompt,accepted,checksum-verified member within frozen authority,,
#102/issue102-cross-prompt-v1,host/stage-a/run-068-04-factual-b5/stderr.log,08d85235c87ca327f337bf2a23a5250e06e2ae94ced24b687fbb05344f317a7f,67,,04-factual-b5,issue102_full_prompt,S2_P50,MEASURED_PHYSICAL,issue102_full_prompt,accepted,checksum-verified member within frozen authority,,
#102/issue102-cross-prompt-v1,host/stage-a/run-068-04-factual-b5/stdout.log,e5e17c69273160289ac2f73d3359edf80c2136d2cac064c0f16b69af055dbdef,9050,,04-factual-b5,issue102_full_prompt,S2_P50,MEASURED_PHYSICAL,issue102_full_prompt,accepted,checksum-verified member within frozen authority,,
#102/issue102-cross-prompt-v1,host/stage-a/run-069-05-codegen-b5/envelope.json,a8e4a0d030b9ee509335ec81e3bb8932ad35fe62d5b52d6c8a6299be798b3d86,25377,,05-codegen-b5,issue102_full_prompt,S2_P50,MEASURED_PHYSICAL,issue102_full_prompt,accepted,checksum-verified member within frozen authority,,
#102/issue102-cross-prompt-v1,host/stage-a/run-069-05-codegen-b5/result.json,e18749a557473711b759c244aefaa91668711188a5c00760430b257d1edc00cd,12047,,05-codegen-b5,issue102_full_prompt,S2_P50,MEASURED_PHYSICAL,issue102_full_prompt,accepted,checksum-verified member within frozen authority,,
#102/issue102-cross-prompt-v1,host/stage-a/run-069-05-codegen-b5/stderr.log,08d85235c87ca327f337bf2a23a5250e06e2ae94ced24b687fbb05344f317a7f,67,,05-codegen-b5,issue102_full_prompt,S2_P50,MEASURED_PHYSICAL,issue102_full_prompt,accepted,checksum-verified member within frozen authority,,
#102/issue102-cross-prompt-v1,host/stage-a/run-069-05-codegen-b5/stdout.log,268c87ea45d65af7c3c17a9989362273a632c3bfec4b94c25c04675d279222d7,9042,,05-codegen-b5,issue102_full_prompt,S2_P50,MEASURED_PHYSICAL,issue102_full_prompt,accepted,checksum-verified member within frozen authority,,
#102/issue102-cross-prompt-v1,host/stage-a/run-070-06-debug-b5/envelope.json,61c671f8ddfe95bd26eb039637e16497f858f3d745e8ae382832ff5da2515bcb,25375,,06-debug-b5,issue102_full_prompt,S2_P50,MEASURED_PHYSICAL,issue102_full_prompt,accepted,checksum-verified member within frozen authority,,
#102/issue102-cross-prompt-v1,host/stage-a/run-070-06-debug-b5/result.json,5db692fc0bd8ee9988a115c88c48edd884eac5fde097ae3f12137dbfdc07c224,12084,,06-debug-b5,issue102_full_prompt,S2_P50,MEASURED_PHYSICAL,issue102_full_prompt,accepted,checksum-verified member within frozen authority,,
#102/issue102-cross-prompt-v1,host/stage-a/run-070-06-debug-b5/stderr.log,08d85235c87ca327f337bf2a23a5250e06e2ae94ced24b687fbb05344f317a7f,67,,06-debug-b5,issue102_full_prompt,S2_P50,MEASURED_PHYSICAL,issue102_full_prompt,accepted,checksum-verified member within frozen authority,,
#102/issue102-cross-prompt-v1,host/stage-a/run-070-06-debug-b5/stdout.log,501ecae04d22cbf326db6d04a821db39a4780979161e5ee520636d8da474dd32,9079,,06-debug-b5,issue102_full_prompt,S2_P50,MEASURED_PHYSICAL,issue102_full_prompt,accepted,checksum-verified member within frozen authority,,
#102/issue102-cross-prompt-v1,host/stage-a/run-071-07-algorithms-b5/envelope.json,31388b08ddae1c39f76cad998b783b6fcac3994b8c47ee46db3862901422ba66,25382,,07-algorithms-b5,issue102_full_prompt,S2_P50,MEASURED_PHYSICAL,issue102_full_prompt,accepted,checksum-verified member within frozen authority,,
#102/issue102-cross-prompt-v1,host/stage-a/run-071-07-algorithms-b5/result.json,ae1b72085d5e3b5d0efdf787ca999f36097c34c70fbaf3afa8f3ad588dc32fd0,12106,,07-algorithms-b5,issue102_full_prompt,S2_P50,MEASURED_PHYSICAL,issue102_full_prompt,accepted,checksum-verified member within frozen authority,,
#102/issue102-cross-prompt-v1,host/stage-a/run-071-07-algorithms-b5/stderr.log,08d85235c87ca327f337bf2a23a5250e06e2ae94ced24b687fbb05344f317a7f,67,,07-algorithms-b5,issue102_full_prompt,S2_P50,MEASURED_PHYSICAL,issue102_full_prompt,accepted,checksum-verified member within frozen authority,,
#102/issue102-cross-prompt-v1,host/stage-a/run-071-07-algorithms-b5/stdout.log,48238322a78a0bbdea84458b9368008a3d4bcb7f57adab567713699f48489a83,9101,,07-algorithms-b5,issue102_full_prompt,S2_P50,MEASURED_PHYSICAL,issue102_full_prompt,accepted,checksum-verified member within frozen authority,,
#102/issue102-cross-prompt-v1,host/stage-a/run-072-08-summary-b5/envelope.json,2041f74a5959a7bd149a4ef6bce08b15299f520a00dd78e544699c181bf00c0c,25373,,08-summary-b5,issue102_full_prompt,S2_P50,MEASURED_PHYSICAL,issue102_full_prompt,accepted,checksum-verified member within frozen authority,,
#102/issue102-cross-prompt-v1,host/stage-a/run-072-08-summary-b5/result.json,fd565dd3ae840ef39fc60a08b3ccce5efd748334f00adb6a2a5294b333d46cf7,12075,,08-summary-b5,issue102_full_prompt,S2_P50,MEASURED_PHYSICAL,issue102_full_prompt,accepted,checksum-verified member within frozen authority,,
#102/issue102-cross-prompt-v1,host/stage-a/run-072-08-summary-b5/stderr.log,08d85235c87ca327f337bf2a23a5250e06e2ae94ced24b687fbb05344f317a7f,67,,08-summary-b5,issue102_full_prompt,S2_P50,MEASURED_PHYSICAL,issue102_full_prompt,accepted,checksum-verified member within frozen authority,,
#102/issue102-cross-prompt-v1,host/stage-a/run-072-08-summary-b5/stdout.log,1df680890d0ab56e666d57aee5d8bbd08cb7289a94d10b7ed679ef2129f18013,9070,,08-summary-b5,issue102_full_prompt,S2_P50,MEASURED_PHYSICAL,issue102_full_prompt,accepted,checksum-verified member within frozen authority,,
#102/issue102-cross-prompt-v1,host/stage-a/run-073-09-extract-b5/envelope.json,14fa6a007aa84aaf698ac6c09a70ea4301a234f8519ebc07e536f8313d5a382b,25390,,09-extract-b5,issue102_full_prompt,S2_P50,MEASURED_PHYSICAL,issue102_full_prompt,accepted,checksum-verified member within frozen authority,,
#102/issue102-cross-prompt-v1,host/stage-a/run-073-09-extract-b5/result.json,6552c1125a9cf4ddc9df33b50a08a8eb7d4d192c8c36cbb9a563be5cb34cb8ab,12070,,09-extract-b5,issue102_full_prompt,S2_P50,MEASURED_PHYSICAL,issue102_full_prompt,accepted,checksum-verified member within frozen authority,,
#102/issue102-cross-prompt-v1,host/stage-a/run-073-09-extract-b5/stderr.log,08d85235c87ca327f337bf2a23a5250e06e2ae94ced24b687fbb05344f317a7f,67,,09-extract-b5,issue102_full_prompt,S2_P50,MEASURED_PHYSICAL,issue102_full_prompt,accepted,checksum-verified member within frozen authority,,
#102/issue102-cross-prompt-v1,host/stage-a/run-073-09-extract-b5/stdout.log,ead2bbdfb3203a66872e416da87c60a0bbcbf3f121c636aa5d4750fca77badb3,9065,,09-extract-b5,issue102_full_prompt,S2_P50,MEASURED_PHYSICAL,issue102_full_prompt,accepted,checksum-verified member within frozen authority,,
#102/issue102-cross-prompt-v1,host/stage-a/run-074-10-planning-b5/envelope.json,4cd0ab3d357fe77e5b5c85e6ef42b8ae889897c13f6e3dd47065eb1859049a1f,25385,,10-planning-b5,issue102_full_prompt,S2_P50,MEASURED_PHYSICAL,issue102_full_prompt,accepted,checksum-verified member within frozen authority,,
#102/issue102-cross-prompt-v1,host/stage-a/run-074-10-planning-b5/result.json,a4d866bec910ecf3d48c46135f9d7ef70800eb988f31f784759b2168881c3cd5,12080,,10-planning-b5,issue102_full_prompt,S2_P50,MEASURED_PHYSICAL,issue102_full_prompt,accepted,checksum-verified member within frozen authority,,
#102/issue102-cross-prompt-v1,host/stage-a/run-074-10-planning-b5/stderr.log,08d85235c87ca327f337bf2a23a5250e06e2ae94ced24b687fbb05344f317a7f,67,,10-planning-b5,issue102_full_prompt,S2_P50,MEASURED_PHYSICAL,issue102_full_prompt,accepted,checksum-verified member within frozen authority,,
#102/issue102-cross-prompt-v1,host/stage-a/run-074-10-planning-b5/stdout.log,2cde57777d22ac39042ca41350fc978bdd46cf8148e11e0985def4e1a424115a,9075,,10-planning-b5,issue102_full_prompt,S2_P50,MEASURED_PHYSICAL,issue102_full_prompt,accepted,checksum-verified member within frozen authority,,
#102/issue102-cross-prompt-v1,host/stage-a/run-075-11-instructions-b5/envelope.json,b2d9d105eb1f964d2c767265b8d4164e75d42462b2d9c0997f4228058c924f46,25397,,11-instructions-b5,issue102_full_prompt,S2_P50,MEASURED_PHYSICAL,issue102_full_prompt,accepted,checksum-verified member within frozen authority,,
#102/issue102-cross-prompt-v1,host/stage-a/run-075-11-instructions-b5/result.json,bda6a818c35ce42be5e8324564487422841595fe413886ff96ac9801ae692472,12100,,11-instructions-b5,issue102_full_prompt,S2_P50,MEASURED_PHYSICAL,issue102_full_prompt,accepted,checksum-verified member within frozen authority,,
#102/issue102-cross-prompt-v1,host/stage-a/run-075-11-instructions-b5/stderr.log,08d85235c87ca327f337bf2a23a5250e06e2ae94ced24b687fbb05344f317a7f,67,,11-instructions-b5,issue102_full_prompt,S2_P50,MEASURED_PHYSICAL,issue102_full_prompt,accepted,checksum-verified member within frozen authority,,
#102/issue102-cross-prompt-v1,host/stage-a/run-075-11-instructions-b5/stdout.log,3cb2997f90e6351c2080fdbe493df6d870e934da9a6244ddcbc41e224caba78b,9095,,11-instructions-b5,issue102_full_prompt,S2_P50,MEASURED_PHYSICAL,issue102_full_prompt,accepted,checksum-verified member within frozen authority,,
#102/issue102-cross-prompt-v1,host/stage-a/run-076-12-compare-b5/envelope.json,544cb2d1740b1190008ca832fad63af3350aa450561e0af3dfb70044f39e1f57,25383,,12-compare-b5,issue102_full_prompt,S2_P50,MEASURED_PHYSICAL,issue102_full_prompt,accepted,checksum-verified member within frozen authority,,
#102/issue102-cross-prompt-v1,host/stage-a/run-076-12-compare-b5/result.json,55fdac752954c992d3f024c1bcb67d4a11a4c4d0b674a114ff2f0bd7883d92df,12058,,12-compare-b5,issue102_full_prompt,S2_P50,MEASURED_PHYSICAL,issue102_full_prompt,accepted,checksum-verified member within frozen authority,,
#102/issue102-cross-prompt-v1,host/stage-a/run-076-12-compare-b5/stderr.log,08d85235c87ca327f337bf2a23a5250e06e2ae94ced24b687fbb05344f317a7f,67,,12-compare-b5,issue102_full_prompt,S2_P50,MEASURED_PHYSICAL,issue102_full_prompt,accepted,checksum-verified member within frozen authority,,
#102/issue102-cross-prompt-v1,host/stage-a/run-076-12-compare-b5/stdout.log,d6a4564fcfce19bd060beee49ffa04c6afb0df20a507cb8286a6d34c63fc1669,9053,,12-compare-b5,issue102_full_prompt,S2_P50,MEASURED_PHYSICAL,issue102_full_prompt,accepted,checksum-verified member within frozen authority,,
#102/issue102-cross-prompt-v1,host/stage-a/run-077-13-creative-b5/envelope.json,09469dfac319203198a3948b47eeb2ef81bb2d54f490a4e69f2eadd9822cf5e8,25377,,13-creative-b5,issue102_full_prompt,S2_P50,MEASURED_PHYSICAL,issue102_full_prompt,accepted,checksum-verified member within frozen authority,,
#102/issue102-cross-prompt-v1,host/stage-a/run-077-13-creative-b5/result.json,31093095410d25a5624a4b190857115bf081066746fc1f708987cadaedb3fd90,12061,,13-creative-b5,issue102_full_prompt,S2_P50,MEASURED_PHYSICAL,issue102_full_prompt,accepted,checksum-verified member within frozen authority,,
#102/issue102-cross-prompt-v1,host/stage-a/run-077-13-creative-b5/stderr.log,08d85235c87ca327f337bf2a23a5250e06e2ae94ced24b687fbb05344f317a7f,67,,13-creative-b5,issue102_full_prompt,S2_P50,MEASURED_PHYSICAL,issue102_full_prompt,accepted,checksum-verified member within frozen authority,,
#102/issue102-cross-prompt-v1,host/stage-a/run-077-13-creative-b5/stdout.log,d9bf9bd1f9a7a44245a28c2db1bc4f5f52be19b2cd2afdba1d0ba8f9d0998467,9056,,13-creative-b5,issue102_full_prompt,S2_P50,MEASURED_PHYSICAL,issue102_full_prompt,accepted,checksum-verified member within frozen authority,,
#102/issue102-cross-prompt-v1,host/stage-a/run-078-14-qa-b5/envelope.json,ffdaed6cdd57bbeabfc18472667a4a9b2751316ac2b495234716adcd22d72337,25366,,14-qa-b5,issue102_full_prompt,S2_P50,MEASURED_PHYSICAL,issue102_full_prompt,accepted,checksum-verified member within frozen authority,,
#102/issue102-cross-prompt-v1,host/stage-a/run-078-14-qa-b5/result.json,089a43855b274b7619e1026770a176d5d656aa612db23c626901cb647c573b1f,12050,,14-qa-b5,issue102_full_prompt,S2_P50,MEASURED_PHYSICAL,issue102_full_prompt,accepted,checksum-verified member within frozen authority,,
#102/issue102-cross-prompt-v1,host/stage-a/run-078-14-qa-b5/stderr.log,08d85235c87ca327f337bf2a23a5250e06e2ae94ced24b687fbb05344f317a7f,67,,14-qa-b5,issue102_full_prompt,S2_P50,MEASURED_PHYSICAL,issue102_full_prompt,accepted,checksum-verified member within frozen authority,,
#102/issue102-cross-prompt-v1,host/stage-a/run-078-14-qa-b5/stdout.log,d18ca62488b0f91fdd4e6cbb179eaa0c21212f91bef511f7bfd8d4fcdd6fc144,9045,,14-qa-b5,issue102_full_prompt,S2_P50,MEASURED_PHYSICAL,issue102_full_prompt,accepted,checksum-verified member within frozen authority,,
#102/issue102-cross-prompt-v1,host/stage-a/run-079-15-spanish-b5/envelope.json,e1121f8f4cc3faf7fa95392ee702ef74c8fb37aa3419180330f0ee9251563e01,25389,,15-spanish-b5,issue102_full_prompt,S2_P50,MEASURED_PHYSICAL,issue102_full_prompt,accepted,checksum-verified member within frozen authority,,
#102/issue102-cross-prompt-v1,host/stage-a/run-079-15-spanish-b5/result.json,2bacb19d212703cae8b55abadc44d2d01857a61d9fe20f4f31363db2341966f8,12077,,15-spanish-b5,issue102_full_prompt,S2_P50,MEASURED_PHYSICAL,issue102_full_prompt,accepted,checksum-verified member within frozen authority,,
#102/issue102-cross-prompt-v1,host/stage-a/run-079-15-spanish-b5/stderr.log,08d85235c87ca327f337bf2a23a5250e06e2ae94ced24b687fbb05344f317a7f,67,,15-spanish-b5,issue102_full_prompt,S2_P50,MEASURED_PHYSICAL,issue102_full_prompt,accepted,checksum-verified member within frozen authority,,
#102/issue102-cross-prompt-v1,host/stage-a/run-079-15-spanish-b5/stdout.log,94e89ad4a9926b7f2edc5340674ae2be271f6c63945c7eb652c7a5cb3ed1053c,9072,,15-spanish-b5,issue102_full_prompt,S2_P50,MEASURED_PHYSICAL,issue102_full_prompt,accepted,checksum-verified member within frozen authority,,
#102/issue102-cross-prompt-v1,host/stage-a/run-080-16-multi-b5/envelope.json,d7e9b5a0cc467536f348a7fb7dc223eb504d4bef6e9dfe856fef970fe2a05752,25375,,16-multi-b5,issue102_full_prompt,S2_P50,MEASURED_PHYSICAL,issue102_full_prompt,accepted,checksum-verified member within frozen authority,,
#102/issue102-cross-prompt-v1,host/stage-a/run-080-16-multi-b5/result.json,3d55eb73d0cd2868be32d7abb9f996b1273564e3d42ee95823153fcea2b714cd,12085,,16-multi-b5,issue102_full_prompt,S2_P50,MEASURED_PHYSICAL,issue102_full_prompt,accepted,checksum-verified member within frozen authority,,
#102/issue102-cross-prompt-v1,host/stage-a/run-080-16-multi-b5/stderr.log,08d85235c87ca327f337bf2a23a5250e06e2ae94ced24b687fbb05344f317a7f,67,,16-multi-b5,issue102_full_prompt,S2_P50,MEASURED_PHYSICAL,issue102_full_prompt,accepted,checksum-verified member within frozen authority,,
#102/issue102-cross-prompt-v1,host/stage-a/run-080-16-multi-b5/stdout.log,6fc142e321c39e1442b8f871223b8ee4b6a360e85ca0ac817f6d6ba712a00dab,9080,,16-multi-b5,issue102_full_prompt,S2_P50,MEASURED_PHYSICAL,issue102_full_prompt,accepted,checksum-verified member within frozen authority,,
#102/issue102-cross-prompt-v1,host/stage-a/run-081-01-math-b6/envelope.json,bb4ae125804fd90790053e09dc115f22f6004d995cb01c36364d2593a343aad7,25407,,01-math-b6,issue102_full_prompt,S2_P50,MEASURED_PHYSICAL,issue102_full_prompt,accepted,checksum-verified member within frozen authority,,
#102/issue102-cross-prompt-v1,host/stage-a/run-081-01-math-b6/result.json,217343417aec521e5cb250726b6b56ea5365c8420fb40692a98c147a0b44dad3,12068,,01-math-b6,issue102_full_prompt,S2_P50,MEASURED_PHYSICAL,issue102_full_prompt,accepted,checksum-verified member within frozen authority,,
#102/issue102-cross-prompt-v1,host/stage-a/run-081-01-math-b6/stderr.log,08d85235c87ca327f337bf2a23a5250e06e2ae94ced24b687fbb05344f317a7f,67,,01-math-b6,issue102_full_prompt,S2_P50,MEASURED_PHYSICAL,issue102_full_prompt,accepted,checksum-verified member within frozen authority,,
#102/issue102-cross-prompt-v1,host/stage-a/run-081-01-math-b6/stdout.log,a92bc4ebd007f4372c4a3c7036298eaf41642f84e4763455ae70e36e920f33d7,9063,,01-math-b6,issue102_full_prompt,S2_P50,MEASURED_PHYSICAL,issue102_full_prompt,accepted,checksum-verified member within frozen authority,,
#102/issue102-cross-prompt-v1,host/stage-a/run-082-02-formal-b6/envelope.json,670574ff89165521225b5a418e6ee254f4396a86c2a895547cff242bf6d33905,25413,,02-formal-b6,issue102_full_prompt,S2_P50,MEASURED_PHYSICAL,issue102_full_prompt,accepted,checksum-verified member within frozen authority,,
#102/issue102-cross-prompt-v1,host/stage-a/run-082-02-formal-b6/result.json,39982eefc7863fa37f401299c8213bb775c2e46df886dde3f4c72fb83b8040ff,12095,,02-formal-b6,issue102_full_prompt,S2_P50,MEASURED_PHYSICAL,issue102_full_prompt,accepted,checksum-verified member within frozen authority,,
#102/issue102-cross-prompt-v1,host/stage-a/run-082-02-formal-b6/stderr.log,08d85235c87ca327f337bf2a23a5250e06e2ae94ced24b687fbb05344f317a7f,67,,02-formal-b6,issue102_full_prompt,S2_P50,MEASURED_PHYSICAL,issue102_full_prompt,accepted,checksum-verified member within frozen authority,,
#102/issue102-cross-prompt-v1,host/stage-a/run-082-02-formal-b6/stdout.log,afb7228779179b0b664c5571b55c9e0c7744d451de4eb3bda10c9adf4e63bf17,9090,,02-formal-b6,issue102_full_prompt,S2_P50,MEASURED_PHYSICAL,issue102_full_prompt,accepted,checksum-verified member within frozen authority,,
#102/issue102-cross-prompt-v1,host/stage-a/run-083-03-science-b6/envelope.json,15fd5a9211113b996f0ef637963b70cd69a744f553e5b63507fe0177f798bf0b,25376,,03-science-b6,issue102_full_prompt,S2_P50,MEASURED_PHYSICAL,issue102_full_prompt,accepted,checksum-verified member within frozen authority,,
#102/issue102-cross-prompt-v1,host/stage-a/run-083-03-science-b6/result.json,159b1de110fb655265386e96155b5e5fa4357b6cf8b1f0c5731dfa7063d4a8cd,12036,,03-science-b6,issue102_full_prompt,S2_P50,MEASURED_PHYSICAL,issue102_full_prompt,accepted,checksum-verified member within frozen authority,,
#102/issue102-cross-prompt-v1,host/stage-a/run-083-03-science-b6/stderr.log,08d85235c87ca327f337bf2a23a5250e06e2ae94ced24b687fbb05344f317a7f,67,,03-science-b6,issue102_full_prompt,S2_P50,MEASURED_PHYSICAL,issue102_full_prompt,accepted,checksum-verified member within frozen authority,,
#102/issue102-cross-prompt-v1,host/stage-a/run-083-03-science-b6/stdout.log,9ea6e2466e9a45c93cc1665b59b92c5bf5ec0d9da0545715ea5cdad666922f02,9031,,03-science-b6,issue102_full_prompt,S2_P50,MEASURED_PHYSICAL,issue102_full_prompt,accepted,checksum-verified member within frozen authority,,
#102/issue102-cross-prompt-v1,host/stage-a/run-084-04-factual-b6/envelope.json,4e27440067226ce4559684772988e9a09068a3527a4ca2ef3c270c21515464cb,25383,,04-factual-b6,issue102_full_prompt,S2_P50,MEASURED_PHYSICAL,issue102_full_prompt,accepted,checksum-verified member within frozen authority,,
#102/issue102-cross-prompt-v1,host/stage-a/run-084-04-factual-b6/result.json,fc17cd5cc178f58317613e82951aa7ee1469f031e3a28d592997229974b5b717,12065,,04-factual-b6,issue102_full_prompt,S2_P50,MEASURED_PHYSICAL,issue102_full_prompt,accepted,checksum-verified member within frozen authority,,
#102/issue102-cross-prompt-v1,host/stage-a/run-084-04-factual-b6/stderr.log,08d85235c87ca327f337bf2a23a5250e06e2ae94ced24b687fbb05344f317a7f,67,,04-factual-b6,issue102_full_prompt,S2_P50,MEASURED_PHYSICAL,issue102_full_prompt,accepted,checksum-verified member within frozen authority,,
#102/issue102-cross-prompt-v1,host/stage-a/run-084-04-factual-b6/stdout.log,266d173b1b298cebdc0e8da538782d1d8d21693e3b17f66df3e00354bdf5a8b8,9060,,04-factual-b6,issue102_full_prompt,S2_P50,MEASURED_PHYSICAL,issue102_full_prompt,accepted,checksum-verified member within frozen authority,,
#102/issue102-cross-prompt-v1,host/stage-a/run-085-05-codegen-b6/envelope.json,5ab3174f3b1b41c72dfc17e9e6ff502812307921fab9b2640930d28ba85c6f31,25376,,05-codegen-b6,issue102_full_prompt,S2_P50,MEASURED_PHYSICAL,issue102_full_prompt,accepted,checksum-verified member within frozen authority,,
#102/issue102-cross-prompt-v1,host/stage-a/run-085-05-codegen-b6/result.json,7c723d51d9ae8b3bfc86a2946ba19a0335d89edad42e0447cccf1188d1d3c9ee,12055,,05-codegen-b6,issue102_full_prompt,S2_P50,MEASURED_PHYSICAL,issue102_full_prompt,accepted,checksum-verified member within frozen authority,,
#102/issue102-cross-prompt-v1,host/stage-a/run-085-05-codegen-b6/stderr.log,08d85235c87ca327f337bf2a23a5250e06e2ae94ced24b687fbb05344f317a7f,67,,05-codegen-b6,issue102_full_prompt,S2_P50,MEASURED_PHYSICAL,issue102_full_prompt,accepted,checksum-verified member within frozen authority,,
#102/issue102-cross-prompt-v1,host/stage-a/run-085-05-codegen-b6/stdout.log,1817e5b157174e257ba1e169562c4676fa4b910818078b33c1fa781f2cdb2101,9050,,05-codegen-b6,issue102_full_prompt,S2_P50,MEASURED_PHYSICAL,issue102_full_prompt,accepted,checksum-verified member within frozen authority,,
#102/issue102-cross-prompt-v1,host/stage-a/run-086-06-debug-b6/envelope.json,acc4819bf016f9624a9f47eb727a3d85051ae3a7692686d310d76435ed93f81a,25389,,06-debug-b6,issue102_full_prompt,S2_P50,MEASURED_PHYSICAL,issue102_full_prompt,accepted,checksum-verified member within frozen authority,,
#102/issue102-cross-prompt-v1,host/stage-a/run-086-06-debug-b6/result.json,a1006bdb122315983c70a7fbbb77a46eef0cd1176247c0bcaf97a4042587fc56,12078,,06-debug-b6,issue102_full_prompt,S2_P50,MEASURED_PHYSICAL,issue102_full_prompt,accepted,checksum-verified member within frozen authority,,
#102/issue102-cross-prompt-v1,host/stage-a/run-086-06-debug-b6/stderr.log,08d85235c87ca327f337bf2a23a5250e06e2ae94ced24b687fbb05344f317a7f,67,,06-debug-b6,issue102_full_prompt,S2_P50,MEASURED_PHYSICAL,issue102_full_prompt,accepted,checksum-verified member within frozen authority,,
#102/issue102-cross-prompt-v1,host/stage-a/run-086-06-debug-b6/stdout.log,45beadd4bf2f4803b8861087f18cf164b57c59382e0fdd96aece87238d736cba,9073,,06-debug-b6,issue102_full_prompt,S2_P50,MEASURED_PHYSICAL,issue102_full_prompt,accepted,checksum-verified member within frozen authority,,
#102/issue102-cross-prompt-v1,host/stage-a/run-087-07-algorithms-b6/envelope.json,828df0fe892d586bf4882d07a1e216ec752705eecc69badbeb4fbba5fbe62d24,25391,,07-algorithms-b6,issue102_full_prompt,S2_P50,MEASURED_PHYSICAL,issue102_full_prompt,accepted,checksum-verified member within frozen authority,,
#102/issue102-cross-prompt-v1,host/stage-a/run-087-07-algorithms-b6/result.json,3c29f1d71eec84a03c06aa2d09a22c8dd2f2eacec1b9a9cf460ba73adb1f32e0,12099,,07-algorithms-b6,issue102_full_prompt,S2_P50,MEASURED_PHYSICAL,issue102_full_prompt,accepted,checksum-verified member within frozen authority,,
#102/issue102-cross-prompt-v1,host/stage-a/run-087-07-algorithms-b6/stderr.log,08d85235c87ca327f337bf2a23a5250e06e2ae94ced24b687fbb05344f317a7f,67,,07-algorithms-b6,issue102_full_prompt,S2_P50,MEASURED_PHYSICAL,issue102_full_prompt,accepted,checksum-verified member within frozen authority,,
#102/issue102-cross-prompt-v1,host/stage-a/run-087-07-algorithms-b6/stdout.log,3dee7316ea0e26729cdfb362497cb2b183a629a505b55ad2b3c327b6afdda7e0,9094,,07-algorithms-b6,issue102_full_prompt,S2_P50,MEASURED_PHYSICAL,issue102_full_prompt,accepted,checksum-verified member within frozen authority,,
#102/issue102-cross-prompt-v1,host/stage-a/run-088-08-summary-b6/envelope.json,89085e164d540303f464ef4f5fc54d9830cc3d0feae845ea65c6620c60d98cc8,25390,,08-summary-b6,issue102_full_prompt,S2_P50,MEASURED_PHYSICAL,issue102_full_prompt,accepted,checksum-verified member within frozen authority,,
#102/issue102-cross-prompt-v1,host/stage-a/run-088-08-summary-b6/result.json,3a96a407b47da4780248893d943a57b1153ca8955d0b46286485888341d9b928,12076,,08-summary-b6,issue102_full_prompt,S2_P50,MEASURED_PHYSICAL,issue102_full_prompt,accepted,checksum-verified member within frozen authority,,
#102/issue102-cross-prompt-v1,host/stage-a/run-088-08-summary-b6/stderr.log,08d85235c87ca327f337bf2a23a5250e06e2ae94ced24b687fbb05344f317a7f,67,,08-summary-b6,issue102_full_prompt,S2_P50,MEASURED_PHYSICAL,issue102_full_prompt,accepted,checksum-verified member within frozen authority,,
#102/issue102-cross-prompt-v1,host/stage-a/run-088-08-summary-b6/stdout.log,a6d02aebbf3fd4d39e4ff4f1a1bca033de72c89506c812787254c9081f7e244d,9071,,08-summary-b6,issue102_full_prompt,S2_P50,MEASURED_PHYSICAL,issue102_full_prompt,accepted,checksum-verified member within frozen authority,,
#102/issue102-cross-prompt-v1,host/stage-a/run-089-09-extract-b6/envelope.json,7e2ada7750c862e610a6e0d23a4586325c1a7eb498498f026f9505b409ed094e,25388,,09-extract-b6,issue102_full_prompt,S2_P50,MEASURED_PHYSICAL,issue102_full_prompt,accepted,checksum-verified member within frozen authority,,
#102/issue102-cross-prompt-v1,host/stage-a/run-089-09-extract-b6/result.json,f705dc216ef1aaf458c22faf5fbbed9cd31f525c021a38dfaab6f658af869b3f,12096,,09-extract-b6,issue102_full_prompt,S2_P50,MEASURED_PHYSICAL,issue102_full_prompt,accepted,checksum-verified member within frozen authority,,
#102/issue102-cross-prompt-v1,host/stage-a/run-089-09-extract-b6/stderr.log,08d85235c87ca327f337bf2a23a5250e06e2ae94ced24b687fbb05344f317a7f,67,,09-extract-b6,issue102_full_prompt,S2_P50,MEASURED_PHYSICAL,issue102_full_prompt,accepted,checksum-verified member within frozen authority,,
#102/issue102-cross-prompt-v1,host/stage-a/run-089-09-extract-b6/stdout.log,ca4e1bc4dd611d5ea02bfcf709bb60ee1f0a34f43526cc3cefdafa8ab9dc1bf0,9091,,09-extract-b6,issue102_full_prompt,S2_P50,MEASURED_PHYSICAL,issue102_full_prompt,accepted,checksum-verified member within frozen authority,,
#102/issue102-cross-prompt-v1,host/stage-a/run-090-10-planning-b6/envelope.json,fb008082e0beca9dbbe186dbf7e6912acfc0e4b1207d431b3743ef4f98f9fb03,25392,,10-planning-b6,issue102_full_prompt,S2_P50,MEASURED_PHYSICAL,issue102_full_prompt,accepted,checksum-verified member within frozen authority,,
#102/issue102-cross-prompt-v1,host/stage-a/run-090-10-planning-b6/result.json,087ca03de7087c0966c4b3a4578d79698099da5dd2a611cb3f1fde3d35a42013,12074,,10-planning-b6,issue102_full_prompt,S2_P50,MEASURED_PHYSICAL,issue102_full_prompt,accepted,checksum-verified member within frozen authority,,
#102/issue102-cross-prompt-v1,host/stage-a/run-090-10-planning-b6/stderr.log,08d85235c87ca327f337bf2a23a5250e06e2ae94ced24b687fbb05344f317a7f,67,,10-planning-b6,issue102_full_prompt,S2_P50,MEASURED_PHYSICAL,issue102_full_prompt,accepted,checksum-verified member within frozen authority,,
#102/issue102-cross-prompt-v1,host/stage-a/run-090-10-planning-b6/stdout.log,564c07872599457b796ed5d49d3c926c441d7b52fff5fc63b07754544445c9f2,9069,,10-planning-b6,issue102_full_prompt,S2_P50,MEASURED_PHYSICAL,issue102_full_prompt,accepted,checksum-verified member within frozen authority,,
#102/issue102-cross-prompt-v1,host/stage-a/run-091-11-instructions-b6/envelope.json,7f93d822332ab9692b17b52048bd461c7e4bb34a785f98ce13e4616d0f8d7675,25397,,11-instructions-b6,issue102_full_prompt,S2_P50,MEASURED_PHYSICAL,issue102_full_prompt,accepted,checksum-verified member within frozen authority,,
#102/issue102-cross-prompt-v1,host/stage-a/run-091-11-instructions-b6/result.json,5124282640bea4313edad37f22312f8bac07ed5426f7d7c41155dfb0eecedd01,12117,,11-instructions-b6,issue102_full_prompt,S2_P50,MEASURED_PHYSICAL,issue102_full_prompt,accepted,checksum-verified member within frozen authority,,
#102/issue102-cross-prompt-v1,host/stage-a/run-091-11-instructions-b6/stderr.log,08d85235c87ca327f337bf2a23a5250e06e2ae94ced24b687fbb05344f317a7f,67,,11-instructions-b6,issue102_full_prompt,S2_P50,MEASURED_PHYSICAL,issue102_full_prompt,accepted,checksum-verified member within frozen authority,,
#102/issue102-cross-prompt-v1,host/stage-a/run-091-11-instructions-b6/stdout.log,88ab8cffe3685e72e72c68028e6b467d7c16622256f3291f3a7b85727e914672,9112,,11-instructions-b6,issue102_full_prompt,S2_P50,MEASURED_PHYSICAL,issue102_full_prompt,accepted,checksum-verified member within frozen authority,,
#102/issue102-cross-prompt-v1,host/stage-a/run-092-12-compare-b6/envelope.json,7348f2a5211a64a251a025de3787a5c3efbad9374d7ccd566211e63df622bb19,25390,,12-compare-b6,issue102_full_prompt,S2_P50,MEASURED_PHYSICAL,issue102_full_prompt,accepted,checksum-verified member within frozen authority,,
#102/issue102-cross-prompt-v1,host/stage-a/run-092-12-compare-b6/result.json,af770e20a20e3993378fb0dc75c76a37d4a2dc0e182295d01220936b7d41695e,12089,,12-compare-b6,issue102_full_prompt,S2_P50,MEASURED_PHYSICAL,issue102_full_prompt,accepted,checksum-verified member within frozen authority,,
#102/issue102-cross-prompt-v1,host/stage-a/run-092-12-compare-b6/stderr.log,08d85235c87ca327f337bf2a23a5250e06e2ae94ced24b687fbb05344f317a7f,67,,12-compare-b6,issue102_full_prompt,S2_P50,MEASURED_PHYSICAL,issue102_full_prompt,accepted,checksum-verified member within frozen authority,,
#102/issue102-cross-prompt-v1,host/stage-a/run-092-12-compare-b6/stdout.log,2b795921d25670d8fd129f6e287ca0a323be9d1bce9d494d76e2525ce78bf031,9084,,12-compare-b6,issue102_full_prompt,S2_P50,MEASURED_PHYSICAL,issue102_full_prompt,accepted,checksum-verified member within frozen authority,,
#102/issue102-cross-prompt-v1,host/stage-a/run-093-13-creative-b6/envelope.json,4a894b95f4f39ee6d206a5c6f16752b763e68e1b66cb5e91e5cc5cad338f0edb,25388,,13-creative-b6,issue102_full_prompt,S2_P50,MEASURED_PHYSICAL,issue102_full_prompt,accepted,checksum-verified member within frozen authority,,
#102/issue102-cross-prompt-v1,host/stage-a/run-093-13-creative-b6/result.json,1dfc7237436c324221e44ce212eb510962afa2f0337f643eee0e3e35876b5e3a,12078,,13-creative-b6,issue102_full_prompt,S2_P50,MEASURED_PHYSICAL,issue102_full_prompt,accepted,checksum-verified member within frozen authority,,
#102/issue102-cross-prompt-v1,host/stage-a/run-093-13-creative-b6/stderr.log,08d85235c87ca327f337bf2a23a5250e06e2ae94ced24b687fbb05344f317a7f,67,,13-creative-b6,issue102_full_prompt,S2_P50,MEASURED_PHYSICAL,issue102_full_prompt,accepted,checksum-verified member within frozen authority,,
#102/issue102-cross-prompt-v1,host/stage-a/run-093-13-creative-b6/stdout.log,43d442bdc9b1154e8f22712366751c910e057a80056c179efa06df6b83882a7c,9073,,13-creative-b6,issue102_full_prompt,S2_P50,MEASURED_PHYSICAL,issue102_full_prompt,accepted,checksum-verified member within frozen authority,,
#102/issue102-cross-prompt-v1,host/stage-a/run-094-14-qa-b6/envelope.json,42e3f550d97fe64de901ba24c7782ae93d7e4f3b908df8878ff99d087e9e6813,25373,,14-qa-b6,issue102_full_prompt,S2_P50,MEASURED_PHYSICAL,issue102_full_prompt,accepted,checksum-verified member within frozen authority,,
#102/issue102-cross-prompt-v1,host/stage-a/run-094-14-qa-b6/result.json,4851fb72a76e16636fd0e38b0add46e05f6bdf10132f34fc675b00bec9f85a31,12060,,14-qa-b6,issue102_full_prompt,S2_P50,MEASURED_PHYSICAL,issue102_full_prompt,accepted,checksum-verified member within frozen authority,,
#102/issue102-cross-prompt-v1,host/stage-a/run-094-14-qa-b6/stderr.log,08d85235c87ca327f337bf2a23a5250e06e2ae94ced24b687fbb05344f317a7f,67,,14-qa-b6,issue102_full_prompt,S2_P50,MEASURED_PHYSICAL,issue102_full_prompt,accepted,checksum-verified member within frozen authority,,
#102/issue102-cross-prompt-v1,host/stage-a/run-094-14-qa-b6/stdout.log,57d2598210d5141fc7525501b10690e62d87b9e90495fcf5c28a7b96da892bb5,9055,,14-qa-b6,issue102_full_prompt,S2_P50,MEASURED_PHYSICAL,issue102_full_prompt,accepted,checksum-verified member within frozen authority,,
#102/issue102-cross-prompt-v1,host/stage-a/run-095-15-spanish-b6/envelope.json,d7714de6e01600fa792a0327da878f073b839473f2e90f5e7a6bb6f32891a754,25386,,15-spanish-b6,issue102_full_prompt,S2_P50,MEASURED_PHYSICAL,issue102_full_prompt,accepted,checksum-verified member within frozen authority,,
#102/issue102-cross-prompt-v1,host/stage-a/run-095-15-spanish-b6/result.json,f89eb8fc90e68f58c6d53310a8c5dc0c347648750a859c1f3a1100670d33f1e8,12091,,15-spanish-b6,issue102_full_prompt,S2_P50,MEASURED_PHYSICAL,issue102_full_prompt,accepted,checksum-verified member within frozen authority,,
#102/issue102-cross-prompt-v1,host/stage-a/run-095-15-spanish-b6/stderr.log,08d85235c87ca327f337bf2a23a5250e06e2ae94ced24b687fbb05344f317a7f,67,,15-spanish-b6,issue102_full_prompt,S2_P50,MEASURED_PHYSICAL,issue102_full_prompt,accepted,checksum-verified member within frozen authority,,
#102/issue102-cross-prompt-v1,host/stage-a/run-095-15-spanish-b6/stdout.log,4cd3c8b42bc925851c97f75137a06083765e9215339af37d1291d39efb5cc536,9086,,15-spanish-b6,issue102_full_prompt,S2_P50,MEASURED_PHYSICAL,issue102_full_prompt,accepted,checksum-verified member within frozen authority,,
#102/issue102-cross-prompt-v1,host/stage-a/run-096-16-multi-b6/envelope.json,c02ac4e2ec2ffd713f5d7f2342cef74722a9775a8bf74ffccd804d8557b0f22b,25390,,16-multi-b6,issue102_full_prompt,S2_P50,MEASURED_PHYSICAL,issue102_full_prompt,accepted,checksum-verified member within frozen authority,,
#102/issue102-cross-prompt-v1,host/stage-a/run-096-16-multi-b6/result.json,97243e4fb1d54c722d7a17123ec14c01dd61e0a39611cd7a6b00894f9c2c13c2,12103,,16-multi-b6,issue102_full_prompt,S2_P50,MEASURED_PHYSICAL,issue102_full_prompt,accepted,checksum-verified member within frozen authority,,
#102/issue102-cross-prompt-v1,host/stage-a/run-096-16-multi-b6/stderr.log,08d85235c87ca327f337bf2a23a5250e06e2ae94ced24b687fbb05344f317a7f,67,,16-multi-b6,issue102_full_prompt,S2_P50,MEASURED_PHYSICAL,issue102_full_prompt,accepted,checksum-verified member within frozen authority,,
#102/issue102-cross-prompt-v1,host/stage-a/run-096-16-multi-b6/stdout.log,857465edac82457b35869809ba6b70139797c243317fed713401fb8850095fbe,9098,,16-multi-b6,issue102_full_prompt,S2_P50,MEASURED_PHYSICAL,issue102_full_prompt,accepted,checksum-verified member within frozen authority,,
#102/issue102-cross-prompt-v1,host/stage-a/run-097-01-math-b7/envelope.json,7add597279cbac04b90f81c34eefda1f752e11b4ca9f5cad602c34d198a073a9,25356,,01-math-b7,issue102_full_prompt,S2_P50,MEASURED_PHYSICAL,issue102_full_prompt,accepted,checksum-verified member within frozen authority,,
#102/issue102-cross-prompt-v1,host/stage-a/run-097-01-math-b7/result.json,22f1958a5ea8b6c185c9dd54afad5b98a4239e07e68ec1d179485cef37b0982b,12044,,01-math-b7,issue102_full_prompt,S2_P50,MEASURED_PHYSICAL,issue102_full_prompt,accepted,checksum-verified member within frozen authority,,
#102/issue102-cross-prompt-v1,host/stage-a/run-097-01-math-b7/stderr.log,08d85235c87ca327f337bf2a23a5250e06e2ae94ced24b687fbb05344f317a7f,67,,01-math-b7,issue102_full_prompt,S2_P50,MEASURED_PHYSICAL,issue102_full_prompt,accepted,checksum-verified member within frozen authority,,
#102/issue102-cross-prompt-v1,host/stage-a/run-097-01-math-b7/stdout.log,f07c680e8b59ea3c9f67064841847c5ce7c00f0db2b360455a66ec015eabfd11,9039,,01-math-b7,issue102_full_prompt,S2_P50,MEASURED_PHYSICAL,issue102_full_prompt,accepted,checksum-verified member within frozen authority,,
#102/issue102-cross-prompt-v1,host/stage-a/run-098-02-formal-b7/envelope.json,04ed4618c9429e882be939d592ec062c91227db8140bc0b18f71156f57428c53,25372,,02-formal-b7,issue102_full_prompt,S2_P50,MEASURED_PHYSICAL,issue102_full_prompt,accepted,checksum-verified member within frozen authority,,
#102/issue102-cross-prompt-v1,host/stage-a/run-098-02-formal-b7/result.json,bd312b150e1350a6e272a3483c7a4187fe3e157dcbce002635defb56414e84f2,12099,,02-formal-b7,issue102_full_prompt,S2_P50,MEASURED_PHYSICAL,issue102_full_prompt,accepted,checksum-verified member within frozen authority,,
#102/issue102-cross-prompt-v1,host/stage-a/run-098-02-formal-b7/stderr.log,08d85235c87ca327f337bf2a23a5250e06e2ae94ced24b687fbb05344f317a7f,67,,02-formal-b7,issue102_full_prompt,S2_P50,MEASURED_PHYSICAL,issue102_full_prompt,accepted,checksum-verified member within frozen authority,,
#102/issue102-cross-prompt-v1,host/stage-a/run-098-02-formal-b7/stdout.log,bfc0769de159c9afcb1deda49016830f5b67055506abc263257275f031a97d17,9094,,02-formal-b7,issue102_full_prompt,S2_P50,MEASURED_PHYSICAL,issue102_full_prompt,accepted,checksum-verified member within frozen authority,,
#102/issue102-cross-prompt-v1,host/stage-a/run-099-03-science-b7/envelope.json,cfd9665f7d5a91470bd8ba1c60156c1be1477abcc33a6f2e2b592ccdc9da7e1f,25378,,03-science-b7,issue102_full_prompt,S2_P50,MEASURED_PHYSICAL,issue102_full_prompt,accepted,checksum-verified member within frozen authority,,
#102/issue102-cross-prompt-v1,host/stage-a/run-099-03-science-b7/result.json,2be343ea9fc5a956e9b9a5bf7d9f26eead956f12503ea15ae0d01e09065402f5,12079,,03-science-b7,issue102_full_prompt,S2_P50,MEASURED_PHYSICAL,issue102_full_prompt,accepted,checksum-verified member within frozen authority,,
#102/issue102-cross-prompt-v1,host/stage-a/run-099-03-science-b7/stderr.log,08d85235c87ca327f337bf2a23a5250e06e2ae94ced24b687fbb05344f317a7f,67,,03-science-b7,issue102_full_prompt,S2_P50,MEASURED_PHYSICAL,issue102_full_prompt,accepted,checksum-verified member within frozen authority,,
#102/issue102-cross-prompt-v1,host/stage-a/run-099-03-science-b7/stdout.log,5c62c752a59441669851aabd060f7e6d830a513b6941cced84833b210a54495d,9074,,03-science-b7,issue102_full_prompt,S2_P50,MEASURED_PHYSICAL,issue102_full_prompt,accepted,checksum-verified member within frozen authority,,
#102/issue102-cross-prompt-v1,host/stage-a/run-100-04-factual-b7/envelope.json,900895ec5c2f2aaabf30bff803e38a45d7d168111801153a48e1b56e4861b3b0,25379,,04-factual-b7,issue102_full_prompt,S2_P50,MEASURED_PHYSICAL,issue102_full_prompt,accepted,checksum-verified member within frozen authority,,
#102/issue102-cross-prompt-v1,host/stage-a/run-100-04-factual-b7/result.json,919169a0de2620c05af5c7959c50fecd431549313e0075d75aafff3a54444939,12077,,04-factual-b7,issue102_full_prompt,S2_P50,MEASURED_PHYSICAL,issue102_full_prompt,accepted,checksum-verified member within frozen authority,,
#102/issue102-cross-prompt-v1,host/stage-a/run-100-04-factual-b7/stderr.log,08d85235c87ca327f337bf2a23a5250e06e2ae94ced24b687fbb05344f317a7f,67,,04-factual-b7,issue102_full_prompt,S2_P50,MEASURED_PHYSICAL,issue102_full_prompt,accepted,checksum-verified member within frozen authority,,
#102/issue102-cross-prompt-v1,host/stage-a/run-100-04-factual-b7/stdout.log,3dcdfa34318412942bebbf81c1817a378a20f81a9f3aa84b1427722b53ba9c9c,9072,,04-factual-b7,issue102_full_prompt,S2_P50,MEASURED_PHYSICAL,issue102_full_prompt,accepted,checksum-verified member within frozen authority,,
#102/issue102-cross-prompt-v1,host/stage-a/run-101-05-codegen-b7/envelope.json,4fd99a12aa4d4c30e3d2a300b78440949553d8538c3f8634c424b734a2573320,25370,,05-codegen-b7,issue102_full_prompt,S2_P50,MEASURED_PHYSICAL,issue102_full_prompt,accepted,checksum-verified member within frozen authority,,
#102/issue102-cross-prompt-v1,host/stage-a/run-101-05-codegen-b7/result.json,ef665f012bc93bda223a6b51e28801ee5c2bf0526d7bc3995c459f40b799165e,12051,,05-codegen-b7,issue102_full_prompt,S2_P50,MEASURED_PHYSICAL,issue102_full_prompt,accepted,checksum-verified member within frozen authority,,
#102/issue102-cross-prompt-v1,host/stage-a/run-101-05-codegen-b7/stderr.log,08d85235c87ca327f337bf2a23a5250e06e2ae94ced24b687fbb05344f317a7f,67,,05-codegen-b7,issue102_full_prompt,S2_P50,MEASURED_PHYSICAL,issue102_full_prompt,accepted,checksum-verified member within frozen authority,,
#102/issue102-cross-prompt-v1,host/stage-a/run-101-05-codegen-b7/stdout.log,24cab1e40fed44302ca9d712ac95df95932df592b2a67bcd0435b9bd1661c3fe,9046,,05-codegen-b7,issue102_full_prompt,S2_P50,MEASURED_PHYSICAL,issue102_full_prompt,accepted,checksum-verified member within frozen authority,,
#102/issue102-cross-prompt-v1,host/stage-a/run-102-06-debug-b7/envelope.json,742ca57f7e514f9bf9224a4ad4336d0280e2e773e8aabb4b4c11776485c9ea81,25359,,06-debug-b7,issue102_full_prompt,S2_P50,MEASURED_PHYSICAL,issue102_full_prompt,accepted,checksum-verified member within frozen authority,,
#102/issue102-cross-prompt-v1,host/stage-a/run-102-06-debug-b7/result.json,95cb316f08ef6c549acb5c4eb383eeac0b431589e4bb847d79374f8d4b5bc0e2,12055,,06-debug-b7,issue102_full_prompt,S2_P50,MEASURED_PHYSICAL,issue102_full_prompt,accepted,checksum-verified member within frozen authority,,
#102/issue102-cross-prompt-v1,host/stage-a/run-102-06-debug-b7/stderr.log,08d85235c87ca327f337bf2a23a5250e06e2ae94ced24b687fbb05344f317a7f,67,,06-debug-b7,issue102_full_prompt,S2_P50,MEASURED_PHYSICAL,issue102_full_prompt,accepted,checksum-verified member within frozen authority,,
#102/issue102-cross-prompt-v1,host/stage-a/run-102-06-debug-b7/stdout.log,098142ea3334d704739bf72361c5831910654c67df95320280d0c99a65d0cca3,9050,,06-debug-b7,issue102_full_prompt,S2_P50,MEASURED_PHYSICAL,issue102_full_prompt,accepted,checksum-verified member within frozen authority,,
#102/issue102-cross-prompt-v1,host/stage-a/run-103-07-algorithms-b7/envelope.json,8e623ad3af0ba5d9096d9f45e5aa443be0be21be5622b669332ebde9c9ef5ac9,25366,,07-algorithms-b7,issue102_full_prompt,S2_P50,MEASURED_PHYSICAL,issue102_full_prompt,accepted,checksum-verified member within frozen authority,,
#102/issue102-cross-prompt-v1,host/stage-a/run-103-07-algorithms-b7/result.json,f6d8d3e6be836b6d1d58d0b655aeb565922e8e6049aa46eabb17eb8778c5e374,12094,,07-algorithms-b7,issue102_full_prompt,S2_P50,MEASURED_PHYSICAL,issue102_full_prompt,accepted,checksum-verified member within frozen authority,,
#102/issue102-cross-prompt-v1,host/stage-a/run-103-07-algorithms-b7/stderr.log,08d85235c87ca327f337bf2a23a5250e06e2ae94ced24b687fbb05344f317a7f,67,,07-algorithms-b7,issue102_full_prompt,S2_P50,MEASURED_PHYSICAL,issue102_full_prompt,accepted,checksum-verified member within frozen authority,,
#102/issue102-cross-prompt-v1,host/stage-a/run-103-07-algorithms-b7/stdout.log,baaa2d015f55a23a7a05c3cd6c9ba08e5e2b9c0e887481c9961261a9a2444a18,9089,,07-algorithms-b7,issue102_full_prompt,S2_P50,MEASURED_PHYSICAL,issue102_full_prompt,accepted,checksum-verified member within frozen authority,,
#102/issue102-cross-prompt-v1,host/stage-a/run-104-08-summary-b7/envelope.json,35920d64ee9d825b1d55ca068c3dd614ade888b98b68348c06366ea1a896c4c8,25364,,08-summary-b7,issue102_full_prompt,S2_P50,MEASURED_PHYSICAL,issue102_full_prompt,accepted,checksum-verified member within frozen authority,,
#102/issue102-cross-prompt-v1,host/stage-a/run-104-08-summary-b7/result.json,a0eb3b3ddb45334f31ff8868d590e7f329a521d81e2eb4bd6b3feed12e8ef84f,12067,,08-summary-b7,issue102_full_prompt,S2_P50,MEASURED_PHYSICAL,issue102_full_prompt,accepted,checksum-verified member within frozen authority,,
#102/issue102-cross-prompt-v1,host/stage-a/run-104-08-summary-b7/stderr.log,08d85235c87ca327f337bf2a23a5250e06e2ae94ced24b687fbb05344f317a7f,67,,08-summary-b7,issue102_full_prompt,S2_P50,MEASURED_PHYSICAL,issue102_full_prompt,accepted,checksum-verified member within frozen authority,,
#102/issue102-cross-prompt-v1,host/stage-a/run-104-08-summary-b7/stdout.log,9876c222921c894e18c4fee0c12aa07cc2b8d81e733957dd9a05ad079b1c2fb9,9062,,08-summary-b7,issue102_full_prompt,S2_P50,MEASURED_PHYSICAL,issue102_full_prompt,accepted,checksum-verified member within frozen authority,,
#102/issue102-cross-prompt-v1,host/stage-a/run-105-09-extract-b7/envelope.json,64e5aed92c5350dd76cf2c064f68848e9fdb89b42579b7d3adceaeadde5081a0,25373,,09-extract-b7,issue102_full_prompt,S2_P50,MEASURED_PHYSICAL,issue102_full_prompt,accepted,checksum-verified member within frozen authority,,
#102/issue102-cross-prompt-v1,host/stage-a/run-105-09-extract-b7/result.json,fa75ed6871201a0156315b555ee01ec89a23fcbb1e3101260893d4b166f60e97,12098,,09-extract-b7,issue102_full_prompt,S2_P50,MEASURED_PHYSICAL,issue102_full_prompt,accepted,checksum-verified member within frozen authority,,
#102/issue102-cross-prompt-v1,host/stage-a/run-105-09-extract-b7/stderr.log,08d85235c87ca327f337bf2a23a5250e06e2ae94ced24b687fbb05344f317a7f,67,,09-extract-b7,issue102_full_prompt,S2_P50,MEASURED_PHYSICAL,issue102_full_prompt,accepted,checksum-verified member within frozen authority,,
#102/issue102-cross-prompt-v1,host/stage-a/run-105-09-extract-b7/stdout.log,fc54d701ca3a8e1a16393ee818aae9f4642e6658c0b21f48ebc511882d5e360d,9093,,09-extract-b7,issue102_full_prompt,S2_P50,MEASURED_PHYSICAL,issue102_full_prompt,accepted,checksum-verified member within frozen authority,,
#102/issue102-cross-prompt-v1,host/stage-a/run-106-10-planning-b7/envelope.json,6fec8f50996dff2b692753bd3e2a0ac537c67c4e907faf926158c02926aa8e7d,25367,,10-planning-b7,issue102_full_prompt,S2_P50,MEASURED_PHYSICAL,issue102_full_prompt,accepted,checksum-verified member within frozen authority,,
#102/issue102-cross-prompt-v1,host/stage-a/run-106-10-planning-b7/result.json,1faab21f020f76f8dcae950c99c9c3dffcb559591ed9004af919f5752c45c28d,12075,,10-planning-b7,issue102_full_prompt,S2_P50,MEASURED_PHYSICAL,issue102_full_prompt,accepted,checksum-verified member within frozen authority,,
#102/issue102-cross-prompt-v1,host/stage-a/run-106-10-planning-b7/stderr.log,08d85235c87ca327f337bf2a23a5250e06e2ae94ced24b687fbb05344f317a7f,67,,10-planning-b7,issue102_full_prompt,S2_P50,MEASURED_PHYSICAL,issue102_full_prompt,accepted,checksum-verified member within frozen authority,,
#102/issue102-cross-prompt-v1,host/stage-a/run-106-10-planning-b7/stdout.log,a55d92a548ca57a1ea6b975a9aac5536638d0775dfd048864eedfc6180cafe01,9070,,10-planning-b7,issue102_full_prompt,S2_P50,MEASURED_PHYSICAL,issue102_full_prompt,accepted,checksum-verified member within frozen authority,,
#102/issue102-cross-prompt-v1,host/stage-a/run-107-11-instructions-b7/envelope.json,1f37e6561b0983aa813ffac61ca37231b5e24d221f24cd399a4f3109cd685309,25375,,11-instructions-b7,issue102_full_prompt,S2_P50,MEASURED_PHYSICAL,issue102_full_prompt,accepted,checksum-verified member within frozen authority,,
#102/issue102-cross-prompt-v1,host/stage-a/run-107-11-instructions-b7/result.json,241f6ded45ed3220b916ef13a07e2f597bc8de3c44111437117f8815fe2924bf,12122,,11-instructions-b7,issue102_full_prompt,S2_P50,MEASURED_PHYSICAL,issue102_full_prompt,accepted,checksum-verified member within frozen authority,,
#102/issue102-cross-prompt-v1,host/stage-a/run-107-11-instructions-b7/stderr.log,08d85235c87ca327f337bf2a23a5250e06e2ae94ced24b687fbb05344f317a7f,67,,11-instructions-b7,issue102_full_prompt,S2_P50,MEASURED_PHYSICAL,issue102_full_prompt,accepted,checksum-verified member within frozen authority,,
#102/issue102-cross-prompt-v1,host/stage-a/run-107-11-instructions-b7/stdout.log,373dc5b1d7a051b07163ee1264a529a290a324dea4708772d32dcbce27508adf,9117,,11-instructions-b7,issue102_full_prompt,S2_P50,MEASURED_PHYSICAL,issue102_full_prompt,accepted,checksum-verified member within frozen authority,,
#102/issue102-cross-prompt-v1,host/stage-a/run-108-12-compare-b7/envelope.json,24d01a6df66d677399ad81042af7a85cf6e51ddf3fcfe3291f0bb4259236203d,25371,,12-compare-b7,issue102_full_prompt,S2_P50,MEASURED_PHYSICAL,issue102_full_prompt,accepted,checksum-verified member within frozen authority,,
#102/issue102-cross-prompt-v1,host/stage-a/run-108-12-compare-b7/result.json,f0c5b67c27bfaebf8279cc119649b5d96909f460209f373c70814246ec2a13f1,12081,,12-compare-b7,issue102_full_prompt,S2_P50,MEASURED_PHYSICAL,issue102_full_prompt,accepted,checksum-verified member within frozen authority,,
#102/issue102-cross-prompt-v1,host/stage-a/run-108-12-compare-b7/stderr.log,08d85235c87ca327f337bf2a23a5250e06e2ae94ced24b687fbb05344f317a7f,67,,12-compare-b7,issue102_full_prompt,S2_P50,MEASURED_PHYSICAL,issue102_full_prompt,accepted,checksum-verified member within frozen authority,,
#102/issue102-cross-prompt-v1,host/stage-a/run-108-12-compare-b7/stdout.log,6ca6a7c164766dda0aaa8cbffee06b0752711c75f82f376ca03316d96b2eb599,9076,,12-compare-b7,issue102_full_prompt,S2_P50,MEASURED_PHYSICAL,issue102_full_prompt,accepted,checksum-verified member within frozen authority,,
#102/issue102-cross-prompt-v1,host/stage-a/run-109-13-creative-b7/envelope.json,e4444ebdbfc075281f53e235bac8b7271b35757293325686d7f11ea5c549609c,25378,,13-creative-b7,issue102_full_prompt,S2_P50,MEASURED_PHYSICAL,issue102_full_prompt,accepted,checksum-verified member within frozen authority,,
#102/issue102-cross-prompt-v1,host/stage-a/run-109-13-creative-b7/result.json,135ba4a9d507c2c6307a5d3e106b939ce4f90345f4a9b8edfe20141e51d2361e,12073,,13-creative-b7,issue102_full_prompt,S2_P50,MEASURED_PHYSICAL,issue102_full_prompt,accepted,checksum-verified member within frozen authority,,
#102/issue102-cross-prompt-v1,host/stage-a/run-109-13-creative-b7/stderr.log,08d85235c87ca327f337bf2a23a5250e06e2ae94ced24b687fbb05344f317a7f,67,,13-creative-b7,issue102_full_prompt,S2_P50,MEASURED_PHYSICAL,issue102_full_prompt,accepted,checksum-verified member within frozen authority,,
#102/issue102-cross-prompt-v1,host/stage-a/run-109-13-creative-b7/stdout.log,93538488e0a2ad46e5f7b4727b4e6f21e6d95f63f2b60a2b2d84ba184ba29ff5,9068,,13-creative-b7,issue102_full_prompt,S2_P50,MEASURED_PHYSICAL,issue102_full_prompt,accepted,checksum-verified member within frozen authority,,
#102/issue102-cross-prompt-v1,host/stage-a/run-110-14-qa-b7/envelope.json,7401e26e51773fbccee54c2ec04ec6b5308bc206f18ffe06cd38445c668df192,25354,,14-qa-b7,issue102_full_prompt,S2_P50,MEASURED_PHYSICAL,issue102_full_prompt,accepted,checksum-verified member within frozen authority,,
#102/issue102-cross-prompt-v1,host/stage-a/run-110-14-qa-b7/result.json,0374481863bc5acaf0ed1daf6779ccfcd619543ee67d6704ae7c54ee6f2abea1,12076,,14-qa-b7,issue102_full_prompt,S2_P50,MEASURED_PHYSICAL,issue102_full_prompt,accepted,checksum-verified member within frozen authority,,
#102/issue102-cross-prompt-v1,host/stage-a/run-110-14-qa-b7/stderr.log,08d85235c87ca327f337bf2a23a5250e06e2ae94ced24b687fbb05344f317a7f,67,,14-qa-b7,issue102_full_prompt,S2_P50,MEASURED_PHYSICAL,issue102_full_prompt,accepted,checksum-verified member within frozen authority,,
#102/issue102-cross-prompt-v1,host/stage-a/run-110-14-qa-b7/stdout.log,bfe5723c0b7e3952e64018c89ed37fe5215273b11a0e7dcf8f3db2462ed873e1,9071,,14-qa-b7,issue102_full_prompt,S2_P50,MEASURED_PHYSICAL,issue102_full_prompt,accepted,checksum-verified member within frozen authority,,
#102/issue102-cross-prompt-v1,host/stage-a/run-111-15-spanish-b7/envelope.json,c4e217cbe68ecbeebf1c1fe84ccaa71f691b400204d6510d05c47999b7df3c4e,25378,,15-spanish-b7,issue102_full_prompt,S2_P50,MEASURED_PHYSICAL,issue102_full_prompt,accepted,checksum-verified member within frozen authority,,
#102/issue102-cross-prompt-v1,host/stage-a/run-111-15-spanish-b7/result.json,d1bdaf884b28a8e8c5c098b72954b444de3c8c4be6cd8cb4b2d041436e038099,12067,,15-spanish-b7,issue102_full_prompt,S2_P50,MEASURED_PHYSICAL,issue102_full_prompt,accepted,checksum-verified member within frozen authority,,
#102/issue102-cross-prompt-v1,host/stage-a/run-111-15-spanish-b7/stderr.log,08d85235c87ca327f337bf2a23a5250e06e2ae94ced24b687fbb05344f317a7f,67,,15-spanish-b7,issue102_full_prompt,S2_P50,MEASURED_PHYSICAL,issue102_full_prompt,accepted,checksum-verified member within frozen authority,,
#102/issue102-cross-prompt-v1,host/stage-a/run-111-15-spanish-b7/stdout.log,35281fd436ed5fe559d675560ceabe2a4b830a590a8942567bd35252b7ff8c1b,9062,,15-spanish-b7,issue102_full_prompt,S2_P50,MEASURED_PHYSICAL,issue102_full_prompt,accepted,checksum-verified member within frozen authority,,
#102/issue102-cross-prompt-v1,host/stage-a/run-112-16-multi-b7/envelope.json,a36576ca86d3877119f47b43b927ea9d4dbf988a4ffe2ea3ffaff0901a1a929c,25361,,16-multi-b7,issue102_full_prompt,S2_P50,MEASURED_PHYSICAL,issue102_full_prompt,accepted,checksum-verified member within frozen authority,,
#102/issue102-cross-prompt-v1,host/stage-a/run-112-16-multi-b7/result.json,4e5858d71cd3d8a1c657f81d368c57a2e6edf7a9a52f4477b732d0363319badb,12089,,16-multi-b7,issue102_full_prompt,S2_P50,MEASURED_PHYSICAL,issue102_full_prompt,accepted,checksum-verified member within frozen authority,,
#102/issue102-cross-prompt-v1,host/stage-a/run-112-16-multi-b7/stderr.log,08d85235c87ca327f337bf2a23a5250e06e2ae94ced24b687fbb05344f317a7f,67,,16-multi-b7,issue102_full_prompt,S2_P50,MEASURED_PHYSICAL,issue102_full_prompt,accepted,checksum-verified member within frozen authority,,
#102/issue102-cross-prompt-v1,host/stage-a/run-112-16-multi-b7/stdout.log,d1135d13387516fa0308cf5d3c49af46ba11399177a395138eb9aec0e3d50b68,9084,,16-multi-b7,issue102_full_prompt,S2_P50,MEASURED_PHYSICAL,issue102_full_prompt,accepted,checksum-verified member within frozen authority,,
#102/issue102-cross-prompt-v1,host/stage-a/run-113-01-math-b8/envelope.json,a4c3c5353f63bb7d916902aec20fde417d7d738036e691eed24cf36d23205da8,25373,,01-math-b8,issue102_full_prompt,S2_P50,MEASURED_PHYSICAL,issue102_full_prompt,accepted,checksum-verified member within frozen authority,,
#102/issue102-cross-prompt-v1,host/stage-a/run-113-01-math-b8/result.json,4e9a7d1430d085660fa7315d6e25206f375f6669b7d0b3eb0b19790a5cc8893d,12053,,01-math-b8,issue102_full_prompt,S2_P50,MEASURED_PHYSICAL,issue102_full_prompt,accepted,checksum-verified member within frozen authority,,
#102/issue102-cross-prompt-v1,host/stage-a/run-113-01-math-b8/stderr.log,08d85235c87ca327f337bf2a23a5250e06e2ae94ced24b687fbb05344f317a7f,67,,01-math-b8,issue102_full_prompt,S2_P50,MEASURED_PHYSICAL,issue102_full_prompt,accepted,checksum-verified member within frozen authority,,
#102/issue102-cross-prompt-v1,host/stage-a/run-113-01-math-b8/stdout.log,c5a7d67c99bbae353325a8e75efe7fa574e30c1c47603ce35ebae0edc7c03d88,9048,,01-math-b8,issue102_full_prompt,S2_P50,MEASURED_PHYSICAL,issue102_full_prompt,accepted,checksum-verified member within frozen authority,,
#102/issue102-cross-prompt-v1,host/stage-a/run-114-02-formal-b8/envelope.json,de6c5b02b4b91daf3b16405ff6a57bb74a7d60947d22d727db9317f8fe5c9d33,25370,,02-formal-b8,issue102_full_prompt,S2_P50,MEASURED_PHYSICAL,issue102_full_prompt,accepted,checksum-verified member within frozen authority,,
#102/issue102-cross-prompt-v1,host/stage-a/run-114-02-formal-b8/result.json,d798ca69ff3dfd63b965925fb0c85832a092d499afb6f1fd516709a2c7c66e76,12100,,02-formal-b8,issue102_full_prompt,S2_P50,MEASURED_PHYSICAL,issue102_full_prompt,accepted,checksum-verified member within frozen authority,,
#102/issue102-cross-prompt-v1,host/stage-a/run-114-02-formal-b8/stderr.log,08d85235c87ca327f337bf2a23a5250e06e2ae94ced24b687fbb05344f317a7f,67,,02-formal-b8,issue102_full_prompt,S2_P50,MEASURED_PHYSICAL,issue102_full_prompt,accepted,checksum-verified member within frozen authority,,
#102/issue102-cross-prompt-v1,host/stage-a/run-114-02-formal-b8/stdout.log,c7d837ad1a6232fd23629b856a185980f54592c8cfa2aaeaa604a2be6afcca09,9095,,02-formal-b8,issue102_full_prompt,S2_P50,MEASURED_PHYSICAL,issue102_full_prompt,accepted,checksum-verified member within frozen authority,,
#102/issue102-cross-prompt-v1,host/stage-a/run-115-03-science-b8/envelope.json,55e01383db847364c1bf4bae1895e8ed479026f09e7733cd61b068de900772b2,25363,,03-science-b8,issue102_full_prompt,S2_P50,MEASURED_PHYSICAL,issue102_full_prompt,accepted,checksum-verified member within frozen authority,,
#102/issue102-cross-prompt-v1,host/stage-a/run-115-03-science-b8/result.json,80373936be61f97a34a70e35101f8b66457eb0244d217f469ea8d88dd049a398,12091,,03-science-b8,issue102_full_prompt,S2_P50,MEASURED_PHYSICAL,issue102_full_prompt,accepted,checksum-verified member within frozen authority,,
#102/issue102-cross-prompt-v1,host/stage-a/run-115-03-science-b8/stderr.log,08d85235c87ca327f337bf2a23a5250e06e2ae94ced24b687fbb05344f317a7f,67,,03-science-b8,issue102_full_prompt,S2_P50,MEASURED_PHYSICAL,issue102_full_prompt,accepted,checksum-verified member within frozen authority,,
#102/issue102-cross-prompt-v1,host/stage-a/run-115-03-science-b8/stdout.log,453b1aab0ae9bdd44dfaf843c18107df46b2edc78535e65c4c41869e8bd3e3cc,9086,,03-science-b8,issue102_full_prompt,S2_P50,MEASURED_PHYSICAL,issue102_full_prompt,accepted,checksum-verified member within frozen authority,,
#102/issue102-cross-prompt-v1,host/stage-a/run-116-04-factual-b8/envelope.json,295959564e3d1979e2cb9977237ace01d1ccec373b7a7ce2f1eabe499ad57333,25380,,04-factual-b8,issue102_full_prompt,S2_P50,MEASURED_PHYSICAL,issue102_full_prompt,accepted,checksum-verified member within frozen authority,,
#102/issue102-cross-prompt-v1,host/stage-a/run-116-04-factual-b8/result.json,80b82c8897b4e24b42b36fd8ef14af0849571b6688101a4effc6e39cac8f1968,12074,,04-factual-b8,issue102_full_prompt,S2_P50,MEASURED_PHYSICAL,issue102_full_prompt,accepted,checksum-verified member within frozen authority,,
#102/issue102-cross-prompt-v1,host/stage-a/run-116-04-factual-b8/stderr.log,08d85235c87ca327f337bf2a23a5250e06e2ae94ced24b687fbb05344f317a7f,67,,04-factual-b8,issue102_full_prompt,S2_P50,MEASURED_PHYSICAL,issue102_full_prompt,accepted,checksum-verified member within frozen authority,,
#102/issue102-cross-prompt-v1,host/stage-a/run-116-04-factual-b8/stdout.log,1564bbe64f41726c2d8b28cfc394fc60d910e05bc62418ecc4a488de09783960,9069,,04-factual-b8,issue102_full_prompt,S2_P50,MEASURED_PHYSICAL,issue102_full_prompt,accepted,checksum-verified member within frozen authority,,
#102/issue102-cross-prompt-v1,host/stage-a/run-117-05-codegen-b8/envelope.json,88c46b241c262366249feb8fbd3d4ada8ac677e287751a60bbd31f9e738c62b9,25377,,05-codegen-b8,issue102_full_prompt,S2_P50,MEASURED_PHYSICAL,issue102_full_prompt,accepted,checksum-verified member within frozen authority,,
#102/issue102-cross-prompt-v1,host/stage-a/run-117-05-codegen-b8/result.json,0a33a1d680c6d10a91734febcc9c34779dfe1558d1e7e937ab0a40d877b2e901,12052,,05-codegen-b8,issue102_full_prompt,S2_P50,MEASURED_PHYSICAL,issue102_full_prompt,accepted,checksum-verified member within frozen authority,,
#102/issue102-cross-prompt-v1,host/stage-a/run-117-05-codegen-b8/stderr.log,08d85235c87ca327f337bf2a23a5250e06e2ae94ced24b687fbb05344f317a7f,67,,05-codegen-b8,issue102_full_prompt,S2_P50,MEASURED_PHYSICAL,issue102_full_prompt,accepted,checksum-verified member within frozen authority,,
#102/issue102-cross-prompt-v1,host/stage-a/run-117-05-codegen-b8/stdout.log,2f0d1309008b02e44346c837a89430fafa7ddb38bccc4c640d441af404832691,9047,,05-codegen-b8,issue102_full_prompt,S2_P50,MEASURED_PHYSICAL,issue102_full_prompt,accepted,checksum-verified member within frozen authority,,
#102/issue102-cross-prompt-v1,host/stage-a/run-118-06-debug-b8/envelope.json,a27c33629c7655bbff019e235149d9171f47ceee5ddb7248cde72871358075cf,25367,,06-debug-b8,issue102_full_prompt,S2_P50,MEASURED_PHYSICAL,issue102_full_prompt,accepted,checksum-verified member within frozen authority,,
#102/issue102-cross-prompt-v1,host/stage-a/run-118-06-debug-b8/result.json,4b0a5d2d5c4b714cab638740dc322f9af05d3147664d3e442bda2708a1354b7f,12080,,06-debug-b8,issue102_full_prompt,S2_P50,MEASURED_PHYSICAL,issue102_full_prompt,accepted,checksum-verified member within frozen authority,,
#102/issue102-cross-prompt-v1,host/stage-a/run-118-06-debug-b8/stderr.log,08d85235c87ca327f337bf2a23a5250e06e2ae94ced24b687fbb05344f317a7f,67,,06-debug-b8,issue102_full_prompt,S2_P50,MEASURED_PHYSICAL,issue102_full_prompt,accepted,checksum-verified member within frozen authority,,
#102/issue102-cross-prompt-v1,host/stage-a/run-118-06-debug-b8/stdout.log,395c2769e61a748fbd0634ebeee3f8c60f695a84e8d8b389ea6b21b1da64355c,9075,,06-debug-b8,issue102_full_prompt,S2_P50,MEASURED_PHYSICAL,issue102_full_prompt,accepted,checksum-verified member within frozen authority,,
#102/issue102-cross-prompt-v1,host/stage-a/run-119-07-algorithms-b8/envelope.json,0f2e3d34ee9e54c3810d644ba5b1bbd5666605890f721527afdecc2b7c9edd0a,25383,,07-algorithms-b8,issue102_full_prompt,S2_P50,MEASURED_PHYSICAL,issue102_full_prompt,accepted,checksum-verified member within frozen authority,,
#102/issue102-cross-prompt-v1,host/stage-a/run-119-07-algorithms-b8/result.json,39deeb110eb0dd56bd7055838e7de06bd32f39527752c04eea791cd3790a5f6a,12090,,07-algorithms-b8,issue102_full_prompt,S2_P50,MEASURED_PHYSICAL,issue102_full_prompt,accepted,checksum-verified member within frozen authority,,
#102/issue102-cross-prompt-v1,host/stage-a/run-119-07-algorithms-b8/stderr.log,08d85235c87ca327f337bf2a23a5250e06e2ae94ced24b687fbb05344f317a7f,67,,07-algorithms-b8,issue102_full_prompt,S2_P50,MEASURED_PHYSICAL,issue102_full_prompt,accepted,checksum-verified member within frozen authority,,
#102/issue102-cross-prompt-v1,host/stage-a/run-119-07-algorithms-b8/stdout.log,cfd55485565b733dc726469799eda528e8ca97eb9817c1ccb9e03b7e5cc5b8d9,9085,,07-algorithms-b8,issue102_full_prompt,S2_P50,MEASURED_PHYSICAL,issue102_full_prompt,accepted,checksum-verified member within frozen authority,,
#102/issue102-cross-prompt-v1,host/stage-a/run-120-08-summary-b8/envelope.json,ecca55b1148e669bbec05d29f039906a413f76e495123956092cfaa7375f058c,25373,,08-summary-b8,issue102_full_prompt,S2_P50,MEASURED_PHYSICAL,issue102_full_prompt,accepted,checksum-verified member within frozen authority,,
#102/issue102-cross-prompt-v1,host/stage-a/run-120-08-summary-b8/result.json,64316379947fd6d2bc1711869c1ee2b7aeea7bc5b8c4c34decd78301ff80e81a,12063,,08-summary-b8,issue102_full_prompt,S2_P50,MEASURED_PHYSICAL,issue102_full_prompt,accepted,checksum-verified member within frozen authority,,
#102/issue102-cross-prompt-v1,host/stage-a/run-120-08-summary-b8/stderr.log,08d85235c87ca327f337bf2a23a5250e06e2ae94ced24b687fbb05344f317a7f,67,,08-summary-b8,issue102_full_prompt,S2_P50,MEASURED_PHYSICAL,issue102_full_prompt,accepted,checksum-verified member within frozen authority,,
#102/issue102-cross-prompt-v1,host/stage-a/run-120-08-summary-b8/stdout.log,290316b16d43e1f8429077ded8274b5273f70a92695d3dc4098a0d7134ce89b3,9058,,08-summary-b8,issue102_full_prompt,S2_P50,MEASURED_PHYSICAL,issue102_full_prompt,accepted,checksum-verified member within frozen authority,,
#102/issue102-cross-prompt-v1,host/stage-a/run-121-09-extract-b8/envelope.json,9a47fd7d7bd6375b3b766074ca646dc08d3a0b6748f92a543a97f612ee88c13c,25379,,09-extract-b8,issue102_full_prompt,S2_P50,MEASURED_PHYSICAL,issue102_full_prompt,accepted,checksum-verified member within frozen authority,,
#102/issue102-cross-prompt-v1,host/stage-a/run-121-09-extract-b8/result.json,2bdfd4da8c72a7d1ff3a7c57ec3d6c487bc1d7026314d314bd80acde120880dc,12083,,09-extract-b8,issue102_full_prompt,S2_P50,MEASURED_PHYSICAL,issue102_full_prompt,accepted,checksum-verified member within frozen authority,,
#102/issue102-cross-prompt-v1,host/stage-a/run-121-09-extract-b8/stderr.log,08d85235c87ca327f337bf2a23a5250e06e2ae94ced24b687fbb05344f317a7f,67,,09-extract-b8,issue102_full_prompt,S2_P50,MEASURED_PHYSICAL,issue102_full_prompt,accepted,checksum-verified member within frozen authority,,
#102/issue102-cross-prompt-v1,host/stage-a/run-121-09-extract-b8/stdout.log,934e46a6f2fee56a96935416548a19594d368915ad433c0441842b4decc12cd3,9078,,09-extract-b8,issue102_full_prompt,S2_P50,MEASURED_PHYSICAL,issue102_full_prompt,accepted,checksum-verified member within frozen authority,,
#102/issue102-cross-prompt-v1,host/stage-a/run-122-10-planning-b8/envelope.json,d77a77bea8dfb80d05e2dd961f2b483bfe09dc73a5a55e7a14f4cac38de2ffa1,25383,,10-planning-b8,issue102_full_prompt,S2_P50,MEASURED_PHYSICAL,issue102_full_prompt,accepted,checksum-verified member within frozen authority,,
#102/issue102-cross-prompt-v1,host/stage-a/run-122-10-planning-b8/result.json,6b5467f4a54527459508c318b48da13b059c90985f0abb140672ab167411652c,12070,,10-planning-b8,issue102_full_prompt,S2_P50,MEASURED_PHYSICAL,issue102_full_prompt,accepted,checksum-verified member within frozen authority,,
#102/issue102-cross-prompt-v1,host/stage-a/run-122-10-planning-b8/stderr.log,08d85235c87ca327f337bf2a23a5250e06e2ae94ced24b687fbb05344f317a7f,67,,10-planning-b8,issue102_full_prompt,S2_P50,MEASURED_PHYSICAL,issue102_full_prompt,accepted,checksum-verified member within frozen authority,,
#102/issue102-cross-prompt-v1,host/stage-a/run-122-10-planning-b8/stdout.log,b7a6a57ac08aebada6c1507daeba289bb064273e9c2784a24268980e6d89ccf9,9065,,10-planning-b8,issue102_full_prompt,S2_P50,MEASURED_PHYSICAL,issue102_full_prompt,accepted,checksum-verified member within frozen authority,,
#102/issue102-cross-prompt-v1,host/stage-a/run-123-11-instructions-b8/envelope.json,df3fa7c986ad348509057fe8e197aa838f0fb278c700f9030b3b6751263ae263,25384,,11-instructions-b8,issue102_full_prompt,S2_P50,MEASURED_PHYSICAL,issue102_full_prompt,accepted,checksum-verified member within frozen authority,,
#102/issue102-cross-prompt-v1,host/stage-a/run-123-11-instructions-b8/result.json,c4a3e616f649bd77bb21e6a64f6af1b948ff1165199f21918abd72f9f417ae86,12118,,11-instructions-b8,issue102_full_prompt,S2_P50,MEASURED_PHYSICAL,issue102_full_prompt,accepted,checksum-verified member within frozen authority,,
#102/issue102-cross-prompt-v1,host/stage-a/run-123-11-instructions-b8/stderr.log,08d85235c87ca327f337bf2a23a5250e06e2ae94ced24b687fbb05344f317a7f,67,,11-instructions-b8,issue102_full_prompt,S2_P50,MEASURED_PHYSICAL,issue102_full_prompt,accepted,checksum-verified member within frozen authority,,
#102/issue102-cross-prompt-v1,host/stage-a/run-123-11-instructions-b8/stdout.log,fd8ffc926d72e6bdaf27bef6b22d214b91b8a20b4c514e65eff06f9e936a7b06,9113,,11-instructions-b8,issue102_full_prompt,S2_P50,MEASURED_PHYSICAL,issue102_full_prompt,accepted,checksum-verified member within frozen authority,,
#102/issue102-cross-prompt-v1,host/stage-a/run-124-12-compare-b8/envelope.json,0b294b283ace93d2929947caef420d773b32488dff82b55003ef708bc0cb3e6f,25373,,12-compare-b8,issue102_full_prompt,S2_P50,MEASURED_PHYSICAL,issue102_full_prompt,accepted,checksum-verified member within frozen authority,,
#102/issue102-cross-prompt-v1,host/stage-a/run-124-12-compare-b8/result.json,e039c907ea514db9438e7f85d2c3613e65203b37d164058f72ce7498b8c712c8,12080,,12-compare-b8,issue102_full_prompt,S2_P50,MEASURED_PHYSICAL,issue102_full_prompt,accepted,checksum-verified member within frozen authority,,
#102/issue102-cross-prompt-v1,host/stage-a/run-124-12-compare-b8/stderr.log,08d85235c87ca327f337bf2a23a5250e06e2ae94ced24b687fbb05344f317a7f,67,,12-compare-b8,issue102_full_prompt,S2_P50,MEASURED_PHYSICAL,issue102_full_prompt,accepted,checksum-verified member within frozen authority,,
#102/issue102-cross-prompt-v1,host/stage-a/run-124-12-compare-b8/stdout.log,3b1e266019ce162a8b7870df738e71581fd2d16fb6c1b0d3145f58681891aca9,9075,,12-compare-b8,issue102_full_prompt,S2_P50,MEASURED_PHYSICAL,issue102_full_prompt,accepted,checksum-verified member within frozen authority,,
#102/issue102-cross-prompt-v1,host/stage-a/run-125-13-creative-b8/envelope.json,b4fb28a8532c43bf2fb35e98750f625ee243a8f1509f12319e041bed5c7d2899,25383,,13-creative-b8,issue102_full_prompt,S2_P50,MEASURED_PHYSICAL,issue102_full_prompt,accepted,checksum-verified member within frozen authority,,
#102/issue102-cross-prompt-v1,host/stage-a/run-125-13-creative-b8/result.json,315842ce8709c4877761f470416b8fd77a0f348ef4b62755c3a76c6c77f17f8e,12084,,13-creative-b8,issue102_full_prompt,S2_P50,MEASURED_PHYSICAL,issue102_full_prompt,accepted,checksum-verified member within frozen authority,,
#102/issue102-cross-prompt-v1,host/stage-a/run-125-13-creative-b8/stderr.log,08d85235c87ca327f337bf2a23a5250e06e2ae94ced24b687fbb05344f317a7f,67,,13-creative-b8,issue102_full_prompt,S2_P50,MEASURED_PHYSICAL,issue102_full_prompt,accepted,checksum-verified member within frozen authority,,
#102/issue102-cross-prompt-v1,host/stage-a/run-125-13-creative-b8/stdout.log,c18305e825aedcf7306200e2ba725377d303be64a1d578870c801aeee04ed309,9079,,13-creative-b8,issue102_full_prompt,S2_P50,MEASURED_PHYSICAL,issue102_full_prompt,accepted,checksum-verified member within frozen authority,,
#102/issue102-cross-prompt-v1,host/stage-a/run-126-14-qa-b8/envelope.json,2c86d1a84f02d2db77d9dc6182f71e24b235a404207f9006c1b6ad904253ddea,25365,,14-qa-b8,issue102_full_prompt,S2_P50,MEASURED_PHYSICAL,issue102_full_prompt,accepted,checksum-verified member within frozen authority,,
#102/issue102-cross-prompt-v1,host/stage-a/run-126-14-qa-b8/result.json,ae89daf914718413000de3d8ee933f594269804a0912ad52649050b49f5397c7,12052,,14-qa-b8,issue102_full_prompt,S2_P50,MEASURED_PHYSICAL,issue102_full_prompt,accepted,checksum-verified member within frozen authority,,
#102/issue102-cross-prompt-v1,host/stage-a/run-126-14-qa-b8/stderr.log,08d85235c87ca327f337bf2a23a5250e06e2ae94ced24b687fbb05344f317a7f,67,,14-qa-b8,issue102_full_prompt,S2_P50,MEASURED_PHYSICAL,issue102_full_prompt,accepted,checksum-verified member within frozen authority,,
#102/issue102-cross-prompt-v1,host/stage-a/run-126-14-qa-b8/stdout.log,20df427f3c51d290b60f7f1ff13fba448df556ce012bf232c02629aee5b8be3f,9047,,14-qa-b8,issue102_full_prompt,S2_P50,MEASURED_PHYSICAL,issue102_full_prompt,accepted,checksum-verified member within frozen authority,,
#102/issue102-cross-prompt-v1,host/stage-a/run-127-15-spanish-b8/envelope.json,c8cf0de97631a3dc6100f8eeafd7393aa6cbd114097f71387dad57a677fb06c5,25381,,15-spanish-b8,issue102_full_prompt,S2_P50,MEASURED_PHYSICAL,issue102_full_prompt,accepted,checksum-verified member within frozen authority,,
#102/issue102-cross-prompt-v1,host/stage-a/run-127-15-spanish-b8/result.json,56b71991e938d7d41b5c98a2417f56510076d13f88e92899385e4208832b9270,12082,,15-spanish-b8,issue102_full_prompt,S2_P50,MEASURED_PHYSICAL,issue102_full_prompt,accepted,checksum-verified member within frozen authority,,
#102/issue102-cross-prompt-v1,host/stage-a/run-127-15-spanish-b8/stderr.log,08d85235c87ca327f337bf2a23a5250e06e2ae94ced24b687fbb05344f317a7f,67,,15-spanish-b8,issue102_full_prompt,S2_P50,MEASURED_PHYSICAL,issue102_full_prompt,accepted,checksum-verified member within frozen authority,,
#102/issue102-cross-prompt-v1,host/stage-a/run-127-15-spanish-b8/stdout.log,e7841d91cde1fb065488d6c519e535b13963fc079e4709476b55738ace1bea62,9077,,15-spanish-b8,issue102_full_prompt,S2_P50,MEASURED_PHYSICAL,issue102_full_prompt,accepted,checksum-verified member within frozen authority,,
#102/issue102-cross-prompt-v1,host/stage-a/run-128-16-multi-b8/envelope.json,f67ae5ec96d0d7b92fd3f46d1e3ed245357ee3c89b8ceaa1e1cf8583b619b8b7,25376,,16-multi-b8,issue102_full_prompt,S2_P50,MEASURED_PHYSICAL,issue102_full_prompt,accepted,checksum-verified member within frozen authority,,
#102/issue102-cross-prompt-v1,host/stage-a/run-128-16-multi-b8/result.json,3c0eaae04c6702971eef965fd78d11eec7f9114cf3cbbcdb1c761a77c2549ef8,12103,,16-multi-b8,issue102_full_prompt,S2_P50,MEASURED_PHYSICAL,issue102_full_prompt,accepted,checksum-verified member within frozen authority,,
#102/issue102-cross-prompt-v1,host/stage-a/run-128-16-multi-b8/stderr.log,08d85235c87ca327f337bf2a23a5250e06e2ae94ced24b687fbb05344f317a7f,67,,16-multi-b8,issue102_full_prompt,S2_P50,MEASURED_PHYSICAL,issue102_full_prompt,accepted,checksum-verified member within frozen authority,,
#102/issue102-cross-prompt-v1,host/stage-a/run-128-16-multi-b8/stdout.log,5e719687570cec71bd917ccaa6fab60b05d418d25468496a3cb4828d9a19907d,9098,,16-multi-b8,issue102_full_prompt,S2_P50,MEASURED_PHYSICAL,issue102_full_prompt,accepted,checksum-verified member within frozen authority,,
#102/issue102-cross-prompt-v1,host/stage-b-analysis-v1/family-overlap-matrix.json,c1ef18ce953d15231c997e115980e9dcb1a315e8fa581ee32f15fb0324d6ea73,679545,phase13-6pg-family-overlap-matrix-v1,,issue102_observer_semantic_order,,CURATED_FROM_MEASURED,issue102_full_prompt,accepted,checksum-verified member within frozen authority,,
#102/issue102-cross-prompt-v1,host/stage-b-analysis-v1/family-route-fingerprints.json,2dceb8a4e860f3978e6327eae0c473626868b77fbb3ede2b5b15d0a666536059,141017625,phase13-6pg-family-route-fingerprints-v1,,issue102_observer_semantic_order,,CURATED_FROM_MEASURED,issue102_full_prompt,accepted,checksum-verified member within frozen authority,,
#102/issue102-cross-prompt-v1,host/stage-b-analysis-v1/stage-b-route-analysis-index.json,c4eeb570f760dbe1fdeb38ccddb783aa6095a75af98ae5489bbf8d12a57cdb7d,2747,phase13-6pg-stage-b-route-analysis-index-v1,,issue102_observer_semantic_order,,CURATED_FROM_MEASURED,issue102_full_prompt,accepted,checksum-verified member within frozen authority,,
#102/issue102-cross-prompt-v1,host/stage-b-analysis-v1/stage-b2-family-length-route-endpoints.json,24d48e8cf0fdf2c981562231d1492f6c6890b01eccaae239d1ac7c8b63d05b47,1449552,phase13-6pg-stage-b2-family-length-route-endpoints-v1,,issue102_observer_semantic_order,,CURATED_FROM_MEASURED,issue102_full_prompt,accepted,checksum-verified member within frozen authority,,
#102/issue102-cross-prompt-v1,host/stage-b-analysis-v1/standing-committee-core-periphery.json,b7a23e73108c1612c3db9d822c9d82ff065764a4682ef037cdc277ba5d730566,177635691,phase13-6pg-standing-committee-core-periphery-v1,,issue102_observer_semantic_order,,CURATED_FROM_MEASURED,issue102_full_prompt,accepted,checksum-verified member within frozen authority,,
#102/issue102-cross-prompt-v1,host/stage-b-observer-control-v4/allowlist-run-005.json,c9c74add6dde637509eacb3ca4aa1e0d7c1ff92c1af3bafc93428b325b76f5a4,2781,,,issue102_full_prompt,,CURATED_FROM_MEASURED,issue102_full_prompt,accepted,checksum-verified member within frozen authority,,
#102/issue102-cross-prompt-v1,host/stage-b-observer-control-v4/allowlist-run-006.json,5198d3bb7b446b93faffd84acca5047869190bc799b7cbf202512a017896dddf,2769,,,issue102_full_prompt,,CURATED_FROM_MEASURED,issue102_full_prompt,accepted,checksum-verified member within frozen authority,,
#102/issue102-cross-prompt-v1,host/stage-b-observer-control-v4/allowlist-run-007.json,ede0723946bf0bb340b6eb4cde0a014f791f8ebb274b33c57ce92146ee0f080d,2798,,,issue102_full_prompt,,CURATED_FROM_MEASURED,issue102_full_prompt,accepted,checksum-verified member within frozen authority,,
#102/issue102-cross-prompt-v1,host/stage-b-observer-control-v4/allowlist-run-008.json,745a07105b82c8dc2bc37307e7f106719838e95ca759902583167a54e73b1a28,2780,,,issue102_full_prompt,,CURATED_FROM_MEASURED,issue102_full_prompt,accepted,checksum-verified member within frozen authority,,
#102/issue102-cross-prompt-v1,host/stage-b-observer-control-v4/allowlist-run-009.json,6f9700251a5be356aafbb6d24a52f8fc4261d0fe7ab5ef9f23aa2c35d4bf5729,2781,,,issue102_full_prompt,,CURATED_FROM_MEASURED,issue102_full_prompt,accepted,checksum-verified member within frozen authority,,
#102/issue102-cross-prompt-v1,host/stage-b-observer-control-v4/allowlist-run-010.json,08f88ca56ed87f54572ec259899e99023d0438efaf0956fafae794806b00936d,2787,,,issue102_full_prompt,,CURATED_FROM_MEASURED,issue102_full_prompt,accepted,checksum-verified member within frozen authority,,
#102/issue102-cross-prompt-v1,host/stage-b-observer-control-v4/allowlist-run-011.json,4efc1fa26504fcd1520cbdb21693a4cf9db8de6ae43819c932e3e8580f999289,2811,,,issue102_full_prompt,,CURATED_FROM_MEASURED,issue102_full_prompt,accepted,checksum-verified member within frozen authority,,
#102/issue102-cross-prompt-v1,host/stage-b-observer-control-v4/allowlist-run-012.json,1d76a5d1bfabd3787c1899859be3bea475758175515d4826d07309ddae1022e3,2781,,,issue102_full_prompt,,CURATED_FROM_MEASURED,issue102_full_prompt,accepted,checksum-verified member within frozen authority,,
#102/issue102-cross-prompt-v1,host/stage-b-observer-control-v4/allowlist-run-013.json,b3cb53303e052d9335a81deeedbe30af1608ebd3c4325ca66491d60172c1daf9,2787,,,issue102_full_prompt,,CURATED_FROM_MEASURED,issue102_full_prompt,accepted,checksum-verified member within frozen authority,,
#102/issue102-cross-prompt-v1,host/stage-b-observer-control-v4/allowlist-run-014.json,2317d080a19efb98802ac081f3b74821abd4fc727d148ea082d9c1efaf3abf63,2751,,,issue102_full_prompt,,CURATED_FROM_MEASURED,issue102_full_prompt,accepted,checksum-verified member within frozen authority,,
#102/issue102-cross-prompt-v1,host/stage-b-observer-control-v4/allowlist-run-015.json,697b6d209609455f60f2048d97eb035b1673587fae1e5adcf308a2603b03fbc4,2782,,,issue102_full_prompt,,CURATED_FROM_MEASURED,issue102_full_prompt,accepted,checksum-verified member within frozen authority,,
#102/issue102-cross-prompt-v1,host/stage-b-observer-control-v4/allowlist-run-016.json,49ddd402fae6804380bcfed17a6c72e9b56c5b9e79b95f133ae8dbe6979ccb7c,2769,,,issue102_full_prompt,,CURATED_FROM_MEASURED,issue102_full_prompt,accepted,checksum-verified member within frozen authority,,
#102/issue102-cross-prompt-v1,host/stage-b-observer-control-v4/allowlist-run-017.json,61b17a7a3d8b5dd1dbb7cdc5f809a27ce887cb52deb2d1f009c38203962984ef,2764,,,issue102_full_prompt,,CURATED_FROM_MEASURED,issue102_full_prompt,accepted,checksum-verified member within frozen authority,,
#102/issue102-cross-prompt-v1,host/stage-b-observer-control-v4/allowlist-run-018.json,295f19512c21a6f5ac954173d9d391538a040f08216c796a5396c1edc3e2df19,2775,,,issue102_full_prompt,,CURATED_FROM_MEASURED,issue102_full_prompt,accepted,checksum-verified member within frozen authority,,
#102/issue102-cross-prompt-v1,host/stage-b-observer-control-v4/allowlist-run-019.json,77fc79c3630abab7fabf450c042ec96d987b3a95f473711d825ea4e0741aba22,2776,,,issue102_full_prompt,,CURATED_FROM_MEASURED,issue102_full_prompt,accepted,checksum-verified member within frozen authority,,
#102/issue102-cross-prompt-v1,host/stage-b-observer-control-v4/allowlist-run-020.json,1c2541d35e340709ea89e7a6556964800b79eed795354a912b8cac2118eb8abd,2781,,,issue102_full_prompt,,CURATED_FROM_MEASURED,issue102_full_prompt,accepted,checksum-verified member within frozen authority,,
#102/issue102-cross-prompt-v1,host/stage-b-observer-control-v4/allowlist-run-021.json,9847a1821f0c1473760aa9a559873f3e2ef62d2a1e5317970222c847d010952a,2782,,,issue102_full_prompt,,CURATED_FROM_MEASURED,issue102_full_prompt,accepted,checksum-verified member within frozen authority,,
#102/issue102-cross-prompt-v1,host/stage-b-observer-control-v4/allowlist-run-022.json,853e5261c7cc623ba1a257d1e807088edefe9c0286330b88f976d6d0f5c6444e,2781,,,issue102_full_prompt,,CURATED_FROM_MEASURED,issue102_full_prompt,accepted,checksum-verified member within frozen authority,,
#102/issue102-cross-prompt-v1,host/stage-b-observer-control-v4/allowlist-run-023.json,c01400369ab06d89e6577ff9d6ff55e5907878cb351a07a8c21ba1554b5bdade,2782,,,issue102_full_prompt,,CURATED_FROM_MEASURED,issue102_full_prompt,accepted,checksum-verified member within frozen authority,,
#102/issue102-cross-prompt-v1,host/stage-b-observer-control-v4/allowlist-run-024.json,315baf2325590a22f98c46578ea064d7119f59975e3f7b4bbfe00462b59a78c3,2781,,,issue102_full_prompt,,CURATED_FROM_MEASURED,issue102_full_prompt,accepted,checksum-verified member within frozen authority,,
#102/issue102-cross-prompt-v1,host/stage-b-observer-control-v4/allowlist-run-025.json,8883b297ce61a08e7abfb0f1532dbfc1276eab15c32f67439fad6fcc729b6b09,2782,,,issue102_full_prompt,,CURATED_FROM_MEASURED,issue102_full_prompt,accepted,checksum-verified member within frozen authority,,
#102/issue102-cross-prompt-v1,host/stage-b-observer-control-v4/allowlist-run-026.json,c82d6bb6586eba3cc059078062d171c7db4a7a841a689a1943d5a21b91e81320,2769,,,issue102_full_prompt,,CURATED_FROM_MEASURED,issue102_full_prompt,accepted,checksum-verified member within frozen authority,,
#102/issue102-cross-prompt-v1,host/stage-b-observer-control-v4/allowlist-run-027.json,0a27df201134c6fef360fc06c17d77811b601fcff1a4fb16d1bbefdd1cd5b7a5,2770,,,issue102_full_prompt,,CURATED_FROM_MEASURED,issue102_full_prompt,accepted,checksum-verified member within frozen authority,,
#102/issue102-cross-prompt-v1,host/stage-b-observer-control-v4/allowlist-run-028.json,613b06dceda10edd952a510eb9bd92ff039c164cc4f082f6a8cc8adfcf7d9656,2799,,,issue102_full_prompt,,CURATED_FROM_MEASURED,issue102_full_prompt,accepted,checksum-verified member within frozen authority,,
#102/issue102-cross-prompt-v1,host/stage-b-observer-control-v4/allowlist-run-029.json,6b569e2d1a896ef2061a545b44fecb84c9456fcd49f7bd404acfeadaef27f7d5,2800,,,issue102_full_prompt,,CURATED_FROM_MEASURED,issue102_full_prompt,accepted,checksum-verified member within frozen authority,,
#102/issue102-cross-prompt-v1,host/stage-b-observer-control-v4/allowlist-run-030.json,7d46d61d6a21fd300e90a6b75faa169ebab09b66d73390dbe3123bf833f5d969,2781,,,issue102_full_prompt,,CURATED_FROM_MEASURED,issue102_full_prompt,accepted,checksum-verified member within frozen authority,,
#102/issue102-cross-prompt-v1,host/stage-b-observer-control-v4/allowlist-run-031.json,934b5c47d9fcc2faddb938514a7179373aa586ad55a1bed2d30ab13c1a1e283a,2782,,,issue102_full_prompt,,CURATED_FROM_MEASURED,issue102_full_prompt,accepted,checksum-verified member within frozen authority,,
#102/issue102-cross-prompt-v1,host/stage-b-observer-control-v4/allowlist-run-032.json,6611543fc9a3aab12ca949275c6acf95371d13d5a6547648552d8dc534acf608,2781,,,issue102_full_prompt,,CURATED_FROM_MEASURED,issue102_full_prompt,accepted,checksum-verified member within frozen authority,,
#102/issue102-cross-prompt-v1,host/stage-b-observer-control-v4/allowlist-run-033.json,a367e9f6013ca87b2b497f5b1bba44e2dfbf5c2673883d205130d9018bcf5662,2787,,,issue102_full_prompt,,CURATED_FROM_MEASURED,issue102_full_prompt,accepted,checksum-verified member within frozen authority,,
#102/issue102-cross-prompt-v1,host/stage-b-observer-control-v4/allowlist-run-034.json,7e82889a7c5c660a91bf0c1419f6dd34d9e83c7e88efb1f9e73085495693b479,2764,,,issue102_full_prompt,,CURATED_FROM_MEASURED,issue102_full_prompt,accepted,checksum-verified member within frozen authority,,
#102/issue102-cross-prompt-v1,host/stage-b-observer-control-v4/allowlist-run-035.json,289c39ece9a46f6fa724cc36a5aed4e39df9d50d69600dec17e80a86a3015c88,2804,,,issue102_full_prompt,,CURATED_FROM_MEASURED,issue102_full_prompt,accepted,checksum-verified member within frozen authority,,
#102/issue102-cross-prompt-v1,host/stage-b-observer-control-v4/allowlist-run-036.json,c1a0c3fd47cdd25d7e03c78170efc81d758f3bc6f6bfa9fa5c5e35ebe41d8ff0,2778,,,issue102_full_prompt,,CURATED_FROM_MEASURED,issue102_full_prompt,accepted,checksum-verified member within frozen authority,,
#102/issue102-cross-prompt-v1,host/stage-b-observer-control-v4/allowlist-run-037.json,9442642ed3f00908b19a40c3e75c4f1d888c37ec42b7eb937f614ccb29fb53f9,2783,,,issue102_full_prompt,,CURATED_FROM_MEASURED,issue102_full_prompt,accepted,checksum-verified member within frozen authority,,
#102/issue102-cross-prompt-v1,host/stage-b-observer-control-v4/allowlist-run-038.json,c0987b14a9efbd717b10ed08003457422fd7e0e880d1fabdb95306b77a7349eb,2784,,,issue102_full_prompt,,CURATED_FROM_MEASURED,issue102_full_prompt,accepted,checksum-verified member within frozen authority,,
#102/issue102-cross-prompt-v1,host/stage-b-observer-control-v4/allowlist-run-039.json,eff711527bb0ebd4c9d304063e9e65a2707ad606e95369a8a20789e217155458,2747,,,issue102_full_prompt,,CURATED_FROM_MEASURED,issue102_full_prompt,accepted,checksum-verified member within frozen authority,,
#102/issue102-cross-prompt-v1,host/stage-b-observer-control-v4/allowlist-run-040.json,96df2bfd72b6093f67ee11b7ff42137d3d8ce44392682e64e26813dcdd70ccf1,2748,,,issue102_full_prompt,,CURATED_FROM_MEASURED,issue102_full_prompt,accepted,checksum-verified member within frozen authority,,
#102/issue102-cross-prompt-v1,host/stage-b-observer-control-v4/allowlist-run-041.json,a526d4171853a0abb6b3819ffb3c7c2a13b8af314af2f127cb1e8661099712aa,2777,,,issue102_full_prompt,,CURATED_FROM_MEASURED,issue102_full_prompt,accepted,checksum-verified member within frozen authority,,
#102/issue102-cross-prompt-v1,host/stage-b-observer-control-v4/allowlist-run-042.json,11d5b8be3534cf2458ac2df84d428baa6704be555366bbcf05b6851a04cf55fe,2779,,,issue102_full_prompt,,CURATED_FROM_MEASURED,issue102_full_prompt,accepted,checksum-verified member within frozen authority,,
#102/issue102-cross-prompt-v1,host/stage-b-observer-control-v4/allowlist-run-043.json,975e083751630dac81f085110428be1cdffc105b4b400e186fbbf9e9a982883d,2765,,,issue102_full_prompt,,CURATED_FROM_MEASURED,issue102_full_prompt,accepted,checksum-verified member within frozen authority,,
#102/issue102-cross-prompt-v1,host/stage-b-observer-control-v4/allowlist-run-044.json,876eb2947084f70958cac71dfce932680617f7b1dfff60a8c283024516886ca4,2766,,,issue102_full_prompt,,CURATED_FROM_MEASURED,issue102_full_prompt,accepted,checksum-verified member within frozen authority,,
#102/issue102-cross-prompt-v1,host/stage-b-observer-control-v4/hygiene-run-005.json,db1c68d0ade479e8ab4854e8508dfe93b7936452875e54147c66ddbc4ff60cea,12510,,,issue102_full_prompt,,CURATED_FROM_MEASURED,issue102_full_prompt,accepted,checksum-verified member within frozen authority,,
#102/issue102-cross-prompt-v1,host/stage-b-observer-control-v4/hygiene-run-006.json,f15ff226d9552ac20e85d4854826dddd53b4774282847e2e0b7aee085bddbc88,12490,,,issue102_full_prompt,,CURATED_FROM_MEASURED,issue102_full_prompt,accepted,checksum-verified member within frozen authority,,
#102/issue102-cross-prompt-v1,host/stage-b-observer-control-v4/hygiene-run-007.json,366b4dfab139a63e31d9a3c366e7af1acc4802d441baba13682b981639ef6f96,12537,,,issue102_full_prompt,,CURATED_FROM_MEASURED,issue102_full_prompt,accepted,checksum-verified member within frozen authority,,
#102/issue102-cross-prompt-v1,host/stage-b-observer-control-v4/hygiene-run-008.json,2a56a91ccf30866d8832d1428eee693418c116a515b9f82d9b46aca9de801550,12513,,,issue102_full_prompt,,CURATED_FROM_MEASURED,issue102_full_prompt,accepted,checksum-verified member within frozen authority,,
#102/issue102-cross-prompt-v1,host/stage-b-observer-control-v4/hygiene-run-009.json,559192ad743ab59d6d2a6769744670c2a03a4f9d3a2651399ddca6771c3d01da,12515,,,issue102_full_prompt,,CURATED_FROM_MEASURED,issue102_full_prompt,accepted,checksum-verified member within frozen authority,,
#102/issue102-cross-prompt-v1,host/stage-b-observer-control-v4/hygiene-run-010.json,0675bf27327541272a2bc42a65fdba03db808abc189c68efaa822bc1d37873c9,12523,,,issue102_full_prompt,,CURATED_FROM_MEASURED,issue102_full_prompt,accepted,checksum-verified member within frozen authority,,
#102/issue102-cross-prompt-v1,host/stage-b-observer-control-v4/hygiene-run-011.json,e0a2aae29d36a2cefac08c3d94fbe6fd6073f9fb97ab052240af713884d315fd,12562,,,issue102_full_prompt,,CURATED_FROM_MEASURED,issue102_full_prompt,accepted,checksum-verified member within frozen authority,,
#102/issue102-cross-prompt-v1,host/stage-b-observer-control-v4/hygiene-run-012.json,1e7fb7e370a20bddf66559a9fdf55d38da0bdb028bc7e4254b6a582fabac284d,12509,,,issue102_full_prompt,,CURATED_FROM_MEASURED,issue102_full_prompt,accepted,checksum-verified member within frozen authority,,
#102/issue102-cross-prompt-v1,host/stage-b-observer-control-v4/hygiene-run-013.json,279bb0f5117e10703f4dd4f982d37e50a153786a42ed72cb12b8a33f03fb2994,12523,,,issue102_full_prompt,,CURATED_FROM_MEASURED,issue102_full_prompt,accepted,checksum-verified member within frozen authority,,
#102/issue102-cross-prompt-v1,host/stage-b-observer-control-v4/hygiene-run-014.json,040c8a7450c2302e6a925e3bce67dcf5fd06fb56daccb1e371208edcbdf64c23,12443,,,issue102_full_prompt,,CURATED_FROM_MEASURED,issue102_full_prompt,accepted,checksum-verified member within frozen authority,,
#102/issue102-cross-prompt-v1,host/stage-b-observer-control-v4/hygiene-run-015.json,ea1b09f593953546bb42c42e439229843b3253927d84d7276576920145e0fa1b,12512,,,issue102_full_prompt,,CURATED_FROM_MEASURED,issue102_full_prompt,accepted,checksum-verified member within frozen authority,,
#102/issue102-cross-prompt-v1,host/stage-b-observer-control-v4/hygiene-run-016.json,b8a9193075dfba8a8ecc59b1cae6eaf7b59b0cb285d5c2c906937f78b52e430b,12481,,,issue102_full_prompt,,CURATED_FROM_MEASURED,issue102_full_prompt,accepted,checksum-verified member within frozen authority,,
#102/issue102-cross-prompt-v1,host/stage-b-observer-control-v4/hygiene-run-017.json,7fc4890ac0bcb3b31cb242aef77cb82c58fe5df323bc9d432f4d12e5fe498ebc,12480,,,issue102_full_prompt,,CURATED_FROM_MEASURED,issue102_full_prompt,accepted,checksum-verified member within frozen authority,,
#102/issue102-cross-prompt-v1,host/stage-b-observer-control-v4/hygiene-run-018.json,be37934d956949b9fcd149ad6ab2fc17c38438db73356b76ba355cc97c516cb5,12493,,,issue102_full_prompt,,CURATED_FROM_MEASURED,issue102_full_prompt,accepted,checksum-verified member within frozen authority,,
#102/issue102-cross-prompt-v1,host/stage-b-observer-control-v4/hygiene-run-019.json,edd4d82ce814c8f7424c11976dbddc4048540ce61d059dcb2c21e6d651d80984,12503,,,issue102_full_prompt,,CURATED_FROM_MEASURED,issue102_full_prompt,accepted,checksum-verified member within frozen authority,,
#102/issue102-cross-prompt-v1,host/stage-b-observer-control-v4/hygiene-run-020.json,d49d3b142c9602fd01904488adedf37a289ea52d9b79c2b3cee7e90c20e20167,12506,,,issue102_full_prompt,,CURATED_FROM_MEASURED,issue102_full_prompt,accepted,checksum-verified member within frozen authority,,
#102/issue102-cross-prompt-v1,host/stage-b-observer-control-v4/hygiene-run-021.json,11c05de2827846b68ef13de44384068c213d86f1b5dfd263da68e254a801c875,12516,,,issue102_full_prompt,,CURATED_FROM_MEASURED,issue102_full_prompt,accepted,checksum-verified member within frozen authority,,
#102/issue102-cross-prompt-v1,host/stage-b-observer-control-v4/hygiene-run-022.json,e7ffa5b9492463a186e87453e35a1da2ef3045e8b65dcbcf5a7da79d73872aa1,12507,,,issue102_full_prompt,,CURATED_FROM_MEASURED,issue102_full_prompt,accepted,checksum-verified member within frozen authority,,
#102/issue102-cross-prompt-v1,host/stage-b-observer-control-v4/hygiene-run-023.json,a8deadc8255f723d7e02662eb11c5a8db9f7294bff7154cf43deca1b0fe964b3,12515,,,issue102_full_prompt,,CURATED_FROM_MEASURED,issue102_full_prompt,accepted,checksum-verified member within frozen authority,,
#102/issue102-cross-prompt-v1,host/stage-b-observer-control-v4/hygiene-run-024.json,15634aa7dbc75223ffec3a0df98b9761a20443fb608409bfa9cbe682b2abce46,12502,,,issue102_full_prompt,,CURATED_FROM_MEASURED,issue102_full_prompt,accepted,checksum-verified member within frozen authority,,
#102/issue102-cross-prompt-v1,host/stage-b-observer-control-v4/hygiene-run-025.json,f4d684512829e47942b3a510d6849ef2d45ddf7253357ec04d88783b6c2ea7b6,12516,,,issue102_full_prompt,,CURATED_FROM_MEASURED,issue102_full_prompt,accepted,checksum-verified member within frozen authority,,
#102/issue102-cross-prompt-v1,host/stage-b-observer-control-v4/hygiene-run-026.json,f9e671b9a168940cdbc97dc1be79919e0e934c6a25c645ef9589f3fc77086699,12484,,,issue102_full_prompt,,CURATED_FROM_MEASURED,issue102_full_prompt,accepted,checksum-verified member within frozen authority,,
#102/issue102-cross-prompt-v1,host/stage-b-observer-control-v4/hygiene-run-027.json,471ae7b9cec7174365b1f9c33509d69b463da4dbf01991b96f345df0a8a6830d,12487,,,issue102_full_prompt,,CURATED_FROM_MEASURED,issue102_full_prompt,accepted,checksum-verified member within frozen authority,,
#102/issue102-cross-prompt-v1,host/stage-b-observer-control-v4/hygiene-run-028.json,a7da6bc57a0cdf8073e0f4a8f958d9fd8a7abf096e8a0be1404680f9cd458c77,12540,,,issue102_full_prompt,,CURATED_FROM_MEASURED,issue102_full_prompt,accepted,checksum-verified member within frozen authority,,
#102/issue102-cross-prompt-v1,host/stage-b-observer-control-v4/hygiene-run-029.json,8311b983281ed8477c4eea6858bf63b9d6521dea4020968b24a880c2489bdef6,12552,,,issue102_full_prompt,,CURATED_FROM_MEASURED,issue102_full_prompt,accepted,checksum-verified member within frozen authority,,
#102/issue102-cross-prompt-v1,host/stage-b-observer-control-v4/hygiene-run-030.json,8a0520a69051ff199dc6437b0c659815220e87b4b10649e123c2d05d3caaf614,12505,,,issue102_full_prompt,,CURATED_FROM_MEASURED,issue102_full_prompt,accepted,checksum-verified member within frozen authority,,
#102/issue102-cross-prompt-v1,host/stage-b-observer-control-v4/hygiene-run-031.json,457f9de15649ee9f7f21172dee3798b2feb3b4a6442e492f8da7bc15d436533b,12511,,,issue102_full_prompt,,CURATED_FROM_MEASURED,issue102_full_prompt,accepted,checksum-verified member within frozen authority,,
#102/issue102-cross-prompt-v1,host/stage-b-observer-control-v4/hygiene-run-032.json,41981db2f2e7f8c757f17408aee66417fa38f5e858098dac19e902642030096b,12501,,,issue102_full_prompt,,CURATED_FROM_MEASURED,issue102_full_prompt,accepted,checksum-verified member within frozen authority,,
#102/issue102-cross-prompt-v1,host/stage-b-observer-control-v4/hygiene-run-033.json,f67d222b8fa327ecb847106bf590db2dd22e6de55db4cac097bce6fb447bc640,12513,,,issue102_full_prompt,,CURATED_FROM_MEASURED,issue102_full_prompt,accepted,checksum-verified member within frozen authority,,
#102/issue102-cross-prompt-v1,host/stage-b-observer-control-v4/hygiene-run-034.json,551a10faf8f1d1f2cfea42bbf0e1ceaf8a296d7386e40581f861eb7260294e4f,12455,,,issue102_full_prompt,,CURATED_FROM_MEASURED,issue102_full_prompt,accepted,checksum-verified member within frozen authority,,
#102/issue102-cross-prompt-v1,host/stage-b-observer-control-v4/hygiene-run-035.json,e8715c14c2e93bb6bb9c8d53bf5f1e30336e6cee121c74e5361cc75c51220b2c,12552,,,issue102_full_prompt,,CURATED_FROM_MEASURED,issue102_full_prompt,accepted,checksum-verified member within frozen authority,,
#102/issue102-cross-prompt-v1,host/stage-b-observer-control-v4/hygiene-run-036.json,b95dbb5f5998960a0b930d0b9172c689964c058e5a2b167b90f4ef3c6e2e108d,12503,,,issue102_full_prompt,,CURATED_FROM_MEASURED,issue102_full_prompt,accepted,checksum-verified member within frozen authority,,
#102/issue102-cross-prompt-v1,host/stage-b-observer-control-v4/hygiene-run-037.json,09e7fd144cf2e9c985047396268c445a81fcaa9c2739f9d202d8ec7e4cb90433,12501,,,issue102_full_prompt,,CURATED_FROM_MEASURED,issue102_full_prompt,accepted,checksum-verified member within frozen authority,,
#102/issue102-cross-prompt-v1,host/stage-b-observer-control-v4/hygiene-run-038.json,35996c7c0bd6f0ecbe2b53d8f17ddae42adab04aba238913d01b18792a392ea4,12510,,,issue102_full_prompt,,CURATED_FROM_MEASURED,issue102_full_prompt,accepted,checksum-verified member within frozen authority,,
#102/issue102-cross-prompt-v1,host/stage-b-observer-control-v4/hygiene-run-039.json,1d8d636375c6bcd55089681b2045fc3096ebab83ad9b0387522d9b16dadc77e6,12429,,,issue102_full_prompt,,CURATED_FROM_MEASURED,issue102_full_prompt,accepted,checksum-verified member within frozen authority,,
#102/issue102-cross-prompt-v1,host/stage-b-observer-control-v4/hygiene-run-040.json,6427fe41be48cd94aa3ab70b98b8f367c556d103000fed1950e7b1934d289bf7,12439,,,issue102_full_prompt,,CURATED_FROM_MEASURED,issue102_full_prompt,accepted,checksum-verified member within frozen authority,,
#102/issue102-cross-prompt-v1,host/stage-b-observer-control-v4/hygiene-run-041.json,183b09fc4f5872a7961a1e66d7afc1feab306bc3bd4ce1d85b828a23fc31a34a,12498,,,issue102_full_prompt,,CURATED_FROM_MEASURED,issue102_full_prompt,accepted,checksum-verified member within frozen authority,,
#102/issue102-cross-prompt-v1,host/stage-b-observer-control-v4/hygiene-run-042.json,ebcb638bbb663aa0a79579ba957df9962e97cd958f531ce6c6dbaf279d9b6c46,12503,,,issue102_full_prompt,,CURATED_FROM_MEASURED,issue102_full_prompt,accepted,checksum-verified member within frozen authority,,
#102/issue102-cross-prompt-v1,host/stage-b-observer-control-v4/hygiene-run-043.json,6c517d59077f41152142478091d083b0bac197aad1097c780de0b442222eb536,12465,,,issue102_full_prompt,,CURATED_FROM_MEASURED,issue102_full_prompt,accepted,checksum-verified member within frozen authority,,
#102/issue102-cross-prompt-v1,host/stage-b-observer-control-v4/hygiene-run-044.json,f6ccd7f7f6c5642d0abc7f4a16490c21815f1fa6094ff4b56a115ea7f65b522c,12475,,,issue102_full_prompt,,CURATED_FROM_MEASURED,issue102_full_prompt,accepted,checksum-verified member within frozen authority,,
#102/issue102-cross-prompt-v1,host/stage-b-observer-control-v4/progress.json,061e94cb6fd9018f746ac4b163bc340cb84d39b888f72bbaf016b996192262b1,116310,,,issue102_full_prompt,,CURATED_FROM_MEASURED,issue102_full_prompt,accepted,checksum-verified member within frozen authority,,
#102/issue102-cross-prompt-v1,host/stage-b-observer-control-v4/validation-run-005.json,98c2d90bad37bc8c7f5c97ccd5d6e0d50ba4cd06c06b2c947b463189a5e66bba,2947,,,issue102_full_prompt,,CURATED_FROM_MEASURED,issue102_full_prompt,accepted,checksum-verified member within frozen authority,,
#102/issue102-cross-prompt-v1,host/stage-b-observer-control-v4/validation-run-006.json,a85b9bf7ced95d62d1790ae471c90b559ca2750f727d4ba0c752e824a8f518c7,2941,,,issue102_full_prompt,,CURATED_FROM_MEASURED,issue102_full_prompt,accepted,checksum-verified member within frozen authority,,
#102/issue102-cross-prompt-v1,host/stage-b-observer-control-v4/validation-run-007.json,c242f65d0ce96bf173e9008d19a1060885a0a4a913b4d105ba2ed189ad955992,2988,,,issue102_full_prompt,,CURATED_FROM_MEASURED,issue102_full_prompt,accepted,checksum-verified member within frozen authority,,
#102/issue102-cross-prompt-v1,host/stage-b-observer-control-v4/validation-run-008.json,9d72f7617614fef9f11bc149dac329e4f56b9b477bed2cacefb889cff8700035,2955,,,issue102_full_prompt,,CURATED_FROM_MEASURED,issue102_full_prompt,accepted,checksum-verified member within frozen authority,,
#102/issue102-cross-prompt-v1,host/stage-b-observer-control-v4/validation-run-009.json,b7e23d705f5df50d0835a0332ea435afad152497f80a8a8a694370d0ca12cf29,2970,,,issue102_full_prompt,,CURATED_FROM_MEASURED,issue102_full_prompt,accepted,checksum-verified member within frozen authority,,
#102/issue102-cross-prompt-v1,host/stage-b-observer-control-v4/validation-run-010.json,a8861999245460cf799b8edec774b2442ffd6296e650e636a606b6699f09057a,2973,,,issue102_full_prompt,,CURATED_FROM_MEASURED,issue102_full_prompt,accepted,checksum-verified member within frozen authority,,
#102/issue102-cross-prompt-v1,host/stage-b-observer-control-v4/validation-run-011.json,1afe0dfef706c0cd3d6e7f2cccdea16c0da891d21ecc57dd848b99689fd8e012,3021,,,issue102_full_prompt,,CURATED_FROM_MEASURED,issue102_full_prompt,accepted,checksum-verified member within frozen authority,,
#102/issue102-cross-prompt-v1,host/stage-b-observer-control-v4/validation-run-012.json,ff4120eb57596b90f0adff2195d2f091197971f306c3c116a7c8035e5e39c24b,2969,,,issue102_full_prompt,,CURATED_FROM_MEASURED,issue102_full_prompt,accepted,checksum-verified member within frozen authority,,
#102/issue102-cross-prompt-v1,host/stage-b-observer-control-v4/validation-run-013.json,e9a0d6d9d5e25dfc255de00331df339c80517eb707d5423e8bc461b1946d9eda,2969,,,issue102_full_prompt,,CURATED_FROM_MEASURED,issue102_full_prompt,accepted,checksum-verified member within frozen authority,,
#102/issue102-cross-prompt-v1,host/stage-b-observer-control-v4/validation-run-014.json,884df06edceadf854f4aa6734add49bcad7ad6f6e102b293fce784ef1cf8d08c,2923,,,issue102_full_prompt,,CURATED_FROM_MEASURED,issue102_full_prompt,accepted,checksum-verified member within frozen authority,,
#102/issue102-cross-prompt-v1,host/stage-b-observer-control-v4/validation-run-015.json,1f985124f6343d5b55a1b51f58d1d3a003fa76bc3d5e566eaa5a7379d71bef22,2972,,,issue102_full_prompt,,CURATED_FROM_MEASURED,issue102_full_prompt,accepted,checksum-verified member within frozen authority,,
#102/issue102-cross-prompt-v1,host/stage-b-observer-control-v4/validation-run-016.json,51027af255b33f6f1b906766665038311341613604509780f6053a7da8b0fe91,2976,,,issue102_full_prompt,,CURATED_FROM_MEASURED,issue102_full_prompt,accepted,checksum-verified member within frozen authority,,
#102/issue102-cross-prompt-v1,host/stage-b-observer-control-v4/validation-run-017.json,edbb2c3aa82e6b6f1b618604bf1ec3136085b1b1107ca3d568f7de7be4dd2222,2925,,,issue102_full_prompt,,CURATED_FROM_MEASURED,issue102_full_prompt,accepted,checksum-verified member within frozen authority,,
#102/issue102-cross-prompt-v1,host/stage-b-observer-control-v4/validation-run-018.json,4e56c1ce4c8d437b18c178d29ce51c9ff85fce57e9130f62d74ba99e604708f1,2951,,,issue102_full_prompt,,CURATED_FROM_MEASURED,issue102_full_prompt,accepted,checksum-verified member within frozen authority,,
#102/issue102-cross-prompt-v1,host/stage-b-observer-control-v4/validation-run-019.json,16f87a58d03c005805f0c60c52e07a51e441b92aef4ea98587c58b4b94b7e57b,2953,,,issue102_full_prompt,,CURATED_FROM_MEASURED,issue102_full_prompt,accepted,checksum-verified member within frozen authority,,
#102/issue102-cross-prompt-v1,host/stage-b-observer-control-v4/validation-run-020.json,3e6938a472b4f00cf24d15020bae12541f28b00e5e1992518730ad17c62ba8fc,2952,,,issue102_full_prompt,,CURATED_FROM_MEASURED,issue102_full_prompt,accepted,checksum-verified member within frozen authority,,
#102/issue102-cross-prompt-v1,host/stage-b-observer-control-v4/validation-run-021.json,bfef1ffd4ba966870b7eb8a86f392b23e54373d094a169abc7d4d8372fdb6c45,2954,,,issue102_full_prompt,,CURATED_FROM_MEASURED,issue102_full_prompt,accepted,checksum-verified member within frozen authority,,
#102/issue102-cross-prompt-v1,host/stage-b-observer-control-v4/validation-run-022.json,a0d48969832a6009f98218b1fff1c89178bbc0ff6db199238d9ccaf3f10278df,2953,,,issue102_full_prompt,,CURATED_FROM_MEASURED,issue102_full_prompt,accepted,checksum-verified member within frozen authority,,
#102/issue102-cross-prompt-v1,host/stage-b-observer-control-v4/validation-run-023.json,87f21d1e5758181217c80ed146c2b80a7f7a813a8678bc2374af794b79eced2e,2955,,,issue102_full_prompt,,CURATED_FROM_MEASURED,issue102_full_prompt,accepted,checksum-verified member within frozen authority,,
#102/issue102-cross-prompt-v1,host/stage-b-observer-control-v4/validation-run-024.json,a79edbee6c24ad14c90888151b8e0894caf8e8745cc19db8df25de31508ba57a,2937,,,issue102_full_prompt,,CURATED_FROM_MEASURED,issue102_full_prompt,accepted,checksum-verified member within frozen authority,,
#102/issue102-cross-prompt-v1,host/stage-b-observer-control-v4/validation-run-025.json,84c583884d0e9332b1c365dd3ec9cbbe55b5c2d057ea2901b4726b78272184c0,2939,,,issue102_full_prompt,,CURATED_FROM_MEASURED,issue102_full_prompt,accepted,checksum-verified member within frozen authority,,
#102/issue102-cross-prompt-v1,host/stage-b-observer-control-v4/validation-run-026.json,db5c4acfb764863f54a1ab8cb9f3eeca6aabaa337c41de1195f7e27f44f638ed,2931,,,issue102_full_prompt,,CURATED_FROM_MEASURED,issue102_full_prompt,accepted,checksum-verified member within frozen authority,,
#102/issue102-cross-prompt-v1,host/stage-b-observer-control-v4/validation-run-027.json,f09abeb489f654d7049cbc8eda28413b4ecf768f37dc723cff48757c7012648d,2933,,,issue102_full_prompt,,CURATED_FROM_MEASURED,issue102_full_prompt,accepted,checksum-verified member within frozen authority,,
#102/issue102-cross-prompt-v1,host/stage-b-observer-control-v4/validation-run-028.json,5fe4351b205c1f7017e52e7c72508743bf05b82cf5cb72c7e9cfae8a638d265b,2980,,,issue102_full_prompt,,CURATED_FROM_MEASURED,issue102_full_prompt,accepted,checksum-verified member within frozen authority,,
#102/issue102-cross-prompt-v1,host/stage-b-observer-control-v4/validation-run-029.json,c5a2ac9edb786e6146466134b43a76087c52bd9137d15d22c252af4f9ae236f3,2982,,,issue102_full_prompt,,CURATED_FROM_MEASURED,issue102_full_prompt,accepted,checksum-verified member within frozen authority,,
#102/issue102-cross-prompt-v1,host/stage-b-observer-control-v4/validation-run-030.json,736d7d933cff637b7eeebef352026b848c256afa1c94f9e29643dca4da639805,2947,,,issue102_full_prompt,,CURATED_FROM_MEASURED,issue102_full_prompt,accepted,checksum-verified member within frozen authority,,
#102/issue102-cross-prompt-v1,host/stage-b-observer-control-v4/validation-run-031.json,f6a837215faaa23db79da8f094a410b5226081a75c32929a36ae09684d2f62c4,2949,,,issue102_full_prompt,,CURATED_FROM_MEASURED,issue102_full_prompt,accepted,checksum-verified member within frozen authority,,
#102/issue102-cross-prompt-v1,host/stage-b-observer-control-v4/validation-run-032.json,65b687b032f5c4e8aaa7417cf57f57bb9f2f04e33c715644029a688e772d0c6a,2960,,,issue102_full_prompt,,CURATED_FROM_MEASURED,issue102_full_prompt,accepted,checksum-verified member within frozen authority,,
#102/issue102-cross-prompt-v1,host/stage-b-observer-control-v4/validation-run-033.json,a763acc8b02499964137b452218c31eea4409cbc392a39c9f1b39bf69ae20497,2963,,,issue102_full_prompt,,CURATED_FROM_MEASURED,issue102_full_prompt,accepted,checksum-verified member within frozen authority,,
#102/issue102-cross-prompt-v1,host/stage-b-observer-control-v4/validation-run-034.json,ab59fadaa50f11dbb74d2cb1b4c8b4cbb67bc4b18505560b738b8b5064e0222d,2965,,,issue102_full_prompt,,CURATED_FROM_MEASURED,issue102_full_prompt,accepted,checksum-verified member within frozen authority,,
#102/issue102-cross-prompt-v1,host/stage-b-observer-control-v4/validation-run-035.json,0248f115ba39337e6b89d81613c922c6d80d1cd1195418fee9bd0d98ea9abfef,3013,,,issue102_full_prompt,,CURATED_FROM_MEASURED,issue102_full_prompt,accepted,checksum-verified member within frozen authority,,
#102/issue102-cross-prompt-v1,host/stage-b-observer-control-v4/validation-run-036.json,645c9b2765a239551613e005cff1e3d9382ee37ce98f9b7a88f8990df9b8177f,2961,,,issue102_full_prompt,,CURATED_FROM_MEASURED,issue102_full_prompt,accepted,checksum-verified member within frozen authority,,
#102/issue102-cross-prompt-v1,host/stage-b-observer-control-v4/validation-run-037.json,ad754f37f424615e554f3362127b2398e660bda4192834966d5dd519690ee6fb,2959,,,issue102_full_prompt,,CURATED_FROM_MEASURED,issue102_full_prompt,accepted,checksum-verified member within frozen authority,,
#102/issue102-cross-prompt-v1,host/stage-b-observer-control-v4/validation-run-038.json,fffedd3c4bfc6793e2f8f814207400992626b8cf4fb683dc8ef068b48f423fed,2961,,,issue102_full_prompt,,CURATED_FROM_MEASURED,issue102_full_prompt,accepted,checksum-verified member within frozen authority,,
#102/issue102-cross-prompt-v1,host/stage-b-observer-control-v4/validation-run-039.json,9f134f768d33bfa5e4d9ca323f4b58cd7692a716579c06bd19fc712d30e9a4ba,2913,,,issue102_full_prompt,,CURATED_FROM_MEASURED,issue102_full_prompt,accepted,checksum-verified member within frozen authority,,
#102/issue102-cross-prompt-v1,host/stage-b-observer-control-v4/validation-run-040.json,711f92c1be1b13078bc17a730fa21e1919479e3e9e5637112b2b5bc9ae4edef1,2915,,,issue102_full_prompt,,CURATED_FROM_MEASURED,issue102_full_prompt,accepted,checksum-verified member within frozen authority,,
#102/issue102-cross-prompt-v1,host/stage-b-observer-control-v4/validation-run-041.json,1e307c17e88b3ed8a2d7e6905bc06e05e01e3e2036089eba7f96a23cea449bac,2960,,,issue102_full_prompt,,CURATED_FROM_MEASURED,issue102_full_prompt,accepted,checksum-verified member within frozen authority,,
#102/issue102-cross-prompt-v1,host/stage-b-observer-control-v4/validation-run-042.json,cb7a8aaf102e58df3712aad79ca024b7fb0c4e6d5185b41bb456edb8173ab189,2963,,,issue102_full_prompt,,CURATED_FROM_MEASURED,issue102_full_prompt,accepted,checksum-verified member within frozen authority,,
#102/issue102-cross-prompt-v1,host/stage-b-observer-control-v4/validation-run-043.json,173c0dfbcee88f7d5b161a79001a097e5ddf5520e2090acd24acc74ecd29f404,2966,,,issue102_full_prompt,,CURATED_FROM_MEASURED,issue102_full_prompt,accepted,checksum-verified member within frozen authority,,
#102/issue102-cross-prompt-v1,host/stage-b-observer-control-v4/validation-run-044.json,7a9721d57c6a0080fe58d71f99f9fc2b64ba0fbad2795cc74751ba188b8e375c,2968,,,issue102_full_prompt,,CURATED_FROM_MEASURED,issue102_full_prompt,accepted,checksum-verified member within frozen authority,,
#102/issue102-cross-prompt-v1,host/stage-b-observer/run-001-01-math-b1-retry-01/envelope.json,eda77ef6bcdb01005193568b37846322312978d70e232d66bda34bdd8c7bf094,25400,,01-math-b1,issue102_observer_semantic_order,,MEASURED_OBSERVER,issue102_full_prompt,accepted,checksum-verified member within frozen authority,,
#102/issue102-cross-prompt-v1,host/stage-b-observer/run-001-01-math-b1-retry-01/result.json,e1fab368ce78869f1276ce7b0835b3017d4d4c87877bb6ebccb9a9611eb5a023,77759299,,01-math-b1,issue102_observer_semantic_order,,MEASURED_OBSERVER,issue102_full_prompt,accepted,checksum-verified member within frozen authority,,
#102/issue102-cross-prompt-v1,host/stage-b-observer/run-001-01-math-b1-retry-01/stderr.log,08d85235c87ca327f337bf2a23a5250e06e2ae94ced24b687fbb05344f317a7f,67,,01-math-b1,issue102_observer_semantic_order,,MEASURED_OBSERVER,issue102_full_prompt,accepted,checksum-verified member within frozen authority,,
#102/issue102-cross-prompt-v1,host/stage-b-observer/run-001-01-math-b1-retry-01/stdout.log,429432280b7a1b36b2adfaaf20777e9a7e8e16607537f935358a665d8e7c9260,43313751,,01-math-b1,issue102_observer_semantic_order,,MEASURED_OBSERVER,issue102_full_prompt,accepted,checksum-verified member within frozen authority,,
#102/issue102-cross-prompt-v1,host/stage-b-observer/run-002-02-formal-b3/envelope.json,feb3cf928adad3dc3c820481f0e9d03dab12afb88adde5c641f8604fbb64e291,25397,,02-formal-b3,issue102_observer_semantic_order,,MEASURED_OBSERVER,issue102_full_prompt,accepted,checksum-verified member within frozen authority,,
#102/issue102-cross-prompt-v1,host/stage-b-observer/run-002-02-formal-b3/result.json,48e746b49a9d1ccda8fd60a91872eeaf03ac38d83ff900ea16a3c5f5a3811e54,96719907,,02-formal-b3,issue102_observer_semantic_order,,MEASURED_OBSERVER,issue102_full_prompt,accepted,checksum-verified member within frozen authority,,
#102/issue102-cross-prompt-v1,host/stage-b-observer/run-002-02-formal-b3/stderr.log,08d85235c87ca327f337bf2a23a5250e06e2ae94ced24b687fbb05344f317a7f,67,,02-formal-b3,issue102_observer_semantic_order,,MEASURED_OBSERVER,issue102_full_prompt,accepted,checksum-verified member within frozen authority,,
#102/issue102-cross-prompt-v1,host/stage-b-observer/run-002-02-formal-b3/stdout.log,be329bd2a27f4f4dbb3893f80e61f33760909cc7686f1325a0e1c21ca398a5c8,53877243,,02-formal-b3,issue102_observer_semantic_order,,MEASURED_OBSERVER,issue102_full_prompt,accepted,checksum-verified member within frozen authority,,
#102/issue102-cross-prompt-v1,host/stage-b-observer/run-003-03-science-b3/envelope.json,7d82f5c246be160a97b5ca08db08bd3d2425165110cbd5cf5125cadb79045945,25404,,03-science-b3,issue102_observer_semantic_order,,MEASURED_OBSERVER,issue102_full_prompt,accepted,checksum-verified member within frozen authority,,
#102/issue102-cross-prompt-v1,host/stage-b-observer/run-003-03-science-b3/result.json,c408fe912169f7284b08671bd5abb720203542c1404a2437a37d598c0b42efc5,92865351,,03-science-b3,issue102_observer_semantic_order,,MEASURED_OBSERVER,issue102_full_prompt,accepted,checksum-verified member within frozen authority,,
#102/issue102-cross-prompt-v1,host/stage-b-observer/run-003-03-science-b3/stderr.log,08d85235c87ca327f337bf2a23a5250e06e2ae94ced24b687fbb05344f317a7f,67,,03-science-b3,issue102_observer_semantic_order,,MEASURED_OBSERVER,issue102_full_prompt,accepted,checksum-verified member within frozen authority,,
#102/issue102-cross-prompt-v1,host/stage-b-observer/run-003-03-science-b3/stdout.log,7dd1b8e358684a7d19862490bd048aff552664cb5592ff76c44f671a3821a0a7,51730575,,03-science-b3,issue102_observer_semantic_order,,MEASURED_OBSERVER,issue102_full_prompt,accepted,checksum-verified member within frozen authority,,
#102/issue102-cross-prompt-v1,host/stage-b-observer/run-004-04-factual-b2-retry-01/envelope.json,8f24d3f7a7c414e721f7147ad1f72635c8ad6cb02c2bd6dfc39b4d192078c3eb,25407,,04-factual-b2,issue102_observer_semantic_order,,MEASURED_OBSERVER,issue102_full_prompt,accepted,checksum-verified member within frozen authority,,
#102/issue102-cross-prompt-v1,host/stage-b-observer/run-004-04-factual-b2-retry-01/result.json,f0a795961cea21bb1a575c664ec21cbf1607f98f3e8f8bcc689da9440d59ae81,84506736,,04-factual-b2,issue102_observer_semantic_order,,MEASURED_OBSERVER,issue102_full_prompt,accepted,checksum-verified member within frozen authority,,
#102/issue102-cross-prompt-v1,host/stage-b-observer/run-004-04-factual-b2-retry-01/stderr.log,08d85235c87ca327f337bf2a23a5250e06e2ae94ced24b687fbb05344f317a7f,67,,04-factual-b2,issue102_observer_semantic_order,,MEASURED_OBSERVER,issue102_full_prompt,accepted,checksum-verified member within frozen authority,,
#102/issue102-cross-prompt-v1,host/stage-b-observer/run-004-04-factual-b2-retry-01/stdout.log,23a7156d711f5d05278267201369ac507bb47b852feb9ac492834517ce26d22e,47072384,,04-factual-b2,issue102_observer_semantic_order,,MEASURED_OBSERVER,issue102_full_prompt,accepted,checksum-verified member within frozen authority,,
#102/issue102-cross-prompt-v1,host/stage-b-observer/run-005-05-codegen-b5/envelope.json,781b241fc942ac2bdb37fe58ad71c3bac513de09810411e64b560ec43b8e3f56,25410,,05-codegen-b5,issue102_observer_semantic_order,,MEASURED_OBSERVER,issue102_full_prompt,accepted,checksum-verified member within frozen authority,,
#102/issue102-cross-prompt-v1,host/stage-b-observer/run-005-05-codegen-b5/result.json,76eac0bc80147e7a7bec21b268fa0882ea0c1fb64bf19a88a92d49cd407d3fed,109878041,,05-codegen-b5,issue102_observer_semantic_order,,MEASURED_OBSERVER,issue102_full_prompt,accepted,checksum-verified member within frozen authority,,
#102/issue102-cross-prompt-v1,host/stage-b-observer/run-005-05-codegen-b5/stderr.log,08d85235c87ca327f337bf2a23a5250e06e2ae94ced24b687fbb05344f317a7f,67,,05-codegen-b5,issue102_observer_semantic_order,,MEASURED_OBSERVER,issue102_full_prompt,accepted,checksum-verified member within frozen authority,,
#102/issue102-cross-prompt-v1,host/stage-b-observer/run-005-05-codegen-b5/stdout.log,217c3b5990662263ac731f1f14f1924e2ee7a4c0e70586b3bd12239030811893,61200093,,05-codegen-b5,issue102_observer_semantic_order,,MEASURED_OBSERVER,issue102_full_prompt,accepted,checksum-verified member within frozen authority,,
#102/issue102-cross-prompt-v1,host/stage-b-observer/run-006-06-debug-b4/envelope.json,48c86ec3c0b1fbe197bc4f04191e4cc79a12dcbeca2d082b0f1d44be79ccefe8,25407,,06-debug-b4,issue102_observer_semantic_order,,MEASURED_OBSERVER,issue102_full_prompt,accepted,checksum-verified member within frozen authority,,
#102/issue102-cross-prompt-v1,host/stage-b-observer/run-006-06-debug-b4/result.json,50c542f24657df86cdf1b83385335e40eeb850f676142cbd8b0abb3e7f58fe1e,109896247,,06-debug-b4,issue102_observer_semantic_order,,MEASURED_OBSERVER,issue102_full_prompt,accepted,checksum-verified member within frozen authority,,
#102/issue102-cross-prompt-v1,host/stage-b-observer/run-006-06-debug-b4/stderr.log,08d85235c87ca327f337bf2a23a5250e06e2ae94ced24b687fbb05344f317a7f,67,,06-debug-b4,issue102_observer_semantic_order,,MEASURED_OBSERVER,issue102_full_prompt,accepted,checksum-verified member within frozen authority,,
#102/issue102-cross-prompt-v1,host/stage-b-observer/run-006-06-debug-b4/stdout.log,cc17e56dfbc99047131dae56ee7465afb2ff40be11fcd84e72a34fb139c544ec,61218299,,06-debug-b4,issue102_observer_semantic_order,,MEASURED_OBSERVER,issue102_full_prompt,accepted,checksum-verified member within frozen authority,,
#102/issue102-cross-prompt-v1,host/stage-b-observer/run-007-07-algorithms-b2/envelope.json,398c00d5779dd91849c827a0a9c81ab7a077322d6a03a7277d0f38e41ceb8977,25415,,07-algorithms-b2,issue102_observer_semantic_order,,MEASURED_OBSERVER,issue102_full_prompt,accepted,checksum-verified member within frozen authority,,
#102/issue102-cross-prompt-v1,host/stage-b-observer/run-007-07-algorithms-b2/result.json,20af69ef77e69f48779e0f6e38c9254e9127b3aba0917aa53f827d5d533a33a9,82905512,,07-algorithms-b2,issue102_observer_semantic_order,,MEASURED_OBSERVER,issue102_full_prompt,accepted,checksum-verified member within frozen authority,,
#102/issue102-cross-prompt-v1,host/stage-b-observer/run-007-07-algorithms-b2/stderr.log,08d85235c87ca327f337bf2a23a5250e06e2ae94ced24b687fbb05344f317a7f,67,,07-algorithms-b2,issue102_observer_semantic_order,,MEASURED_OBSERVER,issue102_full_prompt,accepted,checksum-verified member within frozen authority,,
#102/issue102-cross-prompt-v1,host/stage-b-observer/run-007-07-algorithms-b2/stdout.log,5e6c1a1de0f13bd7714112504e8f13379a7ef309ea116ce40b0bbac1218203fc,46182780,,07-algorithms-b2,issue102_observer_semantic_order,,MEASURED_OBSERVER,issue102_full_prompt,accepted,checksum-verified member within frozen authority,,
#102/issue102-cross-prompt-v1,host/stage-b-observer/run-008-08-summary-b2/envelope.json,2e6a06929cdb515db02b9543c0c23b14f9bdc504ad6b45ec6a47e4cb8d502112,25414,,08-summary-b2,issue102_observer_semantic_order,,MEASURED_OBSERVER,issue102_full_prompt,accepted,checksum-verified member within frozen authority,,
#102/issue102-cross-prompt-v1,host/stage-b-observer/run-008-08-summary-b2/result.json,4ef3c41d4799bab0a8601943b4803f8fb7244806c9a058e7842e26ba1f8fd108,88335313,,08-summary-b2,issue102_observer_semantic_order,,MEASURED_OBSERVER,issue102_full_prompt,accepted,checksum-verified member within frozen authority,,
#102/issue102-cross-prompt-v1,host/stage-b-observer/run-008-08-summary-b2/stderr.log,08d85235c87ca327f337bf2a23a5250e06e2ae94ced24b687fbb05344f317a7f,67,,08-summary-b2,issue102_observer_semantic_order,,MEASURED_OBSERVER,issue102_full_prompt,accepted,checksum-verified member within frozen authority,,
#102/issue102-cross-prompt-v1,host/stage-b-observer/run-008-08-summary-b2/stdout.log,ee1625b69fc209c25764265cce2f683fa7863a2e6bbfc69427d56ea25f890b56,49193073,,08-summary-b2,issue102_observer_semantic_order,,MEASURED_OBSERVER,issue102_full_prompt,accepted,checksum-verified member within frozen authority,,
#102/issue102-cross-prompt-v1,host/stage-b-observer/run-009-09-extract-b8/envelope.json,66b33024e6f2447fb48c9920a56cd8923b147d2b0d4d97b5026968fd4d898a68,25425,,09-extract-b8,issue102_observer_semantic_order,,MEASURED_OBSERVER,issue102_full_prompt,accepted,checksum-verified member within frozen authority,,
#102/issue102-cross-prompt-v1,host/stage-b-observer/run-009-09-extract-b8/result.json,87813ce819b5e5bba2ed451b9e4664e238b065aa22122e3b536762fba9325b96,146793798,,09-extract-b8,issue102_observer_semantic_order,,MEASURED_OBSERVER,issue102_full_prompt,accepted,checksum-verified member within frozen authority,,
#102/issue102-cross-prompt-v1,host/stage-b-observer/run-009-09-extract-b8/stderr.log,08d85235c87ca327f337bf2a23a5250e06e2ae94ced24b687fbb05344f317a7f,67,,09-extract-b8,issue102_observer_semantic_order,,MEASURED_OBSERVER,issue102_full_prompt,accepted,checksum-verified member within frozen authority,,
#102/issue102-cross-prompt-v1,host/stage-b-observer/run-009-09-extract-b8/stdout.log,7e9d4b0c27130d91d1171520f56a7d0d6a1b6b41506c1169cc7d065e4691d246,81748590,,09-extract-b8,issue102_observer_semantic_order,,MEASURED_OBSERVER,issue102_full_prompt,accepted,checksum-verified member within frozen authority,,
#102/issue102-cross-prompt-v1,host/stage-b-observer/run-010-10-planning-b4/envelope.json,cac983fb5034a566db51ef092d1a02b3bca464926dc3c330834d130ef5ed5e05,25430,,10-planning-b4,issue102_observer_semantic_order,,MEASURED_OBSERVER,issue102_full_prompt,accepted,checksum-verified member within frozen authority,,
#102/issue102-cross-prompt-v1,host/stage-b-observer/run-010-10-planning-b4/result.json,f5d051688b02df839e0cea6dfc1fad591f6f2dbf60b17994f687e5340aaa8a5c,99591561,,10-planning-b4,issue102_observer_semantic_order,,MEASURED_OBSERVER,issue102_full_prompt,accepted,checksum-verified member within frozen authority,,
#102/issue102-cross-prompt-v1,host/stage-b-observer/run-010-10-planning-b4/stderr.log,08d85235c87ca327f337bf2a23a5250e06e2ae94ced24b687fbb05344f317a7f,67,,10-planning-b4,issue102_observer_semantic_order,,MEASURED_OBSERVER,issue102_full_prompt,accepted,checksum-verified member within frozen authority,,
#102/issue102-cross-prompt-v1,host/stage-b-observer/run-010-10-planning-b4/stdout.log,d5b8291425b79f0ae683845fbd4940a5d30371c12b7cdccb8da6b849422c7db4,55467981,,10-planning-b4,issue102_observer_semantic_order,,MEASURED_OBSERVER,issue102_full_prompt,accepted,checksum-verified member within frozen authority,,
#102/issue102-cross-prompt-v1,host/stage-b-observer/run-011-11-instructions-b1/envelope.json,e613f10335da6ce94f1c11a972ed429d801769e32d99ee63ea5e7b318043779e,25421,,11-instructions-b1,issue102_observer_semantic_order,,MEASURED_OBSERVER,issue102_full_prompt,accepted,checksum-verified member within frozen authority,,
#102/issue102-cross-prompt-v1,host/stage-b-observer/run-011-11-instructions-b1/result.json,e3de04b44f994fc3e9a95ccd8e25423ee5c1075246d0a88e85590650e9bc31b7,74527065,,11-instructions-b1,issue102_observer_semantic_order,,MEASURED_OBSERVER,issue102_full_prompt,accepted,checksum-verified member within frozen authority,,
#102/issue102-cross-prompt-v1,host/stage-b-observer/run-011-11-instructions-b1/stderr.log,08d85235c87ca327f337bf2a23a5250e06e2ae94ced24b687fbb05344f317a7f,67,,11-instructions-b1,issue102_observer_semantic_order,,MEASURED_OBSERVER,issue102_full_prompt,accepted,checksum-verified member within frozen authority,,
#102/issue102-cross-prompt-v1,host/stage-b-observer/run-011-11-instructions-b1/stdout.log,4d67ea2ce1bfd04acba326d7c079d467f7f9b9f71900633e2ede7ba97b33f7a6,41504757,,11-instructions-b1,issue102_observer_semantic_order,,MEASURED_OBSERVER,issue102_full_prompt,accepted,checksum-verified member within frozen authority,,
#102/issue102-cross-prompt-v1,host/stage-b-observer/run-012-12-compare-b1/envelope.json,bab994d964074d3e63aac9e209cc5dc3c3483104f26a4d5c572bfebff7c0f4e1,25401,,12-compare-b1,issue102_observer_semantic_order,,MEASURED_OBSERVER,issue102_full_prompt,accepted,checksum-verified member within frozen authority,,
#102/issue102-cross-prompt-v1,host/stage-b-observer/run-012-12-compare-b1/result.json,32effda4c65deaf8ae315eaf94b1ec42294f6a61851227a336abcccd604e1b2d,71978999,,12-compare-b1,issue102_observer_semantic_order,,MEASURED_OBSERVER,issue102_full_prompt,accepted,checksum-verified member within frozen authority,,
#102/issue102-cross-prompt-v1,host/stage-b-observer/run-012-12-compare-b1/stderr.log,08d85235c87ca327f337bf2a23a5250e06e2ae94ced24b687fbb05344f317a7f,67,,12-compare-b1,issue102_observer_semantic_order,,MEASURED_OBSERVER,issue102_full_prompt,accepted,checksum-verified member within frozen authority,,
#102/issue102-cross-prompt-v1,host/stage-b-observer/run-012-12-compare-b1/stdout.log,4c9ff546e536f4ca061c3a7b7769eb83422293963a1bf1b05c3feb1066456386,40095283,,12-compare-b1,issue102_observer_semantic_order,,MEASURED_OBSERVER,issue102_full_prompt,accepted,checksum-verified member within frozen authority,,
#102/issue102-cross-prompt-v1,host/stage-b-observer/run-013-13-creative-b3/envelope.json,947725a90e893f20289b58a28f698872ba3015cf29466a9fc42be2249e96437d,25419,,13-creative-b3,issue102_observer_semantic_order,,MEASURED_OBSERVER,issue102_full_prompt,accepted,checksum-verified member within frozen authority,,
#102/issue102-cross-prompt-v1,host/stage-b-observer/run-013-13-creative-b3/result.json,00ae2fdfb09568af8d0fc0b1ebd4484029075c185e2fca04602dcb11637dfe1b,91543822,,13-creative-b3,issue102_observer_semantic_order,,MEASURED_OBSERVER,issue102_full_prompt,accepted,checksum-verified member within frozen authority,,
#102/issue102-cross-prompt-v1,host/stage-b-observer/run-013-13-creative-b3/stderr.log,08d85235c87ca327f337bf2a23a5250e06e2ae94ced24b687fbb05344f317a7f,67,,13-creative-b3,issue102_observer_semantic_order,,MEASURED_OBSERVER,issue102_full_prompt,accepted,checksum-verified member within frozen authority,,
#102/issue102-cross-prompt-v1,host/stage-b-observer/run-013-13-creative-b3/stdout.log,6038e3535fae72365e1c77f67ac5f2af736471955d67865159257923b3959ec0,50978342,,13-creative-b3,issue102_observer_semantic_order,,MEASURED_OBSERVER,issue102_full_prompt,accepted,checksum-verified member within frozen authority,,
#102/issue102-cross-prompt-v1,host/stage-b-observer/run-014-14-qa-b2/envelope.json,2f8d3fb5145927087277cc31b2257b8d9f4fc9716ad68828c251538d71999d0e,25406,,14-qa-b2,issue102_observer_semantic_order,,MEASURED_OBSERVER,issue102_full_prompt,accepted,checksum-verified member within frozen authority,,
#102/issue102-cross-prompt-v1,host/stage-b-observer/run-014-14-qa-b2/result.json,c66e4e6a6bf734331b1490f9ea2cacf0eb309883c904dd0edc0de4a1f9bedef7,81922025,,14-qa-b2,issue102_observer_semantic_order,,MEASURED_OBSERVER,issue102_full_prompt,accepted,checksum-verified member within frozen authority,,
#102/issue102-cross-prompt-v1,host/stage-b-observer/run-014-14-qa-b2/stderr.log,08d85235c87ca327f337bf2a23a5250e06e2ae94ced24b687fbb05344f317a7f,67,,14-qa-b2,issue102_observer_semantic_order,,MEASURED_OBSERVER,issue102_full_prompt,accepted,checksum-verified member within frozen authority,,
#102/issue102-cross-prompt-v1,host/stage-b-observer/run-014-14-qa-b2/stdout.log,5738fc2330c0818f43b887c27e9e5dc4c9324acfaa5c0d222c27bdb6392cb8de,45626265,,14-qa-b2,issue102_observer_semantic_order,,MEASURED_OBSERVER,issue102_full_prompt,accepted,checksum-verified member within frozen authority,,
#102/issue102-cross-prompt-v1,host/stage-b-observer/run-015-15-spanish-b2/envelope.json,b02ac837eedc3953ebc20191dd03c37f74912198eda31810ac5c4c14578e65b9,25429,,15-spanish-b2,issue102_observer_semantic_order,,MEASURED_OBSERVER,issue102_full_prompt,accepted,checksum-verified member within frozen authority,,
#102/issue102-cross-prompt-v1,host/stage-b-observer/run-015-15-spanish-b2/result.json,21e23108a07ad69f63b35b73bded71cc0c146202b85af1117ff8f2956582759c,109209043,,15-spanish-b2,issue102_observer_semantic_order,,MEASURED_OBSERVER,issue102_full_prompt,accepted,checksum-verified member within frozen authority,,
#102/issue102-cross-prompt-v1,host/stage-b-observer/run-015-15-spanish-b2/stderr.log,08d85235c87ca327f337bf2a23a5250e06e2ae94ced24b687fbb05344f317a7f,67,,15-spanish-b2,issue102_observer_semantic_order,,MEASURED_OBSERVER,issue102_full_prompt,accepted,checksum-verified member within frozen authority,,
#102/issue102-cross-prompt-v1,host/stage-b-observer/run-015-15-spanish-b2/stdout.log,838e908aa82832c9f056cd01124d313c4913464db1272ee74875f316ac81210a,60815743,,15-spanish-b2,issue102_observer_semantic_order,,MEASURED_OBSERVER,issue102_full_prompt,accepted,checksum-verified member within frozen authority,,
#102/issue102-cross-prompt-v1,host/stage-b-observer/run-016-16-multi-b2/envelope.json,60b176047280b3c2083f32b1e0901dc972b9c757f278308ecaf9f444e733c82e,25415,,16-multi-b2,issue102_observer_semantic_order,,MEASURED_OBSERVER,issue102_full_prompt,accepted,checksum-verified member within frozen authority,,
#102/issue102-cross-prompt-v1,host/stage-b-observer/run-016-16-multi-b2/result.json,1c67745a4f933322d5698b09e61b0c133a99ea9214149400206fe2e0c3e004ef,90259978,,16-multi-b2,issue102_observer_semantic_order,,MEASURED_OBSERVER,issue102_full_prompt,accepted,checksum-verified member within frozen authority,,
#102/issue102-cross-prompt-v1,host/stage-b-observer/run-016-16-multi-b2/stderr.log,08d85235c87ca327f337bf2a23a5250e06e2ae94ced24b687fbb05344f317a7f,67,,16-multi-b2,issue102_observer_semantic_order,,MEASURED_OBSERVER,issue102_full_prompt,accepted,checksum-verified member within frozen authority,,
#102/issue102-cross-prompt-v1,host/stage-b-observer/run-016-16-multi-b2/stdout.log,9b339ca3fb7b48db4e3b890fdff546c8b62d9f58be200cb78c59d3ac45d4b242,50263794,,16-multi-b2,issue102_observer_semantic_order,,MEASURED_OBSERVER,issue102_full_prompt,accepted,checksum-verified member within frozen authority,,
#102/issue102-cross-prompt-v1,host/stage-b-observer/run-017-01-math-b8/envelope.json,445619528bc08d80588a8e4cc5f6dd805baf5ed2ca8edabda53c892c2c1e5c54,25431,,01-math-b8,issue102_observer_semantic_order,,MEASURED_OBSERVER,issue102_full_prompt,accepted,checksum-verified member within frozen authority,,
#102/issue102-cross-prompt-v1,host/stage-b-observer/run-017-01-math-b8/result.json,5446636d4a2659d92e71f1d319bf7701196a4e31553247857eaa54bb5b4ab064,150024455,,01-math-b8,issue102_observer_semantic_order,,MEASURED_OBSERVER,issue102_full_prompt,accepted,checksum-verified member within frozen authority,,
#102/issue102-cross-prompt-v1,host/stage-b-observer/run-017-01-math-b8/stderr.log,08d85235c87ca327f337bf2a23a5250e06e2ae94ced24b687fbb05344f317a7f,67,,01-math-b8,issue102_observer_semantic_order,,MEASURED_OBSERVER,issue102_full_prompt,accepted,checksum-verified member within frozen authority,,
#102/issue102-cross-prompt-v1,host/stage-b-observer/run-017-01-math-b8/stdout.log,a1239d2f1b885ca90f6b8e4770776fcfd96c1738f9914b37ff2009dcd3f152cc,83556007,,01-math-b8,issue102_observer_semantic_order,,MEASURED_OBSERVER,issue102_full_prompt,accepted,checksum-verified member within frozen authority,,
#102/issue102-cross-prompt-v1,host/stage-b-observer/run-018-02-formal-b1/envelope.json,b736a71d99ae370e827c3cca5e966a9a911c982fbc22ab121edfe4643cb6334d,25437,,02-formal-b1,issue102_observer_semantic_order,,MEASURED_OBSERVER,issue102_full_prompt,accepted,checksum-verified member within frozen authority,,
#102/issue102-cross-prompt-v1,host/stage-b-observer/run-018-02-formal-b1/result.json,860bdf5e13fbab90294309b9652b3240b2c40217c72f6a8e84be6fcec61d5261,79687289,,02-formal-b1,issue102_observer_semantic_order,,MEASURED_OBSERVER,issue102_full_prompt,accepted,checksum-verified member within frozen authority,,
#102/issue102-cross-prompt-v1,host/stage-b-observer/run-018-02-formal-b1/stderr.log,08d85235c87ca327f337bf2a23a5250e06e2ae94ced24b687fbb05344f317a7f,67,,02-formal-b1,issue102_observer_semantic_order,,MEASURED_OBSERVER,issue102_full_prompt,accepted,checksum-verified member within frozen authority,,
#102/issue102-cross-prompt-v1,host/stage-b-observer/run-018-02-formal-b1/stdout.log,762447991df7947f61af01b571b3f2d0b0e639f0e8668579c55521a89d714609,44387797,,02-formal-b1,issue102_observer_semantic_order,,MEASURED_OBSERVER,issue102_full_prompt,accepted,checksum-verified member within frozen authority,,
#102/issue102-cross-prompt-v1,host/stage-b-observer/run-019-02-formal-b8/envelope.json,98b5148573bd503efdb006c064bba436c78c073bdd94c4929b620725952f6d9e,25441,,02-formal-b8,issue102_observer_semantic_order,,MEASURED_OBSERVER,issue102_full_prompt,accepted,checksum-verified member within frozen authority,,
#102/issue102-cross-prompt-v1,host/stage-b-observer/run-019-02-formal-b8/result.json,9b7bdd806e6013ffa2ce2a19cb29145226c29953a545d110cab39be50de1eafc,140717593,,02-formal-b8,issue102_observer_semantic_order,,MEASURED_OBSERVER,issue102_full_prompt,accepted,checksum-verified member within frozen authority,,
#102/issue102-cross-prompt-v1,host/stage-b-observer/run-019-02-formal-b8/stderr.log,08d85235c87ca327f337bf2a23a5250e06e2ae94ced24b687fbb05344f317a7f,67,,02-formal-b8,issue102_observer_semantic_order,,MEASURED_OBSERVER,issue102_full_prompt,accepted,checksum-verified member within frozen authority,,
#102/issue102-cross-prompt-v1,host/stage-b-observer/run-019-02-formal-b8/stdout.log,015e80841af12e9728a767eb72a8b76d9f78faff74c6681ad0080ec4c1bdca2d,78376541,,02-formal-b8,issue102_observer_semantic_order,,MEASURED_OBSERVER,issue102_full_prompt,accepted,checksum-verified member within frozen authority,,
#102/issue102-cross-prompt-v1,host/stage-b-observer/run-020-03-science-b1/envelope.json,a311a6201848636b8e3e603902271d7480d74f6820c9da62d3bdc3ea66f98829,25447,,03-science-b1,issue102_observer_semantic_order,,MEASURED_OBSERVER,issue102_full_prompt,accepted,checksum-verified member within frozen authority,,
#102/issue102-cross-prompt-v1,host/stage-b-observer/run-020-03-science-b1/result.json,90964851b35daac6a17715d0c0c6e742ddd80cd020165d78f24ed0499b070fd9,70052884,,03-science-b1,issue102_observer_semantic_order,,MEASURED_OBSERVER,issue102_full_prompt,accepted,checksum-verified member within frozen authority,,
#102/issue102-cross-prompt-v1,host/stage-b-observer/run-020-03-science-b1/stderr.log,08d85235c87ca327f337bf2a23a5250e06e2ae94ced24b687fbb05344f317a7f,67,,03-science-b1,issue102_observer_semantic_order,,MEASURED_OBSERVER,issue102_full_prompt,accepted,checksum-verified member within frozen authority,,
#102/issue102-cross-prompt-v1,host/stage-b-observer/run-020-03-science-b1/stdout.log,a895b1bb2113dcce242274b4614dd2c30b4290e2d9ab9804140954091671327f,39023112,,03-science-b1,issue102_observer_semantic_order,,MEASURED_OBSERVER,issue102_full_prompt,accepted,checksum-verified member within frozen authority,,
#102/issue102-cross-prompt-v1,host/stage-b-observer/run-021-03-science-b8/envelope.json,8b68d8adc94d09068a87a1621a0cd6bd21a616b24ebb40d7411eacec1abfec66,25444,,03-science-b8,issue102_observer_semantic_order,,MEASURED_OBSERVER,issue102_full_prompt,accepted,checksum-verified member within frozen authority,,
#102/issue102-cross-prompt-v1,host/stage-b-observer/run-021-03-science-b8/result.json,11a7b36b929b39cb303584442b28124566d18ee5d02144c1df527db330b9d4ed,141058368,,03-science-b8,issue102_observer_semantic_order,,MEASURED_OBSERVER,issue102_full_prompt,accepted,checksum-verified member within frozen authority,,
#102/issue102-cross-prompt-v1,host/stage-b-observer/run-021-03-science-b8/stderr.log,08d85235c87ca327f337bf2a23a5250e06e2ae94ced24b687fbb05344f317a7f,67,,03-science-b8,issue102_observer_semantic_order,,MEASURED_OBSERVER,issue102_full_prompt,accepted,checksum-verified member within frozen authority,,
#102/issue102-cross-prompt-v1,host/stage-b-observer/run-021-03-science-b8/stdout.log,1392ce72148f1814cdeb0f0c49e2edec117ec63300ec86a57fab4873f43922a2,78574992,,03-science-b8,issue102_observer_semantic_order,,MEASURED_OBSERVER,issue102_full_prompt,accepted,checksum-verified member within frozen authority,,
#102/issue102-cross-prompt-v1,host/stage-b-observer/run-022-04-factual-b1/envelope.json,7ecff36d21dad9cdc6c59426e4e75860ed480995c24e47be5029dc6e56521f5a,25445,,04-factual-b1,issue102_observer_semantic_order,,MEASURED_OBSERVER,issue102_full_prompt,accepted,checksum-verified member within frozen authority,,
#102/issue102-cross-prompt-v1,host/stage-b-observer/run-022-04-factual-b1/result.json,0e04919aec7143dac60c510951e8211b6d8bc7f18e0f516439a7b3094bfa5dd5,73586871,,04-factual-b1,issue102_observer_semantic_order,,MEASURED_OBSERVER,issue102_full_prompt,accepted,checksum-verified member within frozen authority,,
#102/issue102-cross-prompt-v1,host/stage-b-observer/run-022-04-factual-b1/stderr.log,08d85235c87ca327f337bf2a23a5250e06e2ae94ced24b687fbb05344f317a7f,67,,04-factual-b1,issue102_observer_semantic_order,,MEASURED_OBSERVER,issue102_full_prompt,accepted,checksum-verified member within frozen authority,,
#102/issue102-cross-prompt-v1,host/stage-b-observer/run-022-04-factual-b1/stdout.log,d4faee20f3dc6286b30222fd4aed57ed947a48fc76d3e56855df6816afe988c1,40991535,,04-factual-b1,issue102_observer_semantic_order,,MEASURED_OBSERVER,issue102_full_prompt,accepted,checksum-verified member within frozen authority,,
#102/issue102-cross-prompt-v1,host/stage-b-observer/run-023-04-factual-b8/envelope.json,9d16ea4ff618783da8b2b2b2ca11fc7e8ca8bb178ae5ac6c6d36ee3a0a54642e,25452,,04-factual-b8,issue102_observer_semantic_order,,MEASURED_OBSERVER,issue102_full_prompt,accepted,checksum-verified member within frozen authority,,
#102/issue102-cross-prompt-v1,host/stage-b-observer/run-023-04-factual-b8/result.json,8da137779e43af3b0c45d708b602a46242f00272d8783ef7d1458dd028a2eb73,144573769,,04-factual-b8,issue102_observer_semantic_order,,MEASURED_OBSERVER,issue102_full_prompt,accepted,checksum-verified member within frozen authority,,
#102/issue102-cross-prompt-v1,host/stage-b-observer/run-023-04-factual-b8/stderr.log,08d85235c87ca327f337bf2a23a5250e06e2ae94ced24b687fbb05344f317a7f,67,,04-factual-b8,issue102_observer_semantic_order,,MEASURED_OBSERVER,issue102_full_prompt,accepted,checksum-verified member within frozen authority,,
#102/issue102-cross-prompt-v1,host/stage-b-observer/run-023-04-factual-b8/stdout.log,866113954bb3ba7c5607e1024a08e271a8b89f2483206c09129b2bc7b2dd5064,80524829,,04-factual-b8,issue102_observer_semantic_order,,MEASURED_OBSERVER,issue102_full_prompt,accepted,checksum-verified member within frozen authority,,
#102/issue102-cross-prompt-v1,host/stage-b-observer/run-024-05-codegen-b1/envelope.json,8f910c78eacda568e839897424a7d734da6940047a3c45cc0ab6e4a4e6bb0c37,25442,,05-codegen-b1,issue102_observer_semantic_order,,MEASURED_OBSERVER,issue102_full_prompt,accepted,checksum-verified member within frozen authority,,
#102/issue102-cross-prompt-v1,host/stage-b-observer/run-024-05-codegen-b1/result.json,6c6f55624e99334f228a2934fbc75ff9fd5f892579f10295a373f073e0273d2c,74546344,,05-codegen-b1,issue102_observer_semantic_order,,MEASURED_OBSERVER,issue102_full_prompt,accepted,checksum-verified member within frozen authority,,
#102/issue102-cross-prompt-v1,host/stage-b-observer/run-024-05-codegen-b1/stderr.log,08d85235c87ca327f337bf2a23a5250e06e2ae94ced24b687fbb05344f317a7f,67,,05-codegen-b1,issue102_observer_semantic_order,,MEASURED_OBSERVER,issue102_full_prompt,accepted,checksum-verified member within frozen authority,,
#102/issue102-cross-prompt-v1,host/stage-b-observer/run-024-05-codegen-b1/stdout.log,02a6dbeaf6ea85735656213ea87a827c399de85baf109d7b1bfb3bb5c9f3b6b2,41524036,,05-codegen-b1,issue102_observer_semantic_order,,MEASURED_OBSERVER,issue102_full_prompt,accepted,checksum-verified member within frozen authority,,
#102/issue102-cross-prompt-v1,host/stage-b-observer/run-025-05-codegen-b8/envelope.json,8f977a3cbe1345d82cdaabc07ab5fbb56a389454b4441d58dd0143507279d65f,25451,,05-codegen-b8,issue102_observer_semantic_order,,MEASURED_OBSERVER,issue102_full_prompt,accepted,checksum-verified member within frozen authority,,
#102/issue102-cross-prompt-v1,host/stage-b-observer/run-025-05-codegen-b8/result.json,6d340743af8075222c0e12684b4403723d5bbb494cf56450da83f62b1ae1854c,146491760,,05-codegen-b8,issue102_observer_semantic_order,,MEASURED_OBSERVER,issue102_full_prompt,accepted,checksum-verified member within frozen authority,,
#102/issue102-cross-prompt-v1,host/stage-b-observer/run-025-05-codegen-b8/stderr.log,08d85235c87ca327f337bf2a23a5250e06e2ae94ced24b687fbb05344f317a7f,67,,05-codegen-b8,issue102_observer_semantic_order,,MEASURED_OBSERVER,issue102_full_prompt,accepted,checksum-verified member within frozen authority,,
#102/issue102-cross-prompt-v1,host/stage-b-observer/run-025-05-codegen-b8/stdout.log,651a59de491013fc03c76ef77d7ff3b2a16db3daf4050e510e8ce3b0a7927c50,81588876,,05-codegen-b8,issue102_observer_semantic_order,,MEASURED_OBSERVER,issue102_full_prompt,accepted,checksum-verified member within frozen authority,,
#102/issue102-cross-prompt-v1,host/stage-b-observer/run-026-06-debug-b1/envelope.json,c68fde51ba9c728bfde5a2b9170f0758808321fc4f241fae7c88ee754491dc8e,25445,,06-debug-b1,issue102_observer_semantic_order,,MEASURED_OBSERVER,issue102_full_prompt,accepted,checksum-verified member within frozen authority,,
#102/issue102-cross-prompt-v1,host/stage-b-observer/run-026-06-debug-b1/result.json,91d086139252d7555304b75faf04e624b1d873be0d379679bde30fceccc3b521,73582928,,06-debug-b1,issue102_observer_semantic_order,,MEASURED_OBSERVER,issue102_full_prompt,accepted,checksum-verified member within frozen authority,,
#102/issue102-cross-prompt-v1,host/stage-b-observer/run-026-06-debug-b1/stderr.log,08d85235c87ca327f337bf2a23a5250e06e2ae94ced24b687fbb05344f317a7f,67,,06-debug-b1,issue102_observer_semantic_order,,MEASURED_OBSERVER,issue102_full_prompt,accepted,checksum-verified member within frozen authority,,
#102/issue102-cross-prompt-v1,host/stage-b-observer/run-026-06-debug-b1/stdout.log,f034fd1d554d3f7df1bc169046226859b0d73f658f66c1e80f308ab61d0ab8ca,40987592,,06-debug-b1,issue102_observer_semantic_order,,MEASURED_OBSERVER,issue102_full_prompt,accepted,checksum-verified member within frozen authority,,
#102/issue102-cross-prompt-v1,host/stage-b-observer/run-027-06-debug-b8/envelope.json,c3f55d8011f89210b5258fbf92418170a8c0bf2580590c0f75d3931bde9f08cf,25443,,06-debug-b8,issue102_observer_semantic_order,,MEASURED_OBSERVER,issue102_full_prompt,accepted,checksum-verified member within frozen authority,,
#102/issue102-cross-prompt-v1,host/stage-b-observer/run-027-06-debug-b8/result.json,82e9e16c2c76c7ccbe57ef73083b9a0122a506b03289db1c78525afaed3c8d15,141353283,,06-debug-b8,issue102_observer_semantic_order,,MEASURED_OBSERVER,issue102_full_prompt,accepted,checksum-verified member within frozen authority,,
#102/issue102-cross-prompt-v1,host/stage-b-observer/run-027-06-debug-b8/stderr.log,08d85235c87ca327f337bf2a23a5250e06e2ae94ced24b687fbb05344f317a7f,67,,06-debug-b8,issue102_observer_semantic_order,,MEASURED_OBSERVER,issue102_full_prompt,accepted,checksum-verified member within frozen authority,,
#102/issue102-cross-prompt-v1,host/stage-b-observer/run-027-06-debug-b8/stdout.log,88f89c1d1641bbeaf64a60cecd13eb330594a2f4c129c24666be1fc4b659a27c,78727583,,06-debug-b8,issue102_observer_semantic_order,,MEASURED_OBSERVER,issue102_full_prompt,accepted,checksum-verified member within frozen authority,,
#102/issue102-cross-prompt-v1,host/stage-b-observer/run-028-07-algorithms-b1/envelope.json,7545bcba869a2fba6ad2029c9a1fe392c974f5b85b2151fdd16932c6aba52098,25447,,07-algorithms-b1,issue102_observer_semantic_order,,MEASURED_OBSERVER,issue102_full_prompt,accepted,checksum-verified member within frozen authority,,
#102/issue102-cross-prompt-v1,host/stage-b-observer/run-028-07-algorithms-b1/result.json,00974cfe319a79901de6322aeea32ce0205e2a84e1a783ab767c9171b2af400f,76820252,,07-algorithms-b1,issue102_observer_semantic_order,,MEASURED_OBSERVER,issue102_full_prompt,accepted,checksum-verified member within frozen authority,,
#102/issue102-cross-prompt-v1,host/stage-b-observer/run-028-07-algorithms-b1/stderr.log,08d85235c87ca327f337bf2a23a5250e06e2ae94ced24b687fbb05344f317a7f,67,,07-algorithms-b1,issue102_observer_semantic_order,,MEASURED_OBSERVER,issue102_full_prompt,accepted,checksum-verified member within frozen authority,,
#102/issue102-cross-prompt-v1,host/stage-b-observer/run-028-07-algorithms-b1/stdout.log,d6a2d2e19745d58f737c9ec18d0b549a9c6a68751bef04125b36933a16c9bddf,42801676,,07-algorithms-b1,issue102_observer_semantic_order,,MEASURED_OBSERVER,issue102_full_prompt,accepted,checksum-verified member within frozen authority,,
#102/issue102-cross-prompt-v1,host/stage-b-observer/run-029-07-algorithms-b8/envelope.json,c05fe64c5e2cd39c1d6795542baa7786842e7e2e202332f5cc503175981f32ee,25465,,07-algorithms-b8,issue102_observer_semantic_order,,MEASURED_OBSERVER,issue102_full_prompt,accepted,checksum-verified member within frozen authority,,
#102/issue102-cross-prompt-v1,host/stage-b-observer/run-029-07-algorithms-b8/result.json,25f282940d91c9adcefccf1c86955ce69bbdd033b49fb0460285791af70b4230,151657402,,07-algorithms-b8,issue102_observer_semantic_order,,MEASURED_OBSERVER,issue102_full_prompt,accepted,checksum-verified member within frozen authority,,
#102/issue102-cross-prompt-v1,host/stage-b-observer/run-029-07-algorithms-b8/stderr.log,08d85235c87ca327f337bf2a23a5250e06e2ae94ced24b687fbb05344f317a7f,67,,07-algorithms-b8,issue102_observer_semantic_order,,MEASURED_OBSERVER,issue102_full_prompt,accepted,checksum-verified member within frozen authority,,
#102/issue102-cross-prompt-v1,host/stage-b-observer/run-029-07-algorithms-b8/stdout.log,0b4414baa7c88c65763dd9f4a7ece77cead85780c1dd2fa1ab3e564c27cbd498,84477334,,07-algorithms-b8,issue102_observer_semantic_order,,MEASURED_OBSERVER,issue102_full_prompt,accepted,checksum-verified member within frozen authority,,
#102/issue102-cross-prompt-v1,host/stage-b-observer/run-030-08-summary-b1/envelope.json,c511353f080dc65eef590633e6ce051fe93fb923c61e03b9d891efeca170bff3,25444,,08-summary-b1,issue102_observer_semantic_order,,MEASURED_OBSERVER,issue102_full_prompt,accepted,checksum-verified member within frozen authority,,
#102/issue102-cross-prompt-v1,host/stage-b-observer/run-030-08-summary-b1/result.json,b7295fb206b42ad866364290f41bf03b43cea52caf7aaf218884127863fe8f66,77420952,,08-summary-b1,issue102_observer_semantic_order,,MEASURED_OBSERVER,issue102_full_prompt,accepted,checksum-verified member within frozen authority,,
#102/issue102-cross-prompt-v1,host/stage-b-observer/run-030-08-summary-b1/stderr.log,08d85235c87ca327f337bf2a23a5250e06e2ae94ced24b687fbb05344f317a7f,67,,08-summary-b1,issue102_observer_semantic_order,,MEASURED_OBSERVER,issue102_full_prompt,accepted,checksum-verified member within frozen authority,,
#102/issue102-cross-prompt-v1,host/stage-b-observer/run-030-08-summary-b1/stdout.log,92c459138a1b470910776aae8e650dcd081e287b407ba610dc65ba94321f0ddf,43117728,,08-summary-b1,issue102_observer_semantic_order,,MEASURED_OBSERVER,issue102_full_prompt,accepted,checksum-verified member within frozen authority,,
#102/issue102-cross-prompt-v1,host/stage-b-observer/run-031-08-summary-b8/envelope.json,ac5f5d30eb16a21dae6ef3d61a032175faa9e42a9107b9a52d7887a8c29da43c,25464,,08-summary-b8,issue102_observer_semantic_order,,MEASURED_OBSERVER,issue102_full_prompt,accepted,checksum-verified member within frozen authority,,
#102/issue102-cross-prompt-v1,host/stage-b-observer/run-031-08-summary-b8/result.json,7a59040b254ea460befc42720456d2afcf99af75bccb20eaa8e1e219a22e8ac0,152886778,,08-summary-b8,issue102_observer_semantic_order,,MEASURED_OBSERVER,issue102_full_prompt,accepted,checksum-verified member within frozen authority,,
#102/issue102-cross-prompt-v1,host/stage-b-observer/run-031-08-summary-b8/stderr.log,08d85235c87ca327f337bf2a23a5250e06e2ae94ced24b687fbb05344f317a7f,67,,08-summary-b8,issue102_observer_semantic_order,,MEASURED_OBSERVER,issue102_full_prompt,accepted,checksum-verified member within frozen authority,,
#102/issue102-cross-prompt-v1,host/stage-b-observer/run-031-08-summary-b8/stdout.log,48f396870e2a37010bd09243d40b8f6ef2f5ec3cbb5a6744b1960d19a2fbef4b,85137414,,08-summary-b8,issue102_observer_semantic_order,,MEASURED_OBSERVER,issue102_full_prompt,accepted,checksum-verified member within frozen authority,,
#102/issue102-cross-prompt-v1,host/stage-b-observer/run-032-09-extract-b1/envelope.json,2c3f4bf995e3733349c9fe347db96c4e1d10e719cbcf1338e48104f090242842,25440,,09-extract-b1,issue102_observer_semantic_order,,MEASURED_OBSERVER,issue102_full_prompt,accepted,checksum-verified member within frozen authority,,
#102/issue102-cross-prompt-v1,host/stage-b-observer/run-032-09-extract-b1/result.json,4afd133672f4efd1f4f9c594529ae0826a6590359a5994efc77c1d1bad8d77d5,79350260,,09-extract-b1,issue102_observer_semantic_order,,MEASURED_OBSERVER,issue102_full_prompt,accepted,checksum-verified member within frozen authority,,
#102/issue102-cross-prompt-v1,host/stage-b-observer/run-032-09-extract-b1/stderr.log,08d85235c87ca327f337bf2a23a5250e06e2ae94ced24b687fbb05344f317a7f,67,,09-extract-b1,issue102_observer_semantic_order,,MEASURED_OBSERVER,issue102_full_prompt,accepted,checksum-verified member within frozen authority,,
#102/issue102-cross-prompt-v1,host/stage-b-observer/run-032-09-extract-b1/stdout.log,6fe22687e7efa83871f3b3c6db0a3be192e312cabbc296e4e2ab796252714624,44193092,,09-extract-b1,issue102_observer_semantic_order,,MEASURED_OBSERVER,issue102_full_prompt,accepted,checksum-verified member within frozen authority,,
#102/issue102-cross-prompt-v1,host/stage-b-observer/run-033-10-planning-b1/envelope.json,46385ba4ded9e8b03231f9f0353b8bf8c4c51071db6eab9880fea939af4615db,25447,,10-planning-b1,issue102_observer_semantic_order,,MEASURED_OBSERVER,issue102_full_prompt,accepted,checksum-verified member within frozen authority,,
#102/issue102-cross-prompt-v1,host/stage-b-observer/run-033-10-planning-b1/result.json,ad568faaca11d2aa71df2c1acbf527903d99018816d59130844e95fc29c30629,75814507,,10-planning-b1,issue102_observer_semantic_order,,MEASURED_OBSERVER,issue102_full_prompt,accepted,checksum-verified member within frozen authority,,
#102/issue102-cross-prompt-v1,host/stage-b-observer/run-033-10-planning-b1/stderr.log,08d85235c87ca327f337bf2a23a5250e06e2ae94ced24b687fbb05344f317a7f,67,,10-planning-b1,issue102_observer_semantic_order,,MEASURED_OBSERVER,issue102_full_prompt,accepted,checksum-verified member within frozen authority,,
#102/issue102-cross-prompt-v1,host/stage-b-observer/run-033-10-planning-b1/stdout.log,3c8b7744e385f6101a38bb4c1b3361ccc82deb78caf93a4867af624f5279a318,42222903,,10-planning-b1,issue102_observer_semantic_order,,MEASURED_OBSERVER,issue102_full_prompt,accepted,checksum-verified member within frozen authority,,
#102/issue102-cross-prompt-v1,host/stage-b-observer/run-034-10-planning-b8/envelope.json,5cc0cd3d06430676de5443fe772efe50a10a1d5af2e7f515a3e96758b6f6ff4c,25454,,10-planning-b8,issue102_observer_semantic_order,,MEASURED_OBSERVER,issue102_full_prompt,accepted,checksum-verified member within frozen authority,,
#102/issue102-cross-prompt-v1,host/stage-b-observer/run-034-10-planning-b8/result.json,e2d06dc826f6bbb3d455fe149870ab88628a348e5d01cea1220b32f7f4067658,147442693,,10-planning-b8,issue102_observer_semantic_order,,MEASURED_OBSERVER,issue102_full_prompt,accepted,checksum-verified member within frozen authority,,
#102/issue102-cross-prompt-v1,host/stage-b-observer/run-034-10-planning-b8/stderr.log,08d85235c87ca327f337bf2a23a5250e06e2ae94ced24b687fbb05344f317a7f,67,,10-planning-b8,issue102_observer_semantic_order,,MEASURED_OBSERVER,issue102_full_prompt,accepted,checksum-verified member within frozen authority,,
#102/issue102-cross-prompt-v1,host/stage-b-observer/run-034-10-planning-b8/stdout.log,6d032ef4f1427b02db748b4971efd8acbd75f0077c5f6f1b36a767ccf0ca2fb9,82112837,,10-planning-b8,issue102_observer_semantic_order,,MEASURED_OBSERVER,issue102_full_prompt,accepted,checksum-verified member within frozen authority,,
#102/issue102-cross-prompt-v1,host/stage-b-observer/run-035-11-instructions-b8/envelope.json,fb5f2e3eb9a1731537e47a10c9437fd1a7dd0aeac9e14736401d84281d844be9,25465,,11-instructions-b8,issue102_observer_semantic_order,,MEASURED_OBSERVER,issue102_full_prompt,accepted,checksum-verified member within frozen authority,,
#102/issue102-cross-prompt-v1,host/stage-b-observer/run-035-11-instructions-b8/result.json,e7e912f3f422b0c1c678bbdbec6566c2421bc39f58d717d2bf376af0fae541f5,142607432,,11-instructions-b8,issue102_observer_semantic_order,,MEASURED_OBSERVER,issue102_full_prompt,accepted,checksum-verified member within frozen authority,,
#102/issue102-cross-prompt-v1,host/stage-b-observer/run-035-11-instructions-b8/stderr.log,08d85235c87ca327f337bf2a23a5250e06e2ae94ced24b687fbb05344f317a7f,67,,11-instructions-b8,issue102_observer_semantic_order,,MEASURED_OBSERVER,issue102_full_prompt,accepted,checksum-verified member within frozen authority,,
#102/issue102-cross-prompt-v1,host/stage-b-observer/run-035-11-instructions-b8/stdout.log,4e1ac6245cfe519ce67eec5cc674167748b1f468163d5738883356056e75d0d4,79412436,,11-instructions-b8,issue102_observer_semantic_order,,MEASURED_OBSERVER,issue102_full_prompt,accepted,checksum-verified member within frozen authority,,
#102/issue102-cross-prompt-v1,host/stage-b-observer/run-036-12-compare-b8/envelope.json,9b3b972220b153720583fd1df6e8300fd49e34ca429cb42ccfd9c02786fa1834,25453,,12-compare-b8,issue102_observer_semantic_order,,MEASURED_OBSERVER,issue102_full_prompt,accepted,checksum-verified member within frozen authority,,
#102/issue102-cross-prompt-v1,host/stage-b-observer/run-036-12-compare-b8/result.json,094c24d78ab6f5bdc8d16519ddbe1126c84fa8800f453eb85729884ee1014d92,143272684,,12-compare-b8,issue102_observer_semantic_order,,MEASURED_OBSERVER,issue102_full_prompt,accepted,checksum-verified member within frozen authority,,
#102/issue102-cross-prompt-v1,host/stage-b-observer/run-036-12-compare-b8/stderr.log,08d85235c87ca327f337bf2a23a5250e06e2ae94ced24b687fbb05344f317a7f,67,,12-compare-b8,issue102_observer_semantic_order,,MEASURED_OBSERVER,issue102_full_prompt,accepted,checksum-verified member within frozen authority,,
#102/issue102-cross-prompt-v1,host/stage-b-observer/run-036-12-compare-b8/stdout.log,404a997f45feb0a0e20e50cd48f20505df17aec55f79dd221a1a3b8cf3de2142,79793040,,12-compare-b8,issue102_observer_semantic_order,,MEASURED_OBSERVER,issue102_full_prompt,accepted,checksum-verified member within frozen authority,,
#102/issue102-cross-prompt-v1,host/stage-b-observer/run-037-13-creative-b1/envelope.json,855e15ecebbb8dbf5065d05c18b63eae568582eacbf179b51067ffe85157949f,25448,,13-creative-b1,issue102_observer_semantic_order,,MEASURED_OBSERVER,issue102_full_prompt,accepted,checksum-verified member within frozen authority,,
#102/issue102-cross-prompt-v1,host/stage-b-observer/run-037-13-creative-b1/result.json,b5971b806780f5cb7e64e9bddff0040649cfacf91960d81e4bd7917149534e67,72287869,,13-creative-b1,issue102_observer_semantic_order,,MEASURED_OBSERVER,issue102_full_prompt,accepted,checksum-verified member within frozen authority,,
#102/issue102-cross-prompt-v1,host/stage-b-observer/run-037-13-creative-b1/stderr.log,08d85235c87ca327f337bf2a23a5250e06e2ae94ced24b687fbb05344f317a7f,67,,13-creative-b1,issue102_observer_semantic_order,,MEASURED_OBSERVER,issue102_full_prompt,accepted,checksum-verified member within frozen authority,,
#102/issue102-cross-prompt-v1,host/stage-b-observer/run-037-13-creative-b1/stdout.log,6e818a556b11c6cd6a9206aea9b181c1bb7f7748c92cb0930549524fe6bcc47c,40261829,,13-creative-b1,issue102_observer_semantic_order,,MEASURED_OBSERVER,issue102_full_prompt,accepted,checksum-verified member within frozen authority,,
#102/issue102-cross-prompt-v1,host/stage-b-observer/run-038-13-creative-b8/envelope.json,e511d16b53eebebb9e2ec773db8790db5a58471efc5e379c7f88c79c68c8fcc0,25455,,13-creative-b8,issue102_observer_semantic_order,,MEASURED_OBSERVER,issue102_full_prompt,accepted,checksum-verified member within frozen authority,,
#102/issue102-cross-prompt-v1,host/stage-b-observer/run-038-13-creative-b8/result.json,0ea0489cd436aecf0d1261df1ae834e66149537c91ee4415050ad4bab439446b,142943660,,13-creative-b8,issue102_observer_semantic_order,,MEASURED_OBSERVER,issue102_full_prompt,accepted,checksum-verified member within frozen authority,,
#102/issue102-cross-prompt-v1,host/stage-b-observer/run-038-13-creative-b8/stderr.log,08d85235c87ca327f337bf2a23a5250e06e2ae94ced24b687fbb05344f317a7f,67,,13-creative-b8,issue102_observer_semantic_order,,MEASURED_OBSERVER,issue102_full_prompt,accepted,checksum-verified member within frozen authority,,
#102/issue102-cross-prompt-v1,host/stage-b-observer/run-038-13-creative-b8/stdout.log,897d8fe0288ccc72a0a8699a6131a5fea4f71cc79eadfa96956ab13272327667,79606340,,13-creative-b8,issue102_observer_semantic_order,,MEASURED_OBSERVER,issue102_full_prompt,accepted,checksum-verified member within frozen authority,,
#102/issue102-cross-prompt-v1,host/stage-b-observer/run-039-14-qa-b1/envelope.json,96feb74f07fb37e870465c8ecfd6f1c4306841d79cccb566c84c85331d999e54,25443,,14-qa-b1,issue102_observer_semantic_order,,MEASURED_OBSERVER,issue102_full_prompt,accepted,checksum-verified member within frozen authority,,
#102/issue102-cross-prompt-v1,host/stage-b-observer/run-039-14-qa-b1/result.json,8c28bf5a8c15335ed872e7a1a6882b16c6d4886d474c50699be85dcb05ebfb3c,75496972,,14-qa-b1,issue102_observer_semantic_order,,MEASURED_OBSERVER,issue102_full_prompt,accepted,checksum-verified member within frozen authority,,
#102/issue102-cross-prompt-v1,host/stage-b-observer/run-039-14-qa-b1/stderr.log,08d85235c87ca327f337bf2a23a5250e06e2ae94ced24b687fbb05344f317a7f,67,,14-qa-b1,issue102_observer_semantic_order,,MEASURED_OBSERVER,issue102_full_prompt,accepted,checksum-verified member within frozen authority,,
#102/issue102-cross-prompt-v1,host/stage-b-observer/run-039-14-qa-b1/stdout.log,76d109444805e0dd414b9d317089e6af36d212f9c3324144a4d6154388cceff1,42047692,,14-qa-b1,issue102_observer_semantic_order,,MEASURED_OBSERVER,issue102_full_prompt,accepted,checksum-verified member within frozen authority,,
#102/issue102-cross-prompt-v1,host/stage-b-observer/run-040-14-qa-b8/envelope.json,2ae40494262cd25d0d7deac2405b78da231b85442deb86a8db30892bab25c041,25446,,14-qa-b8,issue102_observer_semantic_order,,MEASURED_OBSERVER,issue102_full_prompt,accepted,checksum-verified member within frozen authority,,
#102/issue102-cross-prompt-v1,host/stage-b-observer/run-040-14-qa-b8/result.json,c9a9cac79f9b628274d5cc993f7cf96057c4042bb0931da50ea2698bc83338c9,144228420,,14-qa-b8,issue102_observer_semantic_order,,MEASURED_OBSERVER,issue102_full_prompt,accepted,checksum-verified member within frozen authority,,
#102/issue102-cross-prompt-v1,host/stage-b-observer/run-040-14-qa-b8/stderr.log,08d85235c87ca327f337bf2a23a5250e06e2ae94ced24b687fbb05344f317a7f,67,,14-qa-b8,issue102_observer_semantic_order,,MEASURED_OBSERVER,issue102_full_prompt,accepted,checksum-verified member within frozen authority,,
#102/issue102-cross-prompt-v1,host/stage-b-observer/run-040-14-qa-b8/stdout.log,7b5dc4481730d73ba80c98efd02d550b088409b332052809472245ea41280627,80321804,,14-qa-b8,issue102_observer_semantic_order,,MEASURED_OBSERVER,issue102_full_prompt,accepted,checksum-verified member within frozen authority,,
#102/issue102-cross-prompt-v1,host/stage-b-observer/run-041-15-spanish-b1/envelope.json,7fe29e8020f0e1ec171d1b90ed0a460edf79a1a6fe4f3286642247853b955cca,25458,,15-spanish-b1,issue102_observer_semantic_order,,MEASURED_OBSERVER,issue102_full_prompt,accepted,checksum-verified member within frozen authority,,
#102/issue102-cross-prompt-v1,host/stage-b-observer/run-041-15-spanish-b1/result.json,660895b18301ca877ec094c5605427e5c132b2d4215167d03ce92048084c0a24,87378089,,15-spanish-b1,issue102_observer_semantic_order,,MEASURED_OBSERVER,issue102_full_prompt,accepted,checksum-verified member within frozen authority,,
#102/issue102-cross-prompt-v1,host/stage-b-observer/run-041-15-spanish-b1/stderr.log,08d85235c87ca327f337bf2a23a5250e06e2ae94ced24b687fbb05344f317a7f,67,,15-spanish-b1,issue102_observer_semantic_order,,MEASURED_OBSERVER,issue102_full_prompt,accepted,checksum-verified member within frozen authority,,
#102/issue102-cross-prompt-v1,host/stage-b-observer/run-041-15-spanish-b1/stdout.log,6638bf8b2919e7439b3c725ab09dd75e6ab49c871c3f59431b500f5828b65207,48662821,,15-spanish-b1,issue102_observer_semantic_order,,MEASURED_OBSERVER,issue102_full_prompt,accepted,checksum-verified member within frozen authority,,
#102/issue102-cross-prompt-v1,host/stage-b-observer/run-042-15-spanish-b8/envelope.json,b195e779f3395950a9105a67b52d0869b6d5c2fbbefbee6b88d576a3094d0a9f,25449,,15-spanish-b8,issue102_observer_semantic_order,,MEASURED_OBSERVER,issue102_full_prompt,accepted,checksum-verified member within frozen authority,,
#102/issue102-cross-prompt-v1,host/stage-b-observer/run-042-15-spanish-b8/result.json,e7609656e3a646118e4e47e8156c77537d545963883bd4b37527eb00cc83b1bc,212941282,,15-spanish-b8,issue102_observer_semantic_order,,MEASURED_OBSERVER,issue102_full_prompt,accepted,checksum-verified member within frozen authority,,
#102/issue102-cross-prompt-v1,host/stage-b-observer/run-042-15-spanish-b8/stderr.log,08d85235c87ca327f337bf2a23a5250e06e2ae94ced24b687fbb05344f317a7f,67,,15-spanish-b8,issue102_observer_semantic_order,,MEASURED_OBSERVER,issue102_full_prompt,accepted,checksum-verified member within frozen authority,,
#102/issue102-cross-prompt-v1,host/stage-b-observer/run-042-15-spanish-b8/stdout.log,1da2b90081ef4a162077558805a79df043ac1f71dfcd9e3aa3a7098456f165f4,118577330,,15-spanish-b8,issue102_observer_semantic_order,,MEASURED_OBSERVER,issue102_full_prompt,accepted,checksum-verified member within frozen authority,,
#102/issue102-cross-prompt-v1,host/stage-b-observer/run-043-16-multi-b1/envelope.json,aff8c723c95ee45fa4e9f6794aa9042142684003b3a956017b415774ec761c32,25437,,16-multi-b1,issue102_observer_semantic_order,,MEASURED_OBSERVER,issue102_full_prompt,accepted,checksum-verified member within frozen authority,,
#102/issue102-cross-prompt-v1,host/stage-b-observer/run-043-16-multi-b1/result.json,12d850801662811e8e418a9c28e50835d53c620ae0a6e11c8acadf36e9d3e431,74851587,,16-multi-b1,issue102_observer_semantic_order,,MEASURED_OBSERVER,issue102_full_prompt,accepted,checksum-verified member within frozen authority,,
#102/issue102-cross-prompt-v1,host/stage-b-observer/run-043-16-multi-b1/stderr.log,08d85235c87ca327f337bf2a23a5250e06e2ae94ced24b687fbb05344f317a7f,67,,16-multi-b1,issue102_observer_semantic_order,,MEASURED_OBSERVER,issue102_full_prompt,accepted,checksum-verified member within frozen authority,,
#102/issue102-cross-prompt-v1,host/stage-b-observer/run-043-16-multi-b1/stdout.log,ddd8b9191d0ab945b11fc116fc77df9200f1a7384e9ec6d09944eb280d557c2a,41686955,,16-multi-b1,issue102_observer_semantic_order,,MEASURED_OBSERVER,issue102_full_prompt,accepted,checksum-verified member within frozen authority,,
#102/issue102-cross-prompt-v1,host/stage-b-observer/run-044-16-multi-b8/envelope.json,edd40a9fd2dce8924e735e7bd787d7e2477e86903b48607d91c91c562f026d2d,25462,,16-multi-b8,issue102_observer_semantic_order,,MEASURED_OBSERVER,issue102_full_prompt,accepted,checksum-verified member within frozen authority,,
#102/issue102-cross-prompt-v1,host/stage-b-observer/run-044-16-multi-b8/result.json,a6ccd8684295aa648007171379dfa20284a6e7a673478d5ec37d5e64f4a1e761,150308629,,16-multi-b8,issue102_observer_semantic_order,,MEASURED_OBSERVER,issue102_full_prompt,accepted,checksum-verified member within frozen authority,,
#102/issue102-cross-prompt-v1,host/stage-b-observer/run-044-16-multi-b8/stderr.log,08d85235c87ca327f337bf2a23a5250e06e2ae94ced24b687fbb05344f317a7f,67,,16-multi-b8,issue102_observer_semantic_order,,MEASURED_OBSERVER,issue102_full_prompt,accepted,checksum-verified member within frozen authority,,
#102/issue102-cross-prompt-v1,host/stage-b-observer/run-044-16-multi-b8/stdout.log,b6c5d1ba1b76de786afdab548fbb1a4ce32aed03aec6e9c45f127d44ee9b0ba0,83697857,,16-multi-b8,issue102_observer_semantic_order,,MEASURED_OBSERVER,issue102_full_prompt,accepted,checksum-verified member within frozen authority,,
#102/issue102-cross-prompt-v1,host/stage-c-control-v2/output-cache-allowlist-event-001-before-run-001.json,950af6cfad8000a5df875306be24dc6b5572f8f718f96dbed1dbf1ae6c4bf046,87198,,,issue102_full_prompt,,CURATED_FROM_MEASURED,issue102_full_prompt,accepted,checksum-verified member within frozen authority,,
#102/issue102-cross-prompt-v1,host/stage-c-control-v2/output-cache-allowlist-event-002-before-run-002.json,75043ca519d13e46fc0ec303609388df70acd217dafd3bc833b56bc89b661876,87999,,,issue102_full_prompt,,CURATED_FROM_MEASURED,issue102_full_prompt,accepted,checksum-verified member within frozen authority,,
#102/issue102-cross-prompt-v1,host/stage-c-control-v2/output-cache-allowlist-event-003-before-run-003.json,1703edf2ce78fdd85d8a3aeaab58ad04b3b661d4be6ac60caa1d900d07f887b8,89736,,,issue102_full_prompt,,CURATED_FROM_MEASURED,issue102_full_prompt,accepted,checksum-verified member within frozen authority,,
#102/issue102-cross-prompt-v1,host/stage-c-control-v2/output-cache-allowlist-event-004-before-run-004.json,a214ed44c9eb60b7141fd13706396d23d5ed39fbc01eef5fc847a73c9cffb463,91473,,,issue102_full_prompt,,CURATED_FROM_MEASURED,issue102_full_prompt,accepted,checksum-verified member within frozen authority,,
#102/issue102-cross-prompt-v1,host/stage-c-control-v2/output-cache-allowlist-event-005-before-run-005.json,bfa9145ac08dfd0fdb5ed317698c39d58f79f27a808d205c9008e2fdcbd33d15,93213,,,issue102_full_prompt,,CURATED_FROM_MEASURED,issue102_full_prompt,accepted,checksum-verified member within frozen authority,,
#102/issue102-cross-prompt-v1,host/stage-c-control-v2/output-cache-allowlist-event-006-before-run-006.json,8e3f8e4ef3e7cf34f2c94f58636a2ceeed25d68aaace7e071bcfb41398f3d3e6,94961,,,issue102_full_prompt,,CURATED_FROM_MEASURED,issue102_full_prompt,accepted,checksum-verified member within frozen authority,,
#102/issue102-cross-prompt-v1,host/stage-c-control-v2/output-cache-allowlist-event-007-before-run-007.json,ab91483036ebce0f0d56eb5d0a0bfb57800a63825e789d09ab2a7f657a838054,96705,,,issue102_full_prompt,,CURATED_FROM_MEASURED,issue102_full_prompt,accepted,checksum-verified member within frozen authority,,
#102/issue102-cross-prompt-v1,host/stage-c-control-v2/output-cache-allowlist-event-008-before-run-008.json,39638bd5c2b096e58a5803732f89d5198b486da0b8f0e5fbae1cefeedda73914,98429,,,issue102_full_prompt,,CURATED_FROM_MEASURED,issue102_full_prompt,accepted,checksum-verified member within frozen authority,,
#102/issue102-cross-prompt-v1,host/stage-c-control-v2/output-cache-allowlist-event-009-before-run-009.json,f91d0777f5e213a88d0e9e7ef513c9d099dad1e9b7207ab1f287b7afc3ca414b,100173,,,issue102_full_prompt,,CURATED_FROM_MEASURED,issue102_full_prompt,accepted,checksum-verified member within frozen authority,,
#102/issue102-cross-prompt-v1,host/stage-c-control-v2/output-cache-allowlist-event-010-before-run-010.json,0b3b2a3a20fa0eb93ffc79557f5caec1c007029210ef9c39c1f8818274a09bb6,101922,,,issue102_full_prompt,,CURATED_FROM_MEASURED,issue102_full_prompt,accepted,checksum-verified member within frozen authority,,
#102/issue102-cross-prompt-v1,host/stage-c-control-v2/output-cache-allowlist-event-011-before-run-011.json,0b0cdbfef3bfded2bee919626484f5f610cfe2a7c78fb740244996947afe4c56,103666,,,issue102_full_prompt,,CURATED_FROM_MEASURED,issue102_full_prompt,accepted,checksum-verified member within frozen authority,,
#102/issue102-cross-prompt-v1,host/stage-c-control-v2/output-cache-allowlist-event-012-before-run-012.json,cef56d6510a9f7134d73ac36c5d274b7632ef5550b92e3c4d5fc4e939d9194c0,105410,,,issue102_full_prompt,,CURATED_FROM_MEASURED,issue102_full_prompt,accepted,checksum-verified member within frozen authority,,
#102/issue102-cross-prompt-v1,host/stage-c-control-v2/output-cache-allowlist-event-013-before-run-013.json,e6f425286c7345c1e44c9e6b62c0eff4e50346b45d3f3143e71b120e54b15aa9,107158,,,issue102_full_prompt,,CURATED_FROM_MEASURED,issue102_full_prompt,accepted,checksum-verified member within frozen authority,,
#102/issue102-cross-prompt-v1,host/stage-c-control-v2/output-cache-allowlist-event-014-before-run-014.json,e4a7c8beb23cf7a84f8d4f4b24e5e324faaedc8ea65a9f6b2d28cd8f907e3727,108926,,,issue102_full_prompt,,CURATED_FROM_MEASURED,issue102_full_prompt,accepted,checksum-verified member within frozen authority,,
#102/issue102-cross-prompt-v1,host/stage-c-control-v2/output-cache-allowlist-event-015-before-run-015.json,f2216db26d87ac775fe1aff66c7e29897c3cd4cf1a235b752effe67a37999dc5,110690,,,issue102_full_prompt,,CURATED_FROM_MEASURED,issue102_full_prompt,accepted,checksum-verified member within frozen authority,,
#102/issue102-cross-prompt-v1,host/stage-c-control-v2/output-cache-allowlist-event-016-before-run-016.json,d599b0c4839cd4ef7ce6d26b4172b6f406c54329e1176ef414682da88f2dbe1a,112454,,,issue102_full_prompt,,CURATED_FROM_MEASURED,issue102_full_prompt,accepted,checksum-verified member within frozen authority,,
#102/issue102-cross-prompt-v1,host/stage-c-control-v2/output-cache-allowlist-event-017-before-run-017.json,fce4cf9feca439a3e20ede054244c024f5596b671f5ed832e3872104fa200516,114222,,,issue102_full_prompt,,CURATED_FROM_MEASURED,issue102_full_prompt,accepted,checksum-verified member within frozen authority,,
#102/issue102-cross-prompt-v1,host/stage-c-control-v2/output-cache-allowlist-event-018-before-run-018.json,643594523c7b4410e6d24af90130cda2e4a1583b654e96c1bbf6745e6087aadc,115958,,,issue102_full_prompt,,CURATED_FROM_MEASURED,issue102_full_prompt,accepted,checksum-verified member within frozen authority,,
#102/issue102-cross-prompt-v1,host/stage-c-control-v2/output-cache-allowlist-event-019-before-run-019.json,ac01dc3e1c54763ea80e855a121907865474520a178d8f84b3835ed61128221e,117690,,,issue102_full_prompt,,CURATED_FROM_MEASURED,issue102_full_prompt,accepted,checksum-verified member within frozen authority,,
#102/issue102-cross-prompt-v1,host/stage-c-control-v2/output-cache-allowlist-event-020-before-run-020.json,b09044de171b22f700fc054298561938d1405012e918b79e6527426c4350a1f9,119430,,,issue102_full_prompt,,CURATED_FROM_MEASURED,issue102_full_prompt,accepted,checksum-verified member within frozen authority,,
#102/issue102-cross-prompt-v1,host/stage-c-control-v2/output-cache-allowlist-event-021-before-run-021.json,4ea7d2647a80b9392f05fab424ad06fd514f2ce116857500c7db78d0eb5c1b33,121174,,,issue102_full_prompt,,CURATED_FROM_MEASURED,issue102_full_prompt,accepted,checksum-verified member within frozen authority,,
#102/issue102-cross-prompt-v1,host/stage-c-control-v2/output-cache-allowlist-event-022-before-run-022.json,b68da1da3af6ec2d15b57c52b2a91e609c6bafaddbf7322a36c308cd58ae1096,122922,,,issue102_full_prompt,,CURATED_FROM_MEASURED,issue102_full_prompt,accepted,checksum-verified member within frozen authority,,
#102/issue102-cross-prompt-v1,host/stage-c-control-v2/output-cache-allowlist-event-023-before-run-023.json,23bec10383fe05d4b47a5decd7561a35e934d8c118375f811eba521391103550,124666,,,issue102_full_prompt,,CURATED_FROM_MEASURED,issue102_full_prompt,accepted,checksum-verified member within frozen authority,,
#102/issue102-cross-prompt-v1,host/stage-c-control-v2/output-cache-allowlist-event-024-before-run-024.json,29f1d68e5481a65c368b3b54cd805c2b0f8cadbb2757951fc7fb5992b0796874,126410,,,issue102_full_prompt,,CURATED_FROM_MEASURED,issue102_full_prompt,accepted,checksum-verified member within frozen authority,,
#102/issue102-cross-prompt-v1,host/stage-c-control-v2/output-cache-allowlist-event-025-before-run-025.json,68c1ddfced1ab63743171c3eb21d8ff05fa758670d55f440bbb9e11cbff7c1eb,128158,,,issue102_full_prompt,,CURATED_FROM_MEASURED,issue102_full_prompt,accepted,checksum-verified member within frozen authority,,
#102/issue102-cross-prompt-v1,host/stage-c-control-v2/output-cache-allowlist-event-026-before-run-026.json,937a7b4a9b0baa588051f18b5879393c764745884fddd2f2acab0f469d2d131b,129907,,,issue102_full_prompt,,CURATED_FROM_MEASURED,issue102_full_prompt,accepted,checksum-verified member within frozen authority,,
#102/issue102-cross-prompt-v1,host/stage-c-control-v2/output-cache-allowlist-event-027-before-run-027.json,dfd98d872196cc990d7e85d827172183ed1b72a7d8d6393c0f7865bc5b251ae7,131656,,,issue102_full_prompt,,CURATED_FROM_MEASURED,issue102_full_prompt,accepted,checksum-verified member within frozen authority,,
#102/issue102-cross-prompt-v1,host/stage-c-control-v2/output-cache-allowlist-event-028-before-run-028.json,7c4642d57d122671126218cf2ac0d76f2ecb16b0ac556c43e44f7baef1554340,133396,,,issue102_full_prompt,,CURATED_FROM_MEASURED,issue102_full_prompt,accepted,checksum-verified member within frozen authority,,
#102/issue102-cross-prompt-v1,host/stage-c-control-v2/output-cache-allowlist-event-029-before-run-029.json,3f88128e130bcc561d6fa91611bdb9f6f576f1042f30fdd55f1edc9621b78ebe,135140,,,issue102_full_prompt,,CURATED_FROM_MEASURED,issue102_full_prompt,accepted,checksum-verified member within frozen authority,,
#102/issue102-cross-prompt-v1,host/stage-c-control-v2/output-cache-allowlist-event-030-before-run-030.json,178698973553d9bfc0897a03036856b0397f0d53c7d7aec5816cb94e939e51fc,136904,,,issue102_full_prompt,,CURATED_FROM_MEASURED,issue102_full_prompt,accepted,checksum-verified member within frozen authority,,
#102/issue102-cross-prompt-v1,host/stage-c-control-v2/output-cache-allowlist-event-031-before-run-031.json,28d69931a13518cba7e80d115b8c1d256fe0518c7a07f1b60df08284ef30ad7c,138664,,,issue102_full_prompt,,CURATED_FROM_MEASURED,issue102_full_prompt,accepted,checksum-verified member within frozen authority,,
#102/issue102-cross-prompt-v1,host/stage-c-control-v2/output-cache-allowlist-event-032-before-run-032.json,fc9839e26dc74407b2a3e78bfdb67359c0b833ee8a682e4c90152fa3f82ffa78,140412,,,issue102_full_prompt,,CURATED_FROM_MEASURED,issue102_full_prompt,accepted,checksum-verified member within frozen authority,,
#102/issue102-cross-prompt-v1,host/stage-c-control-v2/output-cache-allowlist-event-033-before-run-033.json,0f3db570651b21e4951a5aa857c885b3778df5b205f96008b08aa2b025bb1e55,142164,,,issue102_full_prompt,,CURATED_FROM_MEASURED,issue102_full_prompt,accepted,checksum-verified member within frozen authority,,
#102/issue102-cross-prompt-v1,host/stage-c-control-v2/output-cache-allowlist-event-034-before-run-034.json,27bffa48506faf2142dd8db2e517b97f6d39768c081e0858966a3bd700cdd7ad,143916,,,issue102_full_prompt,,CURATED_FROM_MEASURED,issue102_full_prompt,accepted,checksum-verified member within frozen authority,,
#102/issue102-cross-prompt-v1,host/stage-c-control-v2/output-cache-allowlist-event-035-before-run-035.json,215d7e822c9bf9088164c981fda1398ed857f483b82644ef7187a56d672f293b,145664,,,issue102_full_prompt,,CURATED_FROM_MEASURED,issue102_full_prompt,accepted,checksum-verified member within frozen authority,,
#102/issue102-cross-prompt-v1,host/stage-c-control-v2/output-cache-allowlist-event-036-before-run-036.json,cd4e1714e7205a2bf7f9183be3327b4ce80b13ee8285bbb1e3a4f4732a1f8934,147416,,,issue102_full_prompt,,CURATED_FROM_MEASURED,issue102_full_prompt,accepted,checksum-verified member within frozen authority,,
#102/issue102-cross-prompt-v1,host/stage-c-control-v2/output-cache-allowlist-event-037-before-run-037.json,6f1413bef5d968b9b214bfbd37da1e72bfa6d2c24b8f1c9cd206440896b5db62,149172,,,issue102_full_prompt,,CURATED_FROM_MEASURED,issue102_full_prompt,accepted,checksum-verified member within frozen authority,,
#102/issue102-cross-prompt-v1,host/stage-c-control-v2/output-cache-allowlist-event-038-before-run-038.json,955ca393ddc971711a623cc870261e02192f86ea10a17117e120f693293ed906,150944,,,issue102_full_prompt,,CURATED_FROM_MEASURED,issue102_full_prompt,accepted,checksum-verified member within frozen authority,,
#102/issue102-cross-prompt-v1,host/stage-c-control-v2/output-cache-allowlist-event-039-before-run-039.json,37182c47af73d6fb5290be1ac9bde248dc6e46d58cf394da46335fbd343af89f,152712,,,issue102_full_prompt,,CURATED_FROM_MEASURED,issue102_full_prompt,accepted,checksum-verified member within frozen authority,,
#102/issue102-cross-prompt-v1,host/stage-c-control-v2/output-cache-allowlist-event-040-before-run-040.json,cd86ae26c995262e447cc3f2f118d3580dc1bc3fc0faf23a74dd2e5c2b671e88,154460,,,issue102_full_prompt,,CURATED_FROM_MEASURED,issue102_full_prompt,accepted,checksum-verified member within frozen authority,,
#102/issue102-cross-prompt-v1,host/stage-c-control-v2/output-cache-allowlist-event-041-before-run-041.json,6bdb5ad5356a9f31c5da101ee9dc3df274d9003ab7e16923c059c7050af9e912,156212,,,issue102_full_prompt,,CURATED_FROM_MEASURED,issue102_full_prompt,accepted,checksum-verified member within frozen authority,,
#102/issue102-cross-prompt-v1,host/stage-c-control-v2/output-cache-allowlist-event-042-before-run-042.json,2396f04e5f2d0afdc31af6f7f9efa1ba5578181ad14deb05d074655a48ede916,157968,,,issue102_full_prompt,,CURATED_FROM_MEASURED,issue102_full_prompt,accepted,checksum-verified member within frozen authority,,
#102/issue102-cross-prompt-v1,host/stage-c-control-v2/output-cache-allowlist-event-043-before-run-043.json,a34841e759e01abf4557f600f4a6944e964b31c3ec81beb03368a4ff3667bd15,159720,,,issue102_full_prompt,,CURATED_FROM_MEASURED,issue102_full_prompt,accepted,checksum-verified member within frozen authority,,
#102/issue102-cross-prompt-v1,host/stage-c-control-v2/output-cache-allowlist-event-044-before-run-044.json,8ed7e19e52178107f9a3c49cb3c8ccb8cc3a61bb50b5246229450dbd92ac380e,161448,,,issue102_full_prompt,,CURATED_FROM_MEASURED,issue102_full_prompt,accepted,checksum-verified member within frozen authority,,
#102/issue102-cross-prompt-v1,host/stage-c-control-v2/output-cache-allowlist-event-045-before-run-045.json,1252a5f70c7a506229145d7e53de8aac2bce4b60977fa6f23fe4c249249aa73a,163180,,,issue102_full_prompt,,CURATED_FROM_MEASURED,issue102_full_prompt,accepted,checksum-verified member within frozen authority,,
#102/issue102-cross-prompt-v1,host/stage-c-control-v2/output-cache-allowlist-event-046-before-run-046.json,d9b5cdd3dc324cecde6639c2833ba24a855ad289c9d72710c788010a2d056447,164932,,,issue102_full_prompt,,CURATED_FROM_MEASURED,issue102_full_prompt,accepted,checksum-verified member within frozen authority,,
#102/issue102-cross-prompt-v1,host/stage-c-control-v2/output-cache-allowlist-event-047-before-run-047.json,c9d8933c80e0faf400602c8d75a1736430c7bb0a1efc954edf413de43cb06761,166680,,,issue102_full_prompt,,CURATED_FROM_MEASURED,issue102_full_prompt,accepted,checksum-verified member within frozen authority,,
#102/issue102-cross-prompt-v1,host/stage-c-control-v2/output-cache-allowlist-event-048-before-run-048.json,b93afe5a49d31cfdae9b197e6a2d10de1cc305a5fa46489121dfda2571b35435,168420,,,issue102_full_prompt,,CURATED_FROM_MEASURED,issue102_full_prompt,accepted,checksum-verified member within frozen authority,,
#102/issue102-cross-prompt-v1,host/stage-c-control-v2/output-cache-hygiene-event-001-before-run-001.json,a8dcdfed5a14b06e9c89af99d10adcdfe5d0e99af41badfbd1edf60d96169d9d,9483,,,issue102_full_prompt,,CURATED_FROM_MEASURED,issue102_full_prompt,accepted,checksum-verified member within frozen authority,,
#102/issue102-cross-prompt-v1,host/stage-c-control-v2/output-cache-hygiene-event-002-before-run-002.json,634c9cca4c0f6cecaff839e41cd42075a83984e63fb7eb5115e4729228dd1d4f,9427,,,issue102_full_prompt,,CURATED_FROM_MEASURED,issue102_full_prompt,accepted,checksum-verified member within frozen authority,,
#102/issue102-cross-prompt-v1,host/stage-c-control-v2/output-cache-hygiene-event-003-before-run-003.json,eaa146a58cc200d452d0e8ef9593e240a3cb8cd41ae89c1b7c450b989fb4e78c,9446,,,issue102_full_prompt,,CURATED_FROM_MEASURED,issue102_full_prompt,accepted,checksum-verified member within frozen authority,,
#102/issue102-cross-prompt-v1,host/stage-c-control-v2/output-cache-hygiene-event-004-before-run-004.json,71ceda3008666b2bde0333e1ced7b2fb8e5535ab5b26d2e0c1151a9b0ad09eb0,9426,,,issue102_full_prompt,,CURATED_FROM_MEASURED,issue102_full_prompt,accepted,checksum-verified member within frozen authority,,
#102/issue102-cross-prompt-v1,host/stage-c-control-v2/output-cache-hygiene-event-005-before-run-005.json,39eea1b7f3599eed29f816c67dc1666d551324f505cf5df2799bc59b5cac321e,9427,,,issue102_full_prompt,,CURATED_FROM_MEASURED,issue102_full_prompt,accepted,checksum-verified member within frozen authority,,
#102/issue102-cross-prompt-v1,host/stage-c-control-v2/output-cache-hygiene-event-006-before-run-006.json,910c21d543ce156b4fea69e578d0e05064144b8531cfcd31623a103417851dd2,9447,,,issue102_full_prompt,,CURATED_FROM_MEASURED,issue102_full_prompt,accepted,checksum-verified member within frozen authority,,
#102/issue102-cross-prompt-v1,host/stage-c-control-v2/output-cache-hygiene-event-007-before-run-007.json,3854c5be1e1395cc2ec2adad5a2f7e0b04b7c9f044396a38ff5eb5b7becc7628,9426,,,issue102_full_prompt,,CURATED_FROM_MEASURED,issue102_full_prompt,accepted,checksum-verified member within frozen authority,,
#102/issue102-cross-prompt-v1,host/stage-c-control-v2/output-cache-hygiene-event-008-before-run-008.json,2ca626a5d0673c297d00c6fe8a37dfe75457cd73c884887f4bea4bc68d2c6ab5,9425,,,issue102_full_prompt,,CURATED_FROM_MEASURED,issue102_full_prompt,accepted,checksum-verified member within frozen authority,,
#102/issue102-cross-prompt-v1,host/stage-c-control-v2/output-cache-hygiene-event-009-before-run-009.json,eae24678a83b7e081f2a716d55a3bb6d06dee8be13e18c3e5047b3ae60fe8406,9428,,,issue102_full_prompt,,CURATED_FROM_MEASURED,issue102_full_prompt,accepted,checksum-verified member within frozen authority,,
#102/issue102-cross-prompt-v1,host/stage-c-control-v2/output-cache-hygiene-event-010-before-run-010.json,1d5eeccb8f3df315c93c1a8f08284e54108c1eb452165f58f55b8f28e535b8a3,9449,,,issue102_full_prompt,,CURATED_FROM_MEASURED,issue102_full_prompt,accepted,checksum-verified member within frozen authority,,
#102/issue102-cross-prompt-v1,host/stage-c-control-v2/output-cache-hygiene-event-011-before-run-011.json,8854306396fd7eea5c87f79f637b100845b8dc3798f9b837376b404338561684,9427,,,issue102_full_prompt,,CURATED_FROM_MEASURED,issue102_full_prompt,accepted,checksum-verified member within frozen authority,,
#102/issue102-cross-prompt-v1,host/stage-c-control-v2/output-cache-hygiene-event-012-before-run-012.json,a1a43907075ca52d9c3512812a578132b432ee63237740205d37582947ba6e44,9427,,,issue102_full_prompt,,CURATED_FROM_MEASURED,issue102_full_prompt,accepted,checksum-verified member within frozen authority,,
#102/issue102-cross-prompt-v1,host/stage-c-control-v2/output-cache-hygiene-event-013-before-run-013.json,254cd2ac0b814cc713a203b843c4debe5c93280da1184e12f0d460af68f4b72c,9428,,,issue102_full_prompt,,CURATED_FROM_MEASURED,issue102_full_prompt,accepted,checksum-verified member within frozen authority,,
#102/issue102-cross-prompt-v1,host/stage-c-control-v2/output-cache-hygiene-event-014-before-run-014.json,cbf3d077b7fc84b864468c961d2524151302a120a403e023a625dd99e8964dde,9427,,,issue102_full_prompt,,CURATED_FROM_MEASURED,issue102_full_prompt,accepted,checksum-verified member within frozen authority,,
#102/issue102-cross-prompt-v1,host/stage-c-control-v2/output-cache-hygiene-event-015-before-run-015.json,20a5fca60e5c4fe13abcb2cff7305f79567dfe70f2f80d25960e61ac6817a57c,9427,,,issue102_full_prompt,,CURATED_FROM_MEASURED,issue102_full_prompt,accepted,checksum-verified member within frozen authority,,
#102/issue102-cross-prompt-v1,host/stage-c-control-v2/output-cache-hygiene-event-016-before-run-016.json,c284dd0470a969412a7aaf9e8927f2821cf256d98fbb466838535878e85132a0,9427,,,issue102_full_prompt,,CURATED_FROM_MEASURED,issue102_full_prompt,accepted,checksum-verified member within frozen authority,,
#102/issue102-cross-prompt-v1,host/stage-c-control-v2/output-cache-hygiene-event-017-before-run-017.json,bd0e0432a9b6720768651c68284fb195ad5d5a67bff4dbd72c908f24844c3aec,9427,,,issue102_full_prompt,,CURATED_FROM_MEASURED,issue102_full_prompt,accepted,checksum-verified member within frozen authority,,
#102/issue102-cross-prompt-v1,host/stage-c-control-v2/output-cache-hygiene-event-018-before-run-018.json,9411c93b2ae75f40b8cc7a5285f30b6f4d8faf0a5708fe5099d48263bf94a6d3,9427,,,issue102_full_prompt,,CURATED_FROM_MEASURED,issue102_full_prompt,accepted,checksum-verified member within frozen authority,,
#102/issue102-cross-prompt-v1,host/stage-c-control-v2/output-cache-hygiene-event-019-before-run-019.json,98833cb8411dda1ff5e7770bfb4b88c7fdc7b2373a683b6189fa33590b546635,9427,,,issue102_full_prompt,,CURATED_FROM_MEASURED,issue102_full_prompt,accepted,checksum-verified member within frozen authority,,
#102/issue102-cross-prompt-v1,host/stage-c-control-v2/output-cache-hygiene-event-020-before-run-020.json,58d9269c749e0f9adf484ffbcb64ae3a060208fa2282389f3250a24629862c72,9448,,,issue102_full_prompt,,CURATED_FROM_MEASURED,issue102_full_prompt,accepted,checksum-verified member within frozen authority,,
#102/issue102-cross-prompt-v1,host/stage-c-control-v2/output-cache-hygiene-event-021-before-run-021.json,b4c5028e5739dab07abbe152f91d5a5af83f0e2697803eb554c024c3ee9e897c,9453,,,issue102_full_prompt,,CURATED_FROM_MEASURED,issue102_full_prompt,accepted,checksum-verified member within frozen authority,,
#102/issue102-cross-prompt-v1,host/stage-c-control-v2/output-cache-hygiene-event-022-before-run-022.json,1f88080ed154d8408fd08cb0f31b0a7561ed42a581efc35eab2ce4f8192063c4,9426,,,issue102_full_prompt,,CURATED_FROM_MEASURED,issue102_full_prompt,accepted,checksum-verified member within frozen authority,,
#102/issue102-cross-prompt-v1,host/stage-c-control-v2/output-cache-hygiene-event-023-before-run-023.json,c6357064d1f53df4bda914e7042bf5216a2b7400fcc97775afaff493acfc260d,9427,,,issue102_full_prompt,,CURATED_FROM_MEASURED,issue102_full_prompt,accepted,checksum-verified member within frozen authority,,
#102/issue102-cross-prompt-v1,host/stage-c-control-v2/output-cache-hygiene-event-024-before-run-024.json,15e7240fea5eeb240ef9aad0944c715562254455b8fab308c71767dd1bfbd8db,9427,,,issue102_full_prompt,,CURATED_FROM_MEASURED,issue102_full_prompt,accepted,checksum-verified member within frozen authority,,
#102/issue102-cross-prompt-v1,host/stage-c-control-v2/output-cache-hygiene-event-025-before-run-025.json,629ed53e63be1c8b21fda801c8005204e1597263520318882913cc14395699e1,9427,,,issue102_full_prompt,,CURATED_FROM_MEASURED,issue102_full_prompt,accepted,checksum-verified member within frozen authority,,
#102/issue102-cross-prompt-v1,host/stage-c-control-v2/output-cache-hygiene-event-026-before-run-026.json,6e940a06b27d1804b65832fae84193fa7b7c2a093f9839b4476dda153f20538c,9448,,,issue102_full_prompt,,CURATED_FROM_MEASURED,issue102_full_prompt,accepted,checksum-verified member within frozen authority,,
#102/issue102-cross-prompt-v1,host/stage-c-control-v2/output-cache-hygiene-event-027-before-run-027.json,e34365558f0e9961b76eddcbf662b73e5494e3b56c1e34b91efcc55653ace637,9428,,,issue102_full_prompt,,CURATED_FROM_MEASURED,issue102_full_prompt,accepted,checksum-verified member within frozen authority,,
#102/issue102-cross-prompt-v1,host/stage-c-control-v2/output-cache-hygiene-event-028-before-run-028.json,143c576df79902e67ed836aa357cc23da86af344a8d2f3fedf6f9e08ef4fae76,9428,,,issue102_full_prompt,,CURATED_FROM_MEASURED,issue102_full_prompt,accepted,checksum-verified member within frozen authority,,
#102/issue102-cross-prompt-v1,host/stage-c-control-v2/output-cache-hygiene-event-029-before-run-029.json,4a85aecc7d36feeb3897686bb54b08c9d84ff19dbf1f0e5a90a32047cc091d27,9449,,,issue102_full_prompt,,CURATED_FROM_MEASURED,issue102_full_prompt,accepted,checksum-verified member within frozen authority,,
#102/issue102-cross-prompt-v1,host/stage-c-control-v2/output-cache-hygiene-event-030-before-run-030.json,25c461d5d2e1dc74cd3800b13c189652568afc241ec5a0dc2c34555840ceb146,9428,,,issue102_full_prompt,,CURATED_FROM_MEASURED,issue102_full_prompt,accepted,checksum-verified member within frozen authority,,
#102/issue102-cross-prompt-v1,host/stage-c-control-v2/output-cache-hygiene-event-031-before-run-031.json,383d8803687c726b1e61a0b3a1e42f31f1d0e3118d5637574882d468ecc68261,9428,,,issue102_full_prompt,,CURATED_FROM_MEASURED,issue102_full_prompt,accepted,checksum-verified member within frozen authority,,
#102/issue102-cross-prompt-v1,host/stage-c-control-v2/output-cache-hygiene-event-032-before-run-032.json,4156f4e703c9587c87787bc59c0136838f4c802e0d82a21c1de50c894d1d4c06,9428,,,issue102_full_prompt,,CURATED_FROM_MEASURED,issue102_full_prompt,accepted,checksum-verified member within frozen authority,,
#102/issue102-cross-prompt-v1,host/stage-c-control-v2/output-cache-hygiene-event-033-before-run-033.json,8b181b5b6fe56819262ad1b899f0dc04167e677fc66dc7be460979fd37d2df41,9428,,,issue102_full_prompt,,CURATED_FROM_MEASURED,issue102_full_prompt,accepted,checksum-verified member within frozen authority,,
#102/issue102-cross-prompt-v1,host/stage-c-control-v2/output-cache-hygiene-event-034-before-run-034.json,817a10af246c5807e57048137a7f6910ce98ad2c9434eba99f1bbe6623ffa940,9428,,,issue102_full_prompt,,CURATED_FROM_MEASURED,issue102_full_prompt,accepted,checksum-verified member within frozen authority,,
#102/issue102-cross-prompt-v1,host/stage-c-control-v2/output-cache-hygiene-event-035-before-run-035.json,7a2e7866b6b9eae33c4e05a47a97a97a965eb708dcef2b6d71df3f465bd194c3,9449,,,issue102_full_prompt,,CURATED_FROM_MEASURED,issue102_full_prompt,accepted,checksum-verified member within frozen authority,,
#102/issue102-cross-prompt-v1,host/stage-c-control-v2/output-cache-hygiene-event-036-before-run-036.json,2ad3dae78b358f6dada7fab850f252fb53456264079e010d652f131e27a30706,9428,,,issue102_full_prompt,,CURATED_FROM_MEASURED,issue102_full_prompt,accepted,checksum-verified member within frozen authority,,
#102/issue102-cross-prompt-v1,host/stage-c-control-v2/output-cache-hygiene-event-037-before-run-037.json,076438a2cb2be11cf6622bde421d270ef892b38e465bc36a66b4c834136c3b37,9428,,,issue102_full_prompt,,CURATED_FROM_MEASURED,issue102_full_prompt,accepted,checksum-verified member within frozen authority,,
#102/issue102-cross-prompt-v1,host/stage-c-control-v2/output-cache-hygiene-event-038-before-run-038.json,5836f635ef365308e5bf63f5cd462dad4862b6807a880ab72792fdc4c4e6d101,9428,,,issue102_full_prompt,,CURATED_FROM_MEASURED,issue102_full_prompt,accepted,checksum-verified member within frozen authority,,
#102/issue102-cross-prompt-v1,host/stage-c-control-v2/output-cache-hygiene-event-039-before-run-039.json,cae7bba3c869475d45ff1ab6dd96cd1f3788a7221a210cd3a148d86ed4c9d545,9428,,,issue102_full_prompt,,CURATED_FROM_MEASURED,issue102_full_prompt,accepted,checksum-verified member within frozen authority,,
#102/issue102-cross-prompt-v1,host/stage-c-control-v2/output-cache-hygiene-event-040-before-run-040.json,55910c15cc83b529b11b8a76045fbaf0412ab269907be2a33ea4a521db72c241,9427,,,issue102_full_prompt,,CURATED_FROM_MEASURED,issue102_full_prompt,accepted,checksum-verified member within frozen authority,,
#102/issue102-cross-prompt-v1,host/stage-c-control-v2/output-cache-hygiene-event-041-before-run-041.json,82706304faf7c1628c4930311b52de6a3380bcefb663a19a6cad0f9ca108c153,9428,,,issue102_full_prompt,,CURATED_FROM_MEASURED,issue102_full_prompt,accepted,checksum-verified member within frozen authority,,
#102/issue102-cross-prompt-v1,host/stage-c-control-v2/output-cache-hygiene-event-042-before-run-042.json,f5d6936aad7d9034455c9da1c81b951260cf7348299c1eb1024e4cabad772c3c,9428,,,issue102_full_prompt,,CURATED_FROM_MEASURED,issue102_full_prompt,accepted,checksum-verified member within frozen authority,,
#102/issue102-cross-prompt-v1,host/stage-c-control-v2/output-cache-hygiene-event-043-before-run-043.json,8be7137d0da03bea0d419910ac5dff157fe5140eb15b5a0c88b078c24161f3e2,9427,,,issue102_full_prompt,,CURATED_FROM_MEASURED,issue102_full_prompt,accepted,checksum-verified member within frozen authority,,
#102/issue102-cross-prompt-v1,host/stage-c-control-v2/output-cache-hygiene-event-044-before-run-044.json,263ca256b5d365b719843232b8ae5d65c872e1dd8848bf13bd0b852c25e87e41,9428,,,issue102_full_prompt,,CURATED_FROM_MEASURED,issue102_full_prompt,accepted,checksum-verified member within frozen authority,,
#102/issue102-cross-prompt-v1,host/stage-c-control-v2/output-cache-hygiene-event-045-before-run-045.json,1c72fa4a1760506d26e40f4568cc3bf3f9ada004e49b20b97d82b37a6a8d74a3,9428,,,issue102_full_prompt,,CURATED_FROM_MEASURED,issue102_full_prompt,accepted,checksum-verified member within frozen authority,,
#102/issue102-cross-prompt-v1,host/stage-c-control-v2/output-cache-hygiene-event-046-before-run-046.json,70e42f22ba614143400d02ed48d7cf4942aa4f0c44cd5563350c10dae1511523,9428,,,issue102_full_prompt,,CURATED_FROM_MEASURED,issue102_full_prompt,accepted,checksum-verified member within frozen authority,,
#102/issue102-cross-prompt-v1,host/stage-c-control-v2/output-cache-hygiene-event-047-before-run-047.json,bff36627d4ea6cbfc30a8a19c84511f72f001ee308a0c910768da763070bce1f,9428,,,issue102_full_prompt,,CURATED_FROM_MEASURED,issue102_full_prompt,accepted,checksum-verified member within frozen authority,,
#102/issue102-cross-prompt-v1,host/stage-c-control-v2/output-cache-hygiene-event-048-before-run-048.json,940c2871b4845701651882fb72cc7c6597226c8c2928ea4465a64a32c89988a0,9428,,,issue102_full_prompt,,CURATED_FROM_MEASURED,issue102_full_prompt,accepted,checksum-verified member within frozen authority,,
#102/issue102-cross-prompt-v1,host/stage-c-control-v2/precontrol-output-cache-allowlist-incremental-test-v2.json,3a93d0c5bbfe1d6b967035e4b3eac3e901cd067d8d207abe86520c580ec67df5,86219,,,issue102_full_prompt,,CURATED_FROM_MEASURED,issue102_full_prompt,accepted,checksum-verified member within frozen authority,,
#102/issue102-cross-prompt-v1,host/stage-c-control-v2/precontrol-output-cache-allowlist-incremental-test.json,30ebc05acdd382b1efd3ad45b9245f5092c67c88bf67a81aeb3fc25c4a5d76d6,89201,,,issue102_full_prompt,,CURATED_FROM_MEASURED,issue102_full_prompt,accepted,checksum-verified member within frozen authority,,
#102/issue102-cross-prompt-v1,host/stage-c-control-v2/precontrol-output-cache-allowlist-v2.json,e355ebc28827412d8c04d7805eff7ae0b7d57211e176a7fac883f65ee24fc5f3,87021,,,issue102_full_prompt,,CURATED_FROM_MEASURED,issue102_full_prompt,accepted,checksum-verified member within frozen authority,,
#102/issue102-cross-prompt-v1,host/stage-c-control-v2/precontrol-output-cache-allowlist-v3.json,b4e0b89e0cc2dc99199820edccb787acec90e9d0d3f1409808598f2d1d94ae87,87021,,,issue102_full_prompt,,CURATED_FROM_MEASURED,issue102_full_prompt,accepted,checksum-verified member within frozen authority,,
#102/issue102-cross-prompt-v1,host/stage-c-control-v2/precontrol-output-cache-allowlist.json,4011cc0c87ba4c5306eb6b9314f0dfd0f51b10248090a6b9088e27ee07d73677,86993,,,issue102_full_prompt,,CURATED_FROM_MEASURED,issue102_full_prompt,accepted,checksum-verified member within frozen authority,,
#102/issue102-cross-prompt-v1,host/stage-c-control-v2/precontrol-progress-test-v2.json,72f1ce7ed4b3b625580100df49b043856ff43048c4ecd1ca404a105d312c1c27,1531,,,issue102_full_prompt,,CURATED_FROM_MEASURED,issue102_full_prompt,accepted,checksum-verified member within frozen authority,,
#102/issue102-cross-prompt-v1,host/stage-c-control-v2/precontrol-progress-test.json,8d6ce3340b3cd415224cb32ae1b7a7b44856589865073e19e6a4cecd1c7a6eb4,1528,,,issue102_full_prompt,,CURATED_FROM_MEASURED,issue102_full_prompt,accepted,checksum-verified member within frozen authority,,
#102/issue102-cross-prompt-v1,host/stage-c-control-v2/precontrol-stage-c-recovery-control-resume-guard.json,757cab2d29642ae84a3b7d4f8c14b418cb722f0a111ed5bebdd6bc24765cf638,97191,,,issue102_full_prompt,,CURATED_FROM_MEASURED,issue102_full_prompt,accepted,checksum-verified member within frozen authority,,
#102/issue102-cross-prompt-v1,host/stage-c-control-v2/precontrol-stage-c-recovery-control-v2.json,ebf589f1bf679b82bc379b1f8a880014845c4377345f460de87c11be019c14a3,96870,,,issue102_full_prompt,,CURATED_FROM_MEASURED,issue102_full_prompt,accepted,checksum-verified member within frozen authority,,
#102/issue102-cross-prompt-v1,host/stage-c-control-v2/precontrol-stage-c-recovery-control.json,34c4d6b982172366c0d1f54cd0b5d5dbe8011c30d34c310a789f4d8a1f5d7f36,96870,,,issue102_full_prompt,,CURATED_FROM_MEASURED,issue102_full_prompt,accepted,checksum-verified member within frozen authority,,
#102/issue102-cross-prompt-v1,host/stage-c-control-v2/progress.json,2170d77f5a6f712e2a7d5d5dc4b758e83d49659129c78e7dd8af8fd77adad1d6,184254,phase13-6pg-stage-c-recovery-progress-v1,,issue102_full_prompt,,CURATED_FROM_MEASURED,issue102_full_prompt,accepted,checksum-verified member within frozen authority,,
#102/issue102-cross-prompt-v1,host/stage-c-v2/recovery-01-run-001-01-math-b6-exact/envelope.json,edae56338e8833595c589fc8c65c76e24737b583314b8c66ab66b3edced81425,25434,,01-math-b6,issue102_full_prompt,,MEASURED_PHYSICAL,issue102_full_prompt,accepted,checksum-verified member within frozen authority,,
#102/issue102-cross-prompt-v1,host/stage-c-v2/recovery-01-run-001-01-math-b6-exact/result.json,859b3275920a7e46ed39c083ec5540d976dc612d1727a2a1f72af3f7ba9ac794,12029,,01-math-b6,issue102_full_prompt,,MEASURED_PHYSICAL,issue102_full_prompt,accepted,checksum-verified member within frozen authority,,
#102/issue102-cross-prompt-v1,host/stage-c-v2/recovery-01-run-001-01-math-b6-exact/stderr.log,08d85235c87ca327f337bf2a23a5250e06e2ae94ced24b687fbb05344f317a7f,67,,01-math-b6,issue102_full_prompt,,MEASURED_PHYSICAL,issue102_full_prompt,accepted,checksum-verified member within frozen authority,,
#102/issue102-cross-prompt-v1,host/stage-c-v2/recovery-01-run-001-01-math-b6-exact/stdout.log,f4b6c896089d3748061848cdd9603402f9dd9817c3918f66ecb280d76f53117f,9024,,01-math-b6,issue102_full_prompt,,MEASURED_PHYSICAL,issue102_full_prompt,accepted,checksum-verified member within frozen authority,,
#102/issue102-cross-prompt-v1,host/stage-c-v2/run-002-01-math-b6-knee/envelope.json,6ed600b53e6fe5c5078cf5641484f190c9b476c872c20f31e3d9c64be538f382,25410,,01-math-b6,issue102_full_prompt,,MEASURED_PHYSICAL,issue102_full_prompt,accepted,checksum-verified member within frozen authority,,
#102/issue102-cross-prompt-v1,host/stage-c-v2/run-002-01-math-b6-knee/result.json,73f0aa8539290697221304b4c53d9442dad46831ac24e463e274fdd04cd1a18c,12061,,01-math-b6,issue102_full_prompt,,MEASURED_PHYSICAL,issue102_full_prompt,accepted,checksum-verified member within frozen authority,,
#102/issue102-cross-prompt-v1,host/stage-c-v2/run-002-01-math-b6-knee/stderr.log,08d85235c87ca327f337bf2a23a5250e06e2ae94ced24b687fbb05344f317a7f,67,,01-math-b6,issue102_full_prompt,,MEASURED_PHYSICAL,issue102_full_prompt,accepted,checksum-verified member within frozen authority,,
#102/issue102-cross-prompt-v1,host/stage-c-v2/run-002-01-math-b6-knee/stdout.log,f37aceb2ea68a51dad7983807223029b4aefdb587c6d67cbea991a22c7a0081b,9056,,01-math-b6,issue102_full_prompt,,MEASURED_PHYSICAL,issue102_full_prompt,accepted,checksum-verified member within frozen authority,,
#102/issue102-cross-prompt-v1,host/stage-c-v2/run-003-01-math-b8-knee/envelope.json,842bbc6b1dacb154185b25f4158d95019945158b9e3748b45afd7462fb9b120a,25413,,01-math-b8,issue102_full_prompt,,MEASURED_PHYSICAL,issue102_full_prompt,accepted,checksum-verified member within frozen authority,,
#102/issue102-cross-prompt-v1,host/stage-c-v2/run-003-01-math-b8-knee/result.json,1f910081f5b2010ac3fa480465aeecba02628f5ebc1dc89c0e1321b03e1362e0,12056,,01-math-b8,issue102_full_prompt,,MEASURED_PHYSICAL,issue102_full_prompt,accepted,checksum-verified member within frozen authority,,
#102/issue102-cross-prompt-v1,host/stage-c-v2/run-003-01-math-b8-knee/stderr.log,08d85235c87ca327f337bf2a23a5250e06e2ae94ced24b687fbb05344f317a7f,67,,01-math-b8,issue102_full_prompt,,MEASURED_PHYSICAL,issue102_full_prompt,accepted,checksum-verified member within frozen authority,,
#102/issue102-cross-prompt-v1,host/stage-c-v2/run-003-01-math-b8-knee/stdout.log,ae4c05189cb0f058819ef26c47791a331dd1455654c08d47c5f623bdd504cc10,9051,,01-math-b8,issue102_full_prompt,,MEASURED_PHYSICAL,issue102_full_prompt,accepted,checksum-verified member within frozen authority,,
#102/issue102-cross-prompt-v1,host/stage-c-v2/run-004-01-math-b8-exact/envelope.json,4222d929aa44b76f14ddb10aa85c03d892b72cec4f2587fe3088a0a9fb5619fe,25410,,01-math-b8,issue102_full_prompt,,MEASURED_PHYSICAL,issue102_full_prompt,accepted,checksum-verified member within frozen authority,,
#102/issue102-cross-prompt-v1,host/stage-c-v2/run-004-01-math-b8-exact/result.json,7421b268e2bfeae6b8f7415521d5ccbcd6086387e5feff14ad03b395a63df75b,11998,,01-math-b8,issue102_full_prompt,,MEASURED_PHYSICAL,issue102_full_prompt,accepted,checksum-verified member within frozen authority,,
#102/issue102-cross-prompt-v1,host/stage-c-v2/run-004-01-math-b8-exact/stderr.log,08d85235c87ca327f337bf2a23a5250e06e2ae94ced24b687fbb05344f317a7f,67,,01-math-b8,issue102_full_prompt,,MEASURED_PHYSICAL,issue102_full_prompt,accepted,checksum-verified member within frozen authority,,
#102/issue102-cross-prompt-v1,host/stage-c-v2/run-004-01-math-b8-exact/stdout.log,c3880df0224d9595f624cd6a94828d4fc11549729af0a6596e499763d32698a7,8993,,01-math-b8,issue102_full_prompt,,MEASURED_PHYSICAL,issue102_full_prompt,accepted,checksum-verified member within frozen authority,,
#102/issue102-cross-prompt-v1,host/stage-c-v2/run-005-02-formal-b8-exact/envelope.json,9d8ce413ec4bbd5b3f62de230417c9817b2efa09a80b865aa69d6c8cf81a2919,25410,,02-formal-b8,issue102_full_prompt,,MEASURED_PHYSICAL,issue102_full_prompt,accepted,checksum-verified member within frozen authority,,
#102/issue102-cross-prompt-v1,host/stage-c-v2/run-005-02-formal-b8-exact/result.json,881c1f014d035a44b9fc2ac57631722bf3b823bd8546db9fa2d3d1dfe95ae5ed,12035,,02-formal-b8,issue102_full_prompt,,MEASURED_PHYSICAL,issue102_full_prompt,accepted,checksum-verified member within frozen authority,,
#102/issue102-cross-prompt-v1,host/stage-c-v2/run-005-02-formal-b8-exact/stderr.log,08d85235c87ca327f337bf2a23a5250e06e2ae94ced24b687fbb05344f317a7f,67,,02-formal-b8,issue102_full_prompt,,MEASURED_PHYSICAL,issue102_full_prompt,accepted,checksum-verified member within frozen authority,,
#102/issue102-cross-prompt-v1,host/stage-c-v2/run-005-02-formal-b8-exact/stdout.log,2956a1eafc2a5ab3ca4e324d0273cade614b2b88a10dec8845351fd0f8700885,9030,,02-formal-b8,issue102_full_prompt,,MEASURED_PHYSICAL,issue102_full_prompt,accepted,checksum-verified member within frozen authority,,
#102/issue102-cross-prompt-v1,host/stage-c-v2/run-006-02-formal-b8-knee/envelope.json,d771317c084b970d6b481adf8ee78eac2a29d04ee641022dbe6cd9cacb005fd3,25413,,02-formal-b8,issue102_full_prompt,,MEASURED_PHYSICAL,issue102_full_prompt,accepted,checksum-verified member within frozen authority,,
#102/issue102-cross-prompt-v1,host/stage-c-v2/run-006-02-formal-b8-knee/result.json,e4fb467c8478ad4d92563abbfa380cbbd707659704d2ead69cf9e6ca1a3e2e30,12101,,02-formal-b8,issue102_full_prompt,,MEASURED_PHYSICAL,issue102_full_prompt,accepted,checksum-verified member within frozen authority,,
#102/issue102-cross-prompt-v1,host/stage-c-v2/run-006-02-formal-b8-knee/stderr.log,08d85235c87ca327f337bf2a23a5250e06e2ae94ced24b687fbb05344f317a7f,67,,02-formal-b8,issue102_full_prompt,,MEASURED_PHYSICAL,issue102_full_prompt,accepted,checksum-verified member within frozen authority,,
#102/issue102-cross-prompt-v1,host/stage-c-v2/run-006-02-formal-b8-knee/stdout.log,c3baa5c33ba3f399b8054c114f0b928683900f2dd58181c6b78dc2190ec65b70,9096,,02-formal-b8,issue102_full_prompt,,MEASURED_PHYSICAL,issue102_full_prompt,accepted,checksum-verified member within frozen authority,,
#102/issue102-cross-prompt-v1,host/stage-c-v2/run-007-03-science-b6-knee/envelope.json,db92b54aa256ee57ca3e7b12e3e15c983d6c41624d5666d768de5264efa22d23,25414,,03-science-b6,issue102_full_prompt,,MEASURED_PHYSICAL,issue102_full_prompt,accepted,checksum-verified member within frozen authority,,
#102/issue102-cross-prompt-v1,host/stage-c-v2/run-007-03-science-b6-knee/result.json,998a3ad23ea6fc76ca0d5c6c3142f4a4322be5a9b7dfbe7cf9d0f14bfc7243d8,12052,,03-science-b6,issue102_full_prompt,,MEASURED_PHYSICAL,issue102_full_prompt,accepted,checksum-verified member within frozen authority,,
#102/issue102-cross-prompt-v1,host/stage-c-v2/run-007-03-science-b6-knee/stderr.log,08d85235c87ca327f337bf2a23a5250e06e2ae94ced24b687fbb05344f317a7f,67,,03-science-b6,issue102_full_prompt,,MEASURED_PHYSICAL,issue102_full_prompt,accepted,checksum-verified member within frozen authority,,
#102/issue102-cross-prompt-v1,host/stage-c-v2/run-007-03-science-b6-knee/stdout.log,047cceaea0fb4439d89ff3e0042c94c716fe7f686eca5c0952f6dd781bd3a61b,9047,,03-science-b6,issue102_full_prompt,,MEASURED_PHYSICAL,issue102_full_prompt,accepted,checksum-verified member within frozen authority,,
#102/issue102-cross-prompt-v1,host/stage-c-v2/run-008-03-science-b6-exact/envelope.json,86ef8e2ad964704dd80a76435449ea0f4bf7d784d03a194ffebfd93cfeeb4d4e,25421,,03-science-b6,issue102_full_prompt,,MEASURED_PHYSICAL,issue102_full_prompt,accepted,checksum-verified member within frozen authority,,
#102/issue102-cross-prompt-v1,host/stage-c-v2/run-008-03-science-b6-exact/result.json,b17a1ab8a90821838986ae31d1b477b4e4c874ff9144f07e7845bd027d42b286,11986,,03-science-b6,issue102_full_prompt,,MEASURED_PHYSICAL,issue102_full_prompt,accepted,checksum-verified member within frozen authority,,
#102/issue102-cross-prompt-v1,host/stage-c-v2/run-008-03-science-b6-exact/stderr.log,08d85235c87ca327f337bf2a23a5250e06e2ae94ced24b687fbb05344f317a7f,67,,03-science-b6,issue102_full_prompt,,MEASURED_PHYSICAL,issue102_full_prompt,accepted,checksum-verified member within frozen authority,,
#102/issue102-cross-prompt-v1,host/stage-c-v2/run-008-03-science-b6-exact/stdout.log,f7811c7ef65401ba974f45dc1e24fb7432aa18c14f316fc80961ea80bbecfdec,8981,,03-science-b6,issue102_full_prompt,,MEASURED_PHYSICAL,issue102_full_prompt,accepted,checksum-verified member within frozen authority,,
#102/issue102-cross-prompt-v1,host/stage-c-v2/run-009-04-factual-b4-exact/envelope.json,818ae3e567f77b447582c3068fe98d43240c9ac6c6431404dd441ae4855667a7,25427,,04-factual-b4,issue102_full_prompt,,MEASURED_PHYSICAL,issue102_full_prompt,accepted,checksum-verified member within frozen authority,,
#102/issue102-cross-prompt-v1,host/stage-c-v2/run-009-04-factual-b4-exact/result.json,1611fd456d88afeeb037b46e3d362ea4cc5ef17d07695d0c22202e0becf705d2,11998,,04-factual-b4,issue102_full_prompt,,MEASURED_PHYSICAL,issue102_full_prompt,accepted,checksum-verified member within frozen authority,,
#102/issue102-cross-prompt-v1,host/stage-c-v2/run-009-04-factual-b4-exact/stderr.log,08d85235c87ca327f337bf2a23a5250e06e2ae94ced24b687fbb05344f317a7f,67,,04-factual-b4,issue102_full_prompt,,MEASURED_PHYSICAL,issue102_full_prompt,accepted,checksum-verified member within frozen authority,,
#102/issue102-cross-prompt-v1,host/stage-c-v2/run-009-04-factual-b4-exact/stdout.log,d54904694aed983ade08055b36680bad949b4b3bbb9b3ee5cee3dba9f1be028a,8993,,04-factual-b4,issue102_full_prompt,,MEASURED_PHYSICAL,issue102_full_prompt,accepted,checksum-verified member within frozen authority,,
#102/issue102-cross-prompt-v1,host/stage-c-v2/run-010-04-factual-b4-knee/envelope.json,2f3b463c6072a11a3c9123debd6a0c802d37d00cedfa4f995e00def21c7993e8,25416,,04-factual-b4,issue102_full_prompt,,MEASURED_PHYSICAL,issue102_full_prompt,accepted,checksum-verified member within frozen authority,,
#102/issue102-cross-prompt-v1,host/stage-c-v2/run-010-04-factual-b4-knee/result.json,2e73aa4d8cfb436f2e074781b5703a3b4390acb86e37ce67ecaa5d00d6eec100,12072,,04-factual-b4,issue102_full_prompt,,MEASURED_PHYSICAL,issue102_full_prompt,accepted,checksum-verified member within frozen authority,,
#102/issue102-cross-prompt-v1,host/stage-c-v2/run-010-04-factual-b4-knee/stderr.log,08d85235c87ca327f337bf2a23a5250e06e2ae94ced24b687fbb05344f317a7f,67,,04-factual-b4,issue102_full_prompt,,MEASURED_PHYSICAL,issue102_full_prompt,accepted,checksum-verified member within frozen authority,,
#102/issue102-cross-prompt-v1,host/stage-c-v2/run-010-04-factual-b4-knee/stdout.log,78d1586d50e0ec1a52d936933981e5d2fa06d64f2da2190b24f866b69e8a955f,9067,,04-factual-b4,issue102_full_prompt,,MEASURED_PHYSICAL,issue102_full_prompt,accepted,checksum-verified member within frozen authority,,
#102/issue102-cross-prompt-v1,host/stage-c-v2/run-011-08-summary-b5-knee/envelope.json,e5799678a2943e66c1287b54328e278845b1fbeaa1407fb8ce897fed87cf7ef6,25423,,08-summary-b5,issue102_full_prompt,,MEASURED_PHYSICAL,issue102_full_prompt,accepted,checksum-verified member within frozen authority,,
#102/issue102-cross-prompt-v1,host/stage-c-v2/run-011-08-summary-b5-knee/result.json,ecc017ab0378db9f131ed128162bfc19330d99d6d5db5b699737972c7a72e1b1,12075,,08-summary-b5,issue102_full_prompt,,MEASURED_PHYSICAL,issue102_full_prompt,accepted,checksum-verified member within frozen authority,,
#102/issue102-cross-prompt-v1,host/stage-c-v2/run-011-08-summary-b5-knee/stderr.log,08d85235c87ca327f337bf2a23a5250e06e2ae94ced24b687fbb05344f317a7f,67,,08-summary-b5,issue102_full_prompt,,MEASURED_PHYSICAL,issue102_full_prompt,accepted,checksum-verified member within frozen authority,,
#102/issue102-cross-prompt-v1,host/stage-c-v2/run-011-08-summary-b5-knee/stdout.log,8191ba865e8053d7e593c47a366b05458bf5f4f28783e143202856f84a636334,9070,,08-summary-b5,issue102_full_prompt,,MEASURED_PHYSICAL,issue102_full_prompt,accepted,checksum-verified member within frozen authority,,
#102/issue102-cross-prompt-v1,host/stage-c-v2/run-012-08-summary-b5-exact/envelope.json,8ff43a2398846785f0c045d005ba58809a8925da8670e5a0403bb4b14d9afd99,25428,,08-summary-b5,issue102_full_prompt,,MEASURED_PHYSICAL,issue102_full_prompt,accepted,checksum-verified member within frozen authority,,
#102/issue102-cross-prompt-v1,host/stage-c-v2/run-012-08-summary-b5-exact/result.json,95fbc54dbfd4ef6c0c65145793c8e2c0635f81a629cd64b93686cc0394e0e9f5,12016,,08-summary-b5,issue102_full_prompt,,MEASURED_PHYSICAL,issue102_full_prompt,accepted,checksum-verified member within frozen authority,,
#102/issue102-cross-prompt-v1,host/stage-c-v2/run-012-08-summary-b5-exact/stderr.log,08d85235c87ca327f337bf2a23a5250e06e2ae94ced24b687fbb05344f317a7f,67,,08-summary-b5,issue102_full_prompt,,MEASURED_PHYSICAL,issue102_full_prompt,accepted,checksum-verified member within frozen authority,,
#102/issue102-cross-prompt-v1,host/stage-c-v2/run-012-08-summary-b5-exact/stdout.log,4ab9941bb58316afde1f2a776f6a79f4b78212c521b1b52cdbacc549a70bfb4c,9011,,08-summary-b5,issue102_full_prompt,,MEASURED_PHYSICAL,issue102_full_prompt,accepted,checksum-verified member within frozen authority,,
#102/issue102-cross-prompt-v1,host/stage-c-v2/run-013-11-instructions-b5-exact/envelope.json,99ac1d14ec0603ab9108b9b5daa92f3fe625e7ff9d1e2819e2238d637ac89c3a,25428,,11-instructions-b5,issue102_full_prompt,,MEASURED_PHYSICAL,issue102_full_prompt,accepted,checksum-verified member within frozen authority,,
#102/issue102-cross-prompt-v1,host/stage-c-v2/run-013-11-instructions-b5-exact/result.json,6d5b069b449feec4298cfeba573aa42a001503eed36690ef2f1c2c102901c3e3,12048,,11-instructions-b5,issue102_full_prompt,,MEASURED_PHYSICAL,issue102_full_prompt,accepted,checksum-verified member within frozen authority,,
#102/issue102-cross-prompt-v1,host/stage-c-v2/run-013-11-instructions-b5-exact/stderr.log,08d85235c87ca327f337bf2a23a5250e06e2ae94ced24b687fbb05344f317a7f,67,,11-instructions-b5,issue102_full_prompt,,MEASURED_PHYSICAL,issue102_full_prompt,accepted,checksum-verified member within frozen authority,,
#102/issue102-cross-prompt-v1,host/stage-c-v2/run-013-11-instructions-b5-exact/stdout.log,ff4ccf7d573e3e560101e4c37fe8fd0a6c48096e789e23bb69f543fde5381a3b,9043,,11-instructions-b5,issue102_full_prompt,,MEASURED_PHYSICAL,issue102_full_prompt,accepted,checksum-verified member within frozen authority,,
#102/issue102-cross-prompt-v1,host/stage-c-v2/run-014-11-instructions-b5-knee/envelope.json,9e7369053a8191b7fc4520111a348c514dd7fccf7d7e7f2d0520929cbebfb3ac,25425,,11-instructions-b5,issue102_full_prompt,,MEASURED_PHYSICAL,issue102_full_prompt,accepted,checksum-verified member within frozen authority,,
#102/issue102-cross-prompt-v1,host/stage-c-v2/run-014-11-instructions-b5-knee/result.json,0c13ae2bf3ca0aafb6d6ccda9c11c85a0eab45556b5b6b48fd1b38f468cb1848,12108,,11-instructions-b5,issue102_full_prompt,,MEASURED_PHYSICAL,issue102_full_prompt,accepted,checksum-verified member within frozen authority,,
#102/issue102-cross-prompt-v1,host/stage-c-v2/run-014-11-instructions-b5-knee/stderr.log,08d85235c87ca327f337bf2a23a5250e06e2ae94ced24b687fbb05344f317a7f,67,,11-instructions-b5,issue102_full_prompt,,MEASURED_PHYSICAL,issue102_full_prompt,accepted,checksum-verified member within frozen authority,,
#102/issue102-cross-prompt-v1,host/stage-c-v2/run-014-11-instructions-b5-knee/stdout.log,f9a27c1f680a82d298026a0cf7fb05505eac9eeea8b19bb7f6337823936966d4,9103,,11-instructions-b5,issue102_full_prompt,,MEASURED_PHYSICAL,issue102_full_prompt,accepted,checksum-verified member within frozen authority,,
#102/issue102-cross-prompt-v1,host/stage-c-v2/run-015-11-instructions-b6-knee/envelope.json,d9690718da05a8fe554264b44d17c29bb2e282714a4feda182b6a00589d356aa,25426,,11-instructions-b6,issue102_full_prompt,,MEASURED_PHYSICAL,issue102_full_prompt,accepted,checksum-verified member within frozen authority,,
#102/issue102-cross-prompt-v1,host/stage-c-v2/run-015-11-instructions-b6-knee/result.json,36396d1eaedb0d5467bab4480ad2660cca8d431ae23b9947c626268e27419e89,12118,,11-instructions-b6,issue102_full_prompt,,MEASURED_PHYSICAL,issue102_full_prompt,accepted,checksum-verified member within frozen authority,,
#102/issue102-cross-prompt-v1,host/stage-c-v2/run-015-11-instructions-b6-knee/stderr.log,08d85235c87ca327f337bf2a23a5250e06e2ae94ced24b687fbb05344f317a7f,67,,11-instructions-b6,issue102_full_prompt,,MEASURED_PHYSICAL,issue102_full_prompt,accepted,checksum-verified member within frozen authority,,
#102/issue102-cross-prompt-v1,host/stage-c-v2/run-015-11-instructions-b6-knee/stdout.log,e6f01c93122035be7e9def796a68074c73503d22dd5a364449c2fea988b2ec34,9113,,11-instructions-b6,issue102_full_prompt,,MEASURED_PHYSICAL,issue102_full_prompt,accepted,checksum-verified member within frozen authority,,
#102/issue102-cross-prompt-v1,host/stage-c-v2/run-016-11-instructions-b6-exact/envelope.json,1b0c3f0b122a4e57cb6a094a73b0367694b823d721affec334a9f68d78ff78e3,25431,,11-instructions-b6,issue102_full_prompt,,MEASURED_PHYSICAL,issue102_full_prompt,accepted,checksum-verified member within frozen authority,,
#102/issue102-cross-prompt-v1,host/stage-c-v2/run-016-11-instructions-b6-exact/result.json,6163e99b30eeb33f24e76a0c30d31bd941ee0ad9d3fe6467ae36a25b23ce3f44,12057,,11-instructions-b6,issue102_full_prompt,,MEASURED_PHYSICAL,issue102_full_prompt,accepted,checksum-verified member within frozen authority,,
#102/issue102-cross-prompt-v1,host/stage-c-v2/run-016-11-instructions-b6-exact/stderr.log,08d85235c87ca327f337bf2a23a5250e06e2ae94ced24b687fbb05344f317a7f,67,,11-instructions-b6,issue102_full_prompt,,MEASURED_PHYSICAL,issue102_full_prompt,accepted,checksum-verified member within frozen authority,,
#102/issue102-cross-prompt-v1,host/stage-c-v2/run-016-11-instructions-b6-exact/stdout.log,53c0479eb96781205a19376cf1e066350a931e51851b70347e65b16d6c4b8d8c,9052,,11-instructions-b6,issue102_full_prompt,,MEASURED_PHYSICAL,issue102_full_prompt,accepted,checksum-verified member within frozen authority,,
#102/issue102-cross-prompt-v1,host/stage-c-v2/run-017-01-math-b1-exact/envelope.json,1f53bd6e65d5d4a45d52a329b2246485aa558c893912bf85948f3435be05375f,25421,,01-math-b1,issue102_full_prompt,,MEASURED_PHYSICAL,issue102_full_prompt,accepted,checksum-verified member within frozen authority,,
#102/issue102-cross-prompt-v1,host/stage-c-v2/run-017-01-math-b1-exact/result.json,3cc4c4773b63a08715648db0af013300c6e276406d8137bd6b92b395713986d5,11995,,01-math-b1,issue102_full_prompt,,MEASURED_PHYSICAL,issue102_full_prompt,accepted,checksum-verified member within frozen authority,,
#102/issue102-cross-prompt-v1,host/stage-c-v2/run-017-01-math-b1-exact/stderr.log,08d85235c87ca327f337bf2a23a5250e06e2ae94ced24b687fbb05344f317a7f,67,,01-math-b1,issue102_full_prompt,,MEASURED_PHYSICAL,issue102_full_prompt,accepted,checksum-verified member within frozen authority,,
#102/issue102-cross-prompt-v1,host/stage-c-v2/run-017-01-math-b1-exact/stdout.log,92493ff9607306ac4340aa2316879e25c90ce248c5ba3febfdafe9bac314f2b1,8990,,01-math-b1,issue102_full_prompt,,MEASURED_PHYSICAL,issue102_full_prompt,accepted,checksum-verified member within frozen authority,,
#102/issue102-cross-prompt-v1,host/stage-c-v2/run-018-01-math-b1-knee/envelope.json,681db8b82d55a34e29b02f5d07e30be52c733b53e0c8f977a15f9fe2e1259384,25402,,01-math-b1,issue102_full_prompt,,MEASURED_PHYSICAL,issue102_full_prompt,accepted,checksum-verified member within frozen authority,,
#102/issue102-cross-prompt-v1,host/stage-c-v2/run-018-01-math-b1-knee/result.json,7e8d41737141f5b3f689b8ca5d6b3c7cde6f27faf9cddf8284dfe8090f11bdcf,12061,,01-math-b1,issue102_full_prompt,,MEASURED_PHYSICAL,issue102_full_prompt,accepted,checksum-verified member within frozen authority,,
#102/issue102-cross-prompt-v1,host/stage-c-v2/run-018-01-math-b1-knee/stderr.log,08d85235c87ca327f337bf2a23a5250e06e2ae94ced24b687fbb05344f317a7f,67,,01-math-b1,issue102_full_prompt,,MEASURED_PHYSICAL,issue102_full_prompt,accepted,checksum-verified member within frozen authority,,
#102/issue102-cross-prompt-v1,host/stage-c-v2/run-018-01-math-b1-knee/stdout.log,9f7cdf956db73c6aa56c1bfafac2d3eec033ec6beb6bfd82a94c0a66a1840164,9056,,01-math-b1,issue102_full_prompt,,MEASURED_PHYSICAL,issue102_full_prompt,accepted,checksum-verified member within frozen authority,,
#102/issue102-cross-prompt-v1,host/stage-c-v2/run-019-02-formal-b3-knee/envelope.json,0810a6cfa5b5382227b44fc4a70ae464fda39d507bf0f1d4c75503ef10425874,25409,,02-formal-b3,issue102_full_prompt,,MEASURED_PHYSICAL,issue102_full_prompt,accepted,checksum-verified member within frozen authority,,
#102/issue102-cross-prompt-v1,host/stage-c-v2/run-019-02-formal-b3-knee/result.json,82bc7186180d31446c5d1c462fb0bdc22417de70bb37386dea4d55d6738dcd6e,12055,,02-formal-b3,issue102_full_prompt,,MEASURED_PHYSICAL,issue102_full_prompt,accepted,checksum-verified member within frozen authority,,
#102/issue102-cross-prompt-v1,host/stage-c-v2/run-019-02-formal-b3-knee/stderr.log,08d85235c87ca327f337bf2a23a5250e06e2ae94ced24b687fbb05344f317a7f,67,,02-formal-b3,issue102_full_prompt,,MEASURED_PHYSICAL,issue102_full_prompt,accepted,checksum-verified member within frozen authority,,
#102/issue102-cross-prompt-v1,host/stage-c-v2/run-019-02-formal-b3-knee/stdout.log,b68b621571d08dfd7b31429e14f1b6ee6e423b24efbc0c9f1ba662dfee78688e,9050,,02-formal-b3,issue102_full_prompt,,MEASURED_PHYSICAL,issue102_full_prompt,accepted,checksum-verified member within frozen authority,,
#102/issue102-cross-prompt-v1,host/stage-c-v2/run-020-02-formal-b3-exact/envelope.json,fd7adbb0bacf7ca5195fa3d1f6f70f4dfc4ff4ff96855dc7f15e19c20081681b,25425,,02-formal-b3,issue102_full_prompt,,MEASURED_PHYSICAL,issue102_full_prompt,accepted,checksum-verified member within frozen authority,,
#102/issue102-cross-prompt-v1,host/stage-c-v2/run-020-02-formal-b3-exact/result.json,ace7a1d57db1e26ef6a9523ce7e51f9aa05a16bec354fd8eca6dcd152d60f763,12003,,02-formal-b3,issue102_full_prompt,,MEASURED_PHYSICAL,issue102_full_prompt,accepted,checksum-verified member within frozen authority,,
#102/issue102-cross-prompt-v1,host/stage-c-v2/run-020-02-formal-b3-exact/stderr.log,08d85235c87ca327f337bf2a23a5250e06e2ae94ced24b687fbb05344f317a7f,67,,02-formal-b3,issue102_full_prompt,,MEASURED_PHYSICAL,issue102_full_prompt,accepted,checksum-verified member within frozen authority,,
#102/issue102-cross-prompt-v1,host/stage-c-v2/run-020-02-formal-b3-exact/stdout.log,8b9975dbf9e9c2156de16d8fe84aae8c6a7c9dec0e9210423b3b9e94a693c068,8998,,02-formal-b3,issue102_full_prompt,,MEASURED_PHYSICAL,issue102_full_prompt,accepted,checksum-verified member within frozen authority,,
#102/issue102-cross-prompt-v1,host/stage-c-v2/run-021-03-science-b3-exact/envelope.json,d2bffefecddf51bd4a029eb90995ebb0fd0a77611020acabfc549b3d6c9aee50,25416,,03-science-b3,issue102_full_prompt,,MEASURED_PHYSICAL,issue102_full_prompt,accepted,checksum-verified member within frozen authority,,
#102/issue102-cross-prompt-v1,host/stage-c-v2/run-021-03-science-b3-exact/result.json,94489597fbec7a0c4b7f46caa5e3d9755640d569fa13bcb69164803b3306e6d8,12042,,03-science-b3,issue102_full_prompt,,MEASURED_PHYSICAL,issue102_full_prompt,accepted,checksum-verified member within frozen authority,,
#102/issue102-cross-prompt-v1,host/stage-c-v2/run-021-03-science-b3-exact/stderr.log,08d85235c87ca327f337bf2a23a5250e06e2ae94ced24b687fbb05344f317a7f,67,,03-science-b3,issue102_full_prompt,,MEASURED_PHYSICAL,issue102_full_prompt,accepted,checksum-verified member within frozen authority,,
#102/issue102-cross-prompt-v1,host/stage-c-v2/run-021-03-science-b3-exact/stdout.log,a28ee2db9b6b93579ccb8a106ec4be23656aa768adb6a6ed67fc29a78d863d17,9037,,03-science-b3,issue102_full_prompt,,MEASURED_PHYSICAL,issue102_full_prompt,accepted,checksum-verified member within frozen authority,,
#102/issue102-cross-prompt-v1,host/stage-c-v2/run-022-03-science-b3-knee/envelope.json,a6f604441464fffa1871ee3d6c946fc1e1c5d325abd489c3a68c6a91abf7d911,25411,,03-science-b3,issue102_full_prompt,,MEASURED_PHYSICAL,issue102_full_prompt,accepted,checksum-verified member within frozen authority,,
#102/issue102-cross-prompt-v1,host/stage-c-v2/run-022-03-science-b3-knee/result.json,58b7cab93f58cdd7c18c3765a2d7bd6b7bbab1a4d91830cac1501e7de484f22e,12104,,03-science-b3,issue102_full_prompt,,MEASURED_PHYSICAL,issue102_full_prompt,accepted,checksum-verified member within frozen authority,,
#102/issue102-cross-prompt-v1,host/stage-c-v2/run-022-03-science-b3-knee/stderr.log,08d85235c87ca327f337bf2a23a5250e06e2ae94ced24b687fbb05344f317a7f,67,,03-science-b3,issue102_full_prompt,,MEASURED_PHYSICAL,issue102_full_prompt,accepted,checksum-verified member within frozen authority,,
#102/issue102-cross-prompt-v1,host/stage-c-v2/run-022-03-science-b3-knee/stdout.log,22170eed759a800edfac25d382d0acb1b1be21f768eba679a2367cc64430a5c1,9099,,03-science-b3,issue102_full_prompt,,MEASURED_PHYSICAL,issue102_full_prompt,accepted,checksum-verified member within frozen authority,,
#102/issue102-cross-prompt-v1,host/stage-c-v2/run-023-04-factual-b2-knee/envelope.json,80bf965296ea52a0f1692fa1277b8f445dd053efba02c65a2fa573f675414453,25433,,04-factual-b2,issue102_full_prompt,,MEASURED_PHYSICAL,issue102_full_prompt,accepted,checksum-verified member within frozen authority,,
#102/issue102-cross-prompt-v1,host/stage-c-v2/run-023-04-factual-b2-knee/result.json,cad479c627af8c6dd55a064d55b0f4e6f09b0470d9d2ed065a2952c3b091a00e,12073,,04-factual-b2,issue102_full_prompt,,MEASURED_PHYSICAL,issue102_full_prompt,accepted,checksum-verified member within frozen authority,,
#102/issue102-cross-prompt-v1,host/stage-c-v2/run-023-04-factual-b2-knee/stderr.log,08d85235c87ca327f337bf2a23a5250e06e2ae94ced24b687fbb05344f317a7f,67,,04-factual-b2,issue102_full_prompt,,MEASURED_PHYSICAL,issue102_full_prompt,accepted,checksum-verified member within frozen authority,,
#102/issue102-cross-prompt-v1,host/stage-c-v2/run-023-04-factual-b2-knee/stdout.log,ddcf0de57398aa948946efb52a71db822d6fff7bc49ac999645b0aa73e145d4c,9068,,04-factual-b2,issue102_full_prompt,,MEASURED_PHYSICAL,issue102_full_prompt,accepted,checksum-verified member within frozen authority,,
#102/issue102-cross-prompt-v1,host/stage-c-v2/run-024-04-factual-b2-exact/envelope.json,43f62508843fc510f490f3a312aee6d9842c53a95cb43a83ecf2fdf983077bf8,25412,,04-factual-b2,issue102_full_prompt,,MEASURED_PHYSICAL,issue102_full_prompt,accepted,checksum-verified member within frozen authority,,
#102/issue102-cross-prompt-v1,host/stage-c-v2/run-024-04-factual-b2-exact/result.json,778eb9438f2e57da8b2cf33f839ecda193f17139dffcdb217b2a30b27b7ba395,12017,,04-factual-b2,issue102_full_prompt,,MEASURED_PHYSICAL,issue102_full_prompt,accepted,checksum-verified member within frozen authority,,
#102/issue102-cross-prompt-v1,host/stage-c-v2/run-024-04-factual-b2-exact/stderr.log,08d85235c87ca327f337bf2a23a5250e06e2ae94ced24b687fbb05344f317a7f,67,,04-factual-b2,issue102_full_prompt,,MEASURED_PHYSICAL,issue102_full_prompt,accepted,checksum-verified member within frozen authority,,
#102/issue102-cross-prompt-v1,host/stage-c-v2/run-024-04-factual-b2-exact/stdout.log,4e26f8d4dc9b1c8666b5b4fc35e31d711c4ff99abe5c4eaed2576f5b82dc6474,9012,,04-factual-b2,issue102_full_prompt,,MEASURED_PHYSICAL,issue102_full_prompt,accepted,checksum-verified member within frozen authority,,
#102/issue102-cross-prompt-v1,host/stage-c-v2/run-025-05-codegen-b5-exact/envelope.json,a85576e24a955ac95b2d793a13db1db86f59d9807cd741cd957a6c6e417fdbca,25417,,05-codegen-b5,issue102_full_prompt,,MEASURED_PHYSICAL,issue102_full_prompt,accepted,checksum-verified member within frozen authority,,
#102/issue102-cross-prompt-v1,host/stage-c-v2/run-025-05-codegen-b5-exact/result.json,66452645aa0fb0514cc4048f2925b134ee5e2877f705547b2e04d54e56315ed6,11986,,05-codegen-b5,issue102_full_prompt,,MEASURED_PHYSICAL,issue102_full_prompt,accepted,checksum-verified member within frozen authority,,
#102/issue102-cross-prompt-v1,host/stage-c-v2/run-025-05-codegen-b5-exact/stderr.log,08d85235c87ca327f337bf2a23a5250e06e2ae94ced24b687fbb05344f317a7f,67,,05-codegen-b5,issue102_full_prompt,,MEASURED_PHYSICAL,issue102_full_prompt,accepted,checksum-verified member within frozen authority,,
#102/issue102-cross-prompt-v1,host/stage-c-v2/run-025-05-codegen-b5-exact/stdout.log,9824b2c92fbd72be04627004c2db3edde1e001dad53b0f95472dba8506308df2,8981,,05-codegen-b5,issue102_full_prompt,,MEASURED_PHYSICAL,issue102_full_prompt,accepted,checksum-verified member within frozen authority,,
#102/issue102-cross-prompt-v1,host/stage-c-v2/run-026-05-codegen-b5-knee/envelope.json,f2f7a4aadc5a929df7cc995cf937f46dea5e60092b1c90a95e4c97ec9450c58a,25427,,05-codegen-b5,issue102_full_prompt,,MEASURED_PHYSICAL,issue102_full_prompt,accepted,checksum-verified member within frozen authority,,
#102/issue102-cross-prompt-v1,host/stage-c-v2/run-026-05-codegen-b5-knee/result.json,f02de94c91fb31b9c4d04601f724d34d7dabf51f72d23bfba615ed3c3c8d8c4b,12038,,05-codegen-b5,issue102_full_prompt,,MEASURED_PHYSICAL,issue102_full_prompt,accepted,checksum-verified member within frozen authority,,
#102/issue102-cross-prompt-v1,host/stage-c-v2/run-026-05-codegen-b5-knee/stderr.log,08d85235c87ca327f337bf2a23a5250e06e2ae94ced24b687fbb05344f317a7f,67,,05-codegen-b5,issue102_full_prompt,,MEASURED_PHYSICAL,issue102_full_prompt,accepted,checksum-verified member within frozen authority,,
#102/issue102-cross-prompt-v1,host/stage-c-v2/run-026-05-codegen-b5-knee/stdout.log,da0b4c2d10c91fa254e60fa26461e1d1e9f579437efa637eb8ea4d8f635b0838,9033,,05-codegen-b5,issue102_full_prompt,,MEASURED_PHYSICAL,issue102_full_prompt,accepted,checksum-verified member within frozen authority,,
#102/issue102-cross-prompt-v1,host/stage-c-v2/run-027-06-debug-b4-knee/envelope.json,f6b55ea5459393881206473bb4605f985d1a8a9ff1b19931ae6e9b4d734e108e,25413,,06-debug-b4,issue102_full_prompt,,MEASURED_PHYSICAL,issue102_full_prompt,accepted,checksum-verified member within frozen authority,,
#102/issue102-cross-prompt-v1,host/stage-c-v2/run-027-06-debug-b4-knee/result.json,9c1c5d589a22884fbad5ae250cb7aa8190367cf23a2ee87f91d4d203f505b9b1,12087,,06-debug-b4,issue102_full_prompt,,MEASURED_PHYSICAL,issue102_full_prompt,accepted,checksum-verified member within frozen authority,,
#102/issue102-cross-prompt-v1,host/stage-c-v2/run-027-06-debug-b4-knee/stderr.log,08d85235c87ca327f337bf2a23a5250e06e2ae94ced24b687fbb05344f317a7f,67,,06-debug-b4,issue102_full_prompt,,MEASURED_PHYSICAL,issue102_full_prompt,accepted,checksum-verified member within frozen authority,,
#102/issue102-cross-prompt-v1,host/stage-c-v2/run-027-06-debug-b4-knee/stdout.log,02e3e0041aa4cc786b6585218ab96e1e462ec5f726ede4cb937aca91f6f7957e,9082,,06-debug-b4,issue102_full_prompt,,MEASURED_PHYSICAL,issue102_full_prompt,accepted,checksum-verified member within frozen authority,,
#102/issue102-cross-prompt-v1,host/stage-c-v2/run-028-06-debug-b4-exact/envelope.json,116239256a0c74a1f0b7c7f0176bf9337843f88e914000d52288bdb7325fd6ec,25419,,06-debug-b4,issue102_full_prompt,,MEASURED_PHYSICAL,issue102_full_prompt,accepted,checksum-verified member within frozen authority,,
#102/issue102-cross-prompt-v1,host/stage-c-v2/run-028-06-debug-b4-exact/result.json,a3bc0f2cab4869e2714e2b29912305b9841f6b369e87ab4f25227d61030cde03,12007,,06-debug-b4,issue102_full_prompt,,MEASURED_PHYSICAL,issue102_full_prompt,accepted,checksum-verified member within frozen authority,,
#102/issue102-cross-prompt-v1,host/stage-c-v2/run-028-06-debug-b4-exact/stderr.log,08d85235c87ca327f337bf2a23a5250e06e2ae94ced24b687fbb05344f317a7f,67,,06-debug-b4,issue102_full_prompt,,MEASURED_PHYSICAL,issue102_full_prompt,accepted,checksum-verified member within frozen authority,,
#102/issue102-cross-prompt-v1,host/stage-c-v2/run-028-06-debug-b4-exact/stdout.log,8a9870b04163bc3f1aaf7cf21b86b13768c4f6a3c2a1d8b95ba9efd605700676,9002,,06-debug-b4,issue102_full_prompt,,MEASURED_PHYSICAL,issue102_full_prompt,accepted,checksum-verified member within frozen authority,,
#102/issue102-cross-prompt-v1,host/stage-c-v2/run-029-07-algorithms-b2-exact/envelope.json,d93c5c2c98f032cb38cd0f5ee014e44b584a0db18470f28bb22b94760874adbb,25437,,07-algorithms-b2,issue102_full_prompt,,MEASURED_PHYSICAL,issue102_full_prompt,accepted,checksum-verified member within frozen authority,,
#102/issue102-cross-prompt-v1,host/stage-c-v2/run-029-07-algorithms-b2-exact/result.json,ac9a5c141dbf5e02be24101609326b2e1dfdb2c6608e168203521980d0da015d,12025,,07-algorithms-b2,issue102_full_prompt,,MEASURED_PHYSICAL,issue102_full_prompt,accepted,checksum-verified member within frozen authority,,
#102/issue102-cross-prompt-v1,host/stage-c-v2/run-029-07-algorithms-b2-exact/stderr.log,08d85235c87ca327f337bf2a23a5250e06e2ae94ced24b687fbb05344f317a7f,67,,07-algorithms-b2,issue102_full_prompt,,MEASURED_PHYSICAL,issue102_full_prompt,accepted,checksum-verified member within frozen authority,,
#102/issue102-cross-prompt-v1,host/stage-c-v2/run-029-07-algorithms-b2-exact/stdout.log,a74524d8751980e23a2c5ad8d18ea3f37b928bd7f9d4cec791001459e1a406b1,9020,,07-algorithms-b2,issue102_full_prompt,,MEASURED_PHYSICAL,issue102_full_prompt,accepted,checksum-verified member within frozen authority,,
#102/issue102-cross-prompt-v1,host/stage-c-v2/run-030-07-algorithms-b2-knee/envelope.json,36cf3324f88a3989448d0239e321298b7fff059c3c22e1110830f50a9ae72195,25433,,07-algorithms-b2,issue102_full_prompt,,MEASURED_PHYSICAL,issue102_full_prompt,accepted,checksum-verified member within frozen authority,,
#102/issue102-cross-prompt-v1,host/stage-c-v2/run-030-07-algorithms-b2-knee/result.json,c784efed34e8d88db72be80fcda4ba3d9cf894350864c79fd4e21d4ca875310f,12081,,07-algorithms-b2,issue102_full_prompt,,MEASURED_PHYSICAL,issue102_full_prompt,accepted,checksum-verified member within frozen authority,,
#102/issue102-cross-prompt-v1,host/stage-c-v2/run-030-07-algorithms-b2-knee/stderr.log,08d85235c87ca327f337bf2a23a5250e06e2ae94ced24b687fbb05344f317a7f,67,,07-algorithms-b2,issue102_full_prompt,,MEASURED_PHYSICAL,issue102_full_prompt,accepted,checksum-verified member within frozen authority,,
#102/issue102-cross-prompt-v1,host/stage-c-v2/run-030-07-algorithms-b2-knee/stdout.log,74923d8861f9eb3ac4e70c61aa36969ca6590f96dfce80981335eaa80f126786,9076,,07-algorithms-b2,issue102_full_prompt,,MEASURED_PHYSICAL,issue102_full_prompt,accepted,checksum-verified member within frozen authority,,
#102/issue102-cross-prompt-v1,host/stage-c-v2/run-031-08-summary-b2-knee/envelope.json,863d6db0cf0c88cb807f8f459f632b9c4b8b7e359199222d4451f02a9fd3dec5,25408,,08-summary-b2,issue102_full_prompt,,MEASURED_PHYSICAL,issue102_full_prompt,accepted,checksum-verified member within frozen authority,,
#102/issue102-cross-prompt-v1,host/stage-c-v2/run-031-08-summary-b2-knee/result.json,c9cd92074fef4cd9af70b7f69cdb9e3ef4deb182d510f974749e7997c4d69231,12067,,08-summary-b2,issue102_full_prompt,,MEASURED_PHYSICAL,issue102_full_prompt,accepted,checksum-verified member within frozen authority,,
#102/issue102-cross-prompt-v1,host/stage-c-v2/run-031-08-summary-b2-knee/stderr.log,08d85235c87ca327f337bf2a23a5250e06e2ae94ced24b687fbb05344f317a7f,67,,08-summary-b2,issue102_full_prompt,,MEASURED_PHYSICAL,issue102_full_prompt,accepted,checksum-verified member within frozen authority,,
#102/issue102-cross-prompt-v1,host/stage-c-v2/run-031-08-summary-b2-knee/stdout.log,a7375df8a9ebe976dcdc8b3ca034b761b5ca7704a1f4bf61d7289d104c98cc3a,9062,,08-summary-b2,issue102_full_prompt,,MEASURED_PHYSICAL,issue102_full_prompt,accepted,checksum-verified member within frozen authority,,
#102/issue102-cross-prompt-v1,host/stage-c-v2/run-032-08-summary-b2-exact/envelope.json,5d0c5587c8ef4109bfe2612c168845333940bd0c11cdcdfe23dda28d81d4de2a,25418,,08-summary-b2,issue102_full_prompt,,MEASURED_PHYSICAL,issue102_full_prompt,accepted,checksum-verified member within frozen authority,,
#102/issue102-cross-prompt-v1,host/stage-c-v2/run-032-08-summary-b2-exact/result.json,9fe6125b05c5042158d3022b3a5308f5e95187f7bb00f09c29ca43a9846b230a,12002,,08-summary-b2,issue102_full_prompt,,MEASURED_PHYSICAL,issue102_full_prompt,accepted,checksum-verified member within frozen authority,,
#102/issue102-cross-prompt-v1,host/stage-c-v2/run-032-08-summary-b2-exact/stderr.log,08d85235c87ca327f337bf2a23a5250e06e2ae94ced24b687fbb05344f317a7f,67,,08-summary-b2,issue102_full_prompt,,MEASURED_PHYSICAL,issue102_full_prompt,accepted,checksum-verified member within frozen authority,,
#102/issue102-cross-prompt-v1,host/stage-c-v2/run-032-08-summary-b2-exact/stdout.log,8ceab74df54d22544e66cddc58dadb1008f4b14bccf3debbdd39d25b2b87e908,8997,,08-summary-b2,issue102_full_prompt,,MEASURED_PHYSICAL,issue102_full_prompt,accepted,checksum-verified member within frozen authority,,
#102/issue102-cross-prompt-v1,host/stage-c-v2/run-033-09-extract-b8-exact/envelope.json,c45d4dfe545e1e6544f857fcfdb4a515786650393c707866f0ae8ab99a13c23d,25422,,09-extract-b8,issue102_full_prompt,,MEASURED_PHYSICAL,issue102_full_prompt,accepted,checksum-verified member within frozen authority,,
#102/issue102-cross-prompt-v1,host/stage-c-v2/run-033-09-extract-b8-exact/result.json,4d224e77284304cfc443ed5aae1fa6028712b7f031932a3288b799bff3d3e8ee,12026,,09-extract-b8,issue102_full_prompt,,MEASURED_PHYSICAL,issue102_full_prompt,accepted,checksum-verified member within frozen authority,,
#102/issue102-cross-prompt-v1,host/stage-c-v2/run-033-09-extract-b8-exact/stderr.log,08d85235c87ca327f337bf2a23a5250e06e2ae94ced24b687fbb05344f317a7f,67,,09-extract-b8,issue102_full_prompt,,MEASURED_PHYSICAL,issue102_full_prompt,accepted,checksum-verified member within frozen authority,,
#102/issue102-cross-prompt-v1,host/stage-c-v2/run-033-09-extract-b8-exact/stdout.log,8aa3bb4542e21477da2c2085f31a796a22526e443de91667e7293416d776be6c,9021,,09-extract-b8,issue102_full_prompt,,MEASURED_PHYSICAL,issue102_full_prompt,accepted,checksum-verified member within frozen authority,,
#102/issue102-cross-prompt-v1,host/stage-c-v2/run-034-09-extract-b8-knee/envelope.json,a82ddad02ff9fa2bfd408bde23a78e131068966a865151f80db33e3c188d361f,25420,,09-extract-b8,issue102_full_prompt,,MEASURED_PHYSICAL,issue102_full_prompt,accepted,checksum-verified member within frozen authority,,
#102/issue102-cross-prompt-v1,host/stage-c-v2/run-034-09-extract-b8-knee/result.json,9fb9307433902cacbc75e89defad104966e877a74f6e24545da141fb8dcfa457,12083,,09-extract-b8,issue102_full_prompt,,MEASURED_PHYSICAL,issue102_full_prompt,accepted,checksum-verified member within frozen authority,,
#102/issue102-cross-prompt-v1,host/stage-c-v2/run-034-09-extract-b8-knee/stderr.log,08d85235c87ca327f337bf2a23a5250e06e2ae94ced24b687fbb05344f317a7f,67,,09-extract-b8,issue102_full_prompt,,MEASURED_PHYSICAL,issue102_full_prompt,accepted,checksum-verified member within frozen authority,,
#102/issue102-cross-prompt-v1,host/stage-c-v2/run-034-09-extract-b8-knee/stdout.log,0d04885c0b4fec79d0fc385a4305048cc08a79671d3aa4e76cb559ec17ac4287,9078,,09-extract-b8,issue102_full_prompt,,MEASURED_PHYSICAL,issue102_full_prompt,accepted,checksum-verified member within frozen authority,,
#102/issue102-cross-prompt-v1,host/stage-c-v2/run-035-10-planning-b4-knee/envelope.json,ec6b079ebd773cfbb4e75344818bd807cfb9a7e7c0d336bd2d00aad3725227ab,25410,,10-planning-b4,issue102_full_prompt,,MEASURED_PHYSICAL,issue102_full_prompt,accepted,checksum-verified member within frozen authority,,
#102/issue102-cross-prompt-v1,host/stage-c-v2/run-035-10-planning-b4-knee/result.json,599adc53e0f6d8bac1ecdb7ad7ff77d6af3dbe7e4719645baab97cc5cd0e1ce2,12082,,10-planning-b4,issue102_full_prompt,,MEASURED_PHYSICAL,issue102_full_prompt,accepted,checksum-verified member within frozen authority,,
#102/issue102-cross-prompt-v1,host/stage-c-v2/run-035-10-planning-b4-knee/stderr.log,08d85235c87ca327f337bf2a23a5250e06e2ae94ced24b687fbb05344f317a7f,67,,10-planning-b4,issue102_full_prompt,,MEASURED_PHYSICAL,issue102_full_prompt,accepted,checksum-verified member within frozen authority,,
#102/issue102-cross-prompt-v1,host/stage-c-v2/run-035-10-planning-b4-knee/stdout.log,9a80e5d5f7ccd3d7503ab3b8c66da1da8711a5b91943a49b98dce4bc1552e591,9077,,10-planning-b4,issue102_full_prompt,,MEASURED_PHYSICAL,issue102_full_prompt,accepted,checksum-verified member within frozen authority,,
#102/issue102-cross-prompt-v1,host/stage-c-v2/run-036-10-planning-b4-exact/envelope.json,bdb803c1b38017879a6ab8e140bbf29331402fc1ad33a11c612bb1e4b168ba31,25402,,10-planning-b4,issue102_full_prompt,,MEASURED_PHYSICAL,issue102_full_prompt,accepted,checksum-verified member within frozen authority,,
#102/issue102-cross-prompt-v1,host/stage-c-v2/run-036-10-planning-b4-exact/result.json,89650e6826e377d6faed6bb55027bb6e35ceec69be0bcc36271945c0c27bcb2b,12028,,10-planning-b4,issue102_full_prompt,,MEASURED_PHYSICAL,issue102_full_prompt,accepted,checksum-verified member within frozen authority,,
#102/issue102-cross-prompt-v1,host/stage-c-v2/run-036-10-planning-b4-exact/stderr.log,08d85235c87ca327f337bf2a23a5250e06e2ae94ced24b687fbb05344f317a7f,67,,10-planning-b4,issue102_full_prompt,,MEASURED_PHYSICAL,issue102_full_prompt,accepted,checksum-verified member within frozen authority,,
#102/issue102-cross-prompt-v1,host/stage-c-v2/run-036-10-planning-b4-exact/stdout.log,c479bf35c8ea4cd1af5945afac2004a605c100d8d23ebe0425063f8955868ecd,9023,,10-planning-b4,issue102_full_prompt,,MEASURED_PHYSICAL,issue102_full_prompt,accepted,checksum-verified member within frozen authority,,
#102/issue102-cross-prompt-v1,host/stage-c-v2/run-037-11-instructions-b1-exact/envelope.json,636341b8a8f1854118d61addeb4ec3a6308df81d1eefabc6f22b410be69c8de1,25420,,11-instructions-b1,issue102_full_prompt,,MEASURED_PHYSICAL,issue102_full_prompt,accepted,checksum-verified member within frozen authority,,
#102/issue102-cross-prompt-v1,host/stage-c-v2/run-037-11-instructions-b1-exact/result.json,c00a37833a6209e73c3611a4b79d13ae04ea916a1711262e1e7e61900ba82075,12017,,11-instructions-b1,issue102_full_prompt,,MEASURED_PHYSICAL,issue102_full_prompt,accepted,checksum-verified member within frozen authority,,
#102/issue102-cross-prompt-v1,host/stage-c-v2/run-037-11-instructions-b1-exact/stderr.log,08d85235c87ca327f337bf2a23a5250e06e2ae94ced24b687fbb05344f317a7f,67,,11-instructions-b1,issue102_full_prompt,,MEASURED_PHYSICAL,issue102_full_prompt,accepted,checksum-verified member within frozen authority,,
#102/issue102-cross-prompt-v1,host/stage-c-v2/run-037-11-instructions-b1-exact/stdout.log,f77af7bc41ce289741f0f80de58e2661418267d66751b87181b4e27c73118def,9012,,11-instructions-b1,issue102_full_prompt,,MEASURED_PHYSICAL,issue102_full_prompt,accepted,checksum-verified member within frozen authority,,
#102/issue102-cross-prompt-v1,host/stage-c-v2/run-038-11-instructions-b1-knee/envelope.json,8b0e0c726d64e13d0fd1be1cc2cb19583cba64425823c9f53c60c065ca2ecccf,25427,,11-instructions-b1,issue102_full_prompt,,MEASURED_PHYSICAL,issue102_full_prompt,accepted,checksum-verified member within frozen authority,,
#102/issue102-cross-prompt-v1,host/stage-c-v2/run-038-11-instructions-b1-knee/result.json,6b0d14a692e2cd343cc935f231e231f9fb3af2d3cce4874d7b1eec9bd72881df,12073,,11-instructions-b1,issue102_full_prompt,,MEASURED_PHYSICAL,issue102_full_prompt,accepted,checksum-verified member within frozen authority,,
#102/issue102-cross-prompt-v1,host/stage-c-v2/run-038-11-instructions-b1-knee/stderr.log,08d85235c87ca327f337bf2a23a5250e06e2ae94ced24b687fbb05344f317a7f,67,,11-instructions-b1,issue102_full_prompt,,MEASURED_PHYSICAL,issue102_full_prompt,accepted,checksum-verified member within frozen authority,,
#102/issue102-cross-prompt-v1,host/stage-c-v2/run-038-11-instructions-b1-knee/stdout.log,6b64d3252d333348dc5a0590f78e87fac636d4d7bdeba9cd08864520c2e2c42c,9068,,11-instructions-b1,issue102_full_prompt,,MEASURED_PHYSICAL,issue102_full_prompt,accepted,checksum-verified member within frozen authority,,
#102/issue102-cross-prompt-v1,host/stage-c-v2/run-039-12-compare-b1-knee/envelope.json,870065e1d5c6548b7b2f40e74c6c216cc2e6d028d169004ed911df06606451c8,25419,,12-compare-b1,issue102_full_prompt,,MEASURED_PHYSICAL,issue102_full_prompt,accepted,checksum-verified member within frozen authority,,
#102/issue102-cross-prompt-v1,host/stage-c-v2/run-039-12-compare-b1-knee/result.json,c642d7773b7ce2b7031ea4ac69f6ca5d33db926802ee82be658788f82abd0e8f,12065,,12-compare-b1,issue102_full_prompt,,MEASURED_PHYSICAL,issue102_full_prompt,accepted,checksum-verified member within frozen authority,,
#102/issue102-cross-prompt-v1,host/stage-c-v2/run-039-12-compare-b1-knee/stderr.log,08d85235c87ca327f337bf2a23a5250e06e2ae94ced24b687fbb05344f317a7f,67,,12-compare-b1,issue102_full_prompt,,MEASURED_PHYSICAL,issue102_full_prompt,accepted,checksum-verified member within frozen authority,,
#102/issue102-cross-prompt-v1,host/stage-c-v2/run-039-12-compare-b1-knee/stdout.log,9b69477bb38cbfc45a25b9e925b727bcb64e6d46a1afa5e71ab77a8986db0064,9060,,12-compare-b1,issue102_full_prompt,,MEASURED_PHYSICAL,issue102_full_prompt,accepted,checksum-verified member within frozen authority,,
#102/issue102-cross-prompt-v1,host/stage-c-v2/run-040-12-compare-b1-exact/envelope.json,df3e4f8d9f6ec20353b4b304f4ac73684e8386f0980bd0ffb21d2d05f2bc05d2,25413,,12-compare-b1,issue102_full_prompt,,MEASURED_PHYSICAL,issue102_full_prompt,accepted,checksum-verified member within frozen authority,,
#102/issue102-cross-prompt-v1,host/stage-c-v2/run-040-12-compare-b1-exact/result.json,50656d9e30cc86341841d14442b08b1a0821cc32ec7308f932e8ff151d8d5f70,12010,,12-compare-b1,issue102_full_prompt,,MEASURED_PHYSICAL,issue102_full_prompt,accepted,checksum-verified member within frozen authority,,
#102/issue102-cross-prompt-v1,host/stage-c-v2/run-040-12-compare-b1-exact/stderr.log,08d85235c87ca327f337bf2a23a5250e06e2ae94ced24b687fbb05344f317a7f,67,,12-compare-b1,issue102_full_prompt,,MEASURED_PHYSICAL,issue102_full_prompt,accepted,checksum-verified member within frozen authority,,
#102/issue102-cross-prompt-v1,host/stage-c-v2/run-040-12-compare-b1-exact/stdout.log,57fc190e92dc82e7bbd075f7010884efc605e168ba5945e4b1b2597d8fa5931e,9005,,12-compare-b1,issue102_full_prompt,,MEASURED_PHYSICAL,issue102_full_prompt,accepted,checksum-verified member within frozen authority,,
#102/issue102-cross-prompt-v1,host/stage-c-v2/run-041-13-creative-b3-exact/envelope.json,f423863c35cb1ac8aabbc5443f0ae96ac7ad9d640699f163297b2cf19d0e90d3,25432,,13-creative-b3,issue102_full_prompt,,MEASURED_PHYSICAL,issue102_full_prompt,accepted,checksum-verified member within frozen authority,,
#102/issue102-cross-prompt-v1,host/stage-c-v2/run-041-13-creative-b3-exact/result.json,3ddf18e49c4f3a0b50b2eb31ccc09acf036c6170abcebfda072492bc67316ebd,12016,,13-creative-b3,issue102_full_prompt,,MEASURED_PHYSICAL,issue102_full_prompt,accepted,checksum-verified member within frozen authority,,
#102/issue102-cross-prompt-v1,host/stage-c-v2/run-041-13-creative-b3-exact/stderr.log,08d85235c87ca327f337bf2a23a5250e06e2ae94ced24b687fbb05344f317a7f,67,,13-creative-b3,issue102_full_prompt,,MEASURED_PHYSICAL,issue102_full_prompt,accepted,checksum-verified member within frozen authority,,
#102/issue102-cross-prompt-v1,host/stage-c-v2/run-041-13-creative-b3-exact/stdout.log,e957a17fd2e8473dff9d23cec6f9a6b96258bcc2d334d6cb50be62ba271b7cb7,9011,,13-creative-b3,issue102_full_prompt,,MEASURED_PHYSICAL,issue102_full_prompt,accepted,checksum-verified member within frozen authority,,
#102/issue102-cross-prompt-v1,host/stage-c-v2/run-042-13-creative-b3-knee/envelope.json,8e4871571f10874048f9f36034071cbc952dfad6474aeb25491e9969f0bb1112,25419,,13-creative-b3,issue102_full_prompt,,MEASURED_PHYSICAL,issue102_full_prompt,accepted,checksum-verified member within frozen authority,,
#102/issue102-cross-prompt-v1,host/stage-c-v2/run-042-13-creative-b3-knee/result.json,4474cfd15a20bf09ea6fe0ac9a255d2c05eb34c7d511b2316ee32c0a2c90ba3a,12081,,13-creative-b3,issue102_full_prompt,,MEASURED_PHYSICAL,issue102_full_prompt,accepted,checksum-verified member within frozen authority,,
#102/issue102-cross-prompt-v1,host/stage-c-v2/run-042-13-creative-b3-knee/stderr.log,08d85235c87ca327f337bf2a23a5250e06e2ae94ced24b687fbb05344f317a7f,67,,13-creative-b3,issue102_full_prompt,,MEASURED_PHYSICAL,issue102_full_prompt,accepted,checksum-verified member within frozen authority,,
#102/issue102-cross-prompt-v1,host/stage-c-v2/run-042-13-creative-b3-knee/stdout.log,9948f67d5b1c76ad50210513383925cb40771f7e46a2570dec4ca35f1dd7b278,9076,,13-creative-b3,issue102_full_prompt,,MEASURED_PHYSICAL,issue102_full_prompt,accepted,checksum-verified member within frozen authority,,
#102/issue102-cross-prompt-v1,host/stage-c-v2/run-043-14-qa-b2-knee/envelope.json,a305424fe953e7cf605a362810caf98f5fb853c435a39a22512be8d675439452,25403,,14-qa-b2,issue102_full_prompt,,MEASURED_PHYSICAL,issue102_full_prompt,accepted,checksum-verified member within frozen authority,,
#102/issue102-cross-prompt-v1,host/stage-c-v2/run-043-14-qa-b2-knee/result.json,725db510117fd2fc1abc03e70dadd7197400d6f616867673e02204a96f0757d5,12052,,14-qa-b2,issue102_full_prompt,,MEASURED_PHYSICAL,issue102_full_prompt,accepted,checksum-verified member within frozen authority,,
#102/issue102-cross-prompt-v1,host/stage-c-v2/run-043-14-qa-b2-knee/stderr.log,08d85235c87ca327f337bf2a23a5250e06e2ae94ced24b687fbb05344f317a7f,67,,14-qa-b2,issue102_full_prompt,,MEASURED_PHYSICAL,issue102_full_prompt,accepted,checksum-verified member within frozen authority,,
#102/issue102-cross-prompt-v1,host/stage-c-v2/run-043-14-qa-b2-knee/stdout.log,3f3912d6cca88776fed0f95a98c2d76723963ebff3df04161a90fe81cc070f42,9047,,14-qa-b2,issue102_full_prompt,,MEASURED_PHYSICAL,issue102_full_prompt,accepted,checksum-verified member within frozen authority,,
#102/issue102-cross-prompt-v1,host/stage-c-v2/run-044-14-qa-b2-exact/envelope.json,dc5ebe168e4b1dc39abf4c44feef02b44be50560d13782f503c089667923c4da,25416,,14-qa-b2,issue102_full_prompt,,MEASURED_PHYSICAL,issue102_full_prompt,accepted,checksum-verified member within frozen authority,,
#102/issue102-cross-prompt-v1,host/stage-c-v2/run-044-14-qa-b2-exact/result.json,0ca831cb850968ad4e75083b4007593336ccdc6debb82edcc49b90640b926743,11982,,14-qa-b2,issue102_full_prompt,,MEASURED_PHYSICAL,issue102_full_prompt,accepted,checksum-verified member within frozen authority,,
#102/issue102-cross-prompt-v1,host/stage-c-v2/run-044-14-qa-b2-exact/stderr.log,08d85235c87ca327f337bf2a23a5250e06e2ae94ced24b687fbb05344f317a7f,67,,14-qa-b2,issue102_full_prompt,,MEASURED_PHYSICAL,issue102_full_prompt,accepted,checksum-verified member within frozen authority,,
#102/issue102-cross-prompt-v1,host/stage-c-v2/run-044-14-qa-b2-exact/stdout.log,f68554aa40192d317fce6f67bd694c4affbecaf6b1cfa2be87fe352acec6349a,8977,,14-qa-b2,issue102_full_prompt,,MEASURED_PHYSICAL,issue102_full_prompt,accepted,checksum-verified member within frozen authority,,
#102/issue102-cross-prompt-v1,host/stage-c-v2/run-045-15-spanish-b2-exact/envelope.json,19993af571154c56eb84b39c2a38f34af2d61b2fcc924b868b045124b42fcd31,25417,,15-spanish-b2,issue102_full_prompt,,MEASURED_PHYSICAL,issue102_full_prompt,accepted,checksum-verified member within frozen authority,,
#102/issue102-cross-prompt-v1,host/stage-c-v2/run-045-15-spanish-b2-exact/result.json,001a966234b63947a491e7b465622d556e813cf5cf981454b1aa6e7fbf6482ce,12015,,15-spanish-b2,issue102_full_prompt,,MEASURED_PHYSICAL,issue102_full_prompt,accepted,checksum-verified member within frozen authority,,
#102/issue102-cross-prompt-v1,host/stage-c-v2/run-045-15-spanish-b2-exact/stderr.log,08d85235c87ca327f337bf2a23a5250e06e2ae94ced24b687fbb05344f317a7f,67,,15-spanish-b2,issue102_full_prompt,,MEASURED_PHYSICAL,issue102_full_prompt,accepted,checksum-verified member within frozen authority,,
#102/issue102-cross-prompt-v1,host/stage-c-v2/run-045-15-spanish-b2-exact/stdout.log,5c2cfa95cc513de027c59ab3a021a7377cb89f12226814199f7a5751950f789b,9010,,15-spanish-b2,issue102_full_prompt,,MEASURED_PHYSICAL,issue102_full_prompt,accepted,checksum-verified member within frozen authority,,
#102/issue102-cross-prompt-v1,host/stage-c-v2/run-046-15-spanish-b2-knee/envelope.json,f1b1cf7f6e6ea097ab82df549a61590d4eaf9636e4ec90eb8cf40cb8c348ed68,25416,,15-spanish-b2,issue102_full_prompt,,MEASURED_PHYSICAL,issue102_full_prompt,accepted,checksum-verified member within frozen authority,,
#102/issue102-cross-prompt-v1,host/stage-c-v2/run-046-15-spanish-b2-knee/result.json,074260a573dfa47371f198ea694f7adc8371ca9ee5ed793d1fbfe5214643e518,12079,,15-spanish-b2,issue102_full_prompt,,MEASURED_PHYSICAL,issue102_full_prompt,accepted,checksum-verified member within frozen authority,,
#102/issue102-cross-prompt-v1,host/stage-c-v2/run-046-15-spanish-b2-knee/stderr.log,08d85235c87ca327f337bf2a23a5250e06e2ae94ced24b687fbb05344f317a7f,67,,15-spanish-b2,issue102_full_prompt,,MEASURED_PHYSICAL,issue102_full_prompt,accepted,checksum-verified member within frozen authority,,
#102/issue102-cross-prompt-v1,host/stage-c-v2/run-046-15-spanish-b2-knee/stdout.log,f200a2b2ca40ca5596266925894e65320fd3f589f9640e3734092c484ee597e1,9074,,15-spanish-b2,issue102_full_prompt,,MEASURED_PHYSICAL,issue102_full_prompt,accepted,checksum-verified member within frozen authority,,
#102/issue102-cross-prompt-v1,host/stage-c-v2/run-047-16-multi-b2-knee/envelope.json,6e32a7da0275338abeafbb23b314e38fd80726ace5e59fbdc7a335015f59a5f5,25406,,16-multi-b2,issue102_full_prompt,,MEASURED_PHYSICAL,issue102_full_prompt,accepted,checksum-verified member within frozen authority,,
#102/issue102-cross-prompt-v1,host/stage-c-v2/run-047-16-multi-b2-knee/result.json,26b7e1d8b2168c328775028c91588d8fd9d02121c707447730d841c3ca797abf,12102,,16-multi-b2,issue102_full_prompt,,MEASURED_PHYSICAL,issue102_full_prompt,accepted,checksum-verified member within frozen authority,,
#102/issue102-cross-prompt-v1,host/stage-c-v2/run-047-16-multi-b2-knee/stderr.log,08d85235c87ca327f337bf2a23a5250e06e2ae94ced24b687fbb05344f317a7f,67,,16-multi-b2,issue102_full_prompt,,MEASURED_PHYSICAL,issue102_full_prompt,accepted,checksum-verified member within frozen authority,,
#102/issue102-cross-prompt-v1,host/stage-c-v2/run-047-16-multi-b2-knee/stdout.log,ec42e54b98f8c963c075f3044f837278d5acec0a8551d31212512ead68825c21,9097,,16-multi-b2,issue102_full_prompt,,MEASURED_PHYSICAL,issue102_full_prompt,accepted,checksum-verified member within frozen authority,,
#102/issue102-cross-prompt-v1,host/stage-c-v2/run-048-16-multi-b2-exact/envelope.json,6a25225de14517d793ed1122e579088339f15cc12090336283b7dc63d5f01125,25410,,16-multi-b2,issue102_full_prompt,,MEASURED_PHYSICAL,issue102_full_prompt,accepted,checksum-verified member within frozen authority,,
#102/issue102-cross-prompt-v1,host/stage-c-v2/run-048-16-multi-b2-exact/result.json,6aee88bc71bd6e73faf881ede766fbb6bb63f5aec8cf1794c814a2d06858633a,12041,,16-multi-b2,issue102_full_prompt,,MEASURED_PHYSICAL,issue102_full_prompt,accepted,checksum-verified member within frozen authority,,
#102/issue102-cross-prompt-v1,host/stage-c-v2/run-048-16-multi-b2-exact/stderr.log,08d85235c87ca327f337bf2a23a5250e06e2ae94ced24b687fbb05344f317a7f,67,,16-multi-b2,issue102_full_prompt,,MEASURED_PHYSICAL,issue102_full_prompt,accepted,checksum-verified member within frozen authority,,
#102/issue102-cross-prompt-v1,host/stage-c-v2/run-048-16-multi-b2-exact/stdout.log,c9fe4772fb71bc01a78469a05bfcc9f33df8308f6d83b847c368337c4d3b735c,9036,,16-multi-b2,issue102_full_prompt,,MEASURED_PHYSICAL,issue102_full_prompt,accepted,checksum-verified member within frozen authority,,
#102/issue102-cross-prompt-v1,host/tooling/capture_host_memory_inventory.py,8dfc8d88cfedfae5941cb98d02bbbcd25a75eb9d3ff36aa485bc77ab525a03bb,5651,,,issue102_full_prompt,,CURATED_FROM_MEASURED,issue102_full_prompt,accepted,checksum-verified member within frozen authority,,
#102/issue102-cross-prompt-v1,host/tooling/run_qualification_cell.diff,490eaf782af124c3d5c56eb49d8f8523d687909994b3a27b97fb80213687d5c4,8609,,,issue102_full_prompt,,CURATED_FROM_MEASURED,issue102_full_prompt,accepted,checksum-verified member within frozen authority,,
#102/issue102-cross-prompt-v1,host/tooling/run_qualification_cell.py,0e09960035666f15bfc82cef2a8dd81358f744a848f3f1f633d27d420afeca92,15551,,,issue102_full_prompt,,CURATED_FROM_MEASURED,issue102_full_prompt,accepted,checksum-verified member within frozen authority,,
#102/issue102-cross-prompt-v1,host/tooling/run_safety_sample.diff,b1914e9cbe1ff0974bd5f2d511cd40f7027274fa6480120aee9666dbaca948af,5639,,,issue102_full_prompt,,CURATED_FROM_MEASURED,issue102_full_prompt,accepted,checksum-verified member within frozen authority,,
#102/issue102-cross-prompt-v1,host/tooling/run_safety_sample.py,f5480555e5d0a014db5eab1772563cae2b0c28e2d0da85c220edde7e697e7879,21889,,,issue102_full_prompt,,CURATED_FROM_MEASURED,issue102_full_prompt,accepted,checksum-verified member within frozen authority,,
#102/issue102-cross-prompt-v1,repository/AGENTS.md,d2705e6988e10e29ffbc2647e44ff0106f7fa303c00d8f2256e0133530366b73,13498,,,issue102_full_prompt,,CURATED_FROM_MEASURED,non_authoritative_context,contextual_non_authoritative,workflow context retained outside scientific authority,,
#102/issue102-cross-prompt-v1,repository/corpus/phase13/issue102-cross-prompt-v1.json,e0f1746f987f888d68a36261a2822f4754a413b7799c6252aae8a4ded2a900d8,385670,,,issue102_full_prompt,,CURATED_FROM_MEASURED,issue102_full_prompt,accepted,checksum-verified member within frozen authority,,
#102/issue102-cross-prompt-v1,repository/results/2026-08-13/sergio-test-1/phase13-6pg-cross-prompt/clean-host-capacity-freeze.json,9e7fc0eb3005eb5982da15fd7c69c0b262e3b6aa5417f8f3a088fa8371e61293,7005,,,issue102_full_prompt,,CURATED_FROM_MEASURED,issue102_full_prompt,accepted,checksum-verified member within frozen authority,,
#102/issue102-cross-prompt-v1,repository/results/2026-08-13/sergio-test-1/phase13-6pg-cross-prompt/final-observer-evidence-cache-hygiene.json,0caab39228615412f86ba69f4a58680b0480f99c05673f1e22ab16f55730bf27,175882,,,issue102_full_prompt,,CURATED_FROM_MEASURED,issue102_full_prompt,accepted,checksum-verified member within frozen authority,,
#102/issue102-cross-prompt-v1,repository/results/2026-08-13/sergio-test-1/phase13-6pg-cross-prompt/host-normalization-pre-reboot.json,c93049ba3ac7929be7aed885690f8c17e2a14ad4589e6c43bb87cb2ef5849b27,4836,,,issue102_full_prompt,,CURATED_FROM_MEASURED,issue102_full_prompt,accepted,checksum-verified member within frozen authority,,
#102/issue102-cross-prompt-v1,repository/results/2026-08-13/sergio-test-1/phase13-6pg-cross-prompt/issue102-final-synthesis.json,0a70a4b4e79bb4b046641b74177e2592907b7a815831ad987a5b9a0707ce6964,33087,,,issue102_full_prompt,,CURATED_FROM_MEASURED,issue102_full_prompt,accepted,checksum-verified member within frozen authority,,
#102/issue102-cross-prompt-v1,repository/results/2026-08-13/sergio-test-1/phase13-6pg-cross-prompt/issue102-normalized-prompt-level.csv,c3cb07d5d9cc90c14e77f4cc14744f7c70c682d7e267aa332095dd9f3b5a82ca,63325,,,issue102_full_prompt,,CURATED_FROM_MEASURED,issue102_full_prompt,accepted,checksum-verified member within frozen authority,,
#102/issue102-cross-prompt-v1,repository/results/2026-08-13/sergio-test-1/phase13-6pg-cross-prompt/long-horizon-analysis.json,99cea4736cd230e8c2dd4df28d0e409cc04301837633edee374506a1b181fbb7,108868,,,issue102_full_prompt,,CURATED_FROM_MEASURED,issue102_full_prompt,accepted,checksum-verified member within frozen authority,,
#102/issue102-cross-prompt-v1,repository/results/2026-08-13/sergio-test-1/phase13-6pg-cross-prompt/long-horizon-continuity-gate.json,128d2593fa4f169c4df683e49cc9be20d3f9b421c3a60bcd8f139bc8b57665ce,3336,,,issue102_full_prompt,,CURATED_FROM_MEASURED,issue102_full_prompt,accepted,checksum-verified member within frozen authority,,
#102/issue102-cross-prompt-v1,repository/results/2026-08-13/sergio-test-1/phase13-6pg-cross-prompt/observer-evidence-cache-allowlist-run-004-retry-01.json,c102ba316a3d4a51420a48ef941d86fa6af9e96c52838064e489daf76b1d8450,2311,,,issue102_full_prompt,,CURATED_FROM_MEASURED,issue102_full_prompt,accepted,checksum-verified member within frozen authority,,
#102/issue102-cross-prompt-v1,repository/results/2026-08-13/sergio-test-1/phase13-6pg-cross-prompt/observer-evidence-cache-allowlist-v1.json,402846d1a1f9bb34e43ca144b2a0294998174fd854cd9313a6dafdb3976c6c1b,6965,,,issue102_full_prompt,,CURATED_FROM_MEASURED,issue102_full_prompt,accepted,checksum-verified member within frozen authority,,
#102/issue102-cross-prompt-v1,repository/results/2026-08-13/sergio-test-1/phase13-6pg-cross-prompt/observer-evidence-cache-hygiene-after-run-004-retry-01.json,04543c4b0f87cf6772a0f29f8b192bdebf64a764ca220a5a83a22c13ec2da6d4,12625,,,issue102_full_prompt,,CURATED_FROM_MEASURED,issue102_full_prompt,accepted,checksum-verified member within frozen authority,,
#102/issue102-cross-prompt-v1,repository/results/2026-08-13/sergio-test-1/phase13-6pg-cross-prompt/observer-evidence-cache-hygiene-gate-001.json,0ff25fceb0df8bffa58130dfdd0ade244912e9502ae3007277cc1737f53b3ba8,25330,,,issue102_full_prompt,,CURATED_FROM_MEASURED,issue102_full_prompt,accepted,checksum-verified member within frozen authority,,
#102/issue102-cross-prompt-v1,repository/results/2026-08-13/sergio-test-1/phase13-6pg-cross-prompt/observer-evidence-cache-hygiene-recovery-prefix-001.json,ef1391c0be3a9c5216fa2a6ae2cd9d25b72bd01dced10cb8d89c06529a2bb60f,25367,,,issue102_full_prompt,,CURATED_FROM_MEASURED,issue102_full_prompt,accepted,checksum-verified member within frozen authority,,
#102/issue102-cross-prompt-v1,repository/results/2026-08-13/sergio-test-1/phase13-6pg-cross-prompt/observer-evidence-cache-hygiene-recovery-retry-001.json,68a39fcacb170d22e9176d82420b861d7ec2eda4ca6fcd0b13b7cfebe914e1f4,12666,,,issue102_full_prompt,,CURATED_FROM_MEASURED,issue102_full_prompt,accepted,checksum-verified member within frozen authority,,
#102/issue102-cross-prompt-v1,repository/results/2026-08-13/sergio-test-1/phase13-6pg-cross-prompt/observer-hygiene-reference-v1.json,3e7df357e5c32331b099464e50adaa7b6431b7bd205105326addaa14d761f41f,1115,,,issue102_full_prompt,,CURATED_FROM_MEASURED,issue102_full_prompt,accepted,checksum-verified member within frozen authority,,
#102/issue102-cross-prompt-v1,repository/results/2026-08-13/sergio-test-1/phase13-6pg-cross-prompt/post-stage-a-reboot-clean-host.json,50edf7d431c1d78df3e88d39e193a8cd67117b8c24a0574fc218908265f89d58,5645,,,issue102_full_prompt,,CURATED_FROM_MEASURED,issue102_full_prompt,accepted,checksum-verified member within frozen authority,,
#102/issue102-cross-prompt-v1,repository/results/2026-08-13/sergio-test-1/phase13-6pg-cross-prompt/post-stage-a-reboot-preflight.json,57c5e2e143db5daac7b12be01c4912a8a5875cd8f9e13890b3a2e960d1824308,5883,,,issue102_full_prompt,,CURATED_FROM_MEASURED,issue102_full_prompt,accepted,checksum-verified member within frozen authority,,
#102/issue102-cross-prompt-v1,repository/results/2026-08-13/sergio-test-1/phase13-6pg-cross-prompt/post-stage-a-selections.json,cd4abec601244a9b187347c57bf4a5516970f3b615141070488f424b9a1db96c,70807,,,issue102_full_prompt,,CURATED_FROM_MEASURED,issue102_full_prompt,accepted,checksum-verified member within frozen authority,,
#102/issue102-cross-prompt-v1,repository/results/2026-08-13/sergio-test-1/phase13-6pg-cross-prompt/pre-stage-a-synthesis.json,8e6d7385c71aa79674334140993582aaa60c5ad67110926c83c7936471838796,7809,,,issue102_full_prompt,,CURATED_FROM_MEASURED,issue102_full_prompt,accepted,checksum-verified member within frozen authority,,
#102/issue102-cross-prompt-v1,repository/results/2026-08-13/sergio-test-1/phase13-6pg-cross-prompt/prefill-depth-locality-curve.json,31d7fc0b4ae809ef296898bab9579b20010588ae0523685ed68453c3fdf9cfb4,74282,,,issue102_full_prompt,,CURATED_FROM_MEASURED,issue102_full_prompt,accepted,checksum-verified member within frozen authority,,
#102/issue102-cross-prompt-v1,repository/results/2026-08-13/sergio-test-1/phase13-6pg-cross-prompt/prefill-depth-prefix-corpus.json,9de09549e794de4b4f40edfde87db47932407dcad423742b1d91388c018c6e58,8520,,,issue102_full_prompt,,CURATED_FROM_MEASURED,issue102_full_prompt,accepted,checksum-verified member within frozen authority,,
#102/issue102-cross-prompt-v1,repository/results/2026-08-13/sergio-test-1/phase13-6pg-cross-prompt/protocol-bridge.json,13d75db609867f799d88d4b0bd08f74e36694feea175290f5a4a1028900d7032,36614,,,issue102_full_prompt,,CURATED_FROM_MEASURED,issue102_full_prompt,accepted,checksum-verified member within frozen authority,,
#102/issue102-cross-prompt-v1,repository/results/2026-08-13/sergio-test-1/phase13-6pg-cross-prompt/qualification-return.json,ca7f730c5070b5599854456de81b1b539d4e88d4fdced61ac7c30841baa9df3c,6194,,,issue102_full_prompt,,CURATED_FROM_MEASURED,issue102_full_prompt,accepted,checksum-verified member within frozen authority,,
#102/issue102-cross-prompt-v1,repository/results/2026-08-13/sergio-test-1/phase13-6pg-cross-prompt/semantic-sanity-audit.json,6bfb9b5bd818cf5cd16554067469c8832bd9355fb5a516a23557b831a37e1489,245535,,,issue102_full_prompt,,SEMANTIC_SANITY,issue102_full_prompt,accepted,checksum-verified member within frozen authority,,
#102/issue102-cross-prompt-v1,repository/results/2026-08-13/sergio-test-1/phase13-6pg-cross-prompt/semantic-sanity-detokenized.json,e065d71376b2918670e14ccc468d3d7e0bc38129ba1cb8bba6ba1c232add0fc3,225705,,,issue102_full_prompt,,SEMANTIC_SANITY,issue102_full_prompt,accepted,checksum-verified member within frozen authority,,
#102/issue102-cross-prompt-v1,repository/results/2026-08-13/sergio-test-1/phase13-6pg-cross-prompt/stage-a-round-01-checkpoint.json,df6004ee7b578551003ff13234d662b6ba3a05453db900ec374fa1155b36eb27,85175,,,issue102_full_prompt,,CURATED_FROM_MEASURED,issue102_full_prompt,accepted,checksum-verified member within frozen authority,,
#102/issue102-cross-prompt-v1,repository/results/2026-08-13/sergio-test-1/phase13-6pg-cross-prompt/stage-a-round-02-checkpoint.json,e683502cdb8e64b2a6fbea8ebed480415e62e8be40af6f1db7a37cdf8dde4ec5,158914,,,issue102_full_prompt,,CURATED_FROM_MEASURED,issue102_full_prompt,accepted,checksum-verified member within frozen authority,,
#102/issue102-cross-prompt-v1,repository/results/2026-08-13/sergio-test-1/phase13-6pg-cross-prompt/stage-a-round-03-checkpoint.json,72f26ebaabde4f6a53811d2fc785b9a4fb25943b63328695bf856c5d289034c0,232517,,,issue102_full_prompt,,CURATED_FROM_MEASURED,issue102_full_prompt,accepted,checksum-verified member within frozen authority,,
#102/issue102-cross-prompt-v1,repository/results/2026-08-13/sergio-test-1/phase13-6pg-cross-prompt/stage-a-round-04-checkpoint.json,7db067658329d8daa1207b18684516d9a0c213c5b66b138ad5ce6704c10fe214,306170,,,issue102_full_prompt,,CURATED_FROM_MEASURED,issue102_full_prompt,accepted,checksum-verified member within frozen authority,,
#102/issue102-cross-prompt-v1,repository/results/2026-08-13/sergio-test-1/phase13-6pg-cross-prompt/stage-a-round-05-checkpoint.json,39b2ef56a266635f43ed409a052c632d46612c5e94786b4e085b7a3307792a75,379837,,,issue102_full_prompt,,CURATED_FROM_MEASURED,issue102_full_prompt,accepted,checksum-verified member within frozen authority,,
#102/issue102-cross-prompt-v1,repository/results/2026-08-13/sergio-test-1/phase13-6pg-cross-prompt/stage-a-round-06-checkpoint.json,5f9e04dc0c5b76533c06e089db4b449c2ceb3b96db67d67e4691805853a0b937,453517,,,issue102_full_prompt,,CURATED_FROM_MEASURED,issue102_full_prompt,accepted,checksum-verified member within frozen authority,,
#102/issue102-cross-prompt-v1,repository/results/2026-08-13/sergio-test-1/phase13-6pg-cross-prompt/stage-a-round-07-checkpoint.json,20775be3c5c6ff8305e8df39cbbf7f48dfb9b88458e990f2a1ed075d7279cbec,527222,,,issue102_full_prompt,,CURATED_FROM_MEASURED,issue102_full_prompt,accepted,checksum-verified member within frozen authority,,
#102/issue102-cross-prompt-v1,repository/results/2026-08-13/sergio-test-1/phase13-6pg-cross-prompt/stage-a-round-08-checkpoint.json,baf8d7583175aa55eca8c7183608259bb2d30f350a8a643f8b40d4831a362786,600977,,,issue102_full_prompt,,CURATED_FROM_MEASURED,issue102_full_prompt,accepted,checksum-verified member within frozen authority,,
#102/issue102-cross-prompt-v1,repository/results/2026-08-13/sergio-test-1/phase13-6pg-cross-prompt/stage-b-capacity-handoff.json,e560db9dfc1c05c8aa163d88b44073bebbfbafefb4c86dfbf78f075c3b403eca,43692,,,issue102_full_prompt,,CURATED_FROM_MEASURED,issue102_full_prompt,accepted,checksum-verified member within frozen authority,,
#102/issue102-cross-prompt-v1,repository/results/2026-08-13/sergio-test-1/phase13-6pg-cross-prompt/stage-b-observer-continuation-control-v4.json,8783f4301d61dc590f192fdce26918141c5529b0cf16174f17d9323371d6bc10,31571,,,issue102_full_prompt,,CURATED_FROM_MEASURED,issue102_full_prompt,accepted,checksum-verified member within frozen authority,,
#102/issue102-cross-prompt-v1,repository/results/2026-08-13/sergio-test-1/phase13-6pg-cross-prompt/stage-b-observer-continuation-preflight-v1.json,49061dab59bb10817df5635e3fe00ff8c1a7825683d9c15e629f27a73d9ed6db,2827,,,issue102_full_prompt,,CURATED_FROM_MEASURED,issue102_full_prompt,accepted,checksum-verified member within frozen authority,,
#102/issue102-cross-prompt-v1,repository/results/2026-08-13/sergio-test-1/phase13-6pg-cross-prompt/stage-b-observer-preregistration-v2.json,1c96c86920e6f7312ce887783c7436eb2601aadf4ea622b47b3cd1b8d53ab701,19964,,,issue102_full_prompt,,CURATED_FROM_MEASURED,issue102_full_prompt,accepted,checksum-verified member within frozen authority,,
#102/issue102-cross-prompt-v1,repository/results/2026-08-13/sergio-test-1/phase13-6pg-cross-prompt/stage-b-observer-preregistration.json,0676362cd62450d2a26a5e6e08d70bf751fafd9bf8d9e14d9e4e7f97442f4a30,17942,,,issue102_full_prompt,,CURATED_FROM_MEASURED,issue102_full_prompt,accepted,checksum-verified member within frozen authority,,
#102/issue102-cross-prompt-v1,repository/results/2026-08-13/sergio-test-1/phase13-6pg-cross-prompt/stage-b-observer-resume-preregistration-v3.json,ffde39561a0574ccf4b7313d3fbc2ef20a7dcaf321ac8d79987581a533070f36,26446,,,issue102_full_prompt,,CURATED_FROM_MEASURED,issue102_full_prompt,accepted,checksum-verified member within frozen authority,,
#102/issue102-cross-prompt-v1,repository/results/2026-08-13/sergio-test-1/phase13-6pg-cross-prompt/stage-b-observer-retry-checkpoint-v1.json,ee898981e49b40a0190b467c6f83c6216fe3b3b5a89ce29ae4ada6b219091d04,6371,,,issue102_full_prompt,,CURATED_FROM_MEASURED,issue102_full_prompt,accepted,checksum-verified member within frozen authority,,
#102/issue102-cross-prompt-v1,repository/results/2026-08-13/sergio-test-1/phase13-6pg-cross-prompt/stage-b-observer-technical-return.json,c1493c3732e349179ce71dc8a5933da82736967083fee87d07ceef57d3f3d264,8916,,,issue102_full_prompt,,CURATED_FROM_MEASURED,issue102_full_prompt,accepted,checksum-verified member within frozen authority,,
#102/issue102-cross-prompt-v1,repository/results/2026-08-13/sergio-test-1/phase13-6pg-cross-prompt/stage-c-preregistration.json,c368ca9e8d0e35291e4be9e81747122275c7cd594e4603d570bafc0e7595d256,91915,,,issue102_full_prompt,,CURATED_FROM_MEASURED,issue102_full_prompt,accepted,checksum-verified member within frozen authority,,
#102/issue102-cross-prompt-v1,repository/results/2026-08-13/sergio-test-1/phase13-6pg-cross-prompt/stage-c-prompt-comparisons.csv,4c64c1a9ba666ffae2dfc8e2654a2bd46af478f677b0fae45dbdec0274bc719b,15828,,,issue102_full_prompt,,CURATED_FROM_MEASURED,issue102_full_prompt,accepted,checksum-verified member within frozen authority,,
#102/issue102-cross-prompt-v1,repository/results/2026-08-13/sergio-test-1/phase13-6pg-cross-prompt/stage-c-recovery-control.json,a85a50e3576d85e6893a54812f50c915d8568c0335a17605b8246d901640ff1f,97191,,,issue102_full_prompt,,CURATED_FROM_MEASURED,issue102_full_prompt,accepted,checksum-verified member within frozen authority,,
#102/issue102-cross-prompt-v1,repository/results/2026-08-13/sergio-test-1/phase13-6pg-cross-prompt/stage-c-synthesis.json,69b6f3d5642e905c7759c8c35ce280a07fdecec0afc9094c2a61180fb8b1e34d,175067,,,issue102_full_prompt,,CURATED_FROM_MEASURED,issue102_full_prompt,accepted,checksum-verified member within frozen authority,,
#102/issue102-cross-prompt-v1,repository/results/2026-08-13/sergio-test-1/phase13-6pg-cross-prompt/stage-c-technical-return.json,d3b7deb89ae520f8224f30ea3e0d761440ba2c95022ed3234d38290351b41584,4177,,,issue102_full_prompt,,CURATED_FROM_MEASURED,issue102_full_prompt,accepted,checksum-verified member within frozen authority,,
#102/issue102-cross-prompt-v1,repository/scripts/issue102/CMakeLists.txt,ea23e797949840cc196a9fc489d717b3b057ff18e82c9896f8e223e2aaa6c0a4,36397,,,issue102_full_prompt,,CURATED_FROM_MEASURED,issue102_full_prompt,accepted,checksum-verified member within frozen authority,,
#102/issue102-cross-prompt-v1,repository/scripts/issue102/analyze_observer_replay.cpp,9ecd41063064c09ddadad08af29ecc54e5e5b659d7d45bcc75754d1294a33d33,46215,,,issue102_full_prompt,,CURATED_FROM_MEASURED,issue102_full_prompt,accepted,checksum-verified member within frozen authority,,
#102/issue102-cross-prompt-v1,repository/scripts/issue102/apply_stage_c_output_cache_hygiene.py,ecb3a11db1682bf538e6d183c5ac441b5dc7d5a114f99a761af3eadb38e67fcb,8448,,,issue102_full_prompt,,CURATED_FROM_MEASURED,issue102_full_prompt,accepted,checksum-verified member within frozen authority,,
#102/issue102-cross-prompt-v1,repository/scripts/issue102/build_final_observer_cache_allowlist.py,d38ca3788496c443f5ae7a7ef00a28e0082afeaea7f7a45ed1ce5c07c236f8e5,7621,,,issue102_full_prompt,,CURATED_FROM_MEASURED,issue102_full_prompt,accepted,checksum-verified member within frozen authority,,
#102/issue102-cross-prompt-v1,repository/scripts/issue102/build_final_synthesis.py,fbc2d0cd3232b63d5f1b122516ffccf872ac7c56a45c59abb4f4515c5832aa89,19965,,,issue102_full_prompt,,CURATED_FROM_MEASURED,issue102_full_prompt,accepted,checksum-verified member within frozen authority,,
#102/issue102-cross-prompt-v1,repository/scripts/issue102/build_long_horizon_analysis.py,70e779b5fbbbcb49b6e877c31a98318f16710d171abbd8a65c56792cff18a780,19394,,,issue102_full_prompt,,CURATED_FROM_MEASURED,issue102_full_prompt,accepted,checksum-verified member within frozen authority,,
#102/issue102-cross-prompt-v1,repository/scripts/issue102/build_long_horizon_continuity_gate.py,df00ca9ebfa1e8fdfba4ccede277ee26beb55b387b04e0f4254a47436c26d56b,10539,,,issue102_full_prompt,,CURATED_FROM_MEASURED,issue102_full_prompt,accepted,checksum-verified member within frozen authority,,
#102/issue102-cross-prompt-v1,repository/scripts/issue102/build_observer_attempt_cache_allowlist.py,1c827adedd3f2ebf5ea28cf7bc7d69285c31c963acdd1fccea4447783369e029,7218,,,issue102_full_prompt,,CURATED_FROM_MEASURED,issue102_full_prompt,accepted,checksum-verified member within frozen authority,,
#102/issue102-cross-prompt-v1,repository/scripts/issue102/build_observer_capture_cache_allowlist.py,8d861b1a557a1c5992873414ff677ce7616ca5c60f5cb2aac9c9b436a45a288f,5537,,,issue102_full_prompt,,CURATED_FROM_MEASURED,issue102_full_prompt,accepted,checksum-verified member within frozen authority,,
#102/issue102-cross-prompt-v1,repository/scripts/issue102/build_observer_evidence_cache_allowlist.py,c3004d25e1277ea25253af31596553da2fde190f9346d70f5d677ff986e61ff8,6369,,,issue102_full_prompt,,CURATED_FROM_MEASURED,issue102_full_prompt,accepted,checksum-verified member within frozen authority,,
#102/issue102-cross-prompt-v1,repository/scripts/issue102/build_post_stage_a_selections.py,3b3b9fe063e3ebde4e13d1045697d33d8ec696839062f7a261f1e312523c17d2,7513,,,issue102_full_prompt,,CURATED_FROM_MEASURED,issue102_full_prompt,accepted,checksum-verified member within frozen authority,,
#102/issue102-cross-prompt-v1,repository/scripts/issue102/build_prefill_depth_curve.py,f7e1560992bf1d037e12d7ec085912ebc181779b755b384abff1757e4df48e5d,19148,,,issue102_full_prompt,,CURATED_FROM_MEASURED,issue102_full_prompt,accepted,checksum-verified member within frozen authority,,
#102/issue102-cross-prompt-v1,repository/scripts/issue102/build_prefill_depth_prefixes.py,df7c0e5f3711ed5e3bb33004e5a177cb5bb2a8acda46df080f40546d4f61cb58,5057,,,issue102_full_prompt,,CURATED_FROM_MEASURED,issue102_full_prompt,accepted,checksum-verified member within frozen authority,,
#102/issue102-cross-prompt-v1,repository/scripts/issue102/build_preregistration.py,143cac1383e2e2356537609bfd44d719cfb79741a0bf79c72d2e214cfd6ef7e0,7319,,,issue102_full_prompt,,CURATED_FROM_MEASURED,issue102_full_prompt,accepted,checksum-verified member within frozen authority,,
#102/issue102-cross-prompt-v1,repository/scripts/issue102/build_protocol_bridge.py,46baa47a4d6826b1b0523ff2c5fca6dfe03e9ed0bc7f7fcb4db29c9c0e442921,13106,,,issue102_full_prompt,,CURATED_FROM_MEASURED,issue102_full_prompt,accepted,checksum-verified member within frozen authority,,
#102/issue102-cross-prompt-v1,repository/scripts/issue102/build_semantic_sanity_audit.py,caa9b8f99d93c0579cd2997c67f60a92fa1d8f4b6ccbb4fa99438c407b69a6ca,6251,,,issue102_full_prompt,,CURATED_FROM_MEASURED,issue102_full_prompt,accepted,checksum-verified member within frozen authority,,
#102/issue102-cross-prompt-v1,repository/scripts/issue102/build_stage_a_checkpoint.py,22080d52b8be115516c344f5be3eeee0f9f637a94180e932f0276e4e5454583e,15143,,,issue102_full_prompt,,CURATED_FROM_MEASURED,issue102_full_prompt,accepted,checksum-verified member within frozen authority,,
#102/issue102-cross-prompt-v1,repository/scripts/issue102/build_stage_a_posthoc_analysis.py,79b2e15e9b12a181bd40ff73e1a2fa6f882372cc820f906ef81113f9b716ebdf,23554,,,issue102_full_prompt,,CURATED_FROM_MEASURED,issue102_full_prompt,accepted,checksum-verified member within frozen authority,,
#102/issue102-cross-prompt-v1,repository/scripts/issue102/build_stage_b_observer_continuation_control.py,cf09426259bd56c08dde54408497a7ff7050489c34b2af44e432e8330fb7f788,10045,,,issue102_full_prompt,,CURATED_FROM_MEASURED,issue102_full_prompt,accepted,checksum-verified member within frozen authority,,
#102/issue102-cross-prompt-v1,repository/scripts/issue102/build_stage_b_observer_continuation_preflight.py,18fc4e143e375d00b1c0698783adca62ba279570533400396e26b4f5805d788f,5885,,,issue102_full_prompt,,CURATED_FROM_MEASURED,issue102_full_prompt,accepted,checksum-verified member within frozen authority,,
#102/issue102-cross-prompt-v1,repository/scripts/issue102/build_stage_b_observer_preregistration.py,e6885ff37a1dcc20517c255f443263168fe19e21de78f3cae8c3f8592ad9741f,9790,,,issue102_full_prompt,,CURATED_FROM_MEASURED,issue102_full_prompt,accepted,checksum-verified member within frozen authority,,
#102/issue102-cross-prompt-v1,repository/scripts/issue102/build_stage_b_observer_resume_preregistration.py,943742d1f5bcd27a245c60753192fff1f5106857a3c309a8907c82d573fe3206,5892,,,issue102_full_prompt,,CURATED_FROM_MEASURED,issue102_full_prompt,accepted,checksum-verified member within frozen authority,,
#102/issue102-cross-prompt-v1,repository/scripts/issue102/build_stage_b_observer_retry_checkpoint.py,3ba38a43479e9dd201c3d682597cd7d9319d5738521f35ed318d581591594a7c,8447,,,issue102_full_prompt,,CURATED_FROM_MEASURED,issue102_full_prompt,accepted,checksum-verified member within frozen authority,,
#102/issue102-cross-prompt-v1,repository/scripts/issue102/build_stage_b_observer_technical_return.py,68389e8a5727022e9cd34a91b8efe7fbaae83a2f93ed63565988963ca601c084,11718,,,issue102_full_prompt,,CURATED_FROM_MEASURED,issue102_full_prompt,accepted,checksum-verified member within frozen authority,,
#102/issue102-cross-prompt-v1,repository/scripts/issue102/build_stage_b_route_analysis.py,5946891f1039e24f3e3274228d067452b522ef00451978bf76a9f2c051a2e181,25966,,,issue102_full_prompt,,CURATED_FROM_MEASURED,issue102_full_prompt,accepted,checksum-verified member within frozen authority,,
#102/issue102-cross-prompt-v1,repository/scripts/issue102/build_stage_c_output_cache_allowlist.py,27f22e5c3ce4ad4f1ce6426d40050b2085f8414dde76f840a6b7ffa714d009b5,13743,,,issue102_full_prompt,,CURATED_FROM_MEASURED,issue102_full_prompt,accepted,checksum-verified member within frozen authority,,
#102/issue102-cross-prompt-v1,repository/scripts/issue102/build_stage_c_preregistration.py,4ff719e962a72dc3ebf5dec3b2e4334bbb8fdc1abc2035a23a5edad48bc89b1c,10970,,,issue102_full_prompt,,CURATED_FROM_MEASURED,issue102_full_prompt,accepted,checksum-verified member within frozen authority,,
#102/issue102-cross-prompt-v1,repository/scripts/issue102/build_stage_c_recovery_control.py,ccb50cf0e4bf9de9df6c7401478b2c0bd0a7644074e746f44f5ac59deaf6ee44,12106,,,issue102_full_prompt,,CURATED_FROM_MEASURED,issue102_full_prompt,accepted,checksum-verified member within frozen authority,,
#102/issue102-cross-prompt-v1,repository/scripts/issue102/build_stage_c_synthesis.py,342bd69248e234610a04fe35d83d68014b1495852c75bb09faaefc779eafa84a,31629,,,issue102_full_prompt,,CURATED_FROM_MEASURED,issue102_full_prompt,accepted,checksum-verified member within frozen authority,,
#102/issue102-cross-prompt-v1,repository/scripts/issue102/build_stage_c_technical_return.py,203426d1a5a76ef0f72e143ae9c29e3b4b0a1b5fbfbfef51ca372600fe461106,8314,,,issue102_full_prompt,,CURATED_FROM_MEASURED,issue102_full_prompt,accepted,checksum-verified member within frozen authority,,
#102/issue102-cross-prompt-v1,repository/scripts/issue102/capture_host_memory_inventory.py,a76eb6b4458edc0d77ad6b829b7174ab88de79d3ce9c4fbfc62e51e986d27e1e,5500,,,issue102_full_prompt,,CURATED_FROM_MEASURED,issue102_full_prompt,accepted,checksum-verified member within frozen authority,,
#102/issue102-cross-prompt-v1,repository/scripts/issue102/detokenize_stage_a.cpp,a6243009723f3970d784fd3ceccf7dd56b0e238b26ed038f63d8dfa0c84d4464,11818,,,issue102_full_prompt,,CURATED_FROM_MEASURED,issue102_full_prompt,accepted,checksum-verified member within frozen authority,,
#102/issue102-cross-prompt-v1,repository/scripts/issue102/freeze_corpus.cpp,2e8fcd4f745b2f655aebf21289c34c89da9cd6d85609116dc611e585c27df21e,10247,,,issue102_full_prompt,,CURATED_FROM_MEASURED,issue102_full_prompt,accepted,checksum-verified member within frozen authority,,
#102/issue102-cross-prompt-v1,repository/scripts/issue102/freeze_stage_b_handoff.py,66b8352b9f0974bf6e3f2ccb005bd6ee54090cbc124acccc6be1c161d6e93ac8,15632,,,issue102_full_prompt,,CURATED_FROM_MEASURED,issue102_full_prompt,accepted,checksum-verified member within frozen authority,,
#102/issue102-cross-prompt-v1,repository/scripts/issue102/package_final_evidence.py,975f23dee456ca50aa7a3de5b7f81de5a8cf97308acb3c539c0e534cad5ac1b0,16963,,,issue102_full_prompt,,CURATED_FROM_MEASURED,issue102_full_prompt,accepted,checksum-verified member within frozen authority,,
#102/issue102-cross-prompt-v1,repository/scripts/issue102/reconstruct_owner_corpus.py,7f8ed05a8651777d575fd76809c6aec5791efac9833aa5829513578ca7eff3f4,4217,,,issue102_full_prompt,,CURATED_FROM_MEASURED,issue102_full_prompt,accepted,checksum-verified member within frozen authority,,
#102/issue102-cross-prompt-v1,repository/scripts/issue102/release_observer_evidence_page_cache.py,a933dbec67e45d93555a64951345b826aaa91e07bd1a17124751f846bad4f65c,17990,,,issue102_full_prompt,,CURATED_FROM_MEASURED,issue102_full_prompt,accepted,checksum-verified member within frozen authority,,
#102/issue102-cross-prompt-v1,repository/scripts/issue102/run_stage_b_observer_campaign.py,4c5a18522fe6a0688f1e4a6dd4f19bf06191a09e3b8652d9ebf46cfd96a7a1a3,21079,,,issue102_full_prompt,,CURATED_FROM_MEASURED,issue102_full_prompt,accepted,checksum-verified member within frozen authority,,
#102/issue102-cross-prompt-v1,repository/scripts/issue102/run_stage_b_observer_resume_campaign.py,9ec0aea3f7da1b254611727d734ed31d9245f8920cbdbf3249d7f956a04fe718,25616,,,issue102_full_prompt,,CURATED_FROM_MEASURED,issue102_full_prompt,accepted,checksum-verified member within frozen authority,,
#102/issue102-cross-prompt-v1,repository/scripts/issue102/run_stage_c_campaign.py,468a9ab5d0e9304f0454b500440e2ff93099962925464f002bf7c41e947f6fb5,17698,,,issue102_full_prompt,,CURATED_FROM_MEASURED,issue102_full_prompt,accepted,checksum-verified member within frozen authority,,
#102/issue102-cross-prompt-v1,repository/scripts/issue102/run_stage_c_recovery_campaign.py,a2087ab410cba027d711635457b3381d6f50bbd4e385dc5e1e999c940c2c9832,28708,,,issue102_full_prompt,,CURATED_FROM_MEASURED,issue102_full_prompt,accepted,checksum-verified member within frozen authority,,
#102/issue102-cross-prompt-v1,repository/scripts/issue102/test_stage_c_recovery_resume_guard.py,9c597475d8240cf331471c918aac4681783066cf4564511c17c843d8a9065972,3549,,,issue102_full_prompt,,CURATED_FROM_MEASURED,issue102_full_prompt,accepted,checksum-verified member within frozen authority,,
#102/issue102-cross-prompt-v1,repository/scripts/issue102/validate_stage_b_observer_capture.py,fe97e0942d44d521497750774ee0edd1286855e7937dc7f7e5ce3e9062e89e4c,3354,,,issue102_full_prompt,,CURATED_FROM_MEASURED,issue102_full_prompt,accepted,checksum-verified member within frozen authority,,
#102/issue102-cross-prompt-v1,runtime/issue102-cross-prompt-probe,c35cdc52d3669b080972e1c1ac68df6b88290e79d46c92edde2f48eae3733975,320664,,,issue102_full_prompt,,CURATED_FROM_MEASURED,issue102_full_prompt,accepted,checksum-verified member within frozen authority,,
#98/issue98-phase13-6p-r-evidence-v1,issue98-final-evidence-v1.tar.zst,0f3166223eae11d70e8267743514c06bf9866b17410330440e2e47288ec4e715,10480669,,,legacy_first_full,mixed_legacy_context,MEASURED_PHYSICAL,issue98_legacy_first_full_only,accepted,checksum-verified protocol-distinct contextual archive,,
#98/issue98-profile-shape-extension-v2,issue98-profile-shape-extension-v2.tar.zst,5a47160f16ff6a85fe669796d5727057280238aa510bd0b78032737bfa5112df,25433,,,legacy_first_full,mixed_legacy_context,MEASURED_PHYSICAL,issue98_legacy_first_full_only,accepted,checksum-verified protocol-distinct contextual archive,,
#98/issue98-profile-shape-extension-v3,final-synthesis.json,5142b1ce19dfe0b55e40b2f23e8932cb9ec025b9569781c56fceda0eb2766dc9,60307,issue98-profile-shape-v3-final-synthesis-v1,,legacy_first_full,mixed_legacy_context,CURATED_FROM_MEASURED,issue98_legacy_first_full_only,accepted,verified protocol-distinct contextual synthesis/index,,
#98/issue98-profile-shape-extension-v3,issue98-profile-shape-extension-v3.archive-index.json,b0133490fa263a023f5dba7f4055fe2eaa7dcc3fb2e4e08fe99948079b804839,54527,,,legacy_first_full,mixed_legacy_context,CURATED_FROM_MEASURED,issue98_legacy_first_full_only,accepted,verified protocol-distinct contextual synthesis/index,,
#98/issue98-profile-shape-extension-v3,issue98-profile-shape-extension-v3.tar.zst,f85b8fae5e4122956592723f537c4e0c905d97f47dab586da50b5e34c9356643,198462,,,legacy_first_full,mixed_legacy_context,MEASURED_PHYSICAL,issue98_legacy_first_full_only,accepted,checksum-verified protocol-distinct contextual archive,,
